employee_id,age,gender,marital_status,education_level,department,job_role,job_level,monthly_income,salary_hike_pct,years_at_company,total_working_years,work_mode,overtime_hours_per_week,burnout_score,engagement_score,work_life_balance_score,uses_ai_tools_at_work,perceived_ai_job_risk,attrition,age_group
1001,37,Male,Divorced,Masters,Engineering,Engineering Manager,Mid Level,7365,14.1,7.3,15.9,Remote,2.4,1.0,9.7,7.7,True,4.8,0,Mid Career (30-39)
1002,24,Female,Married,Bachelors,Finance,Finance Manager,Associate,4746,7.9,3.0,4.0,Onsite,4.1,1.9,5.4,7.8,True,2.9,1,Early Career (21-29)
1003,24,Female,Single,Bachelors,Marketing,Marketing Specialist,Entry Level,2740,12.8,3.0,4.0,Hybrid,3.3,5.3,6.5,7.0,True,7.2,0,Early Career (21-29)
1004,44,Male,Single,Bachelors,Sales,Sales Manager,Senior Level,7334,12.8,9.2,12.5,Hybrid,12.0,4.3,7.3,3.5,False,5.2,0,Senior Career (40-49)
1005,37,Female,Divorced,Bachelors,Sales,Sales Development Rep,Mid Level,9096,10.6,4.9,10.5,Hybrid,4.9,2.3,7.0,7.2,False,6.4,0,Mid Career (30-39)
1006,25,Male,Married,Bachelors,Customer Support,Support Specialist,Associate,4052,11.4,1.7,5.0,Remote,8.9,4.5,8.2,7.0,True,7.3,0,Early Career (21-29)
1007,47,Female,Divorced,PhD,Customer Support,Support Specialist,Mid Level,5097,12.1,1.4,9.8,Hybrid,7.2,3.8,6.2,6.9,False,7.9,0,Senior Career (40-49)
1008,63,Male,Single,Bachelors,Engineering,QA Engineer,Management,12673,6.6,16.7,23.2,Onsite,5.4,5.5,7.2,7.0,True,3.7,0,Pre-Retirement (50-64)
1009,35,Female,Single,Bachelors,Finance,Accountant,Associate,4343,5.5,1.3,11.3,Remote,9.0,5.1,7.5,5.7,True,4.8,0,Mid Career (30-39)
1010,33,Female,Single,Bachelors,Sales,Sales Development Rep,Associate,5345,15.0,7.1,12.0,Hybrid,8.3,2.3,9.1,6.3,False,5.5,0,Mid Career (30-39)
1011,31,Male,Single,Bachelors,Research & Development,Research Scientist,Associate,6291,7.7,5.9,11.0,Hybrid,1.7,3.8,4.7,7.3,False,5.6,0,Mid Career (30-39)
1012,39,Male,Married,Bachelors,Customer Support,Customer Success Manager,Mid Level,3730,13.1,6.5,17.0,Onsite,9.9,6.3,5.1,4.7,True,8.5,0,Mid Career (30-39)
1013,24,Female,Divorced,Masters,Finance,Accountant,Entry Level,3549,10.9,0.0,0.1,Remote,2.1,4.0,7.0,7.6,True,5.1,0,Early Career (21-29)
1014,22,Female,Single,High School,Operations,Program Manager,Associate,4388,15.3,1.0,2.0,Hybrid,0.9,1.6,7.7,7.9,False,2.8,0,Early Career (21-29)
1015,21,Female,Married,Bachelors,Marketing,Growth Manager,Mid Level,5310,10.8,0.0,1.0,Hybrid,13.2,4.0,6.1,4.4,True,4.5,0,Early Career (21-29)
1016,21,Female,Single,Masters,Customer Support,Support Specialist,Associate,3541,11.1,0.0,1.0,Hybrid,5.2,4.9,6.2,6.8,False,7.3,0,Early Career (21-29)
1017,33,Male,Single,Bachelors,Marketing,Content Strategist,Mid Level,7168,5.2,9.0,13.0,Hybrid,6.9,3.3,6.9,6.2,False,4.0,0,Mid Career (30-39)
1018,37,Male,Married,Masters,Sales,Sales Development Rep,Mid Level,7579,13.1,4.3,6.8,Hybrid,6.9,4.2,7.6,5.9,True,6.1,0,Mid Career (30-39)
1019,42,Male,Single,Bachelors,Engineering,Engineering Manager,Senior Level,9198,14.9,10.8,15.9,Hybrid,10.1,4.8,6.9,4.9,False,1.0,1,Senior Career (40-49)
1020,51,Female,Single,High School,Engineering,Software Engineer,Management,11277,14.8,10.0,20.9,Remote,7.3,1.9,9.3,7.5,False,2.1,0,Pre-Retirement (50-64)
1021,29,Male,Single,Bachelors,Marketing,Marketing Specialist,Entry Level,2897,14.2,6.6,9.0,Remote,8.1,4.1,7.6,6.4,True,3.6,0,Early Career (21-29)
1022,38,Male,Married,Masters,Sales,Sales Manager,Senior Level,9683,11.3,13.3,18.0,Onsite,3.1,2.7,6.9,7.1,False,6.5,0,Mid Career (30-39)
1023,36,Male,Single,PhD,Operations,Program Manager,Mid Level,8419,10.7,11.6,16.0,Remote,4.9,3.6,6.5,5.6,False,6.0,0,Mid Career (30-39)
1024,26,Male,Married,PhD,Engineering,Data Engineer,Entry Level,4368,12.6,3.9,6.0,Remote,6.3,2.8,9.2,7.6,False,3.9,0,Early Career (21-29)
1025,28,Male,Single,Masters,Marketing,Marketing Specialist,Associate,6096,11.8,5.5,8.0,Remote,5.0,2.8,6.6,8.9,True,6.3,0,Early Career (21-29)
1026,40,Female,Married,Bachelors,Sales,Sales Manager,Senior Level,10168,17.4,8.8,12.7,Onsite,7.5,1.7,7.3,7.4,False,4.8,0,Senior Career (40-49)
1027,31,Female,Married,Bachelors,Engineering,Engineering Manager,Mid Level,7961,15.7,3.1,7.7,Remote,2.4,1.6,7.1,7.6,True,3.5,0,Mid Career (30-39)
1028,31,Male,Divorced,Bachelors,Finance,Financial Analyst,Entry Level,3575,12.3,5.7,11.0,Onsite,4.4,6.7,5.2,2.9,True,7.4,1,Mid Career (30-39)
1029,33,Male,Married,Bachelors,Sales,Account Executive,Mid Level,6436,17.6,1.9,9.4,Hybrid,4.8,3.9,8.5,5.7,True,5.3,1,Mid Career (30-39)
1030,21,Female,Divorced,Bachelors,Sales,Sales Development Rep,Entry Level,2527,15.7,0.0,1.0,Hybrid,5.4,4.3,5.1,6.5,False,4.8,0,Early Career (21-29)
1031,39,Female,Married,High School,Engineering,QA Engineer,Mid Level,7757,10.7,5.9,11.0,Onsite,12.5,4.6,3.8,4.1,True,5.2,0,Mid Career (30-39)
1032,36,Female,Divorced,Bachelors,Customer Support,Support Specialist,Mid Level,5823,9.3,5.1,16.0,Hybrid,4.0,4.9,7.6,4.8,False,5.1,1,Mid Career (30-39)
1033,31,Male,Single,PhD,Customer Support,Support Team Lead,Mid Level,5579,8.0,10.0,11.0,Onsite,8.5,4.4,7.5,3.9,False,6.9,0,Mid Career (30-39)
1034,44,Male,Married,Bachelors,Finance,Financial Analyst,Mid Level,6331,9.6,5.0,12.3,Onsite,3.8,3.3,6.5,6.6,True,6.6,0,Senior Career (40-49)
1035,27,Female,Single,High School,Sales,Account Executive,Associate,3956,8.3,6.0,7.0,Hybrid,8.6,4.5,7.3,7.8,True,7.0,0,Early Career (21-29)
1036,37,Female,Single,High School,Research & Development,Research Scientist,Mid Level,5225,13.4,6.0,12.8,Onsite,11.0,5.9,4.9,4.9,False,3.9,1,Mid Career (30-39)
1037,32,Female,Married,Masters,Human Resources,HR Business Partner,Associate,5769,12.8,7.8,12.0,Hybrid,5.3,3.8,5.1,6.1,True,7.8,0,Mid Career (30-39)
1038,39,Female,Divorced,Bachelors,Sales,Account Executive,Associate,6589,7.9,3.5,18.0,Onsite,24.8,8.0,4.7,2.7,True,3.3,1,Mid Career (30-39)
1039,25,Female,Married,Bachelors,Customer Support,Support Specialist,Associate,4496,14.4,4.0,5.0,Remote,2.7,1.0,7.5,7.0,False,3.8,0,Early Career (21-29)
1040,37,Female,Single,PhD,Sales,Account Executive,Mid Level,8641,11.8,5.3,15.3,Hybrid,8.2,4.3,5.1,5.4,True,7.4,0,Mid Career (30-39)
1041,35,Male,Married,Masters,Operations,Program Manager,Associate,4762,8.1,2.9,12.9,Hybrid,1.7,1.1,8.3,6.4,False,1.5,0,Mid Career (30-39)
1042,36,Female,Single,Masters,Sales,Sales Development Rep,Associate,6301,10.1,4.3,12.2,Onsite,8.5,4.5,6.3,4.7,False,6.4,0,Mid Career (30-39)
1043,33,Female,Divorced,PhD,Engineering,Engineering Manager,Management,10248,5.5,12.0,13.0,Hybrid,11.3,5.7,3.7,4.3,False,3.1,1,Mid Career (30-39)
1044,30,Male,Married,Bachelors,Operations,Program Manager,Associate,3807,10.4,2.0,6.8,Hybrid,7.9,4.5,7.3,6.8,False,3.9,0,Mid Career (30-39)
1045,35,Male,Married,Bachelors,Engineering,Engineering Manager,Associate,5780,5.5,11.0,15.0,Remote,5.3,4.4,6.7,5.0,False,4.9,0,Mid Career (30-39)
1046,25,Female,Single,Masters,Marketing,Marketing Specialist,Senior Level,10199,9.2,4.0,5.0,Remote,3.1,5.6,5.1,6.8,False,6.2,0,Early Career (21-29)
1047,46,Male,Married,Masters,Finance,Financial Analyst,Senior Level,8535,12.6,5.0,17.3,Onsite,7.2,3.5,7.2,5.4,True,4.0,0,Senior Career (40-49)
1048,29,Non-binary,Married,Bachelors,Engineering,Software Engineer,Associate,5101,6.3,5.8,8.6,Hybrid,2.4,2.7,6.1,6.3,True,4.0,0,Early Career (21-29)
1049,29,Female,Divorced,Bachelors,Operations,Operations Manager,Mid Level,6541,8.7,7.3,9.0,Remote,4.0,2.6,7.8,7.8,True,7.1,0,Early Career (21-29)
1050,64,Male,Single,Bachelors,Human Resources,HR Business Partner,Management,9537,11.7,12.4,15.9,Onsite,9.8,5.2,8.1,3.4,False,4.0,0,Pre-Retirement (50-64)
1051,43,Male,Single,Masters,Finance,Accountant,Mid Level,9970,14.2,9.2,12.5,Remote,6.1,3.6,5.8,7.6,True,5.3,0,Senior Career (40-49)
1052,41,Female,Single,PhD,Sales,Sales Manager,Associate,5598,11.7,5.1,14.1,Onsite,13.5,6.3,6.1,5.1,False,6.0,1,Senior Career (40-49)
1053,52,Female,Married,High School,Sales,Account Executive,Management,9619,11.6,15.5,23.9,Onsite,9.4,6.1,4.7,5.7,True,5.3,0,Pre-Retirement (50-64)
1054,40,Male,Married,PhD,Marketing,Marketing Specialist,Entry Level,3818,14.7,7.6,11.2,Hybrid,1.8,4.8,6.1,7.1,True,9.0,0,Senior Career (40-49)
1055,31,Female,Single,Bachelors,Marketing,Content Strategist,Entry Level,3352,8.9,3.3,11.0,Onsite,5.6,3.9,7.2,5.6,False,6.1,0,Mid Career (30-39)
1056,29,Male,Single,Bachelors,Operations,Operations Manager,Mid Level,5951,8.2,4.0,8.5,Onsite,2.0,2.4,6.0,7.9,True,6.0,0,Early Career (21-29)
1057,52,Male,Married,Bachelors,Human Resources,HR Business Partner,Management,11329,8.1,11.6,22.1,Remote,3.0,2.6,6.1,8.3,False,5.7,1,Pre-Retirement (50-64)
1058,30,Male,Married,Bachelors,Sales,Sales Development Rep,Entry Level,5383,11.7,5.5,7.4,Hybrid,5.6,5.2,6.9,5.7,True,4.8,0,Mid Career (30-39)
1059,30,Male,Single,Bachelors,Engineering,Engineering Manager,Mid Level,9308,10.1,9.0,10.0,Onsite,6.9,5.1,5.2,6.0,True,1.0,0,Mid Career (30-39)
1060,29,Female,Married,Bachelors,Customer Support,Customer Success Manager,Mid Level,6196,15.6,6.1,9.0,Onsite,2.5,4.0,4.4,6.1,True,4.4,1,Early Career (21-29)
1061,35,Male,Married,Bachelors,Marketing,Content Strategist,Management,8120,15.4,12.4,15.0,Hybrid,7.4,2.1,8.7,5.5,False,5.8,0,Mid Career (30-39)
1062,45,Female,Single,Masters,Sales,Sales Manager,Mid Level,6498,5.2,3.5,6.9,Onsite,7.4,7.7,4.2,4.4,True,6.5,1,Senior Career (40-49)
1063,48,Male,Single,Bachelors,Marketing,Content Strategist,Management,9579,10.3,12.6,21.0,Onsite,5.5,6.3,7.0,7.0,True,2.3,0,Senior Career (40-49)
1064,38,Female,Married,Masters,Engineering,Engineering Manager,Mid Level,8541,11.6,8.1,15.6,Onsite,0.5,2.5,8.4,7.1,True,4.8,0,Mid Career (30-39)
1065,50,Male,Single,Bachelors,Customer Support,Support Specialist,Management,12697,11.5,10.1,21.3,Hybrid,5.1,4.8,6.6,6.5,False,5.1,0,Pre-Retirement (50-64)
1066,34,Female,Married,Masters,Research & Development,Product Researcher,Entry Level,5289,18.1,2.0,14.0,Onsite,4.8,5.0,4.9,7.2,True,2.9,0,Mid Career (30-39)
1067,26,Female,Married,High School,Engineering,QA Engineer,Entry Level,3363,12.3,5.0,6.0,Hybrid,10.3,4.2,5.0,5.8,True,6.3,1,Early Career (21-29)
1068,29,Male,Single,Masters,Sales,Sales Development Rep,Associate,5712,11.0,4.6,8.3,Hybrid,4.5,4.3,6.0,5.9,False,3.8,0,Early Career (21-29)
1070,43,Male,Single,Bachelors,Sales,Account Executive,Management,9332,13.9,12.5,20.2,Remote,9.6,2.4,7.9,5.9,False,5.8,0,Senior Career (40-49)
1071,40,Female,Single,Masters,Human Resources,HR Business Partner,Entry Level,3325,13.3,1.7,8.4,Hybrid,4.2,5.2,6.6,5.4,True,5.6,0,Senior Career (40-49)
1072,35,Female,Married,Masters,Sales,Account Executive,Associate,4756,9.5,3.7,12.4,Remote,3.9,5.0,6.1,6.1,False,7.5,0,Mid Career (30-39)
1073,37,Female,Single,Bachelors,Operations,Operations Manager,Senior Level,8897,13.2,6.8,17.0,Onsite,6.2,6.0,6.1,6.1,False,4.2,1,Mid Career (30-39)
1074,43,Male,Married,Masters,Research & Development,Product Researcher,Mid Level,9069,5.7,8.5,12.5,Hybrid,5.6,2.5,5.6,5.4,True,2.7,0,Senior Career (40-49)
1075,46,Male,Divorced,Bachelors,Customer Support,Support Specialist,Senior Level,7096,3.9,9.8,14.9,Hybrid,9.1,4.7,7.7,4.7,False,5.8,0,Senior Career (40-49)
1076,35,Male,Single,Bachelors,Finance,Finance Manager,Associate,5215,16.9,2.8,5.9,Remote,8.6,2.4,7.8,7.3,True,4.3,0,Mid Career (30-39)
1077,27,Female,Married,Bachelors,Engineering,Data Engineer,Associate,6495,14.4,6.0,7.0,Hybrid,6.2,2.3,5.9,6.4,False,3.8,0,Early Career (21-29)
1078,21,Male,Single,Masters,Research & Development,Research Scientist,Entry Level,3873,16.4,0.0,1.0,Onsite,12.2,6.2,7.6,4.8,False,3.8,0,Early Career (21-29)
1079,42,Female,Single,Masters,Engineering,Engineering Manager,Management,11165,9.8,8.4,13.5,Hybrid,22.7,6.7,5.6,3.1,True,4.3,1,Senior Career (40-49)
1080,35,Female,Married,Bachelors,Sales,Sales Manager,Mid Level,6347,14.8,8.2,11.4,Onsite,6.7,4.5,6.6,5.6,True,1.3,0,Mid Career (30-39)
1081,33,Male,Married,PhD,Sales,Sales Manager,Management,11339,12.5,11.1,13.0,Hybrid,10.8,5.2,5.8,4.8,True,4.4,1,Mid Career (30-39)
1082,44,Male,Married,Masters,Operations,Program Manager,Senior Level,8893,3.1,7.4,13.9,Onsite,5.4,5.0,5.8,5.4,True,4.7,0,Senior Career (40-49)
1083,35,Male,Divorced,Bachelors,Marketing,Growth Manager,Mid Level,6614,9.2,10.8,15.0,Hybrid,8.6,2.6,8.4,5.8,False,4.9,0,Mid Career (30-39)
1084,57,Female,Single,Masters,Engineering,Engineering Manager,Senior Level,12361,16.5,5.2,11.0,Hybrid,6.0,5.0,6.0,4.3,False,5.3,1,Pre-Retirement (50-64)
1085,48,Female,Single,Masters,Engineering,QA Engineer,Senior Level,12428,14.8,11.3,13.6,Hybrid,2.9,2.9,6.6,6.2,False,1.0,0,Senior Career (40-49)
1086,40,Male,Married,Masters,Finance,Finance Manager,Management,8059,10.2,7.8,18.3,Onsite,1.0,1.0,7.9,8.3,False,6.1,0,Senior Career (40-49)
1087,27,Male,Married,Masters,Marketing,Growth Manager,Associate,3701,10.8,3.1,7.0,Hybrid,3.2,3.4,8.2,7.1,True,4.9,0,Early Career (21-29)
1088,49,Male,Single,Masters,Finance,Financial Analyst,Senior Level,9639,14.7,8.7,15.2,Remote,2.3,3.8,4.1,6.9,False,7.3,0,Senior Career (40-49)
1089,41,Female,Married,PhD,Human Resources,HR Manager,Senior Level,7759,10.4,11.5,18.2,Hybrid,3.4,3.4,9.5,6.2,False,3.1,0,Senior Career (40-49)
1090,43,Female,Married,PhD,Customer Support,Support Team Lead,Senior Level,7316,10.6,8.0,12.9,Hybrid,25.1,8.1,5.4,1.7,True,7.8,1,Senior Career (40-49)
1091,35,Female,Married,Masters,Customer Support,Support Team Lead,Mid Level,4834,13.4,11.4,14.0,Hybrid,6.3,3.4,8.1,7.0,True,5.6,0,Mid Career (30-39)
1092,42,Female,Divorced,Masters,Engineering,Engineering Manager,Mid Level,12827,12.8,6.1,16.1,Hybrid,6.8,4.8,6.1,5.8,True,6.6,0,Senior Career (40-49)
1093,39,Female,Single,Bachelors,Research & Development,R&D Manager,Management,11271,13.6,9.5,16.2,Hybrid,2.4,2.5,8.3,7.6,False,2.2,0,Mid Career (30-39)
1094,37,Male,Single,Masters,Operations,Operations Analyst,Associate,5487,12.2,4.6,11.1,Remote,9.2,5.2,6.0,5.5,True,5.4,0,Mid Career (30-39)
1095,44,Male,Married,PhD,Finance,Accountant,Mid Level,7478,4.0,9.6,14.6,Onsite,2.8,3.6,7.1,6.4,True,4.4,0,Senior Career (40-49)
1096,45,Female,Divorced,Bachelors,Finance,Accountant,Senior Level,10479,14.1,7.4,20.8,Hybrid,1.0,2.6,7.2,7.0,True,6.9,0,Senior Career (40-49)
1097,42,Male,Married,Bachelors,Human Resources,HR Business Partner,Mid Level,9517,12.1,9.0,17.7,Remote,12.9,5.8,5.2,5.1,False,5.4,0,Senior Career (40-49)
1098,39,Male,Single,Bachelors,Customer Support,Customer Success Manager,Associate,3845,11.5,0.0,5.0,Onsite,8.4,5.2,6.2,5.5,False,7.3,0,Mid Career (30-39)
1099,43,Male,Single,Bachelors,Engineering,Software Engineer,Mid Level,8786,7.6,9.1,13.6,Onsite,10.6,3.4,7.0,5.9,True,4.2,0,Senior Career (40-49)
1100,40,Female,Single,Bachelors,Finance,Accountant,Mid Level,6843,8.3,7.2,16.0,Onsite,3.8,4.2,6.1,5.6,False,6.5,0,Senior Career (40-49)
1101,39,Female,Single,Masters,Customer Support,Customer Success Manager,Senior Level,6896,11.3,7.1,11.1,Onsite,8.8,4.2,5.2,6.1,False,6.3,0,Mid Career (30-39)
1102,34,Female,Married,Bachelors,Engineering,Engineering Manager,Mid Level,8610,5.9,5.5,11.9,Onsite,12.3,5.7,5.3,2.8,False,3.4,1,Mid Career (30-39)
1103,46,Male,Single,High School,Finance,Accountant,Mid Level,5311,11.5,7.9,12.0,Onsite,7.2,5.1,5.7,4.5,True,4.6,0,Senior Career (40-49)
1104,29,Female,Married,Bachelors,Sales,Account Executive,Associate,3939,5.5,6.1,9.0,Remote,12.0,4.7,6.2,2.6,False,5.8,1,Early Career (21-29)
1105,33,Female,Married,Bachelors,Operations,Operations Analyst,Associate,3870,12.0,2.1,6.1,Onsite,2.5,5.1,5.1,5.2,False,4.3,1,Mid Career (30-39)
1106,38,Female,Married,High School,Engineering,Engineering Manager,Mid Level,7278,5.0,10.2,18.0,Hybrid,11.4,3.1,6.4,5.4,True,3.2,0,Mid Career (30-39)
1107,21,Male,Married,Bachelors,Finance,Financial Analyst,Entry Level,3319,16.0,0.0,1.0,Onsite,3.0,2.4,9.1,6.3,False,1.5,0,Early Career (21-29)
1108,42,Male,Married,Bachelors,Customer Support,Support Specialist,Management,7559,13.6,5.7,13.9,Hybrid,4.9,4.4,5.9,5.8,True,6.5,1,Senior Career (40-49)
1109,25,Male,Single,Bachelors,Finance,Accountant,Associate,6063,14.0,4.0,5.0,Hybrid,6.9,3.0,8.8,6.5,True,5.5,0,Early Career (21-29)
1110,45,Male,Married,High School,Sales,Account Executive,Management,8192,1.1,8.5,10.2,Hybrid,7.9,4.7,4.7,3.7,False,5.2,0,Senior Career (40-49)
1111,21,Male,Single,Masters,Finance,Financial Analyst,Associate,5479,13.2,0.0,1.0,Hybrid,1.6,2.5,8.7,7.1,False,9.3,0,Early Career (21-29)
1112,43,Male,Married,Masters,Sales,Sales Manager,Management,15173,12.2,12.3,17.4,Onsite,6.7,5.3,6.8,7.1,False,3.3,0,Senior Career (40-49)
1113,35,Male,Single,Bachelors,Operations,Program Manager,Mid Level,6494,4.7,3.2,7.7,Hybrid,10.3,5.9,4.4,3.7,True,6.0,1,Mid Career (30-39)
1114,31,Female,Married,Masters,Engineering,Data Engineer,Mid Level,9305,10.2,3.9,3.9,Hybrid,7.5,3.7,6.0,6.7,True,1.0,0,Mid Career (30-39)
1115,39,Female,Single,Masters,Engineering,QA Engineer,Associate,8979,9.6,9.7,14.4,Onsite,3.5,3.2,6.1,6.5,True,2.6,0,Mid Career (30-39)
1116,40,Female,Single,Bachelors,Engineering,Engineering Manager,Management,11176,19.1,14.7,19.4,Onsite,4.8,4.3,8.9,6.4,False,1.0,0,Senior Career (40-49)
1117,43,Female,Married,Bachelors,Engineering,Data Engineer,Mid Level,7478,10.8,8.2,13.7,Hybrid,7.0,4.4,6.0,5.5,True,4.7,1,Senior Career (40-49)
1118,30,Female,Single,Masters,Human Resources,HR Business Partner,Entry Level,3953,6.6,5.8,10.0,Remote,4.6,2.4,6.1,8.2,False,6.0,0,Mid Career (30-39)
1119,43,Male,Single,Bachelors,Engineering,Engineering Manager,Senior Level,10662,12.4,7.1,8.4,Onsite,2.8,3.3,4.8,6.9,True,2.1,1,Senior Career (40-49)
1120,30,Female,Married,Bachelors,Marketing,Marketing Specialist,Associate,4192,10.1,0.5,7.1,Onsite,6.6,3.9,6.2,5.7,False,7.8,0,Mid Career (30-39)
1121,42,Male,Married,Bachelors,Finance,Accountant,Senior Level,9607,5.6,9.8,17.1,Hybrid,2.1,3.2,8.1,6.7,False,4.0,0,Senior Career (40-49)
1122,39,Female,Married,Masters,Customer Support,Customer Success Manager,Management,10670,12.1,9.5,15.8,Hybrid,4.7,4.3,4.7,6.5,False,5.7,0,Mid Career (30-39)
1123,38,Female,Married,Bachelors,Sales,Sales Development Rep,Senior Level,8566,14.8,11.2,18.0,Onsite,3.3,5.7,6.2,6.3,False,4.6,1,Mid Career (30-39)
1124,34,Female,Married,Bachelors,Sales,Sales Manager,Associate,5469,11.3,6.3,12.4,Hybrid,9.3,4.2,4.8,5.0,False,4.4,0,Mid Career (30-39)
1125,43,Male,Single,Bachelors,Sales,Sales Manager,Senior Level,8986,12.1,7.2,14.3,Remote,8.2,3.9,7.4,6.7,False,5.2,0,Senior Career (40-49)
1126,24,Male,Divorced,Bachelors,Engineering,Data Engineer,Entry Level,4196,12.4,1.1,4.0,Onsite,1.9,4.7,8.7,4.5,False,4.9,0,Early Career (21-29)
1127,41,Male,Married,PhD,Operations,Operations Analyst,Senior Level,9124,14.1,11.5,12.9,Hybrid,6.9,4.9,4.4,4.9,True,3.5,0,Senior Career (40-49)
1128,44,Female,Married,Bachelors,Customer Support,Support Specialist,Management,8141,11.4,13.3,22.7,Onsite,8.1,5.4,5.1,5.2,False,6.1,0,Senior Career (40-49)
1129,41,Female,Single,Masters,Marketing,Marketing Specialist,Senior Level,6582,8.4,7.1,11.9,Remote,6.6,2.8,4.1,6.4,True,5.3,0,Senior Career (40-49)
1130,36,Female,Divorced,High School,Human Resources,Recruiter,Mid Level,6671,14.8,8.4,11.7,Onsite,5.5,5.9,6.4,8.0,True,3.8,0,Mid Career (30-39)
1131,24,Male,Married,Bachelors,Research & Development,Research Scientist,Associate,4909,8.9,3.0,4.0,Hybrid,2.2,3.1,9.3,5.9,True,4.7,0,Early Career (21-29)
1132,50,Male,Married,PhD,Operations,Program Manager,Management,11279,15.6,7.8,15.7,Onsite,3.5,2.9,7.5,7.2,False,4.0,0,Pre-Retirement (50-64)
1133,42,Male,Married,Masters,Operations,Operations Manager,Management,10354,11.7,3.1,4.4,Onsite,9.4,4.5,8.0,4.8,True,3.4,0,Senior Career (40-49)
1134,41,Male,Married,Masters,Customer Support,Customer Success Manager,Mid Level,6242,9.3,3.5,11.3,Hybrid,17.7,7.4,7.0,3.1,True,6.9,0,Senior Career (40-49)
1135,25,Male,Divorced,Bachelors,Engineering,QA Engineer,Associate,6165,7.9,4.0,5.0,Onsite,5.2,5.7,5.3,6.4,False,3.9,0,Early Career (21-29)
1136,50,Female,Single,Masters,Finance,Finance Manager,Senior Level,7185,15.3,6.4,10.7,Hybrid,6.5,4.0,5.8,5.0,True,4.7,1,Pre-Retirement (50-64)
1137,27,Female,Divorced,Bachelors,Operations,Operations Analyst,Associate,3892,13.1,1.7,6.5,Onsite,3.3,3.6,6.4,7.3,True,5.1,0,Early Career (21-29)
1138,36,Male,Divorced,High School,Customer Support,Support Team Lead,Mid Level,4670,11.2,8.1,14.2,Remote,8.2,3.0,7.9,6.3,True,8.1,0,Mid Career (30-39)
1139,31,Male,Married,Bachelors,Sales,Sales Manager,Associate,6297,8.1,6.5,11.0,Remote,9.8,4.7,8.1,6.6,False,5.8,0,Mid Career (30-39)
1140,35,Female,Married,Masters,Operations,Operations Manager,Management,9549,14.8,10.9,15.0,Onsite,7.2,4.3,8.3,6.3,True,5.9,0,Mid Career (30-39)
1141,53,Female,Single,Bachelors,Finance,Accountant,Senior Level,10569,17.2,9.8,15.7,Onsite,12.2,6.5,6.2,4.6,False,1.0,0,Pre-Retirement (50-64)
1142,35,Male,Single,Bachelors,Sales,Account Executive,Mid Level,7016,9.5,6.8,8.4,Hybrid,15.3,6.0,4.2,5.2,True,5.9,1,Mid Career (30-39)
1143,52,Male,Single,PhD,Engineering,QA Engineer,Mid Level,12064,12.9,9.3,13.6,Hybrid,18.0,5.3,6.8,5.5,True,2.0,0,Pre-Retirement (50-64)
1144,39,Female,Married,High School,Sales,Sales Development Rep,Associate,4599,12.9,3.7,4.6,Onsite,11.9,4.9,6.8,3.7,True,4.2,0,Mid Career (30-39)
1145,39,Male,Married,Bachelors,Research & Development,Product Researcher,Associate,6466,17.7,1.8,7.6,Onsite,11.8,5.6,6.6,4.8,True,5.5,0,Mid Career (30-39)
1146,21,Male,Married,Bachelors,Engineering,Data Engineer,Entry Level,4231,12.1,0.0,1.0,Hybrid,10.2,3.7,7.0,5.5,True,4.0,0,Early Career (21-29)
1147,47,Male,Married,Masters,Engineering,Software Engineer,Senior Level,10244,8.4,4.7,11.1,Remote,2.0,2.5,7.2,6.8,True,2.2,0,Senior Career (40-49)
1148,26,Female,Married,Bachelors,Sales,Account Executive,Mid Level,7102,13.2,2.9,6.0,Onsite,12.5,2.1,8.7,6.1,True,2.7,0,Early Career (21-29)
1149,39,Female,Single,Masters,Engineering,Software Engineer,Mid Level,6894,14.0,10.2,16.3,Onsite,7.7,2.3,7.2,5.6,True,3.3,0,Mid Career (30-39)
1150,30,Female,Single,Bachelors,Engineering,Software Engineer,Associate,6487,8.7,7.0,10.0,Onsite,0.9,3.6,5.5,7.5,True,3.3,0,Mid Career (30-39)
1151,44,Male,Single,Bachelors,Customer Support,Support Team Lead,Management,6915,2.1,9.6,14.6,Hybrid,9.2,5.2,4.4,4.9,False,5.7,0,Senior Career (40-49)
1152,27,Male,Divorced,PhD,Sales,Account Executive,Associate,6933,13.2,4.4,7.0,Onsite,6.7,3.3,8.0,6.0,False,4.9,0,Early Career (21-29)
1153,42,Male,Married,Masters,Finance,Finance Manager,Senior Level,9538,11.1,9.2,20.9,Hybrid,8.3,4.1,8.5,6.6,False,5.7,0,Senior Career (40-49)
1154,41,Male,Single,Bachelors,Engineering,Software Engineer,Management,11873,16.1,9.8,11.9,Remote,5.2,2.1,7.4,8.2,False,3.6,0,Senior Career (40-49)
1155,38,Male,Single,Masters,Operations,Operations Manager,Senior Level,8944,10.1,8.8,12.4,Hybrid,13.4,3.7,5.5,5.0,True,6.2,1,Mid Career (30-39)
1156,37,Male,Married,Bachelors,Engineering,Engineering Manager,Senior Level,13288,16.6,11.0,14.5,Onsite,1.0,3.6,7.1,7.3,True,3.6,0,Mid Career (30-39)
1157,38,Male,Single,Bachelors,Operations,Operations Manager,Associate,4971,7.6,6.1,7.0,Onsite,3.9,3.0,6.9,4.6,False,4.4,0,Mid Career (30-39)
1158,39,Male,Single,Bachelors,Sales,Account Executive,Mid Level,6871,12.5,6.7,19.0,Onsite,5.3,3.8,7.3,5.3,False,8.3,0,Mid Career (30-39)
1159,45,Male,Married,Bachelors,Engineering,Software Engineer,Associate,5950,12.1,7.7,9.3,Hybrid,11.8,4.2,6.5,5.1,True,6.0,0,Senior Career (40-49)
1160,36,Male,Single,Bachelors,Operations,Operations Manager,Associate,4852,18.2,3.7,8.4,Onsite,1.9,4.8,4.9,7.0,True,2.4,0,Mid Career (30-39)
1161,42,Male,Married,Masters,Human Resources,HR Manager,Management,8978,12.1,12.5,22.0,Hybrid,2.5,2.8,8.1,6.5,True,1.0,0,Senior Career (40-49)
1162,38,Female,Single,PhD,Sales,Sales Manager,Mid Level,5836,11.2,5.0,7.8,Onsite,15.0,4.7,6.4,5.4,False,4.8,0,Mid Career (30-39)
1163,56,Non-binary,Divorced,Masters,Engineering,Engineering Manager,Management,14482,13.0,12.4,18.7,Onsite,7.5,6.0,8.3,5.7,False,5.4,0,Pre-Retirement (50-64)
1164,45,Male,Married,Bachelors,Operations,Program Manager,Senior Level,8585,13.9,10.5,21.8,Hybrid,3.9,2.9,7.4,4.9,False,3.8,0,Senior Career (40-49)
1165,21,Female,Single,Bachelors,Sales,Account Executive,Associate,5867,14.4,0.0,1.0,Hybrid,2.5,3.9,5.1,6.6,False,7.0,0,Early Career (21-29)
1166,29,Male,Single,Bachelors,Engineering,QA Engineer,Associate,5233,12.0,3.9,9.0,Onsite,2.0,2.3,8.2,7.0,False,3.0,0,Early Career (21-29)
1167,44,Male,Single,Bachelors,Research & Development,Research Scientist,Senior Level,8746,17.7,9.1,12.1,Onsite,7.5,4.4,7.5,4.2,False,5.1,0,Senior Career (40-49)
1168,36,Male,Single,Masters,Engineering,QA Engineer,Mid Level,10259,12.7,5.0,6.0,Hybrid,3.5,2.0,8.3,6.2,True,2.6,0,Mid Career (30-39)
1169,31,Male,Married,Masters,Engineering,Engineering Manager,Mid Level,8326,19.2,9.7,11.0,Onsite,9.5,3.3,6.5,6.5,True,6.0,1,Mid Career (30-39)
1170,26,Female,Single,High School,Marketing,Marketing Specialist,Associate,3849,7.0,5.0,6.0,Hybrid,4.1,2.0,6.3,9.0,True,9.1,0,Early Career (21-29)
1171,42,Male,Divorced,Masters,Engineering,QA Engineer,Senior Level,13009,9.3,7.9,19.3,Onsite,4.5,3.4,7.4,5.0,True,4.0,0,Senior Career (40-49)
1172,34,Male,Single,Bachelors,Sales,Account Executive,Mid Level,6038,8.2,5.7,8.9,Hybrid,3.3,4.0,5.3,6.7,True,5.3,1,Mid Career (30-39)
1173,33,Female,Single,Bachelors,Human Resources,Recruiter,Mid Level,5370,13.9,3.8,11.6,Remote,7.0,2.5,6.1,6.6,True,3.4,0,Mid Career (30-39)
1174,34,Male,Single,PhD,Research & Development,Research Scientist,Associate,6800,9.7,8.2,8.3,Onsite,9.9,6.4,4.0,6.7,True,2.2,0,Mid Career (30-39)
1175,35,Female,Married,Bachelors,Research & Development,Research Scientist,Associate,5063,13.3,3.7,13.1,Onsite,7.2,1.0,7.7,6.5,False,3.6,0,Mid Career (30-39)
1176,37,Male,Married,Bachelors,Engineering,Software Engineer,Entry Level,3004,9.6,2.2,10.4,Hybrid,20.0,6.7,6.2,4.7,True,7.7,1,Mid Career (30-39)
1177,29,Female,Single,Masters,Customer Support,Support Specialist,Entry Level,3203,9.6,2.5,9.0,Hybrid,6.3,2.9,7.9,6.7,True,7.4,0,Early Career (21-29)
1178,39,Male,Single,Masters,Engineering,QA Engineer,Mid Level,8326,15.6,6.3,11.3,Onsite,10.4,5.4,6.6,4.5,True,1.6,0,Mid Career (30-39)
1179,47,Female,Single,Bachelors,Customer Support,Support Team Lead,Management,7019,12.7,9.5,12.3,Onsite,8.0,5.7,5.5,6.0,False,4.9,1,Senior Career (40-49)
1180,45,Male,Single,Masters,Sales,Account Executive,Management,10380,14.2,7.5,20.4,Hybrid,10.8,4.1,5.7,5.8,True,3.4,1,Senior Career (40-49)
1181,42,Female,Single,Bachelors,Operations,Program Manager,Senior Level,7164,6.6,8.3,22.0,Hybrid,6.3,1.1,6.0,6.2,True,3.7,0,Senior Career (40-49)
1182,28,Female,Married,PhD,Operations,Operations Manager,Senior Level,8415,7.1,7.0,8.0,Onsite,4.2,3.0,4.6,6.3,True,5.5,0,Early Career (21-29)
1183,43,Female,Single,Bachelors,Customer Support,Support Specialist,Associate,5096,15.9,8.0,14.1,Onsite,4.7,3.3,7.4,5.5,True,6.0,1,Senior Career (40-49)
1184,51,Female,Married,Bachelors,Research & Development,R&D Manager,Mid Level,7024,8.6,7.8,11.8,Remote,3.0,3.9,4.1,8.1,True,3.5,0,Pre-Retirement (50-64)
1185,21,Male,Divorced,PhD,Engineering,Data Engineer,Associate,8952,12.9,0.0,1.0,Remote,14.8,4.0,8.0,7.6,False,2.3,0,Early Career (21-29)
1186,42,Male,Single,Masters,Finance,Accountant,Mid Level,5310,17.3,5.7,10.1,Remote,12.7,5.2,4.3,5.2,True,3.6,0,Senior Career (40-49)
1187,26,Male,Married,Bachelors,Operations,Operations Manager,Associate,4203,14.1,5.0,6.0,Hybrid,7.5,6.4,4.2,7.9,False,6.0,0,Early Career (21-29)
1188,30,Male,Single,Masters,Engineering,QA Engineer,Mid Level,8960,6.7,6.3,10.0,Hybrid,8.6,2.7,6.2,5.5,True,1.0,0,Mid Career (30-39)
1189,43,Male,Single,Masters,Operations,Operations Manager,Management,12746,15.9,11.6,15.6,Onsite,6.3,3.1,7.4,6.9,True,4.2,0,Senior Career (40-49)
1190,36,Male,Single,High School,Sales,Sales Manager,Management,8338,7.7,13.0,16.0,Hybrid,4.3,2.4,6.0,7.6,True,5.6,0,Mid Career (30-39)
1191,39,Male,Single,Masters,Engineering,Engineering Manager,Mid Level,8770,12.5,8.6,16.3,Remote,5.2,1.7,6.4,7.3,True,3.4,0,Mid Career (30-39)
1192,44,Female,Divorced,High School,Human Resources,HR Manager,Management,10599,5.2,10.6,12.8,Hybrid,10.6,5.6,5.4,4.4,False,6.9,0,Senior Career (40-49)
1193,36,Female,Married,High School,Marketing,Content Strategist,Mid Level,4996,17.2,4.6,10.8,Hybrid,4.8,2.0,6.9,6.0,True,5.1,0,Mid Career (30-39)
1194,35,Male,Married,High School,Human Resources,HR Manager,Associate,4219,4.2,7.3,13.1,Remote,0.8,1.0,5.6,7.6,False,3.9,0,Mid Career (30-39)
1195,23,Male,Single,PhD,Finance,Accountant,Entry Level,4341,14.8,1.5,3.0,Hybrid,6.0,3.7,8.0,6.5,True,6.7,0,Early Career (21-29)
1196,37,Male,Married,Bachelors,Marketing,Marketing Specialist,Associate,4716,12.1,4.7,10.5,Onsite,11.1,5.4,5.3,6.3,True,7.3,1,Mid Career (30-39)
1197,36,Female,Single,Bachelors,Customer Support,Support Specialist,Mid Level,5004,3.0,7.1,12.9,Remote,7.6,2.4,5.2,7.6,False,5.9,0,Mid Career (30-39)
1198,39,Female,Married,Bachelors,Engineering,QA Engineer,Associate,7682,8.7,8.3,19.0,Hybrid,3.0,2.3,3.9,6.1,True,2.5,0,Mid Career (30-39)
1199,27,Female,Married,Bachelors,Sales,Sales Development Rep,Associate,4124,9.5,3.5,7.0,Onsite,10.2,5.4,6.5,6.9,False,8.8,1,Early Career (21-29)
1200,30,Female,Married,Masters,Sales,Sales Development Rep,Associate,5012,8.2,2.8,6.6,Onsite,5.3,4.0,5.6,6.0,True,9.2,0,Mid Career (30-39)
1201,48,Male,Married,Masters,Operations,Operations Analyst,Associate,6245,11.3,4.0,13.1,Onsite,7.3,6.6,4.5,5.3,True,9.1,1,Senior Career (40-49)
1202,38,Female,Married,Masters,Finance,Financial Analyst,Mid Level,7209,13.8,6.3,12.3,Onsite,1.4,1.7,10.0,5.6,True,6.7,0,Mid Career (30-39)
1203,46,Female,Married,Masters,Engineering,Engineering Manager,Senior Level,12157,15.8,11.3,18.0,Onsite,3.3,5.4,5.9,5.2,False,4.2,0,Senior Career (40-49)
1204,45,Male,Single,Bachelors,Operations,Operations Manager,Associate,4851,5.7,9.3,17.4,Onsite,5.5,4.1,6.3,6.1,True,2.2,1,Senior Career (40-49)
1205,28,Female,Married,Masters,Operations,Operations Analyst,Entry Level,4790,11.8,3.1,8.0,Onsite,8.5,7.3,5.7,5.0,True,2.9,0,Early Career (21-29)
1206,28,Female,Single,Bachelors,Operations,Operations Analyst,Entry Level,3718,12.6,0.0,4.4,Hybrid,5.3,4.0,5.3,7.5,False,3.2,0,Early Career (21-29)
1207,34,Female,Married,Bachelors,Engineering,Software Engineer,Associate,7685,11.1,6.1,10.2,Hybrid,3.6,2.6,7.4,6.9,False,4.0,0,Mid Career (30-39)
1208,38,Female,Single,High School,Engineering,Software Engineer,Mid Level,6647,14.2,7.1,12.0,Onsite,5.0,2.5,8.9,8.3,False,2.4,0,Mid Career (30-39)
1209,41,Male,Married,Bachelors,Customer Support,Support Team Lead,Senior Level,6881,11.1,9.6,15.4,Onsite,3.4,2.6,9.1,4.4,False,6.3,0,Senior Career (40-49)
1210,39,Male,Married,Masters,Customer Support,Customer Success Manager,Mid Level,6060,6.1,5.4,14.3,Hybrid,18.9,7.2,4.2,3.3,False,5.7,1,Mid Career (30-39)
1211,35,Female,Married,Bachelors,Engineering,Data Engineer,Associate,6682,16.2,5.5,9.6,Onsite,3.6,6.4,5.3,6.3,True,2.2,0,Mid Career (30-39)
1212,53,Male,Married,Bachelors,Human Resources,HR Manager,Senior Level,9074,4.8,8.6,21.0,Onsite,4.1,5.3,5.9,5.4,False,6.3,1,Pre-Retirement (50-64)
1213,21,Male,Divorced,PhD,Engineering,QA Engineer,Entry Level,4096,15.9,0.0,1.0,Onsite,5.8,3.4,5.6,6.6,True,2.1,1,Early Career (21-29)
1215,34,Male,Single,High School,Engineering,Engineering Manager,Mid Level,5995,10.4,6.6,9.7,Onsite,5.9,4.4,6.9,7.6,True,2.3,0,Mid Career (30-39)
1216,47,Male,Single,Bachelors,Sales,Sales Manager,Senior Level,8378,8.7,9.6,16.7,Onsite,7.3,4.3,7.1,7.3,True,4.0,0,Senior Career (40-49)
1217,41,Female,Single,Bachelors,Engineering,QA Engineer,Mid Level,7649,8.3,2.6,5.0,Hybrid,9.5,3.7,6.6,5.5,True,1.0,0,Senior Career (40-49)
1218,34,Female,Married,Bachelors,Customer Support,Support Team Lead,Management,5802,14.2,10.3,14.0,Remote,7.7,4.5,5.2,5.9,False,2.2,0,Mid Career (30-39)
1220,44,Female,Single,Masters,Engineering,Data Engineer,Mid Level,10052,10.2,3.6,15.0,Remote,11.1,5.3,5.7,5.2,True,5.6,0,Senior Career (40-49)
1221,41,Male,Married,Masters,Sales,Sales Development Rep,Management,9067,4.4,8.1,11.2,Remote,7.6,4.4,7.1,4.2,True,2.3,0,Senior Career (40-49)
1222,36,Male,Single,Bachelors,Marketing,Marketing Specialist,Entry Level,2425,13.4,3.7,5.4,Remote,13.9,4.6,4.6,5.6,True,4.5,0,Mid Career (30-39)
1223,31,Female,Married,Bachelors,Finance,Accountant,Associate,6443,21.7,6.4,11.0,Hybrid,4.8,4.3,8.2,5.7,False,2.7,0,Mid Career (30-39)
1224,27,Female,Single,Bachelors,Human Resources,HR Business Partner,Mid Level,6427,15.5,5.2,7.0,Remote,15.0,2.8,8.7,6.0,False,2.2,0,Early Career (21-29)
1225,35,Female,Divorced,Bachelors,Sales,Sales Manager,Mid Level,8904,13.6,9.5,15.0,Remote,9.4,3.7,5.2,5.0,True,4.9,0,Mid Career (30-39)
1226,23,Female,Married,Bachelors,Sales,Account Executive,Associate,4675,14.2,2.0,3.0,Onsite,8.9,2.8,7.6,6.3,True,3.0,0,Early Career (21-29)
1227,55,Female,Single,Bachelors,Human Resources,HR Manager,Management,8537,10.6,11.8,16.7,Onsite,1.8,2.0,6.7,6.4,True,1.4,0,Pre-Retirement (50-64)
1228,34,Female,Single,PhD,Research & Development,Research Scientist,Associate,6858,8.6,8.4,14.0,Hybrid,3.1,4.2,6.6,6.4,True,3.1,0,Mid Career (30-39)
1229,25,Male,Married,Bachelors,Human Resources,Recruiter,Entry Level,3065,16.8,2.8,5.0,Onsite,7.6,5.3,6.3,7.2,True,4.9,0,Early Career (21-29)
1230,45,Male,Married,High School,Customer Support,Customer Success Manager,Senior Level,4816,9.7,4.7,15.5,Hybrid,3.6,2.6,7.5,6.5,False,4.1,0,Senior Career (40-49)
1231,48,Male,Single,Masters,Engineering,Engineering Manager,Management,15738,10.3,11.8,14.4,Hybrid,5.1,3.6,7.4,6.5,True,6.2,0,Senior Career (40-49)
1232,33,Female,Married,Bachelors,Engineering,Software Engineer,Associate,7086,14.1,1.9,9.0,Remote,10.0,2.7,7.2,6.1,False,3.8,0,Mid Career (30-39)
1233,33,Female,Single,Bachelors,Customer Support,Customer Success Manager,Senior Level,6699,14.4,8.5,13.0,Hybrid,4.9,5.3,4.9,6.3,True,7.7,0,Mid Career (30-39)
1234,53,Male,Married,Bachelors,Human Resources,Recruiter,Management,11069,7.3,11.4,17.7,Onsite,7.8,4.6,5.2,6.8,True,3.1,1,Pre-Retirement (50-64)
1235,32,Female,Divorced,Bachelors,Marketing,Content Strategist,Associate,4320,17.3,5.4,9.8,Hybrid,7.6,3.0,8.4,6.6,False,7.2,0,Mid Career (30-39)
1236,52,Female,Single,High School,Sales,Sales Manager,Senior Level,7930,16.2,6.4,15.8,Hybrid,6.4,5.8,3.9,5.2,False,5.5,1,Pre-Retirement (50-64)
1237,21,Female,Married,Bachelors,Sales,Sales Manager,Mid Level,4573,13.9,0.0,1.0,Onsite,6.9,3.7,7.2,6.3,False,7.3,0,Early Career (21-29)
1238,28,Male,Single,Bachelors,Operations,Operations Manager,Mid Level,5176,14.2,5.7,8.0,Onsite,9.1,7.9,2.6,4.2,True,1.1,1,Early Career (21-29)
1239,33,Male,Married,Bachelors,Sales,Sales Development Rep,Mid Level,7054,8.6,6.4,10.1,Onsite,12.9,5.8,5.7,5.3,False,4.4,1,Mid Career (30-39)
1240,44,Female,Married,High School,Sales,Account Executive,Associate,4505,7.4,10.3,18.8,Onsite,4.1,3.1,7.1,5.3,False,4.0,0,Senior Career (40-49)
1241,44,Female,Single,Bachelors,Operations,Operations Analyst,Associate,4347,7.4,5.8,13.3,Hybrid,8.3,6.9,5.5,4.5,True,4.5,1,Senior Career (40-49)
1242,50,Female,Divorced,Masters,Research & Development,R&D Manager,Management,11941,10.7,8.6,11.4,Hybrid,4.2,4.5,7.0,6.9,False,2.3,1,Pre-Retirement (50-64)
1243,36,Female,Married,PhD,Research & Development,Product Researcher,Entry Level,4153,6.6,0.0,6.8,Onsite,11.3,5.3,5.1,5.7,False,3.1,0,Mid Career (30-39)
1244,28,Female,Single,High School,Marketing,Growth Manager,Mid Level,5093,10.8,7.0,8.0,Remote,2.5,2.1,7.4,7.6,True,3.3,0,Early Career (21-29)
1245,41,Female,Single,Masters,Engineering,QA Engineer,Senior Level,10352,12.7,12.3,17.5,Remote,5.7,2.4,7.7,6.6,True,4.7,0,Senior Career (40-49)
1246,35,Female,Single,Bachelors,Engineering,Software Engineer,Management,12425,13.9,14.0,15.0,Hybrid,3.6,2.7,8.6,7.3,False,4.8,0,Mid Career (30-39)
1247,38,Male,Divorced,Masters,Marketing,Content Strategist,Associate,4063,10.0,7.2,9.8,Remote,9.9,3.9,6.7,7.3,True,3.5,0,Mid Career (30-39)
1248,24,Female,Married,Masters,Engineering,Data Engineer,Associate,7196,16.1,3.0,4.0,Hybrid,3.8,4.2,7.8,6.1,True,5.3,0,Early Career (21-29)
1249,31,Male,Divorced,Bachelors,Engineering,QA Engineer,Mid Level,7831,12.7,8.6,11.0,Onsite,3.9,1.6,9.1,6.7,True,4.1,0,Mid Career (30-39)
1250,22,Male,Single,Bachelors,Engineering,QA Engineer,Entry Level,3685,12.4,1.0,2.0,Hybrid,2.1,1.9,8.0,6.8,True,4.5,0,Early Career (21-29)
1251,24,Female,Married,Bachelors,Research & Development,R&D Manager,Associate,7247,5.8,3.0,4.0,Hybrid,6.7,5.4,4.7,5.8,True,4.4,0,Early Career (21-29)
1252,32,Male,Single,Masters,Engineering,Engineering Manager,Senior Level,13650,14.9,8.8,12.0,Onsite,4.5,5.6,6.6,7.7,True,4.3,0,Mid Career (30-39)
1253,49,Male,Married,Bachelors,Engineering,Engineering Manager,Management,12182,16.0,11.8,17.4,Onsite,10.7,4.4,7.5,6.7,False,2.2,0,Senior Career (40-49)
1254,31,Male,Single,PhD,Customer Support,Customer Success Manager,Senior Level,7810,16.2,8.7,11.0,Hybrid,11.3,2.5,7.9,6.0,True,5.4,0,Mid Career (30-39)
1255,36,Female,Single,Bachelors,Finance,Accountant,Mid Level,5560,13.2,3.1,3.7,Onsite,5.0,3.0,6.5,6.1,False,4.5,0,Mid Career (30-39)
1256,34,Female,Married,Bachelors,Operations,Program Manager,Associate,3836,14.2,2.9,9.1,Onsite,1.1,2.7,8.3,6.6,True,5.9,0,Mid Career (30-39)
1257,30,Female,Divorced,PhD,Sales,Sales Manager,Associate,5303,14.2,6.7,8.6,Onsite,9.4,4.7,7.1,3.9,False,6.5,0,Mid Career (30-39)
1258,43,Male,Single,Masters,Research & Development,Research Scientist,Management,9823,11.0,16.3,23.0,Hybrid,4.2,4.0,7.7,7.4,False,1.3,0,Senior Career (40-49)
1259,42,Female,Single,High School,Research & Development,Product Researcher,Associate,4973,14.1,5.8,18.5,Hybrid,6.3,3.3,5.1,6.2,False,1.6,0,Senior Career (40-49)
1260,46,Female,Single,Bachelors,Human Resources,HR Manager,Senior Level,9411,15.3,11.6,18.4,Hybrid,7.9,3.5,7.8,6.7,False,4.9,0,Senior Career (40-49)
1261,35,Male,Married,High School,Research & Development,Product Researcher,Associate,4933,17.0,7.3,13.8,Hybrid,10.5,4.5,3.9,5.3,True,1.8,0,Mid Career (30-39)
1262,30,Female,Single,PhD,Marketing,Marketing Specialist,Mid Level,6836,9.8,8.6,10.0,Hybrid,4.5,3.9,7.9,6.1,True,4.7,0,Mid Career (30-39)
1264,34,Female,Married,Masters,Operations,Operations Manager,Associate,5435,15.1,7.8,11.3,Remote,4.3,3.1,6.5,7.2,True,5.0,0,Mid Career (30-39)
1265,38,Male,Married,Bachelors,Finance,Accountant,Mid Level,7249,3.9,5.5,13.4,Remote,1.7,4.4,4.7,7.4,False,4.6,0,Mid Career (30-39)
1266,47,Female,Married,Bachelors,Engineering,Engineering Manager,Mid Level,6919,11.6,0.0,7.0,Hybrid,8.2,4.5,8.0,5.2,True,3.5,0,Senior Career (40-49)
1267,28,Male,Single,Masters,Marketing,Content Strategist,Associate,5083,15.6,7.0,8.0,Hybrid,10.0,6.1,6.1,4.8,False,7.5,0,Early Career (21-29)
1268,31,Female,Married,Bachelors,Engineering,QA Engineer,Associate,6711,17.1,7.0,11.0,Hybrid,0.6,1.9,7.6,8.1,True,4.1,0,Mid Career (30-39)
1269,36,Female,Divorced,Masters,Customer Support,Support Team Lead,Mid Level,5812,11.8,11.5,12.0,Hybrid,8.0,4.9,4.9,4.6,False,9.4,1,Mid Career (30-39)
1270,48,Female,Married,Bachelors,Human Resources,Recruiter,Mid Level,6770,12.9,7.4,21.5,Hybrid,5.7,2.1,5.8,7.9,True,4.0,0,Senior Career (40-49)
1271,35,Male,Married,Bachelors,Engineering,QA Engineer,Mid Level,7474,10.8,12.7,15.0,Remote,1.3,1.2,8.7,8.7,True,5.4,0,Mid Career (30-39)
1272,46,Male,Single,Masters,Research & Development,Research Scientist,Associate,6820,15.2,4.7,11.9,Hybrid,1.2,6.1,3.9,7.4,False,4.4,0,Senior Career (40-49)
1273,36,Male,Married,Bachelors,Research & Development,Product Researcher,Mid Level,10193,12.8,7.0,11.8,Hybrid,7.7,5.0,6.5,6.3,True,5.6,0,Mid Career (30-39)
1274,46,Male,Married,Masters,Operations,Operations Analyst,Senior Level,6313,8.0,9.5,13.2,Hybrid,8.1,2.8,7.6,5.4,True,4.3,0,Senior Career (40-49)
1275,36,Male,Single,PhD,Sales,Sales Manager,Management,15060,19.2,14.2,16.0,Hybrid,10.7,3.1,8.7,6.7,False,7.0,0,Mid Career (30-39)
1276,30,Female,Single,Bachelors,Finance,Financial Analyst,Entry Level,2826,9.3,4.4,8.8,Hybrid,7.4,2.7,7.6,6.7,True,7.5,0,Mid Career (30-39)
1277,36,Female,Married,Bachelors,Engineering,Data Engineer,Mid Level,8913,10.4,9.2,13.4,Onsite,5.0,4.3,5.9,5.4,False,1.7,0,Mid Career (30-39)
1278,37,Male,Married,Bachelors,Engineering,QA Engineer,Mid Level,8677,17.7,7.0,15.0,Remote,6.6,1.5,10.0,7.9,True,3.8,0,Mid Career (30-39)
1279,30,Female,Married,Masters,Sales,Sales Development Rep,Mid Level,7135,10.6,7.2,10.0,Remote,19.8,5.6,6.0,4.1,False,5.8,0,Mid Career (30-39)
1280,51,Female,Married,Masters,Sales,Account Executive,Senior Level,10810,6.8,10.2,9.4,Remote,8.8,3.0,6.6,7.3,False,6.5,1,Pre-Retirement (50-64)
1281,31,Male,Married,Bachelors,Operations,Operations Analyst,Entry Level,3258,13.3,0.0,6.2,Onsite,1.1,3.3,5.2,7.0,True,7.1,1,Mid Career (30-39)
1282,38,Female,Married,Bachelors,Engineering,Data Engineer,Entry Level,5179,14.0,4.7,10.6,Hybrid,8.3,4.0,7.3,5.3,True,3.1,1,Mid Career (30-39)
1283,26,Male,Single,Bachelors,Engineering,Software Engineer,Entry Level,4537,10.9,0.4,6.0,Onsite,6.1,4.2,8.9,5.9,False,3.2,0,Early Career (21-29)
1284,55,Male,Married,Bachelors,Operations,Program Manager,Management,9413,11.6,7.6,15.1,Remote,3.9,2.0,8.4,8.0,True,5.1,0,Pre-Retirement (50-64)
1285,36,Female,Single,Bachelors,Customer Support,Support Specialist,Mid Level,4108,14.5,8.2,12.2,Hybrid,13.7,4.2,7.9,4.3,False,6.2,0,Mid Career (30-39)
1286,46,Male,Married,Masters,Customer Support,Customer Success Manager,Senior Level,7190,16.3,6.8,9.8,Hybrid,4.2,2.2,8.4,5.6,True,4.2,0,Senior Career (40-49)
1287,44,Female,Single,Bachelors,Operations,Operations Analyst,Mid Level,6488,12.9,9.4,14.8,Onsite,8.7,3.1,7.3,6.1,True,5.5,1,Senior Career (40-49)
1288,30,Male,Married,Bachelors,Research & Development,Product Researcher,Associate,5433,15.1,8.5,10.0,Hybrid,2.1,2.0,10.0,7.5,False,5.4,0,Mid Career (30-39)
1289,44,Male,Divorced,Bachelors,Marketing,Content Strategist,Mid Level,11471,7.7,9.3,13.6,Onsite,3.3,3.9,6.3,7.7,False,3.7,0,Senior Career (40-49)
1290,47,Female,Married,Bachelors,Operations,Program Manager,Senior Level,8883,13.0,5.6,10.5,Onsite,4.1,4.5,7.1,5.7,True,5.4,0,Senior Career (40-49)
1291,46,Non-binary,Married,PhD,Sales,Account Executive,Senior Level,14299,9.5,9.4,12.8,Onsite,8.5,5.6,5.8,5.2,False,5.9,0,Senior Career (40-49)
1292,29,Male,Single,Bachelors,Sales,Sales Manager,Associate,6384,9.7,5.0,8.6,Hybrid,6.8,4.3,7.2,4.7,False,7.9,0,Early Career (21-29)
1293,32,Male,Married,High School,Customer Support,Support Specialist,Entry Level,2479,10.7,1.6,6.7,Onsite,10.5,6.4,5.3,4.9,True,2.3,0,Mid Career (30-39)
1294,46,Male,Single,Masters,Sales,Account Executive,Mid Level,7048,16.0,4.0,11.7,Remote,2.7,3.9,6.8,6.7,True,7.5,0,Senior Career (40-49)
1295,36,Male,Married,High School,Operations,Operations Analyst,Associate,4013,11.9,2.8,15.3,Remote,8.3,3.8,5.0,6.7,True,6.0,1,Mid Career (30-39)
1296,31,Male,Married,Bachelors,Marketing,Growth Manager,Mid Level,6529,13.9,9.2,11.0,Hybrid,6.8,4.2,7.3,4.9,False,5.5,0,Mid Career (30-39)
1297,47,Female,Single,High School,Engineering,Data Engineer,Mid Level,9884,15.8,5.5,13.9,Hybrid,5.7,3.4,6.9,4.7,True,1.6,0,Senior Career (40-49)
1298,21,Male,Single,Bachelors,Engineering,Software Engineer,Entry Level,4179,13.4,0.0,1.0,Remote,7.9,5.3,6.6,8.2,True,6.4,0,Early Career (21-29)
1299,55,Non-binary,Married,High School,Marketing,Growth Manager,Management,6646,19.2,9.9,14.1,Hybrid,21.2,6.2,6.2,4.0,False,7.5,0,Pre-Retirement (50-64)
1300,43,Male,Married,Masters,Operations,Operations Analyst,Mid Level,7246,8.6,5.4,5.2,Onsite,8.2,5.0,6.0,5.8,True,6.9,1,Senior Career (40-49)
1301,36,Male,Single,Bachelors,Operations,Operations Analyst,Associate,4883,15.5,5.8,13.2,Hybrid,3.7,2.6,9.3,6.9,True,7.5,0,Mid Career (30-39)
1302,45,Male,Single,Masters,Sales,Sales Manager,Mid Level,5985,10.3,3.5,7.1,Onsite,7.5,5.1,5.1,5.3,False,5.9,1,Senior Career (40-49)
1303,36,Male,Married,Bachelors,Engineering,Engineering Manager,Mid Level,6249,13.9,8.6,16.0,Remote,4.1,1.5,7.9,8.3,True,3.8,0,Mid Career (30-39)
1304,55,Female,Married,Bachelors,Human Resources,HR Business Partner,Management,8076,11.9,10.9,17.8,Onsite,1.3,3.5,7.6,7.5,False,3.7,0,Pre-Retirement (50-64)
1305,36,Female,Married,Masters,Engineering,Data Engineer,Associate,7732,7.6,6.3,16.0,Hybrid,5.0,2.3,7.0,6.0,False,1.0,0,Mid Career (30-39)
1306,27,Female,Single,Bachelors,Sales,Sales Development Rep,Entry Level,2957,10.7,4.0,7.0,Hybrid,3.7,3.3,5.3,4.0,False,5.6,0,Early Career (21-29)
1307,36,Female,Single,High School,Human Resources,HR Manager,Senior Level,5348,9.3,10.5,15.8,Onsite,19.7,5.8,5.8,4.2,True,3.2,0,Mid Career (30-39)
1308,51,Female,Married,Masters,Sales,Account Executive,Mid Level,7469,3.7,6.8,10.8,Hybrid,4.1,4.4,7.1,9.0,False,5.7,0,Pre-Retirement (50-64)
1309,35,Male,Single,Bachelors,Marketing,Growth Manager,Mid Level,6181,8.9,4.6,13.0,Onsite,11.6,4.4,5.7,5.3,False,2.2,0,Mid Career (30-39)
1310,41,Female,Married,Bachelors,Engineering,Data Engineer,Associate,4706,13.3,9.5,13.1,Remote,2.8,3.4,8.4,6.8,True,2.9,0,Senior Career (40-49)
1311,32,Male,Divorced,Masters,Engineering,Engineering Manager,Mid Level,11266,17.1,9.4,12.0,Onsite,10.2,4.1,8.0,5.6,True,3.2,0,Mid Career (30-39)
1312,39,Female,Single,Bachelors,Customer Support,Customer Success Manager,Associate,4334,7.8,6.9,15.1,Onsite,15.2,8.5,4.5,1.9,False,8.0,0,Mid Career (30-39)
1313,43,Male,Married,Masters,Marketing,Marketing Specialist,Mid Level,9328,9.9,9.0,14.3,Hybrid,10.7,4.0,6.8,4.4,True,3.6,1,Senior Career (40-49)
1314,51,Female,Single,Bachelors,Customer Support,Customer Success Manager,Management,8045,9.8,6.9,13.6,Hybrid,8.7,5.7,4.8,5.6,False,5.8,0,Pre-Retirement (50-64)
1315,31,Female,Single,Masters,Customer Support,Support Specialist,Entry Level,2443,9.2,0.0,5.0,Hybrid,5.1,4.4,5.8,4.3,True,4.3,0,Mid Career (30-39)
1316,35,Female,Married,Bachelors,Engineering,QA Engineer,Associate,6257,16.0,8.5,15.0,Onsite,6.7,3.0,7.4,5.4,True,3.1,0,Mid Career (30-39)
1317,49,Male,Married,PhD,Sales,Sales Manager,Senior Level,12783,10.4,4.5,10.2,Hybrid,5.4,2.7,5.4,6.6,True,3.2,0,Senior Career (40-49)
1318,29,Male,Single,PhD,Marketing,Marketing Specialist,Entry Level,3569,17.6,1.4,7.5,Onsite,3.4,5.6,4.9,6.0,True,5.7,0,Early Career (21-29)
1319,38,Female,Married,Bachelors,Engineering,Software Engineer,Associate,6208,15.5,8.2,18.0,Hybrid,9.0,4.2,7.1,5.8,True,4.8,0,Mid Career (30-39)
1320,46,Male,Married,High School,Engineering,Engineering Manager,Mid Level,6432,13.9,6.9,12.6,Remote,2.2,2.2,8.9,7.8,True,1.4,0,Senior Career (40-49)
1321,41,Male,Married,Bachelors,Customer Support,Support Team Lead,Mid Level,5047,14.0,6.6,16.8,Onsite,4.6,4.4,7.3,6.6,False,3.2,0,Senior Career (40-49)
1322,44,Female,Single,Bachelors,Customer Support,Customer Success Manager,Senior Level,8342,12.5,9.4,13.8,Remote,3.0,5.5,4.9,8.5,False,5.5,1,Senior Career (40-49)
1323,39,Female,Married,Bachelors,Sales,Sales Development Rep,Associate,4451,9.4,4.8,7.6,Hybrid,6.0,3.1,6.5,7.2,True,5.4,0,Mid Career (30-39)
1324,22,Male,Married,Bachelors,Operations,Operations Analyst,Entry Level,3249,11.4,0.9,2.0,Onsite,2.1,6.3,4.1,6.4,True,6.6,0,Early Career (21-29)
1325,35,Female,Married,Bachelors,Marketing,Content Strategist,Mid Level,7139,16.2,4.2,10.2,Onsite,8.8,4.1,7.0,5.9,True,3.1,0,Mid Career (30-39)
1326,47,Female,Single,Bachelors,Operations,Operations Manager,Management,8703,11.8,11.2,22.3,Hybrid,6.0,3.9,6.2,6.6,False,2.5,0,Senior Career (40-49)
1327,31,Female,Married,Bachelors,Sales,Account Executive,Senior Level,12511,6.8,9.4,11.0,Onsite,6.0,5.3,6.8,6.8,True,4.1,0,Mid Career (30-39)
1328,39,Female,Single,Bachelors,Marketing,Content Strategist,Mid Level,6581,8.8,9.4,14.2,Onsite,7.3,3.1,7.4,4.7,True,7.8,0,Mid Career (30-39)
1329,40,Male,Single,Masters,Customer Support,Support Team Lead,Senior Level,7672,7.5,9.1,10.6,Remote,9.1,6.3,4.3,6.7,False,7.9,1,Senior Career (40-49)
1330,30,Male,Married,PhD,Customer Support,Support Specialist,Associate,4980,18.4,0.9,10.0,Hybrid,17.3,5.8,8.3,4.7,True,7.9,0,Mid Career (30-39)
1331,32,Male,Married,Bachelors,Sales,Sales Development Rep,Associate,7044,16.4,2.6,9.5,Remote,2.6,1.4,9.8,8.4,False,7.8,0,Mid Career (30-39)
1332,48,Male,Single,Masters,Customer Support,Support Specialist,Associate,2996,9.2,5.5,6.4,Onsite,4.6,2.9,5.8,7.3,True,5.8,0,Senior Career (40-49)
1333,31,Female,Single,Bachelors,Sales,Sales Manager,Senior Level,7427,11.6,10.0,11.0,Onsite,5.0,3.8,6.7,4.8,False,5.7,0,Mid Career (30-39)
1334,56,Male,Married,Bachelors,Operations,Program Manager,Management,11443,9.4,15.4,20.8,Remote,3.6,2.1,6.2,7.0,True,2.3,0,Pre-Retirement (50-64)
1336,36,Male,Single,Bachelors,Sales,Sales Development Rep,Associate,5015,7.1,6.3,13.8,Hybrid,4.8,2.9,5.1,6.9,False,7.2,0,Mid Career (30-39)
1337,32,Male,Single,Bachelors,Customer Support,Customer Success Manager,Associate,3924,13.9,5.9,12.0,Remote,7.3,5.2,6.3,5.7,True,9.6,1,Mid Career (30-39)
1338,22,Female,Divorced,Bachelors,Marketing,Growth Manager,Mid Level,6221,12.0,1.0,2.0,Remote,4.4,6.0,6.2,6.4,True,7.7,0,Early Career (21-29)
1339,44,Female,Single,Bachelors,Research & Development,Product Researcher,Mid Level,9955,13.6,4.5,16.3,Hybrid,7.8,1.4,8.6,6.8,False,4.0,0,Senior Career (40-49)
1340,38,Female,Married,Bachelors,Research & Development,Product Researcher,Associate,6137,11.7,2.7,5.3,Hybrid,0.9,1.9,6.7,7.1,True,1.3,0,Mid Career (30-39)
1341,33,Male,Married,Bachelors,Customer Support,Customer Success Manager,Mid Level,4454,9.2,6.1,12.6,Hybrid,10.8,2.9,8.9,4.7,False,5.0,0,Mid Career (30-39)
1342,42,Female,Single,Bachelors,Customer Support,Support Team Lead,Senior Level,5942,9.6,18.1,22.0,Hybrid,3.4,4.0,5.9,7.7,False,7.1,1,Senior Career (40-49)
1343,27,Female,Married,Masters,Engineering,Data Engineer,Associate,7156,13.0,5.3,6.1,Hybrid,5.5,4.1,8.1,6.1,False,4.3,0,Early Career (21-29)
1344,43,Female,Single,Bachelors,Finance,Finance Manager,Mid Level,8290,12.2,11.1,16.3,Remote,2.8,2.3,7.9,8.4,True,5.2,0,Senior Career (40-49)
1345,21,Male,Single,PhD,Operations,Operations Manager,Mid Level,5826,11.3,0.0,1.0,Onsite,4.8,6.6,5.2,6.1,True,6.1,0,Early Career (21-29)
1346,30,Female,Married,Bachelors,Marketing,Content Strategist,Associate,5265,15.6,5.9,10.0,Hybrid,7.8,5.0,6.7,5.7,True,3.3,0,Mid Career (30-39)
1347,35,Male,Single,Masters,Marketing,Growth Manager,Mid Level,6829,14.4,9.9,15.0,Hybrid,3.6,2.0,7.4,6.0,False,4.7,0,Mid Career (30-39)
1348,24,Female,Divorced,Bachelors,Engineering,QA Engineer,Entry Level,3306,12.4,0.0,4.0,Onsite,0.8,3.0,8.0,7.9,False,3.9,0,Early Career (21-29)
1349,40,Male,Single,Masters,Engineering,QA Engineer,Associate,6541,10.8,5.6,17.1,Remote,3.1,1.0,8.5,7.1,True,3.1,0,Senior Career (40-49)
1350,38,Female,Divorced,Masters,Operations,Operations Analyst,Associate,7374,15.9,7.1,12.6,Onsite,14.7,6.4,6.9,4.6,False,6.4,0,Mid Career (30-39)
1351,46,Male,Divorced,Bachelors,Engineering,Software Engineer,Associate,6819,11.7,5.0,12.5,Hybrid,11.5,5.5,5.3,5.8,True,6.7,0,Senior Career (40-49)
1352,55,Male,Married,Masters,Operations,Operations Manager,Management,10341,9.1,9.3,24.8,Remote,2.1,3.8,5.5,7.8,True,5.8,0,Pre-Retirement (50-64)
1353,39,Male,Single,PhD,Engineering,QA Engineer,Entry Level,4639,19.2,4.2,8.7,Remote,7.4,5.2,6.6,6.3,False,5.0,0,Mid Career (30-39)
1354,46,Male,Married,Masters,Sales,Sales Manager,Mid Level,8687,13.5,4.9,7.6,Hybrid,4.6,2.8,7.0,7.9,True,7.7,0,Senior Career (40-49)
1355,36,Female,Single,Bachelors,Engineering,QA Engineer,Mid Level,10803,10.1,4.6,16.0,Onsite,2.3,3.5,7.8,7.5,False,4.5,0,Mid Career (30-39)
1356,46,Female,Married,High School,Operations,Program Manager,Senior Level,5220,8.5,11.7,20.5,Onsite,9.3,2.8,8.8,5.2,False,6.1,0,Senior Career (40-49)
1357,49,Male,Divorced,Bachelors,Sales,Account Executive,Mid Level,6212,9.5,11.2,22.7,Onsite,9.3,5.4,5.3,4.9,False,7.4,0,Senior Career (40-49)
1358,33,Female,Married,Bachelors,Marketing,Content Strategist,Associate,5220,8.3,9.2,12.5,Onsite,4.1,2.6,5.1,7.7,False,4.7,1,Mid Career (30-39)
1359,45,Female,Married,High School,Sales,Sales Manager,Senior Level,11190,4.0,12.6,22.9,Onsite,5.8,4.0,5.1,7.2,False,4.2,0,Senior Career (40-49)
1360,26,Male,Married,Bachelors,Marketing,Content Strategist,Associate,4286,13.4,5.0,6.0,Remote,7.3,2.1,7.6,7.0,True,8.0,0,Early Career (21-29)
1361,40,Female,Married,Bachelors,Finance,Finance Manager,Senior Level,8179,17.1,10.1,11.3,Hybrid,12.2,4.2,8.6,4.5,True,3.6,0,Senior Career (40-49)
1362,35,Female,Married,Bachelors,Engineering,Engineering Manager,Associate,6959,7.2,1.9,11.4,Onsite,2.4,1.6,7.4,8.3,True,1.4,0,Mid Career (30-39)
1363,39,Female,Single,Bachelors,Operations,Program Manager,Management,9747,14.8,6.2,11.4,Onsite,3.3,4.7,6.3,6.2,False,4.3,0,Mid Career (30-39)
1364,38,Male,Married,Bachelors,Operations,Operations Manager,Mid Level,5264,10.3,9.9,16.4,Onsite,8.6,5.1,5.6,5.0,True,7.3,0,Mid Career (30-39)
1365,41,Male,Single,High School,Research & Development,R&D Manager,Mid Level,6729,12.0,8.9,13.7,Hybrid,3.0,3.8,6.9,5.6,True,2.9,0,Senior Career (40-49)
1366,21,Female,Married,Bachelors,Sales,Sales Manager,Mid Level,7284,13.1,0.0,1.0,Hybrid,7.0,5.0,4.7,5.2,True,4.0,1,Early Career (21-29)
1367,36,Female,Divorced,High School,Customer Support,Support Specialist,Mid Level,4779,18.2,7.4,16.0,Remote,2.8,2.7,8.6,7.0,True,7.7,0,Mid Career (30-39)
1368,29,Male,Married,PhD,Engineering,Data Engineer,Associate,8523,14.0,7.2,9.0,Hybrid,4.0,4.1,6.3,6.7,False,3.8,0,Early Career (21-29)
1369,46,Male,Divorced,PhD,Research & Development,R&D Manager,Mid Level,9177,12.8,5.1,13.0,Onsite,1.1,2.8,7.7,8.3,True,4.6,0,Senior Career (40-49)
1370,41,Female,Married,Masters,Engineering,QA Engineer,Associate,6736,12.1,4.1,15.3,Hybrid,4.6,4.1,5.3,5.7,True,2.4,1,Senior Career (40-49)
1372,49,Female,Single,Masters,Engineering,QA Engineer,Senior Level,10559,15.4,10.6,18.4,Remote,6.1,2.4,9.1,7.5,False,4.2,0,Senior Career (40-49)
1373,33,Female,Single,Masters,Customer Support,Support Specialist,Mid Level,6547,19.6,8.1,11.7,Remote,4.4,4.0,8.5,6.7,True,6.9,0,Mid Career (30-39)
1374,21,Male,Married,Bachelors,Marketing,Content Strategist,Entry Level,2790,7.4,0.0,1.0,Hybrid,12.0,5.0,5.7,5.6,True,6.0,0,Early Career (21-29)
1375,22,Male,Married,Masters,Research & Development,Research Scientist,Entry Level,4251,15.3,0.1,2.0,Hybrid,3.7,2.3,6.5,8.1,True,6.5,0,Early Career (21-29)
1376,26,Female,Married,Bachelors,Engineering,Data Engineer,Associate,5529,14.0,2.3,6.0,Remote,2.8,3.1,7.0,7.5,True,1.3,0,Early Career (21-29)
1377,47,Female,Single,Masters,Customer Support,Support Team Lead,Senior Level,8453,6.3,11.2,24.1,Remote,8.6,3.5,5.8,5.6,False,5.4,1,Senior Career (40-49)
1378,48,Male,Married,Bachelors,Sales,Sales Development Rep,Senior Level,11556,10.5,7.1,14.5,Onsite,7.4,5.2,5.4,4.9,False,4.5,0,Senior Career (40-49)
1379,47,Male,Single,Bachelors,Engineering,QA Engineer,Management,9217,7.6,11.9,18.3,Remote,5.2,2.2,6.3,6.8,True,3.4,0,Senior Career (40-49)
1380,36,Female,Divorced,Masters,Finance,Accountant,Entry Level,4110,7.5,3.8,8.0,Remote,13.9,5.7,8.1,4.3,False,6.1,1,Mid Career (30-39)
1381,51,Female,Single,Bachelors,Engineering,Software Engineer,Senior Level,6773,11.5,11.3,14.4,Hybrid,11.8,5.5,6.7,4.4,False,5.6,0,Pre-Retirement (50-64)
1382,40,Male,Single,Masters,Marketing,Content Strategist,Mid Level,6080,8.6,6.8,11.9,Hybrid,3.7,3.2,6.7,6.6,True,6.7,0,Senior Career (40-49)
1383,47,Female,Married,Masters,Marketing,Marketing Specialist,Senior Level,11392,8.1,9.6,16.6,Hybrid,3.8,2.8,8.1,6.1,True,6.4,0,Senior Career (40-49)
1384,42,Female,Married,Bachelors,Engineering,Data Engineer,Associate,3767,14.2,5.6,13.8,Hybrid,8.8,5.4,6.0,4.8,True,3.6,0,Senior Career (40-49)
1386,48,Female,Single,Bachelors,Sales,Sales Manager,Senior Level,7316,13.2,11.0,19.6,Hybrid,4.6,3.8,7.8,5.8,True,5.5,0,Senior Career (40-49)
1387,38,Female,Single,PhD,Engineering,Data Engineer,Entry Level,4580,11.7,4.6,15.1,Remote,4.8,1.4,6.4,7.7,True,5.4,0,Mid Career (30-39)
1388,43,Male,Single,Bachelors,Research & Development,Research Scientist,Senior Level,10360,9.8,10.7,15.0,Hybrid,10.5,6.2,5.7,5.2,True,2.9,1,Senior Career (40-49)
1389,27,Female,Single,Bachelors,Finance,Accountant,Associate,6142,11.7,0.0,7.0,Remote,7.7,6.3,3.2,5.1,True,6.5,1,Early Career (21-29)
1390,39,Male,Married,Bachelors,Engineering,Engineering Manager,Senior Level,12769,15.9,5.9,14.2,Remote,13.7,2.7,8.8,6.6,True,5.3,0,Mid Career (30-39)
1391,31,Male,Married,Bachelors,Operations,Operations Manager,Associate,4090,8.8,5.7,11.0,Remote,1.5,1.0,7.1,8.9,True,5.6,0,Mid Career (30-39)
1392,31,Male,Married,High School,Sales,Sales Manager,Senior Level,11547,15.0,8.1,11.0,Hybrid,12.1,4.0,8.9,6.4,False,6.7,0,Mid Career (30-39)
1393,38,Female,Married,Bachelors,Finance,Accountant,Associate,5726,16.4,9.9,18.0,Hybrid,1.3,2.3,8.1,6.3,True,4.7,0,Mid Career (30-39)
1394,56,Male,Married,Masters,Sales,Sales Manager,Management,8230,11.1,11.1,16.2,Hybrid,3.2,3.9,5.9,7.6,True,3.6,0,Pre-Retirement (50-64)
1395,33,Non-binary,Married,Masters,Finance,Financial Analyst,Mid Level,6047,12.9,8.5,13.0,Onsite,3.8,3.0,8.3,8.2,False,4.4,0,Mid Career (30-39)
1396,34,Female,Single,Masters,Operations,Program Manager,Mid Level,6384,11.5,5.5,14.0,Hybrid,7.8,5.7,4.4,5.9,True,5.8,0,Mid Career (30-39)
1397,28,Female,Single,Bachelors,Sales,Account Executive,Mid Level,7055,6.1,3.6,8.0,Onsite,7.2,4.1,5.6,6.9,True,6.8,1,Early Career (21-29)
1398,35,Female,Single,Bachelors,Customer Support,Customer Success Manager,Senior Level,8863,12.7,9.4,14.9,Hybrid,8.8,5.0,5.7,4.5,True,5.7,0,Mid Career (30-39)
1399,45,Male,Single,Bachelors,Finance,Finance Manager,Mid Level,6607,10.2,6.5,15.8,Onsite,17.1,6.7,5.4,4.0,True,2.1,1,Senior Career (40-49)
1400,31,Male,Single,Masters,Finance,Finance Manager,Associate,5468,10.1,7.4,11.0,Hybrid,5.2,5.9,6.0,5.1,True,7.0,0,Mid Career (30-39)
1401,44,Male,Married,Bachelors,Engineering,Software Engineer,Mid Level,9720,4.3,9.0,13.9,Remote,3.1,1.0,7.0,8.5,False,3.7,0,Senior Career (40-49)
1402,48,Male,Married,PhD,Engineering,QA Engineer,Associate,7436,11.2,4.3,16.0,Hybrid,3.5,3.3,6.6,7.5,True,4.6,0,Senior Career (40-49)
1403,26,Female,Single,Masters,Sales,Sales Development Rep,Mid Level,7022,8.8,5.0,6.0,Onsite,7.2,3.6,5.2,5.9,False,3.7,0,Early Career (21-29)
1404,51,Female,Single,Bachelors,Engineering,Software Engineer,Management,12435,9.1,9.3,15.1,Hybrid,9.1,4.7,5.5,5.5,True,2.1,0,Pre-Retirement (50-64)
1405,33,Male,Married,High School,Engineering,QA Engineer,Mid Level,7220,14.5,7.7,11.4,Onsite,7.1,4.1,6.1,4.5,False,1.6,0,Mid Career (30-39)
1406,26,Male,Divorced,Bachelors,Operations,Program Manager,Mid Level,4181,8.3,5.0,6.0,Onsite,2.3,1.7,6.7,9.1,True,5.2,0,Early Career (21-29)
1407,29,Male,Married,Bachelors,Sales,Account Executive,Mid Level,6773,7.3,8.0,9.0,Hybrid,6.3,2.8,6.0,5.6,True,6.2,0,Early Career (21-29)
1408,34,Male,Married,Masters,Operations,Operations Analyst,Management,9247,1.3,10.3,14.0,Onsite,7.9,6.6,4.2,5.1,False,4.5,1,Mid Career (30-39)
1409,21,Female,Divorced,Bachelors,Engineering,QA Engineer,Entry Level,3867,10.8,0.0,0.0,Hybrid,6.7,5.2,5.5,7.1,True,5.8,1,Early Career (21-29)
1410,37,Male,Married,Masters,Operations,Operations Manager,Mid Level,8624,12.5,6.0,14.1,Remote,1.3,2.4,9.2,7.2,False,3.1,0,Mid Career (30-39)
1411,29,Non-binary,Single,Bachelors,Engineering,Data Engineer,Mid Level,7803,9.9,7.5,9.0,Hybrid,5.6,3.5,5.8,7.2,True,2.4,0,Early Career (21-29)
1412,39,Female,Single,Masters,Customer Support,Support Team Lead,Associate,3941,9.6,9.7,13.5,Onsite,3.2,3.8,5.0,6.3,True,6.7,1,Mid Career (30-39)
1413,38,Female,Married,Bachelors,Customer Support,Support Specialist,Entry Level,2585,14.6,0.0,8.4,Onsite,11.8,5.3,7.5,6.3,True,7.5,0,Mid Career (30-39)
1414,43,Male,Married,Bachelors,Operations,Operations Manager,Management,10031,13.8,12.9,21.0,Onsite,14.6,6.1,6.4,4.3,False,6.0,1,Senior Career (40-49)
1415,45,Female,Married,Bachelors,Sales,Sales Development Rep,Associate,5329,12.3,6.1,17.6,Hybrid,2.7,5.5,4.3,6.7,False,8.2,0,Senior Career (40-49)
1416,44,Female,Married,Bachelors,Engineering,Data Engineer,Mid Level,7823,9.3,6.0,18.3,Hybrid,4.9,3.8,6.3,6.8,False,5.3,0,Senior Career (40-49)
1417,48,Non-binary,Divorced,Masters,Operations,Operations Manager,Mid Level,6329,7.9,2.4,16.2,Hybrid,14.7,3.9,8.0,4.0,False,6.0,0,Senior Career (40-49)
1418,42,Female,Single,Bachelors,Human Resources,HR Manager,Mid Level,6114,14.5,7.9,15.2,Hybrid,0.3,4.6,6.4,8.9,False,4.6,0,Senior Career (40-49)
1419,39,Male,Single,PhD,Engineering,Engineering Manager,Mid Level,11418,9.5,9.2,19.0,Onsite,1.9,4.6,6.6,7.2,True,6.0,1,Mid Career (30-39)
1420,48,Female,Single,Masters,Human Resources,HR Manager,Management,9375,12.1,12.1,18.2,Remote,1.0,2.9,6.8,8.3,True,1.8,0,Senior Career (40-49)
1421,29,Female,Married,Bachelors,Engineering,Data Engineer,Entry Level,4225,14.4,2.8,9.0,Hybrid,3.2,3.6,6.4,7.0,True,3.4,0,Early Career (21-29)
1422,39,Male,Married,Bachelors,Marketing,Content Strategist,Associate,4545,6.6,5.1,12.4,Remote,0.9,1.0,8.1,8.6,True,7.9,0,Mid Career (30-39)
1423,39,Male,Married,Bachelors,Finance,Finance Manager,Mid Level,10237,11.2,5.6,8.7,Remote,1.7,3.0,6.0,6.5,False,4.6,0,Mid Career (30-39)
1424,39,Male,Single,PhD,Customer Support,Customer Success Manager,Associate,3955,11.1,7.6,10.8,Onsite,5.1,4.8,5.6,6.4,True,5.0,1,Mid Career (30-39)
1425,37,Female,Single,Bachelors,Sales,Sales Development Rep,Entry Level,3574,9.5,4.8,14.6,Onsite,4.1,3.9,6.4,5.8,True,5.4,1,Mid Career (30-39)
1426,41,Male,Married,Masters,Engineering,Data Engineer,Senior Level,9758,14.9,6.9,18.0,Remote,7.5,5.7,4.4,4.7,False,5.5,1,Senior Career (40-49)
1427,36,Female,Married,Bachelors,Sales,Sales Manager,Mid Level,6715,13.5,7.8,15.6,Hybrid,15.8,6.6,4.4,4.3,True,3.0,1,Mid Career (30-39)
1428,26,Female,Married,Masters,Engineering,Software Engineer,Entry Level,5285,13.1,0.5,6.0,Hybrid,1.8,3.4,4.8,6.0,False,6.0,0,Early Career (21-29)
1429,33,Female,Single,Bachelors,Research & Development,Research Scientist,Mid Level,9080,11.7,6.2,8.1,Hybrid,6.1,2.7,7.9,7.6,False,2.1,0,Mid Career (30-39)
1430,52,Male,Married,Bachelors,Customer Support,Customer Success Manager,Senior Level,6990,7.1,9.0,8.7,Onsite,13.4,6.0,6.2,5.8,False,5.7,0,Pre-Retirement (50-64)
1431,43,Female,Married,Bachelors,Finance,Financial Analyst,Mid Level,5787,10.9,10.0,21.7,Hybrid,6.8,4.4,7.3,5.1,False,5.2,0,Senior Career (40-49)
1432,38,Female,Single,Bachelors,Engineering,Data Engineer,Associate,5116,12.9,2.9,8.8,Onsite,3.6,4.1,5.5,3.8,True,3.9,0,Mid Career (30-39)
1433,44,Male,Married,Bachelors,Engineering,Engineering Manager,Management,14036,12.8,9.9,15.1,Onsite,6.5,5.1,6.1,5.9,True,4.5,0,Senior Career (40-49)
1434,57,Male,Single,Bachelors,Research & Development,Product Researcher,Management,12766,13.0,11.3,15.3,Remote,7.6,3.4,6.5,7.1,True,3.6,0,Pre-Retirement (50-64)
1435,48,Female,Married,High School,Engineering,QA Engineer,Senior Level,7520,17.5,9.6,12.9,Hybrid,7.4,4.6,4.4,7.0,True,2.4,0,Senior Career (40-49)
1436,38,Female,Married,Bachelors,Engineering,Engineering Manager,Mid Level,8889,13.7,7.8,18.0,Hybrid,7.8,5.7,7.2,4.1,True,2.5,0,Mid Career (30-39)
1437,49,Female,Single,Bachelors,Operations,Program Manager,Management,7961,5.8,11.1,14.4,Hybrid,5.7,3.5,4.2,4.7,True,2.5,0,Senior Career (40-49)
1438,45,Male,Single,Masters,Sales,Account Executive,Entry Level,3628,15.7,2.8,6.6,Onsite,4.5,3.3,7.6,8.0,False,4.7,0,Senior Career (40-49)
1439,45,Female,Single,Bachelors,Sales,Sales Manager,Associate,4894,15.2,2.1,10.9,Hybrid,3.8,1.0,9.4,4.9,False,3.7,0,Senior Career (40-49)
1440,21,Female,Single,Masters,Sales,Sales Development Rep,Entry Level,3752,12.1,0.0,1.0,Remote,4.5,3.5,6.9,8.4,False,5.7,0,Early Career (21-29)
1441,42,Male,Married,Masters,Operations,Program Manager,Associate,4563,10.3,3.2,10.0,Remote,6.3,1.7,7.1,7.2,False,3.3,0,Senior Career (40-49)
1442,59,Female,Single,Bachelors,Marketing,Content Strategist,Management,9971,2.0,12.4,19.3,Hybrid,17.5,7.3,6.1,6.0,False,5.1,1,Pre-Retirement (50-64)
1443,36,Male,Married,Masters,Customer Support,Support Specialist,Associate,3718,12.7,7.6,7.9,Hybrid,2.7,3.7,6.9,8.3,True,3.0,1,Mid Career (30-39)
1444,22,Male,Married,Bachelors,Marketing,Content Strategist,Mid Level,7032,12.9,1.0,2.0,Hybrid,17.4,5.7,6.8,3.6,True,5.8,1,Early Career (21-29)
1445,35,Male,Single,Masters,Sales,Sales Manager,Mid Level,9315,15.6,7.5,8.3,Onsite,16.9,4.1,7.8,5.1,False,2.7,0,Mid Career (30-39)
1446,25,Male,Married,Bachelors,Engineering,QA Engineer,Mid Level,7225,8.9,4.0,5.0,Hybrid,2.9,4.4,6.3,4.4,True,5.2,0,Early Career (21-29)
1447,34,Male,Married,High School,Operations,Operations Manager,Mid Level,6086,6.2,5.8,14.0,Onsite,7.9,6.0,3.3,5.3,False,5.2,0,Mid Career (30-39)
1448,35,Female,Single,Bachelors,Engineering,Data Engineer,Mid Level,7631,9.6,4.7,8.9,Onsite,17.8,6.3,4.6,4.2,True,4.0,1,Mid Career (30-39)
1449,41,Female,Married,Bachelors,Finance,Financial Analyst,Associate,4009,10.4,5.1,10.9,Remote,5.9,4.0,7.9,6.0,False,7.5,0,Senior Career (40-49)
1450,25,Female,Single,Bachelors,Finance,Accountant,Entry Level,3316,15.0,4.0,5.0,Remote,2.2,1.0,7.6,9.2,True,6.1,0,Early Career (21-29)
1451,35,Male,Single,High School,Research & Development,Research Scientist,Mid Level,5287,17.8,7.0,13.0,Remote,1.0,1.0,9.5,8.0,True,5.1,0,Mid Career (30-39)
1452,31,Male,Single,Bachelors,Engineering,QA Engineer,Entry Level,3954,14.0,0.3,4.4,Remote,3.6,1.9,8.4,8.4,True,5.6,0,Mid Career (30-39)
1453,39,Female,Single,PhD,Engineering,Engineering Manager,Mid Level,11803,8.8,8.0,17.2,Hybrid,7.9,4.5,3.6,7.3,True,4.1,0,Mid Career (30-39)
1454,25,Female,Married,Bachelors,Operations,Operations Manager,Associate,4085,10.3,4.0,5.0,Onsite,5.8,6.6,5.7,5.7,False,4.6,1,Early Career (21-29)
1455,33,Female,Married,Bachelors,Sales,Sales Development Rep,Associate,5258,9.9,7.1,7.4,Hybrid,5.4,3.6,6.7,4.7,True,3.7,0,Mid Career (30-39)
1456,40,Male,Married,Bachelors,Engineering,Engineering Manager,Mid Level,9335,11.3,0.5,9.0,Remote,8.8,3.2,8.8,5.1,True,3.7,0,Senior Career (40-49)
1457,33,Male,Married,Bachelors,Customer Support,Support Team Lead,Management,6791,8.5,10.7,13.0,Remote,4.6,3.5,5.0,6.1,True,3.0,0,Mid Career (30-39)
1458,34,Male,Married,Bachelors,Operations,Program Manager,Senior Level,9217,11.6,6.1,9.2,Hybrid,19.9,7.6,7.8,3.3,True,3.8,1,Mid Career (30-39)
1459,33,Male,Married,Bachelors,Engineering,QA Engineer,Entry Level,3836,12.4,2.6,8.3,Onsite,4.2,6.2,4.6,5.7,True,6.0,0,Mid Career (30-39)
1460,46,Female,Divorced,Bachelors,Engineering,Data Engineer,Mid Level,6895,9.7,3.3,11.2,Hybrid,4.5,5.4,4.5,6.9,True,4.1,0,Senior Career (40-49)
1461,38,Male,Married,High School,Customer Support,Customer Success Manager,Mid Level,3399,17.1,10.0,15.7,Hybrid,3.3,2.6,7.6,6.0,False,6.5,0,Mid Career (30-39)
1462,38,Female,Married,Masters,Human Resources,Recruiter,Senior Level,7815,9.0,11.4,12.4,Onsite,6.2,5.5,5.2,6.3,False,4.3,0,Mid Career (30-39)
1463,35,Female,Married,Bachelors,Research & Development,Product Researcher,Associate,5226,11.8,2.3,5.9,Hybrid,6.9,3.5,7.8,6.9,True,5.2,0,Mid Career (30-39)
1464,42,Male,Single,Masters,Marketing,Growth Manager,Management,7457,13.4,8.6,13.3,Remote,6.7,1.3,8.9,8.0,False,2.3,0,Senior Career (40-49)
1465,23,Male,Single,High School,Engineering,Software Engineer,Mid Level,6733,13.7,2.0,2.4,Remote,4.3,3.1,7.1,8.0,True,1.1,0,Early Career (21-29)
1466,24,Male,Single,Bachelors,Engineering,QA Engineer,Associate,6006,11.9,3.0,2.0,Hybrid,7.2,5.0,6.2,5.0,True,6.4,0,Early Career (21-29)
1467,60,Female,Married,Bachelors,Sales,Sales Manager,Management,12278,4.9,9.7,17.9,Hybrid,10.9,3.8,7.5,5.7,False,4.3,1,Pre-Retirement (50-64)
1468,34,Female,Married,PhD,Operations,Operations Analyst,Mid Level,6710,9.8,4.2,11.8,Hybrid,1.8,1.0,7.1,7.0,False,7.6,0,Mid Career (30-39)
1469,48,Male,Married,Masters,Engineering,Engineering Manager,Mid Level,5519,10.7,3.4,5.1,Onsite,8.0,6.7,4.3,4.7,True,4.2,1,Senior Career (40-49)
1470,32,Female,Divorced,Bachelors,Sales,Sales Manager,Associate,6869,14.7,1.6,11.3,Hybrid,7.5,4.7,4.6,6.3,False,7.0,0,Mid Career (30-39)
1471,41,Male,Married,Masters,Sales,Sales Development Rep,Associate,5527,8.0,8.4,14.9,Remote,5.9,5.7,6.6,5.8,True,5.8,0,Senior Career (40-49)
1473,42,Female,Divorced,Bachelors,Engineering,Engineering Manager,Management,14214,11.7,12.9,19.9,Remote,8.7,4.7,6.3,6.6,True,3.2,1,Senior Career (40-49)
1474,37,Female,Single,Bachelors,Customer Support,Support Specialist,Associate,4066,15.2,3.6,8.0,Hybrid,4.7,5.4,5.8,6.6,True,6.9,1,Mid Career (30-39)
1475,38,Male,Single,Bachelors,Sales,Sales Manager,Mid Level,9330,7.7,2.3,5.9,Hybrid,10.0,4.3,8.3,5.0,False,5.2,0,Mid Career (30-39)
1476,32,Female,Single,High School,Customer Support,Support Team Lead,Associate,4196,7.9,8.7,12.0,Hybrid,19.9,7.9,5.7,1.3,False,8.8,1,Mid Career (30-39)
1477,48,Male,Single,High School,Customer Support,Customer Success Manager,Senior Level,4989,10.2,9.4,16.0,Hybrid,9.0,5.4,6.8,4.9,False,5.8,0,Senior Career (40-49)
1478,42,Male,Single,Bachelors,Customer Support,Support Team Lead,Management,7518,13.7,12.3,16.4,Onsite,4.5,3.3,8.3,6.6,True,5.1,0,Senior Career (40-49)
1479,43,Female,Single,Bachelors,Engineering,Data Engineer,Mid Level,7920,10.6,5.6,13.7,Remote,2.0,2.7,4.8,9.3,True,1.8,0,Senior Career (40-49)
1480,38,Female,Married,Bachelors,Customer Support,Customer Success Manager,Mid Level,5677,7.5,3.0,5.3,Hybrid,10.0,6.6,3.6,3.9,False,6.6,0,Mid Career (30-39)
1481,31,Male,Married,Masters,Engineering,QA Engineer,Entry Level,4332,10.8,2.2,6.1,Onsite,4.6,5.6,3.4,5.6,True,6.5,1,Mid Career (30-39)
1482,27,Female,Single,Bachelors,Sales,Sales Manager,Associate,3886,13.0,6.0,7.0,Onsite,9.9,7.1,5.1,4.1,False,5.5,0,Early Career (21-29)
1483,46,Female,Married,High School,Engineering,Data Engineer,Senior Level,7875,8.8,9.5,15.7,Hybrid,2.7,3.0,7.3,6.7,True,3.2,0,Senior Career (40-49)
1484,38,Male,Married,Bachelors,Marketing,Growth Manager,Mid Level,6735,11.8,5.7,7.5,Onsite,9.5,7.3,5.8,5.3,True,5.2,0,Mid Career (30-39)
1485,38,Female,Single,Bachelors,Engineering,Engineering Manager,Senior Level,9572,16.9,10.3,16.3,Hybrid,11.7,4.7,7.6,4.8,True,5.1,0,Mid Career (30-39)
1486,37,Female,Single,Bachelors,Research & Development,R&D Manager,Associate,5835,18.8,7.5,17.0,Hybrid,8.0,3.1,7.8,5.9,False,1.5,0,Mid Career (30-39)
1487,32,Male,Single,High School,Engineering,Data Engineer,Entry Level,3625,6.5,6.0,12.0,Hybrid,6.8,5.6,5.4,6.0,True,5.4,1,Mid Career (30-39)
1488,47,Female,Divorced,Masters,Marketing,Growth Manager,Management,11381,9.8,11.3,14.2,Onsite,26.7,5.4,8.2,1.7,True,3.3,1,Senior Career (40-49)
1489,28,Male,Married,Bachelors,Customer Support,Support Specialist,Associate,3720,11.0,4.9,8.0,Onsite,12.8,7.6,3.6,4.6,True,6.8,1,Early Career (21-29)
1490,40,Female,Married,Bachelors,Engineering,Software Engineer,Mid Level,6792,7.5,11.9,18.7,Onsite,9.1,3.4,7.8,5.5,False,4.1,0,Senior Career (40-49)
1491,57,Male,Married,High School,Finance,Accountant,Management,9885,8.7,13.5,20.7,Onsite,3.5,4.0,6.6,6.9,False,6.0,1,Pre-Retirement (50-64)
1492,30,Male,Married,Bachelors,Human Resources,Recruiter,Mid Level,5304,14.2,2.3,8.8,Onsite,4.5,3.0,6.8,6.4,True,4.5,0,Mid Career (30-39)
1493,48,Female,Married,Masters,Operations,Operations Analyst,Senior Level,10127,7.9,10.3,12.3,Remote,4.1,3.4,7.5,6.6,True,3.6,1,Senior Career (40-49)
1494,43,Male,Married,Masters,Operations,Program Manager,Senior Level,7392,16.8,13.4,18.7,Hybrid,8.8,4.2,5.8,5.6,False,5.1,0,Senior Career (40-49)
1495,44,Male,Married,Bachelors,Customer Support,Customer Success Manager,Management,7174,13.4,14.3,17.9,Hybrid,9.3,4.2,7.5,5.9,True,4.4,0,Senior Career (40-49)
1496,36,Female,Divorced,High School,Customer Support,Customer Success Manager,Senior Level,5303,9.6,7.1,11.2,Onsite,4.9,3.9,6.2,5.8,False,7.8,0,Mid Career (30-39)
1497,22,Male,Single,Bachelors,Finance,Financial Analyst,Associate,4510,15.1,1.0,2.0,Onsite,8.5,6.1,5.0,4.1,False,6.1,1,Early Career (21-29)
1498,51,Female,Single,High School,Sales,Sales Manager,Management,7252,0.0,10.4,17.1,Onsite,7.8,3.5,5.0,4.6,True,4.7,0,Pre-Retirement (50-64)
1499,23,Male,Single,Bachelors,Engineering,Software Engineer,Entry Level,4608,11.9,2.0,3.0,Remote,15.0,4.8,4.4,6.2,True,2.3,0,Early Career (21-29)
1500,42,Female,Married,Masters,Engineering,Data Engineer,Senior Level,9952,6.9,8.7,15.0,Remote,2.5,1.4,7.1,6.7,True,2.6,0,Senior Career (40-49)
1501,37,Female,Married,Bachelors,Customer Support,Support Specialist,Associate,3715,9.7,8.8,15.9,Hybrid,5.7,2.8,6.8,6.7,True,5.8,0,Mid Career (30-39)
1502,31,Female,Single,High School,Engineering,QA Engineer,Entry Level,3413,14.4,0.6,7.2,Remote,5.5,3.0,8.7,6.0,False,5.8,0,Mid Career (30-39)
1503,26,Male,Single,High School,Customer Support,Support Team Lead,Mid Level,3130,13.0,5.0,6.0,Hybrid,4.5,3.2,6.6,7.3,False,9.8,0,Early Career (21-29)
1504,49,Male,Married,Bachelors,Sales,Sales Development Rep,Senior Level,8080,14.1,7.6,15.0,Remote,17.4,5.6,5.7,5.3,False,2.2,0,Senior Career (40-49)
1505,22,Male,Single,PhD,Engineering,QA Engineer,Entry Level,4433,16.2,0.0,2.0,Hybrid,6.3,5.7,6.0,4.9,False,4.7,0,Early Career (21-29)
1506,23,Male,Married,Masters,Sales,Sales Manager,Mid Level,5586,10.5,2.0,3.0,Hybrid,5.7,4.6,4.9,6.8,False,8.4,0,Early Career (21-29)
1507,55,Male,Married,Bachelors,Sales,Sales Development Rep,Mid Level,8534,10.0,5.5,7.1,Hybrid,5.3,4.0,8.4,6.9,True,4.7,0,Pre-Retirement (50-64)
1508,27,Male,Married,Masters,Engineering,Data Engineer,Entry Level,4212,18.8,4.6,7.0,Onsite,1.8,2.3,8.1,5.9,True,4.5,0,Early Career (21-29)
1509,31,Male,Single,Masters,Sales,Sales Manager,Mid Level,7201,4.8,5.3,11.0,Onsite,3.0,3.4,7.2,9.4,True,7.5,0,Mid Career (30-39)
1510,49,Female,Married,Masters,Customer Support,Support Team Lead,Senior Level,6868,10.8,6.2,9.8,Onsite,8.5,6.7,3.9,6.0,False,4.4,0,Senior Career (40-49)
1511,46,Female,Married,Bachelors,Sales,Account Executive,Management,10317,9.9,8.4,20.7,Hybrid,8.6,3.7,7.3,7.2,False,6.1,0,Senior Career (40-49)
1512,22,Non-binary,Married,PhD,Marketing,Content Strategist,Associate,4717,12.5,1.0,2.0,Hybrid,10.5,2.6,5.9,5.9,False,7.3,1,Early Career (21-29)
1513,28,Female,Married,Bachelors,Research & Development,Product Researcher,Entry Level,4755,8.6,1.6,8.0,Hybrid,7.7,6.9,3.7,6.3,False,4.5,0,Early Career (21-29)
1514,35,Male,Single,PhD,Engineering,Data Engineer,Mid Level,9012,14.7,6.8,12.5,Hybrid,3.5,3.7,6.3,6.4,True,4.1,0,Mid Career (30-39)
1515,30,Female,Single,Bachelors,Human Resources,Recruiter,Associate,4704,8.9,6.7,10.0,Hybrid,7.6,2.7,6.9,6.0,False,6.7,0,Mid Career (30-39)
1516,33,Female,Single,Bachelors,Research & Development,Product Researcher,Management,11056,0.0,10.6,13.0,Remote,6.1,1.2,7.3,8.8,False,4.5,0,Mid Career (30-39)
1517,36,Female,Married,Masters,Marketing,Marketing Specialist,Senior Level,9833,7.1,9.1,16.0,Remote,1.6,2.7,7.8,5.5,True,6.5,0,Mid Career (30-39)
1518,40,Female,Married,Masters,Finance,Finance Manager,Senior Level,9102,13.3,10.0,18.2,Hybrid,2.6,1.0,8.3,8.0,True,5.8,0,Senior Career (40-49)
1519,36,Male,Married,Masters,Human Resources,HR Manager,Associate,5242,11.2,4.8,11.1,Remote,2.4,4.0,7.3,8.2,True,7.0,0,Mid Career (30-39)
1520,39,Male,Married,Masters,Engineering,Data Engineer,Mid Level,8082,9.8,5.0,14.2,Remote,6.4,2.0,7.5,7.3,True,2.8,0,Mid Career (30-39)
1521,32,Female,Single,Bachelors,Operations,Operations Analyst,Mid Level,6634,10.2,4.3,10.7,Hybrid,6.7,5.2,7.4,6.0,True,4.0,1,Mid Career (30-39)
1522,48,Female,Married,Bachelors,Customer Support,Support Team Lead,Mid Level,4676,12.0,2.9,10.1,Hybrid,6.3,5.4,6.0,5.2,True,6.3,1,Senior Career (40-49)
1523,39,Female,Single,Masters,Research & Development,R&D Manager,Mid Level,9495,11.4,4.3,10.8,Onsite,4.3,3.1,4.0,6.2,True,2.7,0,Mid Career (30-39)
1525,49,Male,Married,Bachelors,Sales,Account Executive,Mid Level,7215,7.9,8.0,21.6,Hybrid,20.6,8.9,5.4,3.2,False,2.7,1,Senior Career (40-49)
1526,21,Non-binary,Single,Masters,Operations,Operations Manager,Associate,4120,11.4,0.0,1.0,Onsite,2.5,1.4,6.6,7.1,True,4.6,0,Early Career (21-29)
1527,30,Male,Single,Masters,Research & Development,Research Scientist,Associate,5361,9.6,5.4,10.0,Onsite,8.4,4.0,5.4,6.5,True,1.0,1,Mid Career (30-39)
1528,53,Female,Single,Bachelors,Research & Development,R&D Manager,Management,10614,9.3,11.9,18.1,Hybrid,0.5,2.7,7.1,7.2,True,3.2,0,Pre-Retirement (50-64)
1529,42,Female,Single,Masters,Sales,Sales Development Rep,Associate,6912,5.6,7.3,17.8,Remote,14.2,5.5,5.3,5.3,True,7.1,0,Senior Career (40-49)
1530,45,Male,Single,Bachelors,Research & Development,R&D Manager,Mid Level,7575,12.8,6.3,15.3,Hybrid,6.6,3.9,3.8,6.5,False,5.1,0,Senior Career (40-49)
1531,41,Female,Married,Masters,Operations,Operations Manager,Senior Level,7837,14.0,10.2,14.6,Hybrid,14.6,8.1,5.9,3.1,False,3.1,0,Senior Career (40-49)
1532,50,Female,Married,Bachelors,Customer Support,Customer Success Manager,Management,6107,11.1,11.3,17.2,Hybrid,7.4,4.1,5.2,6.6,False,6.5,0,Pre-Retirement (50-64)
1533,53,Female,Single,High School,Engineering,Engineering Manager,Senior Level,11075,15.0,10.1,16.9,Hybrid,2.6,1.0,7.3,8.1,True,5.0,0,Pre-Retirement (50-64)
1534,38,Female,Married,Masters,Research & Development,Research Scientist,Associate,5917,8.0,3.8,8.7,Remote,9.0,5.5,3.8,5.0,False,5.3,0,Mid Career (30-39)
1535,43,Male,Married,Bachelors,Operations,Program Manager,Management,10952,9.8,10.3,16.3,Onsite,3.3,3.1,5.7,6.2,True,7.8,0,Senior Career (40-49)
1536,43,Female,Divorced,Bachelors,Engineering,Engineering Manager,Mid Level,7816,11.5,7.2,12.6,Onsite,6.2,6.0,4.7,5.1,False,3.5,0,Senior Career (40-49)
1537,36,Female,Single,Masters,Human Resources,Recruiter,Mid Level,7662,14.0,6.6,13.9,Hybrid,8.6,5.3,5.0,5.7,True,3.8,0,Mid Career (30-39)
1538,25,Male,Married,Masters,Engineering,Software Engineer,Associate,4487,7.5,4.0,5.0,Remote,2.6,3.0,4.3,6.2,True,3.3,0,Early Career (21-29)
1539,49,Male,Married,Masters,Operations,Program Manager,Management,11016,9.7,16.1,23.4,Hybrid,3.3,5.2,7.0,5.8,True,6.3,1,Senior Career (40-49)
1540,35,Male,Married,High School,Finance,Finance Manager,Associate,4531,14.5,4.2,6.5,Remote,8.3,1.3,5.9,6.6,False,3.7,0,Mid Career (30-39)
1541,25,Female,Single,Bachelors,Human Resources,HR Business Partner,Associate,3719,13.0,4.0,5.0,Hybrid,3.3,2.5,7.1,6.3,False,5.6,0,Early Career (21-29)
1542,48,Female,Divorced,Masters,Customer Support,Customer Success Manager,Senior Level,9922,11.7,7.6,15.4,Hybrid,7.3,3.7,5.3,7.6,False,6.2,1,Senior Career (40-49)
1543,29,Female,Married,Bachelors,Operations,Program Manager,Mid Level,7884,9.1,6.0,9.0,Hybrid,9.7,5.7,3.3,3.7,True,6.8,0,Early Career (21-29)
1544,44,Non-binary,Married,PhD,Engineering,Engineering Manager,Management,17915,11.6,14.9,23.6,Onsite,11.5,2.7,5.9,6.4,True,3.5,0,Senior Career (40-49)
1545,37,Male,Single,Bachelors,Operations,Operations Analyst,Mid Level,5302,13.4,6.6,15.5,Onsite,7.8,5.0,6.8,6.4,False,4.6,0,Mid Career (30-39)
1546,39,Male,Divorced,Masters,Human Resources,Recruiter,Senior Level,6616,13.5,8.7,6.9,Remote,3.7,3.4,5.1,7.1,False,4.1,0,Mid Career (30-39)
1547,33,Male,Married,Bachelors,Engineering,Software Engineer,Mid Level,9427,14.6,1.3,2.4,Hybrid,0.6,1.2,6.3,7.9,False,3.9,0,Mid Career (30-39)
1548,30,Female,Single,PhD,Sales,Account Executive,Entry Level,3544,11.8,0.3,3.3,Hybrid,6.1,1.0,8.6,8.6,False,5.7,0,Mid Career (30-39)
1549,34,Male,Single,Bachelors,Marketing,Content Strategist,Associate,4758,13.6,8.5,13.0,Onsite,0.6,2.9,6.6,7.0,True,4.9,0,Mid Career (30-39)
1550,38,Female,Married,Masters,Customer Support,Customer Success Manager,Mid Level,6081,6.0,9.1,16.8,Hybrid,1.9,2.8,6.9,6.9,True,6.6,0,Mid Career (30-39)
1551,31,Female,Divorced,High School,Customer Support,Support Team Lead,Mid Level,6091,9.1,9.1,11.0,Hybrid,9.2,2.4,5.3,4.5,True,6.4,0,Mid Career (30-39)
1552,28,Male,Single,Bachelors,Engineering,Software Engineer,Associate,6611,9.9,7.0,8.0,Onsite,3.1,2.8,9.2,6.4,True,7.5,0,Early Career (21-29)
1553,28,Female,Divorced,Bachelors,Marketing,Content Strategist,Entry Level,3252,7.4,5.2,8.0,Hybrid,6.3,5.2,6.0,6.3,True,5.6,0,Early Career (21-29)
1554,34,Female,Married,Masters,Customer Support,Customer Success Manager,Mid Level,6112,8.2,9.0,14.0,Onsite,4.3,2.6,6.5,5.8,False,6.1,0,Mid Career (30-39)
1555,35,Male,Single,Bachelors,Finance,Financial Analyst,Associate,4710,12.5,4.8,9.8,Hybrid,6.9,6.2,5.0,5.2,False,6.3,1,Mid Career (30-39)
1556,54,Female,Married,Bachelors,Customer Support,Support Team Lead,Management,9611,11.9,13.8,17.7,Hybrid,13.5,5.2,5.9,3.9,False,7.5,0,Pre-Retirement (50-64)
1557,63,Male,Single,Bachelors,Finance,Finance Manager,Management,8131,14.1,9.4,15.7,Hybrid,5.4,4.2,6.2,5.3,False,3.1,0,Pre-Retirement (50-64)
1558,36,Female,Married,Bachelors,Engineering,Software Engineer,Associate,5690,15.1,11.6,16.0,Hybrid,1.2,3.5,7.0,6.8,False,6.0,0,Mid Career (30-39)
1559,21,Female,Married,Masters,Marketing,Marketing Specialist,Associate,3262,16.6,0.0,1.0,Onsite,10.1,4.6,8.6,6.1,True,6.6,0,Early Career (21-29)
1560,30,Male,Married,Masters,Marketing,Marketing Specialist,Entry Level,3458,13.1,4.1,10.0,Onsite,6.4,5.0,5.1,6.1,True,3.8,0,Mid Career (30-39)
1561,35,Female,Single,Bachelors,Customer Support,Customer Success Manager,Mid Level,6208,15.4,9.1,11.7,Onsite,9.0,6.2,5.7,6.3,False,6.2,0,Mid Career (30-39)
1562,37,Male,Married,Masters,Sales,Account Executive,Mid Level,8078,12.7,5.5,6.6,Remote,11.9,3.6,7.7,4.7,True,2.5,0,Mid Career (30-39)
1563,39,Male,Divorced,PhD,Engineering,Data Engineer,Entry Level,5090,11.6,2.4,9.9,Remote,5.3,3.0,7.3,7.3,True,4.7,0,Mid Career (30-39)
1564,29,Male,Married,Masters,Operations,Program Manager,Associate,6227,10.4,3.5,9.0,Hybrid,3.0,3.1,6.4,8.3,False,9.1,0,Early Career (21-29)
1565,57,Male,Divorced,PhD,Sales,Sales Development Rep,Management,13410,9.6,11.4,20.9,Onsite,12.4,3.0,8.1,7.3,False,5.3,1,Pre-Retirement (50-64)
1566,35,Female,Single,Bachelors,Marketing,Marketing Specialist,Mid Level,8199,17.5,6.2,10.2,Hybrid,12.5,4.9,7.1,5.8,False,6.2,0,Mid Career (30-39)
1567,35,Male,Married,PhD,Research & Development,R&D Manager,Mid Level,8701,9.1,4.2,9.1,Onsite,15.1,7.9,3.3,5.4,True,3.3,1,Mid Career (30-39)
1568,42,Male,Married,Bachelors,Operations,Operations Analyst,Mid Level,7907,6.6,7.1,18.8,Remote,5.2,4.0,5.2,7.2,False,6.7,1,Senior Career (40-49)
1569,33,Female,Married,Bachelors,Operations,Operations Manager,Mid Level,6665,11.0,2.2,7.4,Onsite,5.5,7.1,3.5,6.2,True,5.1,0,Mid Career (30-39)
1570,21,Female,Divorced,Bachelors,Research & Development,Research Scientist,Entry Level,2340,11.3,0.0,1.0,Onsite,3.5,2.8,5.9,5.8,True,3.7,0,Early Career (21-29)
1571,38,Female,Single,Masters,Operations,Operations Manager,Associate,4971,10.1,6.1,16.5,Onsite,8.3,5.5,6.2,5.9,False,5.8,0,Mid Career (30-39)
1572,48,Male,Single,Bachelors,Research & Development,R&D Manager,Senior Level,7341,7.1,12.5,20.6,Onsite,10.7,4.6,6.9,4.3,True,1.0,0,Senior Career (40-49)
1573,32,Female,Married,PhD,Finance,Financial Analyst,Mid Level,7770,13.8,6.7,8.8,Remote,10.1,3.3,6.5,6.9,False,4.4,0,Mid Career (30-39)
1574,42,Male,Single,Bachelors,Finance,Finance Manager,Mid Level,8077,11.4,7.6,22.0,Onsite,19.0,7.5,7.3,3.7,False,7.6,1,Senior Career (40-49)
1575,42,Female,Single,Masters,Sales,Sales Development Rep,Entry Level,3855,7.7,2.3,12.7,Hybrid,10.2,5.0,5.9,4.9,True,7.7,1,Senior Career (40-49)
1576,31,Male,Single,Masters,Engineering,QA Engineer,Entry Level,4466,6.1,6.8,11.0,Hybrid,9.3,5.7,4.1,5.0,True,7.2,0,Mid Career (30-39)
1577,41,Male,Single,Masters,Human Resources,HR Manager,Associate,4068,14.2,6.7,10.7,Hybrid,2.6,5.0,7.9,5.7,False,4.9,0,Senior Career (40-49)
1578,31,Male,Married,Bachelors,Engineering,QA Engineer,Entry Level,4630,11.8,6.2,11.0,Onsite,12.0,5.7,4.9,5.3,False,3.9,0,Mid Career (30-39)
1579,29,Male,Married,Bachelors,Engineering,QA Engineer,Associate,5563,18.8,1.5,7.4,Hybrid,10.4,3.2,6.5,5.6,True,2.7,0,Early Career (21-29)
1580,43,Male,Single,Masters,Operations,Operations Manager,Senior Level,11855,11.1,9.1,11.0,Onsite,8.6,5.6,5.2,6.3,True,5.5,1,Senior Career (40-49)
1581,31,Female,Single,Bachelors,Operations,Operations Analyst,Associate,4389,12.8,5.1,8.0,Remote,2.0,4.2,5.3,6.3,False,6.1,0,Mid Career (30-39)
1582,48,Male,Married,Bachelors,Engineering,Engineering Manager,Management,12673,10.1,7.1,11.6,Onsite,4.7,3.9,5.8,7.3,True,5.8,0,Senior Career (40-49)
1583,46,Female,Married,High School,Engineering,Software Engineer,Associate,4649,11.8,4.1,8.0,Hybrid,4.0,2.0,6.3,8.2,True,3.0,0,Senior Career (40-49)
1584,53,Male,Single,High School,Finance,Finance Manager,Senior Level,8719,5.5,10.8,17.5,Hybrid,8.6,5.8,5.0,5.6,True,6.1,0,Pre-Retirement (50-64)
1585,49,Female,Married,Bachelors,Sales,Sales Manager,Mid Level,5693,14.1,5.4,7.5,Remote,5.2,3.9,8.8,6.2,True,3.4,0,Senior Career (40-49)
1586,33,Female,Married,High School,Finance,Accountant,Associate,4779,11.5,3.7,12.3,Hybrid,3.0,1.6,5.6,5.6,False,7.3,0,Mid Career (30-39)
1587,32,Male,Married,Bachelors,Engineering,Data Engineer,Associate,9741,7.9,5.2,9.4,Remote,2.3,1.0,8.8,9.1,True,1.5,0,Mid Career (30-39)
1588,47,Female,Single,Masters,Customer Support,Customer Success Manager,Senior Level,7102,5.8,7.6,14.0,Hybrid,7.2,3.0,7.5,5.8,True,4.9,0,Senior Career (40-49)
1589,43,Female,Single,Bachelors,Engineering,Data Engineer,Mid Level,6889,10.8,8.9,10.1,Hybrid,5.0,1.6,7.5,7.3,True,3.2,0,Senior Career (40-49)
1590,35,Female,Married,Masters,Sales,Sales Development Rep,Mid Level,7689,6.5,6.8,12.9,Remote,8.1,2.9,7.7,7.5,False,4.4,1,Mid Career (30-39)
1591,47,Male,Married,Masters,Marketing,Growth Manager,Mid Level,9734,13.7,10.0,24.2,Hybrid,5.6,4.6,6.7,5.2,True,5.9,0,Senior Career (40-49)
1592,27,Female,Single,Bachelors,Finance,Accountant,Associate,4337,8.3,3.3,7.0,Onsite,2.5,1.7,8.0,7.6,False,1.6,0,Early Career (21-29)
1593,35,Male,Married,Masters,Research & Development,Product Researcher,Senior Level,8172,12.8,3.3,10.7,Hybrid,14.3,4.0,6.4,5.3,True,3.9,0,Mid Career (30-39)
1594,28,Male,Married,High School,Engineering,QA Engineer,Associate,5861,16.6,7.0,8.0,Hybrid,2.2,3.4,8.0,6.5,True,6.3,0,Early Career (21-29)
1595,21,Male,Single,Bachelors,Engineering,QA Engineer,Associate,3856,16.0,0.0,1.0,Hybrid,3.7,3.6,8.3,6.8,True,4.2,0,Early Career (21-29)
1596,47,Male,Single,Masters,Engineering,QA Engineer,Associate,8009,9.9,10.4,13.7,Remote,2.0,2.4,4.8,8.8,False,4.4,0,Senior Career (40-49)
1597,34,Female,Married,Bachelors,Operations,Operations Manager,Mid Level,6027,9.7,6.3,12.6,Hybrid,2.9,3.9,6.7,6.8,True,5.3,0,Mid Career (30-39)
1598,45,Female,Married,Bachelors,Sales,Sales Manager,Senior Level,9603,9.8,12.2,19.2,Hybrid,6.7,6.1,4.1,5.9,False,6.6,1,Senior Career (40-49)
1599,39,Female,Married,Bachelors,Research & Development,Research Scientist,Mid Level,7393,13.3,4.1,19.0,Onsite,3.7,3.9,4.5,7.3,True,3.6,1,Mid Career (30-39)
1600,26,Male,Married,PhD,Engineering,QA Engineer,Associate,6768,6.5,2.4,6.0,Onsite,4.7,4.6,4.8,6.9,True,1.0,1,Early Career (21-29)
1601,42,Female,Married,Masters,Human Resources,Recruiter,Associate,4767,6.3,3.6,13.2,Hybrid,5.2,2.9,7.8,6.9,False,5.1,0,Senior Career (40-49)
1602,45,Male,Single,Masters,Operations,Program Manager,Mid Level,6372,11.3,6.4,9.3,Hybrid,6.0,3.6,7.5,6.4,False,2.1,0,Senior Career (40-49)
1603,24,Male,Single,Masters,Marketing,Marketing Specialist,Entry Level,4431,13.8,3.0,4.0,Onsite,6.7,5.7,5.6,5.0,True,5.0,0,Early Career (21-29)
1604,31,Male,Single,Masters,Sales,Account Executive,Entry Level,2958,12.6,7.2,11.0,Hybrid,18.4,5.5,6.8,4.6,True,6.2,0,Mid Career (30-39)
1605,33,Male,Single,Masters,Customer Support,Support Team Lead,Mid Level,4823,18.3,6.5,13.0,Hybrid,11.0,6.2,3.7,5.6,True,5.0,0,Mid Career (30-39)
1606,24,Female,Divorced,Bachelors,Marketing,Content Strategist,Associate,2985,7.5,3.0,4.0,Onsite,2.9,5.4,6.3,6.4,False,7.5,1,Early Career (21-29)
1607,25,Female,Married,Bachelors,Customer Support,Support Team Lead,Mid Level,5261,12.3,4.0,5.0,Hybrid,26.2,9.1,6.0,1.0,False,5.4,1,Early Career (21-29)
1608,52,Male,Married,Masters,Engineering,Data Engineer,Management,13638,6.3,9.5,14.4,Onsite,4.7,3.1,7.7,8.4,True,1.2,0,Pre-Retirement (50-64)
1609,49,Male,Divorced,Bachelors,Finance,Finance Manager,Senior Level,9525,15.5,9.4,13.9,Hybrid,2.2,3.5,7.0,7.8,True,3.0,0,Senior Career (40-49)
1610,23,Female,Married,Masters,Finance,Finance Manager,Mid Level,7951,15.2,2.0,3.0,Hybrid,1.2,2.2,7.0,7.3,False,5.3,1,Early Career (21-29)
1611,45,Male,Single,Bachelors,Customer Support,Support Team Lead,Mid Level,5544,7.0,8.1,12.6,Remote,11.9,2.8,7.9,7.3,True,6.9,0,Senior Career (40-49)
1612,50,Female,Single,Bachelors,Engineering,Engineering Manager,Senior Level,9209,12.7,7.8,14.8,Onsite,5.7,6.0,6.9,5.4,True,2.6,0,Pre-Retirement (50-64)
1613,35,Male,Single,Bachelors,Customer Support,Support Specialist,Associate,4068,13.6,6.2,14.9,Hybrid,3.4,6.1,5.4,6.7,False,6.5,1,Mid Career (30-39)
1614,41,Male,Married,Masters,Operations,Operations Manager,Senior Level,4992,16.7,5.2,11.5,Hybrid,3.0,2.7,7.8,6.1,False,4.0,0,Senior Career (40-49)
1615,44,Male,Married,Masters,Customer Support,Support Specialist,Associate,4944,9.9,8.3,10.6,Hybrid,3.1,4.4,5.2,5.5,True,6.3,1,Senior Career (40-49)
1616,39,Male,Married,Masters,Finance,Financial Analyst,Associate,6852,16.1,7.0,13.3,Onsite,10.5,4.8,5.3,4.5,False,5.2,0,Mid Career (30-39)
1617,41,Female,Single,Bachelors,Marketing,Marketing Specialist,Mid Level,6789,11.6,7.8,13.9,Remote,3.2,1.8,7.2,8.7,True,5.0,0,Senior Career (40-49)
1618,50,Male,Single,Bachelors,Customer Support,Support Team Lead,Senior Level,6509,14.8,8.0,13.4,Remote,5.9,3.2,6.0,5.1,True,4.1,0,Pre-Retirement (50-64)
1619,29,Non-binary,Single,Bachelors,Sales,Account Executive,Associate,4464,13.0,6.3,9.0,Remote,8.8,4.3,7.7,6.5,True,4.8,1,Early Career (21-29)
1620,39,Male,Divorced,Bachelors,Engineering,QA Engineer,Associate,6348,12.1,5.8,7.8,Hybrid,5.4,1.7,8.8,6.1,True,4.0,0,Mid Career (30-39)
1621,45,Male,Divorced,Bachelors,Operations,Program Manager,Senior Level,9194,14.1,13.0,25.0,Remote,1.5,3.8,8.3,7.2,True,4.0,0,Senior Career (40-49)
1622,40,Male,Married,PhD,Customer Support,Support Specialist,Associate,4012,8.7,0.3,8.6,Onsite,6.1,2.0,8.9,5.9,False,2.1,0,Senior Career (40-49)
1623,35,Female,Married,High School,Customer Support,Support Team Lead,Associate,4290,12.6,5.3,15.0,Onsite,10.3,4.8,7.8,6.8,False,6.2,0,Mid Career (30-39)
1624,36,Male,Married,Bachelors,Marketing,Content Strategist,Entry Level,3264,11.3,0.0,7.4,Hybrid,0.6,2.1,7.0,7.1,True,5.9,0,Mid Career (30-39)
1625,42,Female,Married,Bachelors,Operations,Operations Manager,Senior Level,7816,8.0,8.6,14.5,Hybrid,5.0,5.3,5.6,5.9,False,6.8,1,Senior Career (40-49)
1626,44,Male,Married,Bachelors,Operations,Program Manager,Associate,4212,11.8,0.3,10.5,Remote,31.8,9.6,4.1,4.3,False,5.1,0,Senior Career (40-49)
1627,43,Male,Single,High School,Sales,Sales Development Rep,Mid Level,5791,12.8,5.0,10.7,Hybrid,8.7,3.1,4.8,6.2,False,1.4,0,Senior Career (40-49)
1628,42,Female,Single,Bachelors,Operations,Operations Analyst,Management,8795,11.7,17.3,21.6,Hybrid,11.8,3.6,7.2,5.6,True,3.3,0,Senior Career (40-49)
1629,29,Female,Single,PhD,Research & Development,R&D Manager,Senior Level,10193,11.1,8.0,9.0,Remote,1.5,1.6,6.5,8.2,True,2.1,0,Early Career (21-29)
1631,34,Male,Married,High School,Engineering,Data Engineer,Associate,3871,14.1,4.5,12.7,Onsite,1.1,4.2,6.2,6.5,True,3.2,0,Mid Career (30-39)
1632,38,Male,Married,Bachelors,Finance,Finance Manager,Senior Level,6327,14.4,10.4,18.0,Onsite,4.7,1.6,9.7,7.4,False,4.3,0,Mid Career (30-39)
1633,29,Female,Single,Masters,Customer Support,Support Specialist,Senior Level,6089,13.9,8.0,9.0,Hybrid,5.4,1.9,7.1,7.0,True,1.5,0,Early Career (21-29)
1634,46,Male,Married,Bachelors,Finance,Financial Analyst,Senior Level,10476,11.8,8.8,14.8,Hybrid,11.8,5.1,7.6,3.9,False,4.5,1,Senior Career (40-49)
1635,45,Male,Single,Masters,Research & Development,Research Scientist,Mid Level,7765,16.6,7.7,11.4,Onsite,5.4,5.3,5.3,7.0,False,4.8,0,Senior Career (40-49)
1636,49,Non-binary,Single,Bachelors,Research & Development,R&D Manager,Mid Level,5901,14.6,6.5,6.8,Remote,0.6,1.0,7.0,8.4,True,4.1,0,Senior Career (40-49)
1637,33,Non-binary,Single,Bachelors,Operations,Program Manager,Mid Level,5347,14.0,11.3,13.0,Hybrid,6.8,4.3,5.7,6.8,True,4.2,0,Mid Career (30-39)
1638,34,Male,Single,Masters,Operations,Program Manager,Mid Level,7294,6.9,8.6,12.5,Onsite,13.3,6.9,4.0,5.1,False,6.2,1,Mid Career (30-39)
1639,34,Male,Married,Bachelors,Engineering,Software Engineer,Associate,7728,7.3,4.2,9.3,Hybrid,2.4,2.8,9.1,7.2,False,3.8,0,Mid Career (30-39)
1640,54,Male,Married,High School,Sales,Sales Manager,Management,9412,12.9,11.8,18.6,Onsite,4.2,5.1,6.9,6.0,True,3.3,0,Pre-Retirement (50-64)
1641,44,Female,Married,Bachelors,Customer Support,Customer Success Manager,Management,7458,7.5,10.1,12.7,Onsite,10.8,3.1,5.8,6.3,False,7.7,0,Senior Career (40-49)
1642,41,Female,Married,Bachelors,Sales,Sales Development Rep,Associate,5121,14.0,2.8,7.0,Hybrid,8.3,5.3,5.5,5.7,True,6.5,1,Senior Career (40-49)
1643,38,Female,Married,High School,Engineering,Data Engineer,Mid Level,9095,14.3,1.8,12.3,Remote,5.3,6.2,5.0,4.4,True,4.5,1,Mid Career (30-39)
1644,36,Female,Single,Bachelors,Engineering,Engineering Manager,Mid Level,6142,6.5,11.2,16.0,Hybrid,3.2,4.0,4.6,5.3,True,6.8,0,Mid Career (30-39)
1645,32,Male,Single,High School,Engineering,Data Engineer,Associate,4505,12.3,8.6,12.0,Onsite,5.4,2.5,4.7,6.1,True,5.0,0,Mid Career (30-39)
1646,45,Female,Married,Bachelors,Human Resources,HR Manager,Associate,7183,9.3,4.3,14.3,Onsite,5.0,2.9,8.6,8.0,False,2.7,0,Senior Career (40-49)
1647,45,Male,Divorced,Bachelors,Research & Development,Product Researcher,Mid Level,7744,12.1,8.9,16.8,Hybrid,1.9,1.7,6.2,6.5,False,4.3,0,Senior Career (40-49)
1648,36,Female,Married,Masters,Sales,Account Executive,Mid Level,8511,6.5,7.7,16.0,Remote,3.7,2.2,5.8,6.9,False,6.0,0,Mid Career (30-39)
1649,36,Male,Divorced,Masters,Operations,Operations Analyst,Mid Level,6298,9.0,6.3,7.5,Hybrid,5.0,3.6,7.2,7.7,True,7.6,0,Mid Career (30-39)
1650,22,Female,Married,High School,Engineering,Engineering Manager,Mid Level,5835,6.6,1.0,2.0,Onsite,3.3,3.6,4.7,8.0,True,5.4,0,Early Career (21-29)
1651,47,Male,Divorced,Bachelors,Customer Support,Customer Success Manager,Mid Level,4444,12.2,8.1,14.7,Onsite,5.6,3.4,8.7,8.0,True,6.3,1,Senior Career (40-49)
1652,31,Male,Married,Bachelors,Research & Development,Research Scientist,Senior Level,8494,17.2,9.9,11.0,Hybrid,0.1,2.4,9.1,7.6,True,1.9,0,Mid Career (30-39)
1653,30,Male,Single,PhD,Marketing,Marketing Specialist,Entry Level,4765,12.7,3.9,6.9,Hybrid,11.6,3.8,6.5,6.2,False,4.7,1,Mid Career (30-39)
1654,24,Male,Married,Bachelors,Marketing,Growth Manager,Associate,3960,15.7,3.0,4.0,Hybrid,0.3,4.3,5.4,6.8,True,5.2,0,Early Career (21-29)
1655,52,Male,Single,Bachelors,Customer Support,Support Team Lead,Management,5292,10.0,12.5,15.3,Onsite,8.2,5.4,5.3,5.7,True,6.5,0,Pre-Retirement (50-64)
1656,35,Male,Single,Bachelors,Engineering,QA Engineer,Associate,5801,11.8,4.3,10.3,Hybrid,6.3,3.0,8.2,6.2,True,3.2,0,Mid Career (30-39)
1657,27,Male,Married,PhD,Research & Development,Research Scientist,Entry Level,4364,19.4,1.7,5.9,Onsite,3.8,1.8,8.7,7.3,False,5.1,1,Early Career (21-29)
1658,43,Female,Divorced,Masters,Customer Support,Customer Success Manager,Mid Level,5104,15.4,9.2,16.1,Hybrid,5.1,5.4,5.7,5.6,False,4.4,0,Senior Career (40-49)
1659,50,Male,Single,Bachelors,Research & Development,R&D Manager,Senior Level,8307,12.5,9.0,11.9,Onsite,13.5,5.1,6.0,3.8,True,3.5,0,Pre-Retirement (50-64)
1660,49,Female,Married,Bachelors,Customer Support,Support Team Lead,Senior Level,6816,4.0,9.8,17.7,Onsite,6.2,6.2,5.2,6.2,True,5.2,0,Senior Career (40-49)
1661,35,Female,Married,Masters,Marketing,Growth Manager,Senior Level,9973,10.6,10.0,15.0,Onsite,13.0,6.8,5.0,3.7,True,5.8,0,Mid Career (30-39)
1662,39,Female,Married,PhD,Operations,Operations Manager,Management,11910,9.6,9.0,19.0,Hybrid,6.4,4.2,6.3,5.1,True,7.4,0,Mid Career (30-39)
1663,41,Male,Married,Masters,Human Resources,Recruiter,Senior Level,10082,10.4,5.7,14.9,Hybrid,2.6,3.0,6.7,6.9,False,2.5,0,Senior Career (40-49)
1664,47,Female,Married,Bachelors,Sales,Sales Development Rep,Associate,4823,12.6,4.9,15.4,Hybrid,16.0,4.8,7.8,5.3,True,7.3,0,Senior Career (40-49)
1665,40,Male,Married,PhD,Research & Development,Research Scientist,Management,13935,12.9,13.4,16.5,Onsite,6.5,3.1,8.2,6.9,False,2.8,0,Senior Career (40-49)
1666,35,Male,Married,PhD,Engineering,Data Engineer,Entry Level,5133,11.6,5.6,10.4,Remote,0.7,1.0,9.0,7.9,False,4.3,0,Mid Career (30-39)
1667,43,Female,Single,Bachelors,Engineering,Software Engineer,Associate,6663,9.2,5.5,12.4,Hybrid,5.7,3.3,6.4,6.6,False,3.3,0,Senior Career (40-49)
1668,33,Female,Married,Masters,Research & Development,R&D Manager,Associate,7601,14.2,7.9,13.0,Hybrid,4.8,2.3,10.0,8.0,True,4.7,0,Mid Career (30-39)
1669,38,Female,Married,Masters,Research & Development,Product Researcher,Associate,6203,11.8,0.0,8.0,Onsite,6.8,4.1,5.2,5.7,True,2.8,0,Mid Career (30-39)
1670,29,Male,Married,Masters,Engineering,Software Engineer,Associate,5702,18.6,8.0,9.0,Hybrid,12.4,5.9,4.1,6.6,False,5.2,1,Early Career (21-29)
1671,32,Female,Married,Bachelors,Research & Development,R&D Manager,Mid Level,9729,11.7,5.2,11.0,Hybrid,2.2,1.7,8.1,6.4,True,2.7,0,Mid Career (30-39)
1672,43,Male,Single,PhD,Customer Support,Support Specialist,Management,8518,8.4,8.0,14.3,Hybrid,6.3,2.9,8.1,6.5,True,5.2,0,Senior Career (40-49)
1673,51,Male,Single,Masters,Operations,Operations Analyst,Management,13426,15.7,9.2,18.9,Hybrid,13.4,4.6,7.3,6.3,False,6.4,0,Pre-Retirement (50-64)
1674,27,Male,Married,Bachelors,Human Resources,Recruiter,Mid Level,5299,15.4,6.0,7.0,Remote,10.3,4.3,6.2,2.8,False,4.3,0,Early Career (21-29)
1675,43,Male,Divorced,Masters,Sales,Sales Manager,Management,9782,10.5,9.2,16.0,Onsite,4.2,4.1,7.7,7.0,True,4.1,0,Senior Career (40-49)
1676,46,Female,Single,High School,Engineering,Engineering Manager,Mid Level,8138,11.5,7.9,11.2,Hybrid,9.6,4.6,8.3,6.2,True,3.1,0,Senior Career (40-49)
1677,27,Male,Single,Bachelors,Sales,Sales Development Rep,Associate,6609,9.5,2.8,6.2,Onsite,6.2,3.6,6.8,5.8,True,6.9,0,Early Career (21-29)
1678,31,Female,Married,Masters,Sales,Sales Development Rep,Entry Level,3260,11.2,3.2,4.7,Onsite,9.3,3.0,4.9,5.6,True,7.7,0,Mid Career (30-39)
1679,37,Female,Divorced,High School,Engineering,Software Engineer,Mid Level,6209,10.3,7.0,13.4,Onsite,2.4,3.5,8.1,5.8,False,4.9,0,Mid Career (30-39)
1680,31,Female,Single,Bachelors,Engineering,Software Engineer,Mid Level,8606,15.9,9.4,11.0,Hybrid,6.3,2.8,7.9,7.3,False,2.0,1,Mid Career (30-39)
1681,36,Male,Married,Bachelors,Engineering,Software Engineer,Senior Level,14457,10.4,7.6,15.9,Onsite,6.3,3.0,6.7,5.7,True,2.7,0,Mid Career (30-39)
1682,36,Male,Divorced,Masters,Marketing,Growth Manager,Associate,3775,8.0,2.2,7.6,Remote,2.9,3.1,7.2,9.1,True,8.0,1,Mid Career (30-39)
1683,35,Male,Married,Masters,Operations,Operations Analyst,Entry Level,4437,13.9,5.6,12.9,Remote,8.2,1.6,8.6,6.7,False,6.9,0,Mid Career (30-39)
1684,42,Male,Married,Masters,Finance,Accountant,Associate,5333,13.1,0.9,12.4,Hybrid,1.0,4.1,4.5,6.0,True,3.7,0,Senior Career (40-49)
1685,27,Male,Single,PhD,Human Resources,HR Business Partner,Mid Level,7397,13.2,6.0,7.0,Hybrid,4.6,5.3,6.1,5.2,False,5.5,0,Early Career (21-29)
1686,46,Female,Married,Bachelors,Customer Support,Support Specialist,Management,7904,14.5,9.2,13.3,Onsite,2.9,2.4,6.9,7.3,True,3.8,0,Senior Career (40-49)
1687,23,Female,Married,Masters,Customer Support,Customer Success Manager,Associate,4087,9.4,1.0,3.0,Remote,5.2,5.6,4.7,7.8,False,6.1,0,Early Career (21-29)
1688,44,Female,Married,Bachelors,Sales,Sales Manager,Mid Level,5179,8.6,10.9,15.6,Onsite,6.1,3.9,6.0,7.0,False,5.8,0,Senior Career (40-49)
1689,37,Male,Married,Masters,Finance,Accountant,Associate,6942,15.8,5.9,8.5,Remote,1.3,1.7,7.2,9.9,False,8.1,0,Mid Career (30-39)
1690,55,Female,Married,High School,Research & Development,R&D Manager,Management,11012,10.3,11.0,18.3,Remote,6.0,4.2,7.0,5.7,False,2.2,0,Pre-Retirement (50-64)
1691,35,Male,Single,Masters,Engineering,Data Engineer,Associate,6188,14.1,5.3,12.9,Hybrid,5.0,3.9,5.1,6.7,True,5.3,0,Mid Career (30-39)
1692,38,Female,Single,High School,Finance,Financial Analyst,Associate,5073,14.5,7.5,8.5,Remote,1.5,1.2,8.1,7.5,True,6.3,0,Mid Career (30-39)
1693,50,Female,Single,Bachelors,Operations,Program Manager,Management,9670,16.5,13.8,22.3,Hybrid,3.7,2.7,10.0,6.2,False,4.9,0,Pre-Retirement (50-64)
1694,52,Male,Single,Masters,Sales,Sales Manager,Management,10288,3.6,11.6,19.9,Onsite,5.9,4.5,4.1,4.0,False,5.7,0,Pre-Retirement (50-64)
1695,32,Male,Married,PhD,Operations,Operations Analyst,Associate,5146,10.7,5.6,9.1,Onsite,10.1,2.4,8.6,6.1,True,5.3,0,Mid Career (30-39)
1696,35,Male,Single,Bachelors,Customer Support,Support Team Lead,Mid Level,4397,9.2,7.6,15.0,Hybrid,4.9,2.0,6.9,4.8,False,5.5,0,Mid Career (30-39)
1697,31,Male,Single,Masters,Operations,Operations Manager,Mid Level,6131,8.9,6.4,11.0,Hybrid,7.8,3.0,6.3,6.3,False,1.0,0,Mid Career (30-39)
1698,36,Female,Single,High School,Human Resources,HR Business Partner,Mid Level,5730,9.7,9.3,16.0,Hybrid,4.2,4.7,6.7,5.8,False,4.7,0,Mid Career (30-39)
1699,43,Female,Married,Masters,Operations,Program Manager,Senior Level,7474,14.4,8.5,15.9,Onsite,7.4,4.6,7.1,5.3,False,6.4,0,Senior Career (40-49)
1701,34,Male,Single,Masters,Sales,Account Executive,Associate,7101,4.5,4.9,12.1,Onsite,5.5,4.1,6.8,5.8,False,4.5,0,Mid Career (30-39)
1702,23,Female,Married,Masters,Engineering,QA Engineer,Entry Level,4570,15.4,0.0,3.0,Onsite,15.9,6.3,5.4,5.3,True,2.4,0,Early Career (21-29)
1703,34,Female,Married,Bachelors,Research & Development,Product Researcher,Associate,6572,3.1,6.6,12.7,Remote,9.3,4.0,8.1,5.9,False,4.7,0,Mid Career (30-39)
1704,39,Female,Married,Bachelors,Marketing,Growth Manager,Associate,4063,9.3,5.6,10.5,Remote,15.6,6.2,4.4,4.1,True,7.2,1,Mid Career (30-39)
1706,25,Female,Single,Bachelors,Engineering,Engineering Manager,Associate,4592,11.6,4.0,5.0,Hybrid,1.0,3.2,7.0,7.1,False,6.0,0,Early Career (21-29)
1707,39,Male,Single,Bachelors,Sales,Sales Manager,Associate,4567,12.4,2.0,6.1,Onsite,7.1,5.9,4.0,5.4,True,6.2,0,Mid Career (30-39)
1708,27,Male,Married,Bachelors,Human Resources,HR Business Partner,Mid Level,5610,11.9,5.4,7.0,Onsite,8.2,3.4,7.1,6.2,True,4.2,0,Early Career (21-29)
1709,59,Male,Single,Masters,Marketing,Growth Manager,Senior Level,7269,3.6,12.5,18.4,Remote,6.5,3.7,5.7,7.4,True,6.1,0,Pre-Retirement (50-64)
1710,34,Male,Married,Masters,Sales,Account Executive,Associate,4712,7.7,8.5,9.5,Hybrid,4.1,2.7,5.0,7.4,False,2.4,0,Mid Career (30-39)
1711,27,Male,Married,Masters,Engineering,Engineering Manager,Associate,4734,11.1,3.9,7.0,Remote,13.5,5.2,6.1,4.2,False,5.0,0,Early Career (21-29)
1712,36,Male,Married,Masters,Research & Development,R&D Manager,Senior Level,10549,8.5,12.0,16.0,Hybrid,2.7,2.9,7.0,6.1,True,2.4,0,Mid Career (30-39)
1713,30,Male,Divorced,Masters,Engineering,Engineering Manager,Associate,5926,7.1,8.1,10.0,Onsite,2.6,4.6,4.9,5.0,True,5.6,0,Mid Career (30-39)
1714,47,Male,Single,Bachelors,Customer Support,Customer Success Manager,Associate,3659,15.4,6.4,11.2,Onsite,9.7,4.5,5.7,5.8,False,6.7,0,Senior Career (40-49)
1715,28,Male,Single,Bachelors,Engineering,Software Engineer,Associate,6249,6.6,7.0,8.0,Remote,2.0,3.9,5.5,9.4,True,6.3,0,Early Career (21-29)
1716,36,Female,Divorced,Masters,Marketing,Marketing Specialist,Management,10709,10.2,11.1,16.0,Remote,9.3,3.2,7.5,6.1,False,6.2,0,Mid Career (30-39)
1717,39,Female,Married,PhD,Operations,Operations Manager,Mid Level,8036,19.2,7.3,11.9,Onsite,2.0,4.0,8.7,4.8,True,2.6,0,Mid Career (30-39)
1718,33,Male,Single,Masters,Operations,Operations Analyst,Associate,4231,10.6,7.8,9.8,Hybrid,0.4,2.8,5.5,8.4,False,4.4,0,Mid Career (30-39)
1719,34,Male,Married,Bachelors,Operations,Operations Manager,Mid Level,4460,5.4,8.7,14.0,Onsite,9.6,4.0,5.2,5.4,True,2.7,0,Mid Career (30-39)
1720,36,Male,Married,Masters,Engineering,QA Engineer,Mid Level,8878,16.3,8.6,16.0,Remote,4.6,4.1,5.6,7.2,False,5.7,0,Mid Career (30-39)
1721,30,Male,Divorced,Bachelors,Customer Support,Customer Success Manager,Associate,3340,15.4,3.4,10.0,Onsite,10.5,6.2,7.7,3.7,False,5.1,0,Mid Career (30-39)
1722,36,Female,Married,Bachelors,Finance,Finance Manager,Mid Level,6578,9.9,4.9,14.4,Onsite,12.2,5.1,8.8,5.7,True,4.6,0,Mid Career (30-39)
1723,31,Female,Married,Bachelors,Research & Development,Product Researcher,Associate,5960,7.3,4.2,4.0,Hybrid,2.6,4.4,5.5,9.1,True,6.3,0,Mid Career (30-39)
1724,36,Female,Married,PhD,Research & Development,R&D Manager,Senior Level,12185,7.5,9.1,16.0,Hybrid,4.0,5.6,5.6,7.2,True,6.5,1,Mid Career (30-39)
1725,36,Female,Single,PhD,Operations,Operations Analyst,Entry Level,2604,14.4,5.7,13.0,Remote,4.1,1.3,9.0,6.8,False,9.5,0,Mid Career (30-39)
1726,41,Female,Single,High School,Customer Support,Customer Success Manager,Management,7749,8.8,10.8,15.0,Onsite,12.5,6.4,3.3,5.6,False,3.8,0,Senior Career (40-49)
1727,43,Female,Married,Masters,Research & Development,Research Scientist,Mid Level,10356,12.9,13.9,18.3,Onsite,2.3,2.6,7.7,7.6,True,5.0,0,Senior Career (40-49)
1728,47,Male,Married,PhD,Operations,Program Manager,Management,14316,9.8,12.4,19.8,Hybrid,12.8,4.4,7.6,4.7,True,3.1,0,Senior Career (40-49)
1729,35,Non-binary,Married,Masters,Finance,Finance Manager,Associate,6794,11.2,3.9,11.2,Hybrid,3.7,3.9,5.8,6.3,True,5.2,0,Mid Career (30-39)
1730,37,Female,Married,Bachelors,Marketing,Growth Manager,Mid Level,7010,10.4,6.8,11.9,Hybrid,6.1,4.3,6.0,5.4,False,6.8,1,Mid Career (30-39)
1731,30,Male,Single,Bachelors,Marketing,Marketing Specialist,Associate,4709,9.9,3.2,9.8,Remote,4.9,2.9,6.0,5.7,False,3.2,0,Mid Career (30-39)
1732,30,Male,Divorced,Masters,Finance,Finance Manager,Senior Level,10958,15.0,9.0,10.0,Hybrid,6.1,2.4,6.0,6.2,False,2.9,0,Mid Career (30-39)
1733,28,Female,Married,Bachelors,Finance,Accountant,Entry Level,3697,9.7,4.5,8.0,Hybrid,17.2,6.4,5.2,2.9,False,4.7,1,Early Career (21-29)
1734,41,Male,Married,Bachelors,Engineering,Data Engineer,Mid Level,6576,11.9,10.6,15.1,Onsite,3.4,4.6,6.3,6.9,True,2.2,1,Senior Career (40-49)
1735,34,Female,Single,Bachelors,Engineering,Software Engineer,Entry Level,4249,9.4,4.4,14.0,Onsite,4.6,4.3,6.1,6.1,True,3.0,0,Mid Career (30-39)
1736,21,Female,Single,Masters,Sales,Sales Manager,Associate,4935,11.3,0.0,1.0,Onsite,14.0,5.4,8.0,4.9,True,4.1,0,Early Career (21-29)
1737,31,Male,Single,Bachelors,Sales,Sales Manager,Mid Level,5912,7.5,8.5,9.4,Onsite,14.5,6.5,5.9,4.4,False,6.3,0,Mid Career (30-39)
1738,40,Female,Single,Bachelors,Operations,Program Manager,Mid Level,6203,6.3,8.2,13.6,Hybrid,6.1,5.7,4.1,7.8,False,4.9,1,Senior Career (40-49)
1739,24,Male,Married,Bachelors,Research & Development,Product Researcher,Associate,7196,3.3,3.0,4.0,Onsite,5.4,4.9,4.7,5.7,False,4.3,1,Early Career (21-29)
1740,37,Female,Single,Masters,Engineering,Data Engineer,Mid Level,7262,11.2,5.5,13.4,Hybrid,8.3,6.7,2.5,4.7,True,3.7,0,Mid Career (30-39)
1741,32,Male,Married,PhD,Customer Support,Support Team Lead,Associate,4187,18.0,7.4,12.0,Remote,12.0,3.8,7.2,5.9,False,8.4,1,Mid Career (30-39)
1742,40,Male,Single,Bachelors,Sales,Account Executive,Entry Level,3697,15.8,2.2,9.3,Onsite,9.5,4.9,6.1,5.3,False,7.8,0,Senior Career (40-49)
1743,49,Female,Married,Bachelors,Operations,Operations Analyst,Management,10535,10.5,10.8,15.6,Hybrid,17.9,8.1,5.8,3.4,False,3.8,1,Senior Career (40-49)
1744,45,Female,Single,Bachelors,Engineering,Software Engineer,Mid Level,7784,14.9,7.3,12.0,Onsite,10.8,4.7,5.4,6.2,False,4.2,0,Senior Career (40-49)
1745,38,Female,Divorced,Bachelors,Finance,Finance Manager,Associate,6758,9.4,6.1,12.0,Remote,6.3,1.7,7.9,7.4,False,6.2,0,Mid Career (30-39)
1746,37,Male,Married,High School,Marketing,Content Strategist,Associate,3928,11.4,2.8,14.0,Onsite,0.7,4.4,3.2,6.3,False,3.5,1,Mid Career (30-39)
1747,40,Male,Single,Masters,Customer Support,Support Team Lead,Mid Level,5768,8.0,6.7,10.0,Hybrid,5.6,4.6,5.7,5.9,False,9.3,0,Senior Career (40-49)
1748,41,Male,Married,Bachelors,Engineering,Engineering Manager,Management,10109,12.0,11.9,19.1,Hybrid,8.1,2.9,8.7,6.4,True,1.0,0,Senior Career (40-49)
1749,26,Female,Single,Masters,Marketing,Content Strategist,Associate,5226,10.2,0.8,6.0,Hybrid,3.8,2.7,6.7,6.9,True,7.2,0,Early Career (21-29)
1750,46,Male,Single,Masters,Customer Support,Customer Success Manager,Senior Level,6482,8.2,8.3,19.0,Onsite,9.2,6.3,4.7,4.6,True,8.1,1,Senior Career (40-49)
1751,42,Male,Single,Bachelors,Operations,Operations Manager,Senior Level,6925,7.7,10.3,14.0,Onsite,2.0,2.5,8.3,6.1,True,3.9,0,Senior Career (40-49)
1752,29,Male,Single,High School,Engineering,Engineering Manager,Associate,5199,8.9,3.6,9.0,Remote,5.0,3.1,6.5,5.6,True,5.2,0,Early Career (21-29)
1753,32,Female,Married,PhD,Customer Support,Support Specialist,Associate,5036,7.0,7.6,10.3,Remote,6.8,3.3,7.3,6.3,True,6.3,0,Mid Career (30-39)
1754,43,Female,Single,Masters,Engineering,Software Engineer,Management,16539,9.6,12.1,17.0,Hybrid,5.9,2.5,5.9,8.0,True,3.3,0,Senior Career (40-49)
1755,41,Female,Married,Bachelors,Engineering,QA Engineer,Mid Level,9007,12.0,9.8,14.7,Hybrid,4.6,1.6,5.4,7.3,True,5.6,0,Senior Career (40-49)
1756,27,Female,Married,Bachelors,Engineering,Engineering Manager,Associate,7086,13.2,6.0,7.0,Remote,5.4,4.0,4.8,7.0,True,5.3,1,Early Career (21-29)
1757,52,Female,Single,Masters,Operations,Operations Analyst,Management,12981,13.6,9.9,15.8,Onsite,3.7,4.8,6.8,8.1,False,4.2,0,Pre-Retirement (50-64)
1758,26,Female,Married,Bachelors,Customer Support,Customer Success Manager,Mid Level,4693,4.7,5.0,6.0,Remote,8.6,3.6,8.1,8.4,True,5.8,1,Early Career (21-29)
1759,34,Male,Married,Bachelors,Customer Support,Support Team Lead,Mid Level,4631,15.2,3.8,12.4,Onsite,7.2,3.2,6.9,5.7,True,5.6,0,Mid Career (30-39)
1760,39,Female,Single,Bachelors,Operations,Operations Manager,Associate,4965,8.4,5.1,16.3,Remote,10.1,3.9,4.4,7.6,False,7.5,1,Mid Career (30-39)
1761,34,Male,Single,Bachelors,Customer Support,Support Team Lead,Associate,5093,14.6,7.8,14.0,Hybrid,17.3,3.9,7.2,5.1,False,3.7,0,Mid Career (30-39)
1762,31,Male,Married,Masters,Research & Development,Research Scientist,Associate,5351,11.4,5.5,8.6,Remote,11.0,2.9,7.9,5.3,True,5.5,0,Mid Career (30-39)
1763,25,Female,Married,Bachelors,Human Resources,Recruiter,Mid Level,4733,10.5,4.0,5.0,Onsite,4.8,4.9,5.9,5.7,False,5.8,0,Early Career (21-29)
1764,31,Male,Divorced,Masters,Finance,Accountant,Associate,5972,3.2,8.4,11.0,Remote,2.3,3.9,5.9,5.9,False,6.6,0,Mid Career (30-39)
1765,45,Female,Single,Masters,Research & Development,R&D Manager,Senior Level,8555,9.2,7.0,14.7,Onsite,5.9,3.3,7.0,7.8,False,4.5,0,Senior Career (40-49)
1766,59,Female,Married,Bachelors,Marketing,Marketing Specialist,Management,8700,5.7,14.2,23.4,Onsite,4.1,3.1,8.7,5.5,True,4.5,0,Pre-Retirement (50-64)
1767,39,Female,Single,Bachelors,Engineering,QA Engineer,Senior Level,11093,8.5,10.2,14.6,Hybrid,2.7,5.5,5.5,6.1,False,5.6,0,Mid Career (30-39)
1768,41,Female,Married,Masters,Research & Development,Research Scientist,Senior Level,9768,10.7,9.9,15.7,Onsite,5.8,4.8,5.2,5.1,True,1.6,0,Senior Career (40-49)
1769,44,Male,Married,Bachelors,Engineering,QA Engineer,Management,10867,9.7,6.9,16.8,Onsite,13.5,6.5,7.0,4.2,True,6.5,1,Senior Career (40-49)
1770,44,Male,Married,Bachelors,Finance,Accountant,Senior Level,9805,8.6,11.2,16.8,Hybrid,10.1,4.3,4.1,4.5,True,4.2,0,Senior Career (40-49)
1772,27,Female,Married,Masters,Operations,Program Manager,Associate,4655,13.0,3.6,4.1,Hybrid,15.9,6.4,6.8,4.9,True,6.5,1,Early Career (21-29)
1773,30,Male,Married,Masters,Finance,Accountant,Entry Level,4557,11.2,6.9,10.0,Onsite,9.6,3.8,7.3,4.8,False,6.7,0,Mid Career (30-39)
1774,34,Female,Married,PhD,Marketing,Growth Manager,Associate,5032,14.1,1.5,11.4,Hybrid,9.1,4.0,5.5,4.6,True,6.1,0,Mid Career (30-39)
1775,36,Female,Single,Bachelors,Engineering,Data Engineer,Mid Level,10090,13.1,6.7,10.5,Onsite,5.6,3.1,8.2,5.5,True,5.9,0,Mid Career (30-39)
1776,32,Male,Single,Bachelors,Human Resources,HR Manager,Management,7364,2.4,9.3,12.0,Remote,5.9,3.4,5.1,7.5,True,3.4,0,Mid Career (30-39)
1777,29,Male,Single,Masters,Operations,Operations Analyst,Associate,5116,11.9,7.0,9.0,Onsite,14.7,5.5,2.8,6.3,True,5.0,0,Early Career (21-29)
1778,45,Male,Single,High School,Human Resources,HR Business Partner,Senior Level,8543,5.4,11.1,23.1,Onsite,8.8,2.1,8.7,6.7,True,4.5,0,Senior Career (40-49)
1779,50,Female,Single,Bachelors,Operations,Operations Analyst,Management,8485,12.7,11.6,15.3,Hybrid,4.0,6.2,4.2,5.4,True,5.5,0,Pre-Retirement (50-64)
1780,33,Non-binary,Married,Bachelors,Research & Development,Research Scientist,Associate,6357,11.2,1.5,7.0,Hybrid,2.9,3.2,6.9,6.8,True,2.9,0,Mid Career (30-39)
1781,50,Male,Single,Bachelors,Finance,Finance Manager,Management,12434,13.2,11.0,23.8,Remote,7.6,3.8,7.4,8.1,False,3.7,0,Pre-Retirement (50-64)
1782,44,Male,Divorced,Bachelors,Operations,Program Manager,Management,8656,10.5,4.9,16.1,Hybrid,0.3,5.4,6.6,6.5,False,1.0,0,Senior Career (40-49)
1783,37,Female,Married,Bachelors,Customer Support,Support Team Lead,Associate,3269,4.7,5.1,5.7,Hybrid,5.9,2.7,5.1,6.6,False,5.5,0,Mid Career (30-39)
1784,46,Male,Married,Masters,Human Resources,HR Manager,Senior Level,7344,14.2,8.9,12.7,Onsite,4.7,6.3,5.5,5.8,False,2.2,0,Senior Career (40-49)
1785,34,Male,Single,Bachelors,Sales,Sales Manager,Senior Level,8473,9.1,10.4,14.0,Hybrid,9.9,3.6,6.7,6.3,False,3.9,0,Mid Career (30-39)
1786,47,Female,Married,High School,Customer Support,Customer Success Manager,Management,7555,11.2,12.8,27.0,Remote,10.9,5.8,5.3,5.9,True,7.2,0,Senior Career (40-49)
1787,31,Male,Married,Bachelors,Customer Support,Support Specialist,Mid Level,4731,8.8,8.9,11.0,Hybrid,6.3,4.0,7.3,6.4,False,5.7,0,Mid Career (30-39)
1788,25,Male,Single,High School,Research & Development,Research Scientist,Entry Level,3280,12.8,4.0,5.0,Hybrid,3.9,3.0,6.4,6.8,False,5.8,0,Early Career (21-29)
1789,32,Male,Married,PhD,Engineering,Software Engineer,Entry Level,4985,2.3,7.2,11.2,Hybrid,0.9,4.6,4.7,7.7,True,6.2,0,Mid Career (30-39)
1790,43,Male,Single,Bachelors,Marketing,Marketing Specialist,Senior Level,7533,10.7,8.4,12.3,Hybrid,2.3,4.6,6.3,7.3,True,7.5,0,Senior Career (40-49)
1791,34,Male,Married,Masters,Engineering,Data Engineer,Mid Level,12781,15.2,5.3,10.7,Onsite,4.2,4.5,7.8,5.4,False,4.6,0,Mid Career (30-39)
1792,41,Male,Single,Bachelors,Marketing,Content Strategist,Mid Level,6762,15.5,7.1,12.3,Hybrid,2.0,4.2,7.9,7.0,True,5.5,0,Senior Career (40-49)
1793,33,Female,Single,Bachelors,Marketing,Marketing Specialist,Mid Level,7578,11.8,7.9,13.0,Hybrid,5.6,4.0,6.7,8.5,True,6.4,0,Mid Career (30-39)
1794,29,Female,Divorced,Bachelors,Engineering,Engineering Manager,Mid Level,7702,11.0,8.0,9.0,Hybrid,3.5,3.9,5.9,7.0,True,2.5,0,Early Career (21-29)
1795,34,Female,Single,High School,Research & Development,Product Researcher,Entry Level,3258,15.0,0.4,5.2,Hybrid,5.7,3.6,8.0,5.3,True,5.0,1,Mid Career (30-39)
1796,40,Male,Married,Bachelors,Operations,Operations Manager,Management,7055,11.9,10.6,14.0,Hybrid,9.4,5.4,8.7,6.2,False,7.6,0,Senior Career (40-49)
1797,39,Male,Married,Bachelors,Sales,Sales Manager,Mid Level,6624,10.6,6.2,9.0,Hybrid,6.0,2.5,6.8,6.1,False,4.5,0,Mid Career (30-39)
1798,32,Male,Single,PhD,Customer Support,Support Specialist,Associate,4294,16.8,3.0,8.9,Remote,8.9,5.7,8.0,5.8,False,5.5,0,Mid Career (30-39)
1799,32,Female,Single,Masters,Engineering,QA Engineer,Entry Level,5265,11.1,4.4,12.0,Onsite,6.9,5.3,6.2,5.0,False,5.2,0,Mid Career (30-39)
1800,35,Male,Single,High School,Sales,Sales Development Rep,Associate,5487,11.2,7.3,12.6,Hybrid,14.8,5.1,5.8,4.1,False,2.6,0,Mid Career (30-39)
1801,41,Male,Single,Bachelors,Operations,Operations Manager,Mid Level,7343,17.3,6.7,14.4,Remote,6.2,4.3,5.5,6.5,False,3.5,0,Senior Career (40-49)
1802,50,Male,Single,Masters,Operations,Operations Analyst,Senior Level,8772,8.9,8.7,19.4,Hybrid,2.6,3.1,7.1,7.6,True,6.0,1,Pre-Retirement (50-64)
1803,43,Female,Married,Masters,Operations,Program Manager,Senior Level,8475,6.2,10.5,17.0,Hybrid,1.9,2.9,5.1,7.7,True,2.4,0,Senior Career (40-49)
1804,48,Male,Single,Bachelors,Sales,Sales Manager,Management,10024,14.1,10.4,15.1,Hybrid,16.7,5.0,5.4,5.0,True,6.5,0,Senior Career (40-49)
1805,55,Female,Divorced,PhD,Engineering,QA Engineer,Mid Level,9674,3.6,10.5,18.2,Hybrid,5.1,5.3,5.5,6.4,True,4.0,0,Pre-Retirement (50-64)
1806,37,Male,Divorced,High School,Sales,Account Executive,Senior Level,8425,5.4,6.6,13.9,Remote,8.8,5.6,5.1,6.5,True,4.3,1,Mid Career (30-39)
1807,33,Female,Married,Masters,Operations,Operations Manager,Associate,5335,9.2,8.3,13.0,Remote,4.5,4.3,6.4,6.6,False,8.4,1,Mid Career (30-39)
1808,46,Female,Single,Bachelors,Customer Support,Support Team Lead,Senior Level,6648,1.6,8.1,18.7,Onsite,3.4,4.8,5.9,7.0,True,4.7,1,Senior Career (40-49)
1809,39,Male,Single,Masters,Customer Support,Support Specialist,Senior Level,6791,16.3,5.6,11.0,Remote,18.0,6.4,5.9,4.6,False,8.2,0,Mid Career (30-39)
1810,53,Male,Married,High School,Research & Development,R&D Manager,Management,10402,9.5,8.6,10.2,Onsite,3.0,4.2,7.3,6.7,False,3.2,0,Pre-Retirement (50-64)
1811,21,Male,Single,Bachelors,Sales,Sales Manager,Mid Level,6761,11.1,0.0,1.0,Remote,8.3,6.3,5.4,5.7,False,5.3,0,Early Career (21-29)
1812,32,Female,Married,Masters,Customer Support,Support Team Lead,Associate,3947,10.0,5.0,11.3,Remote,14.9,4.9,8.2,4.8,False,9.4,0,Mid Career (30-39)
1814,21,Female,Married,Bachelors,Engineering,Software Engineer,Associate,4493,15.5,0.0,1.0,Hybrid,7.7,4.7,7.7,6.1,False,5.4,0,Early Career (21-29)
1815,43,Non-binary,Single,Bachelors,Engineering,Data Engineer,Associate,5853,8.8,3.7,11.0,Remote,5.7,2.0,7.5,6.0,False,6.1,0,Senior Career (40-49)
1816,25,Male,Divorced,Masters,Engineering,Software Engineer,Entry Level,5403,14.9,0.0,5.0,Onsite,4.5,5.0,7.8,6.5,True,4.9,0,Early Career (21-29)
1817,58,Male,Married,Masters,Operations,Operations Analyst,Senior Level,7317,12.9,12.9,18.0,Remote,1.1,2.6,5.1,7.8,True,2.7,1,Pre-Retirement (50-64)
1818,29,Non-binary,Married,Masters,Customer Support,Customer Success Manager,Associate,4367,10.3,8.0,9.0,Remote,4.6,3.5,5.2,8.0,False,6.5,0,Early Career (21-29)
1819,29,Male,Married,PhD,Engineering,QA Engineer,Mid Level,6875,17.2,6.7,8.4,Hybrid,8.2,2.8,8.3,5.5,True,2.9,0,Early Career (21-29)
1820,28,Female,Divorced,Masters,Research & Development,Product Researcher,Mid Level,8693,9.9,5.8,7.6,Hybrid,3.0,1.0,6.2,7.6,False,1.8,0,Early Career (21-29)
1821,35,Female,Married,Bachelors,Engineering,Engineering Manager,Mid Level,8048,10.9,7.2,9.1,Onsite,4.4,1.6,8.2,6.9,True,1.0,0,Mid Career (30-39)
1822,36,Female,Single,Masters,Operations,Operations Manager,Senior Level,6825,15.9,7.7,10.6,Remote,2.3,1.8,7.4,8.8,True,4.7,0,Mid Career (30-39)
1823,39,Female,Married,Masters,Engineering,QA Engineer,Management,13053,12.6,9.8,18.3,Onsite,5.9,5.2,6.1,6.7,False,2.9,1,Mid Career (30-39)
1824,41,Male,Married,Bachelors,Operations,Operations Manager,Mid Level,5576,13.6,8.9,14.6,Remote,4.5,3.8,6.4,6.7,False,5.6,0,Senior Career (40-49)
1825,44,Male,Married,Bachelors,Engineering,Data Engineer,Senior Level,12340,15.0,13.4,20.6,Onsite,7.8,4.3,6.1,4.7,True,4.6,0,Senior Career (40-49)
1826,42,Female,Married,Masters,Finance,Financial Analyst,Mid Level,10718,15.9,9.9,22.0,Hybrid,4.5,4.8,7.5,6.7,False,6.8,0,Senior Career (40-49)
1827,29,Female,Single,Bachelors,Sales,Sales Development Rep,Mid Level,8313,11.8,5.4,9.0,Hybrid,5.1,4.3,4.4,5.8,False,4.3,0,Early Career (21-29)
1828,54,Female,Single,Bachelors,Finance,Accountant,Management,11524,6.4,9.8,21.7,Hybrid,2.8,4.2,5.7,7.1,False,7.6,0,Pre-Retirement (50-64)
1829,36,Male,Single,Masters,Customer Support,Support Team Lead,Senior Level,6994,16.2,7.8,14.4,Hybrid,9.1,3.3,5.9,6.6,False,5.5,0,Mid Career (30-39)
1830,29,Male,Single,Masters,Sales,Sales Development Rep,Mid Level,5498,13.7,7.1,9.0,Hybrid,7.1,2.8,9.4,6.6,False,4.2,0,Early Career (21-29)
1831,24,Male,Married,Masters,Research & Development,Research Scientist,Entry Level,3989,7.6,3.0,4.0,Remote,9.0,4.4,5.6,5.7,True,4.8,1,Early Career (21-29)
1832,27,Female,Single,Bachelors,Marketing,Marketing Specialist,Entry Level,2859,10.7,6.0,7.0,Onsite,1.9,3.9,5.7,7.5,True,4.2,0,Early Career (21-29)
1833,48,Male,Married,PhD,Sales,Sales Manager,Mid Level,7211,16.4,9.9,11.5,Onsite,7.2,3.6,8.0,5.3,True,5.4,0,Senior Career (40-49)
1834,44,Female,Single,Bachelors,Engineering,Data Engineer,Management,14851,10.3,8.4,19.7,Hybrid,3.4,3.0,7.7,8.2,True,3.8,0,Senior Career (40-49)
1835,26,Female,Married,Masters,Engineering,Data Engineer,Associate,6749,6.4,5.0,6.0,Hybrid,1.2,3.1,8.2,7.7,True,2.6,0,Early Career (21-29)
1836,51,Male,Single,Bachelors,Engineering,Engineering Manager,Management,15647,8.9,9.6,19.2,Hybrid,5.8,3.7,6.7,5.7,True,1.0,1,Pre-Retirement (50-64)
1837,29,Female,Married,Bachelors,Customer Support,Support Specialist,Entry Level,2385,7.9,1.9,9.0,Onsite,6.2,4.1,3.8,5.5,False,10.0,1,Early Career (21-29)
1838,31,Male,Married,High School,Engineering,QA Engineer,Entry Level,4474,8.3,4.2,11.0,Hybrid,5.5,1.8,7.3,6.7,False,4.2,0,Mid Career (30-39)
1839,43,Male,Single,Bachelors,Finance,Finance Manager,Senior Level,9495,8.1,10.2,12.6,Remote,3.7,1.5,5.6,6.7,False,6.4,0,Senior Career (40-49)
1840,37,Male,Divorced,High School,Finance,Finance Manager,Associate,4788,15.4,2.6,11.2,Onsite,8.4,5.8,4.3,4.5,True,4.9,1,Mid Career (30-39)
1841,46,Female,Married,Bachelors,Finance,Accountant,Associate,6385,10.4,9.3,14.3,Onsite,6.3,4.9,4.6,6.0,False,5.2,1,Senior Career (40-49)
1842,33,Female,Married,Bachelors,Marketing,Marketing Specialist,Mid Level,5838,10.9,6.7,10.7,Hybrid,6.4,2.9,5.3,7.4,False,5.1,0,Mid Career (30-39)
1843,36,Male,Single,Bachelors,Engineering,Engineering Manager,Mid Level,8771,15.3,5.4,9.6,Onsite,4.4,4.9,5.8,6.3,True,3.4,0,Mid Career (30-39)
1844,46,Male,Single,Masters,Engineering,Engineering Manager,Senior Level,11066,7.6,8.0,16.4,Hybrid,2.0,2.3,6.7,7.4,True,3.5,0,Senior Career (40-49)
1845,41,Male,Divorced,Bachelors,Operations,Operations Analyst,Associate,6739,16.7,5.6,15.5,Remote,6.7,3.1,7.2,7.4,False,5.1,1,Senior Career (40-49)
1846,37,Female,Married,Masters,Customer Support,Support Specialist,Associate,4629,17.0,9.0,11.5,Onsite,6.9,4.0,8.0,4.5,True,9.7,0,Mid Career (30-39)
1847,25,Female,Divorced,Bachelors,Marketing,Growth Manager,Associate,6631,17.2,4.0,5.0,Remote,17.7,6.5,3.1,3.8,False,7.5,0,Early Career (21-29)
1848,38,Male,Married,Bachelors,Sales,Sales Development Rep,Entry Level,4837,15.5,0.0,0.0,Remote,11.0,5.2,3.8,5.2,False,7.0,0,Mid Career (30-39)
1849,26,Female,Single,PhD,Customer Support,Customer Success Manager,Mid Level,4864,12.5,5.0,6.0,Hybrid,6.9,1.8,7.4,7.0,True,4.6,0,Early Career (21-29)
1850,38,Female,Single,Bachelors,Engineering,QA Engineer,Mid Level,8020,16.1,4.3,9.7,Remote,7.7,5.1,5.9,5.0,True,2.2,0,Mid Career (30-39)
1851,36,Female,Married,Masters,Finance,Financial Analyst,Management,10957,4.8,9.1,15.8,Onsite,8.5,6.2,6.1,5.4,False,5.8,0,Mid Career (30-39)
1852,46,Female,Married,PhD,Research & Development,Research Scientist,Mid Level,8068,12.9,7.3,11.9,Onsite,7.8,3.4,7.1,5.8,False,4.6,1,Senior Career (40-49)
1853,47,Male,Single,Masters,Sales,Sales Development Rep,Senior Level,7304,8.2,7.1,11.5,Hybrid,3.3,2.6,7.9,5.9,True,5.0,0,Senior Career (40-49)
1854,32,Female,Divorced,Masters,Sales,Sales Development Rep,Associate,4105,13.3,1.9,7.7,Onsite,4.9,3.6,5.6,6.9,True,6.5,0,Mid Career (30-39)
1855,33,Male,Married,PhD,Sales,Sales Development Rep,Mid Level,10324,11.2,5.3,13.0,Hybrid,9.6,4.7,5.8,4.1,False,2.2,0,Mid Career (30-39)
1856,30,Male,Married,Bachelors,Human Resources,HR Manager,Associate,3701,10.9,7.8,10.0,Remote,1.3,4.9,4.5,7.7,True,3.0,1,Mid Career (30-39)
1857,37,Male,Married,Masters,Customer Support,Support Team Lead,Mid Level,5810,9.5,1.9,6.4,Onsite,5.1,5.2,6.2,4.0,False,6.8,0,Mid Career (30-39)
1858,35,Male,Divorced,High School,Operations,Operations Manager,Associate,4281,14.6,5.7,13.5,Hybrid,16.4,4.0,7.5,4.8,False,7.3,0,Mid Career (30-39)
1860,56,Male,Single,High School,Sales,Account Executive,Senior Level,6078,15.7,3.2,5.5,Hybrid,4.1,3.6,7.6,7.4,False,3.4,0,Pre-Retirement (50-64)
1861,51,Male,Married,Masters,Finance,Finance Manager,Senior Level,9757,7.9,10.5,15.8,Hybrid,3.4,3.3,7.5,6.8,True,5.4,0,Pre-Retirement (50-64)
1862,37,Male,Married,Bachelors,Finance,Financial Analyst,Senior Level,10307,9.9,14.9,17.0,Onsite,2.0,2.9,6.2,5.3,False,5.2,0,Mid Career (30-39)
1863,33,Male,Married,Bachelors,Engineering,Data Engineer,Associate,5660,13.6,5.6,11.6,Onsite,9.4,3.0,9.3,6.6,True,5.3,0,Mid Career (30-39)
1864,44,Female,Single,High School,Human Resources,HR Business Partner,Management,8399,11.0,11.4,24.0,Hybrid,1.4,1.0,7.0,7.2,True,4.8,0,Senior Career (40-49)
1865,42,Female,Married,Masters,Operations,Operations Analyst,Mid Level,6937,15.5,8.6,17.8,Onsite,3.7,4.2,6.7,6.9,True,3.6,0,Senior Career (40-49)
1866,45,Female,Divorced,Bachelors,Engineering,Engineering Manager,Management,16323,7.8,9.6,18.9,Hybrid,11.1,3.1,7.2,5.6,True,3.3,0,Senior Career (40-49)
1867,46,Female,Divorced,Masters,Operations,Operations Analyst,Senior Level,7969,14.2,6.2,12.9,Onsite,7.1,1.0,8.0,7.2,True,5.2,0,Senior Career (40-49)
1868,35,Female,Married,Masters,Engineering,Software Engineer,Mid Level,11109,8.7,8.3,13.3,Onsite,12.5,3.7,8.0,5.1,True,4.5,0,Mid Career (30-39)
1869,23,Female,Single,High School,Engineering,Software Engineer,Entry Level,3941,15.5,2.0,3.0,Onsite,4.6,4.2,5.6,7.0,False,5.4,0,Early Career (21-29)
1870,44,Female,Married,Bachelors,Human Resources,HR Business Partner,Associate,4185,10.9,0.0,2.6,Hybrid,3.1,2.9,6.4,6.3,True,5.8,0,Senior Career (40-49)
1871,29,Female,Married,Masters,Operations,Program Manager,Mid Level,7456,8.4,8.0,9.0,Hybrid,2.3,4.2,5.3,7.6,True,5.1,1,Early Career (21-29)
1872,28,Male,Married,Masters,Finance,Financial Analyst,Associate,4638,8.8,5.8,8.0,Remote,6.1,4.0,6.4,6.1,False,7.6,0,Early Career (21-29)
1873,25,Male,Married,Masters,Finance,Finance Manager,Associate,4845,13.4,4.0,5.0,Hybrid,11.9,6.1,5.7,5.2,True,7.9,0,Early Career (21-29)
1874,46,Male,Married,PhD,Engineering,Software Engineer,Mid Level,10032,11.2,9.7,16.1,Onsite,3.3,3.0,7.1,6.3,True,3.1,0,Senior Career (40-49)
1875,52,Male,Divorced,Masters,Human Resources,HR Manager,Senior Level,6690,10.4,11.6,17.7,Remote,17.7,5.8,5.0,5.1,False,3.4,0,Pre-Retirement (50-64)
1876,41,Male,Married,Masters,Marketing,Marketing Specialist,Senior Level,11416,9.7,10.1,21.0,Hybrid,0.6,1.2,7.3,7.9,True,7.9,0,Senior Career (40-49)
1877,34,Male,Married,Bachelors,Engineering,Data Engineer,Senior Level,14075,10.0,13.0,14.0,Onsite,15.8,4.5,8.6,4.5,True,3.2,0,Mid Career (30-39)
1878,33,Female,Married,Bachelors,Operations,Operations Analyst,Associate,5199,11.6,6.0,8.3,Onsite,8.5,4.0,4.0,6.4,False,5.0,0,Mid Career (30-39)
1879,22,Female,Divorced,High School,Engineering,QA Engineer,Associate,6027,12.5,1.0,2.0,Hybrid,6.5,2.2,6.8,5.6,True,1.0,0,Early Career (21-29)
1880,44,Female,Single,Bachelors,Marketing,Content Strategist,Mid Level,5506,9.1,7.3,18.7,Hybrid,0.5,1.9,8.1,7.1,True,8.3,0,Senior Career (40-49)
1881,24,Female,Single,Bachelors,Marketing,Growth Manager,Associate,4862,13.2,3.0,4.0,Onsite,2.4,4.0,6.2,6.9,True,4.4,0,Early Career (21-29)
1882,50,Male,Married,Bachelors,Operations,Operations Manager,Management,7996,8.2,9.9,14.0,Onsite,6.9,2.4,9.9,5.3,False,4.8,0,Pre-Retirement (50-64)
1883,45,Female,Married,Bachelors,Customer Support,Customer Success Manager,Management,7128,13.8,10.8,22.3,Remote,10.3,3.3,5.7,6.0,False,7.0,0,Senior Career (40-49)
1884,31,Male,Married,High School,Operations,Operations Manager,Senior Level,6294,13.0,6.3,11.0,Hybrid,5.8,3.6,8.9,7.5,False,3.4,0,Mid Career (30-39)
1885,43,Male,Single,Bachelors,Engineering,Software Engineer,Associate,5663,14.3,2.9,5.6,Hybrid,9.2,2.5,6.6,7.9,True,3.0,0,Senior Career (40-49)
1886,36,Female,Married,Bachelors,Engineering,QA Engineer,Associate,5541,5.2,3.1,15.5,Hybrid,12.9,5.8,5.5,5.2,True,4.0,1,Mid Career (30-39)
1887,26,Female,Single,PhD,Sales,Sales Development Rep,Entry Level,4445,12.2,2.0,4.9,Hybrid,5.8,3.1,7.1,6.0,False,3.6,0,Early Career (21-29)
1888,49,Female,Single,PhD,Sales,Account Executive,Senior Level,9243,10.3,9.3,15.4,Onsite,17.1,7.7,5.0,5.3,False,1.0,1,Senior Career (40-49)
1889,46,Male,Married,Bachelors,Operations,Program Manager,Management,8417,9.6,8.2,12.1,Hybrid,6.8,3.1,8.5,5.4,False,1.5,0,Senior Career (40-49)
1890,48,Male,Married,Masters,Human Resources,HR Manager,Senior Level,7551,13.2,9.4,16.0,Remote,11.4,3.2,5.9,6.2,True,2.3,1,Senior Career (40-49)
1891,31,Non-binary,Married,Masters,Marketing,Marketing Specialist,Mid Level,6280,12.4,9.8,11.0,Onsite,5.5,4.9,6.9,6.1,False,6.3,0,Mid Career (30-39)
1892,37,Male,Single,Masters,Finance,Accountant,Associate,7811,13.7,5.3,13.1,Hybrid,12.0,5.4,7.7,3.5,True,10.0,0,Mid Career (30-39)
1893,45,Male,Married,High School,Sales,Sales Manager,Senior Level,8946,13.8,6.1,12.8,Onsite,5.8,3.2,6.3,6.1,False,1.6,0,Senior Career (40-49)
1894,24,Male,Married,Bachelors,Customer Support,Support Specialist,Entry Level,2116,13.8,3.0,4.0,Hybrid,16.6,6.0,5.1,4.7,True,5.3,0,Early Career (21-29)
1895,32,Female,Married,Masters,Operations,Operations Manager,Associate,5019,9.2,5.6,12.0,Onsite,10.2,4.7,6.4,6.1,True,4.5,0,Mid Career (30-39)
1896,40,Female,Married,Bachelors,Customer Support,Customer Success Manager,Mid Level,4997,15.4,10.0,13.7,Hybrid,2.7,4.1,7.0,7.3,True,8.1,0,Senior Career (40-49)
1897,48,Male,Single,Bachelors,Research & Development,R&D Manager,Management,13984,11.4,12.9,18.2,Hybrid,13.2,5.5,5.7,3.7,False,2.3,0,Senior Career (40-49)
1898,42,Male,Married,PhD,Operations,Operations Manager,Management,9369,18.1,10.0,15.7,Hybrid,14.2,6.6,5.8,3.8,True,4.6,0,Senior Career (40-49)
1899,47,Male,Married,Bachelors,Finance,Accountant,Management,9741,14.7,11.1,12.7,Onsite,2.3,3.8,6.7,6.4,True,5.9,1,Senior Career (40-49)
1900,28,Female,Single,Bachelors,Operations,Operations Manager,Mid Level,5437,9.5,4.2,8.0,Onsite,6.3,2.8,7.4,6.5,True,6.6,0,Early Career (21-29)
1901,45,Female,Married,Bachelors,Finance,Accountant,Associate,5231,8.6,3.9,10.5,Hybrid,14.3,4.2,4.8,4.1,True,8.5,0,Senior Career (40-49)
1902,25,Male,Married,Bachelors,Research & Development,Research Scientist,Entry Level,3595,12.3,1.2,5.0,Hybrid,2.3,3.0,6.1,6.8,True,4.7,0,Early Career (21-29)
1903,28,Male,Married,Bachelors,Sales,Sales Manager,Associate,5132,14.9,5.0,8.0,Remote,6.6,4.3,4.9,6.2,True,6.8,0,Early Career (21-29)
1904,36,Female,Married,Masters,Sales,Account Executive,Mid Level,8471,10.3,9.3,13.2,Hybrid,11.6,5.4,6.5,4.4,True,5.8,0,Mid Career (30-39)
1905,36,Female,Married,Masters,Engineering,Software Engineer,Associate,6691,13.4,9.0,11.5,Remote,0.5,1.5,6.5,7.9,False,3.0,0,Mid Career (30-39)
1906,43,Female,Single,Bachelors,Research & Development,R&D Manager,Mid Level,7708,11.6,3.8,11.8,Onsite,2.8,3.0,5.2,5.3,True,3.9,1,Senior Career (40-49)
1907,37,Male,Married,Masters,Engineering,Data Engineer,Associate,6095,9.1,2.7,7.2,Hybrid,1.9,4.0,5.1,5.6,True,6.1,0,Mid Career (30-39)
1908,46,Female,Single,PhD,Customer Support,Support Team Lead,Mid Level,6732,5.9,6.9,12.1,Hybrid,5.0,5.3,4.2,6.8,True,5.6,1,Senior Career (40-49)
1909,64,Male,Single,PhD,Sales,Account Executive,Management,11601,9.8,9.6,16.0,Remote,4.7,2.5,6.1,8.7,True,7.2,0,Pre-Retirement (50-64)
1910,32,Female,Married,Bachelors,Research & Development,R&D Manager,Mid Level,8749,7.1,7.8,9.6,Hybrid,16.9,7.8,2.3,2.3,False,2.6,0,Mid Career (30-39)
1911,41,Male,Divorced,Bachelors,Engineering,Software Engineer,Entry Level,4911,8.4,3.5,12.1,Hybrid,4.2,3.5,7.3,6.1,True,2.8,0,Senior Career (40-49)
1912,31,Male,Married,Bachelors,Engineering,Engineering Manager,Mid Level,10162,11.9,9.9,11.0,Hybrid,6.4,6.1,6.1,4.7,False,1.8,1,Mid Career (30-39)
1913,39,Male,Married,Bachelors,Customer Support,Customer Success Manager,Mid Level,4044,8.7,5.0,11.3,Onsite,8.1,3.8,5.9,6.2,True,3.5,0,Mid Career (30-39)
1914,30,Female,Married,Bachelors,Sales,Sales Manager,Associate,4947,8.5,7.6,10.0,Onsite,6.4,4.8,6.1,5.3,True,1.9,1,Mid Career (30-39)
1915,55,Female,Married,Masters,Marketing,Growth Manager,Senior Level,10211,15.1,12.9,21.4,Hybrid,12.2,4.2,5.5,5.4,True,6.4,0,Pre-Retirement (50-64)
1916,51,Male,Single,Masters,Engineering,Engineering Manager,Mid Level,7827,12.7,9.9,17.9,Hybrid,9.5,4.3,6.1,6.6,True,4.7,0,Pre-Retirement (50-64)
1917,25,Female,Single,Bachelors,Engineering,Data Engineer,Entry Level,3200,14.8,3.5,5.0,Remote,7.3,2.9,4.1,6.8,False,7.0,1,Early Career (21-29)
1918,33,Female,Married,Bachelors,Customer Support,Customer Success Manager,Mid Level,4831,12.7,10.9,11.4,Hybrid,11.1,4.2,6.4,4.0,False,4.4,0,Mid Career (30-39)
1919,43,Male,Married,Masters,Finance,Financial Analyst,Senior Level,11479,12.5,15.5,21.0,Onsite,13.7,6.3,6.0,5.3,True,4.2,0,Senior Career (40-49)
1920,55,Male,Single,Bachelors,Operations,Operations Manager,Management,10013,12.4,11.7,17.0,Hybrid,7.4,4.3,6.7,6.2,True,5.7,0,Pre-Retirement (50-64)
1921,37,Female,Single,Bachelors,Sales,Account Executive,Associate,4545,12.1,7.0,13.4,Remote,2.5,2.6,8.5,7.7,True,8.0,0,Mid Career (30-39)
1922,37,Female,Single,Bachelors,Marketing,Marketing Specialist,Associate,4805,4.4,4.8,9.5,Hybrid,3.4,5.5,6.5,6.3,True,8.0,1,Mid Career (30-39)
1923,30,Female,Married,Masters,Customer Support,Support Team Lead,Mid Level,5759,7.5,5.6,10.0,Hybrid,10.3,4.3,6.0,5.8,False,6.4,0,Mid Career (30-39)
1924,52,Male,Divorced,PhD,Customer Support,Customer Success Manager,Senior Level,7263,5.8,9.5,16.8,Hybrid,6.1,3.6,7.0,6.6,False,5.4,0,Pre-Retirement (50-64)
1925,38,Male,Single,Masters,Finance,Finance Manager,Mid Level,7524,12.5,0.5,2.4,Remote,1.9,2.7,8.8,8.7,True,7.6,0,Mid Career (30-39)
1926,31,Female,Single,Bachelors,Operations,Operations Analyst,Associate,4076,12.0,6.7,11.0,Hybrid,6.8,2.9,8.1,6.5,True,3.7,0,Mid Career (30-39)
1927,26,Female,Single,High School,Engineering,Software Engineer,Associate,4758,12.0,5.0,4.5,Onsite,9.5,3.4,6.5,5.2,True,1.6,0,Early Career (21-29)
1928,23,Female,Single,Bachelors,Sales,Sales Manager,Mid Level,5795,11.4,2.0,3.0,Onsite,16.0,6.7,4.1,3.7,False,5.0,0,Early Career (21-29)
1929,36,Female,Divorced,Bachelors,Human Resources,HR Business Partner,Associate,4716,10.4,6.5,14.7,Remote,10.9,5.7,5.0,5.3,True,2.5,0,Mid Career (30-39)
1930,31,Male,Single,PhD,Marketing,Content Strategist,Senior Level,8399,9.2,10.0,10.1,Hybrid,11.7,5.5,7.2,4.4,True,6.2,1,Mid Career (30-39)
1931,36,Male,Married,Masters,Sales,Sales Development Rep,Mid Level,6285,10.3,11.4,16.0,Onsite,8.4,5.6,4.8,5.0,True,3.1,0,Mid Career (30-39)
1932,44,Female,Single,Masters,Operations,Program Manager,Mid Level,6368,10.8,6.4,13.1,Onsite,1.1,4.4,3.1,8.0,True,6.3,0,Senior Career (40-49)
1933,43,Male,Married,Masters,Engineering,Data Engineer,Management,11100,12.9,9.3,13.7,Remote,1.2,1.0,8.7,8.6,True,2.7,0,Senior Career (40-49)
1934,36,Male,Married,PhD,Customer Support,Support Specialist,Associate,5402,15.2,0.0,7.4,Hybrid,7.1,2.8,9.3,6.1,False,5.2,0,Mid Career (30-39)
1935,35,Female,Married,Masters,Engineering,QA Engineer,Mid Level,9204,12.0,7.6,11.5,Hybrid,12.9,4.5,6.2,5.5,True,3.6,0,Mid Career (30-39)
1936,41,Female,Single,Bachelors,Operations,Program Manager,Senior Level,6496,16.1,10.2,10.5,Hybrid,8.8,3.4,8.5,5.6,False,3.3,0,Senior Career (40-49)
1937,36,Female,Married,Masters,Marketing,Growth Manager,Senior Level,8077,12.0,9.7,16.0,Onsite,18.0,6.6,5.8,3.2,True,4.5,0,Mid Career (30-39)
1938,31,Female,Married,Bachelors,Operations,Operations Analyst,Associate,5106,12.0,8.1,11.0,Hybrid,3.5,2.9,7.7,6.6,True,5.9,0,Mid Career (30-39)
1939,39,Male,Married,High School,Sales,Account Executive,Mid Level,6145,9.2,5.9,7.0,Onsite,6.0,4.4,5.9,6.9,True,5.0,0,Mid Career (30-39)
1940,32,Female,Single,Bachelors,Sales,Sales Manager,Associate,7838,18.9,5.4,12.0,Onsite,9.3,3.5,7.0,5.4,True,4.3,0,Mid Career (30-39)
1941,43,Female,Married,Masters,Finance,Financial Analyst,Senior Level,8848,10.8,9.9,17.4,Hybrid,3.9,5.4,4.2,6.1,False,6.5,0,Senior Career (40-49)
1942,42,Male,Married,Bachelors,Research & Development,Product Researcher,Mid Level,9293,9.7,6.0,10.0,Onsite,8.2,5.5,7.4,4.9,True,3.4,0,Senior Career (40-49)
1943,57,Male,Single,Masters,Operations,Operations Manager,Management,8921,15.2,16.0,22.1,Onsite,14.4,6.2,6.3,4.4,False,4.1,0,Pre-Retirement (50-64)
1944,23,Male,Single,Masters,Engineering,Software Engineer,Mid Level,7509,6.2,2.0,3.0,Onsite,2.6,4.5,4.9,6.3,True,3.5,1,Early Career (21-29)
1945,32,Male,Married,High School,Engineering,QA Engineer,Entry Level,4481,6.0,8.0,12.0,Onsite,0.4,2.1,5.6,6.8,True,4.1,0,Mid Career (30-39)
1946,21,Female,Single,High School,Engineering,Data Engineer,Entry Level,3258,12.3,0.0,1.0,Remote,3.1,3.9,5.2,6.5,False,2.6,0,Early Career (21-29)
1947,21,Female,Married,Bachelors,Sales,Sales Development Rep,Entry Level,3714,15.6,0.0,1.0,Hybrid,4.6,3.7,7.4,6.1,False,2.7,0,Early Career (21-29)
1948,27,Female,Single,Bachelors,Engineering,Software Engineer,Entry Level,4155,7.1,6.0,7.0,Hybrid,5.9,3.3,6.0,5.9,True,4.9,0,Early Career (21-29)
1949,33,Female,Married,Bachelors,Research & Development,Research Scientist,Associate,6957,13.5,1.1,5.6,Hybrid,18.4,5.6,5.6,2.7,False,2.7,0,Mid Career (30-39)
1950,33,Female,Single,Bachelors,Engineering,QA Engineer,Entry Level,4853,9.6,7.1,7.6,Onsite,4.2,4.1,6.8,5.0,False,4.2,0,Mid Career (30-39)
1951,29,Female,Single,Masters,Marketing,Growth Manager,Associate,5421,8.5,6.1,9.0,Hybrid,3.0,3.1,5.9,7.7,True,3.4,0,Early Career (21-29)
1952,21,Female,Married,PhD,Engineering,QA Engineer,Mid Level,7601,9.7,0.0,1.0,Hybrid,4.6,1.8,6.0,5.0,True,3.6,0,Early Career (21-29)
1953,30,Female,Married,Bachelors,Sales,Sales Manager,Mid Level,6822,13.1,6.9,10.0,Onsite,4.1,4.3,6.0,5.9,False,6.1,0,Mid Career (30-39)
1954,22,Male,Divorced,Bachelors,Human Resources,HR Business Partner,Entry Level,2833,16.1,1.0,2.0,Onsite,11.3,4.2,7.9,5.0,False,6.0,1,Early Career (21-29)
1955,39,Male,Married,Bachelors,Sales,Account Executive,Management,8803,14.0,11.0,12.9,Onsite,3.5,5.4,6.6,5.7,False,4.5,0,Mid Career (30-39)
1956,40,Male,Single,Bachelors,Engineering,Data Engineer,Senior Level,12334,13.8,8.3,13.3,Hybrid,2.3,2.0,8.2,6.3,True,3.9,0,Senior Career (40-49)
1957,41,Female,Married,Bachelors,Operations,Program Manager,Mid Level,6363,13.9,6.8,12.5,Hybrid,2.1,4.1,7.8,7.1,False,1.7,0,Senior Career (40-49)
1958,33,Female,Single,Bachelors,Research & Development,Research Scientist,Associate,6997,10.8,9.1,13.0,Hybrid,3.8,2.4,7.0,7.7,True,7.1,1,Mid Career (30-39)
1959,31,Female,Divorced,Masters,Engineering,Engineering Manager,Associate,6536,13.4,4.8,11.0,Hybrid,2.5,2.2,8.3,5.5,True,4.4,0,Mid Career (30-39)
1960,31,Female,Single,High School,Engineering,QA Engineer,Associate,6253,14.8,6.0,11.0,Hybrid,2.6,2.9,6.9,6.7,True,4.4,0,Mid Career (30-39)
1961,44,Male,Married,Masters,Operations,Operations Manager,Senior Level,8967,17.7,9.5,14.8,Hybrid,6.9,5.3,8.2,5.2,True,8.0,1,Senior Career (40-49)
1962,37,Female,Divorced,High School,Marketing,Content Strategist,Senior Level,7507,16.4,6.5,14.8,Remote,6.4,4.7,6.9,5.6,True,4.9,0,Mid Career (30-39)
1963,28,Female,Married,Bachelors,Engineering,Data Engineer,Associate,5725,14.4,1.5,8.0,Hybrid,0.5,2.7,10.0,6.7,True,1.2,0,Early Career (21-29)
1964,29,Male,Married,Masters,Engineering,Software Engineer,Associate,6839,5.2,4.6,9.0,Onsite,3.0,5.6,4.5,5.8,False,7.2,0,Early Career (21-29)
1965,34,Male,Married,Bachelors,Research & Development,Research Scientist,Mid Level,7885,18.1,6.7,12.9,Onsite,8.1,1.6,8.3,7.6,True,2.9,0,Mid Career (30-39)
1966,30,Non-binary,Single,Bachelors,Operations,Operations Analyst,Entry Level,2559,12.5,3.1,9.4,Onsite,2.1,2.3,6.6,7.7,False,4.2,0,Mid Career (30-39)
1967,28,Male,Single,Bachelors,Marketing,Growth Manager,Mid Level,5657,13.6,7.0,8.0,Onsite,1.9,5.6,4.7,5.6,True,6.2,1,Early Career (21-29)
1968,31,Male,Single,Bachelors,Engineering,Engineering Manager,Senior Level,9637,10.4,7.2,11.0,Hybrid,1.3,2.2,8.9,6.3,True,5.0,0,Mid Career (30-39)
1969,51,Female,Single,Masters,Customer Support,Support Team Lead,Management,11825,14.2,11.3,18.7,Onsite,9.5,4.4,7.5,5.3,False,6.1,0,Pre-Retirement (50-64)
1970,40,Female,Married,Bachelors,Sales,Sales Manager,Management,9734,15.1,8.6,13.8,Hybrid,9.9,3.9,5.7,5.5,True,3.7,0,Senior Career (40-49)
1971,42,Male,Single,Bachelors,Sales,Account Executive,Associate,4407,16.5,3.7,10.8,Onsite,9.5,6.1,5.9,4.5,False,5.0,0,Senior Career (40-49)
1972,23,Male,Divorced,PhD,Customer Support,Support Specialist,Entry Level,3657,8.4,0.0,3.0,Hybrid,7.2,5.6,6.1,5.0,True,5.8,1,Early Career (21-29)
1973,31,Male,Married,Masters,Customer Support,Support Specialist,Mid Level,6270,14.9,8.4,11.0,Hybrid,13.6,3.5,4.5,4.6,True,5.9,0,Mid Career (30-39)
1974,52,Female,Single,Masters,Engineering,Engineering Manager,Senior Level,11386,11.8,5.3,11.1,Hybrid,4.8,1.8,7.1,6.3,True,4.2,0,Pre-Retirement (50-64)
1975,39,Male,Single,High School,Human Resources,Recruiter,Mid Level,5998,9.0,5.1,10.3,Onsite,3.2,3.1,6.9,6.6,False,3.5,0,Mid Career (30-39)
1976,37,Male,Divorced,Bachelors,Sales,Sales Development Rep,Senior Level,8250,14.8,8.5,17.0,Remote,4.8,3.7,6.2,7.1,False,1.8,0,Mid Career (30-39)
1977,39,Female,Single,High School,Research & Development,Product Researcher,Senior Level,6139,11.7,6.8,8.9,Hybrid,6.8,3.0,4.4,6.2,False,1.0,0,Mid Career (30-39)
1978,46,Female,Single,Masters,Sales,Sales Development Rep,Mid Level,9174,10.6,11.1,15.4,Onsite,5.0,6.0,4.5,7.6,False,4.4,1,Senior Career (40-49)
1979,28,Female,Single,PhD,Sales,Sales Development Rep,Associate,7512,12.7,5.5,7.0,Hybrid,3.0,3.1,9.4,7.6,True,5.7,0,Early Career (21-29)
1980,22,Male,Divorced,High School,Finance,Finance Manager,Associate,3108,18.0,0.8,2.0,Remote,0.9,1.0,7.8,6.5,True,6.1,0,Early Career (21-29)
1981,39,Female,Married,Masters,Customer Support,Support Team Lead,Associate,4146,14.8,7.6,14.3,Remote,7.0,5.4,7.0,6.8,False,7.2,0,Mid Career (30-39)
1982,21,Male,Single,Bachelors,Finance,Financial Analyst,Entry Level,3784,16.5,0.0,1.0,Hybrid,5.1,2.6,4.8,4.9,False,4.7,0,Early Career (21-29)
1983,22,Male,Single,Bachelors,Human Resources,HR Business Partner,Entry Level,2489,14.7,1.0,2.0,Remote,3.0,3.5,5.3,7.0,False,4.8,0,Early Career (21-29)
1984,32,Male,Single,Masters,Engineering,Software Engineer,Associate,7083,13.8,4.8,8.6,Hybrid,6.2,7.0,4.9,5.9,False,3.9,0,Mid Career (30-39)
1985,21,Female,Single,PhD,Engineering,Software Engineer,Associate,4832,10.4,0.0,1.0,Onsite,6.5,5.0,2.9,4.7,False,3.9,0,Early Career (21-29)
1986,21,Female,Single,Bachelors,Customer Support,Support Specialist,Associate,3109,20.3,0.0,1.0,Hybrid,7.8,6.0,5.9,5.6,True,8.8,0,Early Career (21-29)
1987,38,Female,Married,Bachelors,Engineering,QA Engineer,Associate,5681,13.4,7.7,16.3,Onsite,1.3,3.1,5.7,8.3,True,1.0,0,Mid Career (30-39)
1988,36,Male,Married,Bachelors,Research & Development,R&D Manager,Mid Level,5998,10.4,3.3,8.9,Hybrid,4.9,3.8,6.0,7.6,False,4.7,0,Mid Career (30-39)
1989,52,Female,Married,Masters,Research & Development,Product Researcher,Management,10982,12.3,11.3,19.4,Hybrid,3.1,4.0,7.2,6.0,False,4.8,0,Pre-Retirement (50-64)
1990,25,Female,Single,Bachelors,Finance,Financial Analyst,Associate,4908,11.2,4.0,5.0,Remote,7.1,4.6,7.5,5.1,False,6.1,0,Early Career (21-29)
1991,22,Male,Single,High School,Sales,Account Executive,Entry Level,3492,9.7,1.0,2.0,Remote,9.6,4.3,6.8,7.6,True,5.6,0,Early Career (21-29)
1992,38,Female,Married,High School,Research & Development,R&D Manager,Mid Level,6748,7.9,6.8,17.0,Onsite,13.3,7.8,4.5,3.8,True,3.6,0,Mid Career (30-39)
1993,40,Male,Single,PhD,Customer Support,Support Team Lead,Mid Level,9182,9.1,11.8,13.7,Onsite,5.8,5.5,6.7,4.9,True,5.6,0,Senior Career (40-49)
1994,35,Male,Single,PhD,Operations,Program Manager,Associate,6093,16.1,0.5,5.7,Hybrid,3.5,4.7,6.8,5.6,False,8.0,0,Mid Career (30-39)
1995,42,Female,Divorced,Masters,Engineering,QA Engineer,Associate,7095,13.0,7.1,13.4,Hybrid,6.4,2.6,8.7,6.1,True,3.9,0,Senior Career (40-49)
1996,29,Male,Single,Bachelors,Finance,Accountant,Mid Level,5038,9.6,4.9,9.0,Onsite,8.1,3.3,6.7,6.1,False,4.5,0,Early Career (21-29)
1997,37,Male,Single,Bachelors,Customer Support,Support Team Lead,Senior Level,6222,6.5,6.3,7.3,Onsite,4.0,6.2,4.1,6.3,False,5.2,1,Mid Career (30-39)
1998,41,Male,Married,High School,Engineering,Software Engineer,Mid Level,7659,13.9,4.5,13.5,Remote,2.3,2.7,7.1,7.0,True,5.5,0,Senior Career (40-49)
1999,21,Female,Married,Bachelors,Engineering,Engineering Manager,Mid Level,6882,16.7,0.0,0.0,Hybrid,11.1,4.6,5.4,4.2,True,1.0,0,Early Career (21-29)
2000,33,Female,Married,Masters,Marketing,Growth Manager,Senior Level,10300,15.1,6.9,13.0,Remote,4.5,1.8,7.0,8.4,False,3.4,0,Mid Career (30-39)
2001,31,Male,Single,Bachelors,Customer Support,Customer Success Manager,Associate,3389,6.2,7.7,11.0,Hybrid,4.7,5.8,5.8,4.7,True,6.0,1,Mid Career (30-39)
2002,26,Female,Married,Bachelors,Engineering,QA Engineer,Entry Level,4206,10.5,0.4,6.0,Onsite,4.4,5.0,5.3,5.5,False,5.2,0,Early Career (21-29)
2003,45,Female,Single,High School,Operations,Program Manager,Management,8425,11.2,13.0,21.5,Hybrid,4.0,2.2,7.6,6.5,False,6.7,0,Senior Career (40-49)
2004,37,Female,Single,High School,Human Resources,HR Manager,Mid Level,5319,15.5,1.7,9.3,Hybrid,5.0,2.3,6.3,6.6,True,4.3,0,Mid Career (30-39)
2005,45,Male,Single,High School,Operations,Operations Manager,Management,9219,10.9,9.1,23.1,Onsite,10.0,5.4,5.3,5.6,False,5.3,1,Senior Career (40-49)
2006,38,Female,Single,Masters,Engineering,Data Engineer,Entry Level,4169,9.7,2.1,9.1,Onsite,3.1,2.3,6.6,6.1,False,3.7,0,Mid Career (30-39)
2007,52,Male,Married,Bachelors,Research & Development,Research Scientist,Management,10943,17.0,10.0,17.0,Hybrid,4.8,2.6,6.1,7.7,False,3.5,0,Pre-Retirement (50-64)
2008,43,Female,Married,Bachelors,Engineering,QA Engineer,Mid Level,7986,16.9,7.8,15.9,Onsite,12.8,5.7,6.2,4.5,True,1.9,0,Senior Career (40-49)
2009,29,Female,Married,Masters,Customer Support,Customer Success Manager,Senior Level,5194,11.7,8.0,9.0,Onsite,7.4,4.1,5.5,6.1,False,5.2,0,Early Career (21-29)
2010,31,Female,Married,Masters,Engineering,Software Engineer,Associate,5715,14.6,7.8,11.0,Hybrid,3.0,4.2,9.5,6.6,False,8.3,0,Mid Career (30-39)
2011,39,Male,Single,Bachelors,Operations,Operations Analyst,Associate,4975,10.0,4.9,10.5,Onsite,15.4,6.4,5.3,4.3,False,6.4,0,Mid Career (30-39)
2012,35,Male,Married,Bachelors,Sales,Sales Development Rep,Associate,4833,15.2,3.2,5.3,Hybrid,6.0,4.3,6.6,6.7,True,7.2,0,Mid Career (30-39)
2013,35,Male,Single,Masters,Sales,Sales Manager,Mid Level,5118,13.0,5.0,5.7,Hybrid,3.3,4.8,7.6,6.6,True,8.4,0,Mid Career (30-39)
2014,26,Female,Married,Bachelors,Customer Support,Support Specialist,Associate,3217,13.2,5.0,6.0,Onsite,2.0,5.2,5.2,6.5,True,7.2,1,Early Career (21-29)
2015,42,Male,Single,High School,Sales,Sales Manager,Mid Level,5666,10.2,7.3,13.9,Hybrid,4.9,3.8,6.7,8.1,False,3.6,0,Senior Career (40-49)
2016,30,Female,Single,Bachelors,Human Resources,HR Manager,Associate,5232,18.1,9.0,10.0,Onsite,4.1,2.6,8.4,9.0,True,3.0,0,Mid Career (30-39)
2017,26,Female,Married,Bachelors,Finance,Financial Analyst,Entry Level,4347,15.7,1.4,5.4,Remote,4.7,4.4,5.1,8.6,False,4.7,1,Early Career (21-29)
2018,34,Female,Married,Masters,Engineering,Engineering Manager,Mid Level,8429,13.8,6.1,10.5,Hybrid,6.8,6.5,3.7,5.6,True,2.5,0,Mid Career (30-39)
2019,32,Female,Single,Bachelors,Operations,Program Manager,Mid Level,5752,18.3,6.9,12.0,Onsite,2.3,1.9,7.7,7.2,True,7.7,0,Mid Career (30-39)
2020,31,Female,Single,Bachelors,Research & Development,R&D Manager,Mid Level,5860,17.4,3.4,7.2,Onsite,6.5,5.3,5.8,4.3,True,4.4,0,Mid Career (30-39)
2021,30,Male,Single,Masters,Sales,Account Executive,Mid Level,7123,15.1,0.3,6.8,Onsite,6.2,3.7,6.3,6.8,True,4.4,0,Mid Career (30-39)
2022,32,Female,Married,Bachelors,Customer Support,Support Team Lead,Mid Level,5031,7.5,8.8,12.0,Onsite,4.1,2.2,7.9,7.9,False,7.4,0,Mid Career (30-39)
2023,22,Female,Single,Masters,Engineering,Data Engineer,Associate,6990,6.6,0.9,2.0,Hybrid,6.9,3.0,6.9,5.5,False,4.2,0,Early Career (21-29)
2024,28,Female,Single,PhD,Human Resources,HR Business Partner,Associate,4407,11.1,5.9,8.0,Onsite,1.9,3.1,6.8,6.3,False,3.9,0,Early Career (21-29)
2025,40,Male,Married,Bachelors,Engineering,Engineering Manager,Mid Level,9399,14.0,7.6,12.6,Hybrid,1.2,3.2,8.0,5.9,True,1.0,0,Senior Career (40-49)
2026,36,Male,Single,Bachelors,Engineering,QA Engineer,Mid Level,12198,15.8,7.9,11.4,Hybrid,2.9,1.0,9.1,6.4,True,3.3,0,Mid Career (30-39)
2027,41,Female,Single,High School,Finance,Finance Manager,Senior Level,6663,13.4,6.4,13.7,Onsite,3.3,3.4,5.7,7.0,True,6.4,0,Senior Career (40-49)
2028,33,Male,Married,Masters,Engineering,QA Engineer,Entry Level,3844,9.1,7.9,12.0,Hybrid,8.5,3.0,8.2,7.0,True,4.3,0,Mid Career (30-39)
2029,52,Female,Married,PhD,Research & Development,R&D Manager,Management,13336,10.9,7.7,17.9,Hybrid,3.5,2.2,5.3,7.8,False,3.1,0,Pre-Retirement (50-64)
2030,40,Female,Married,Bachelors,Operations,Operations Analyst,Associate,4066,10.8,0.3,7.5,Hybrid,5.7,4.1,5.6,7.6,True,5.8,0,Senior Career (40-49)
2031,35,Female,Married,Bachelors,Engineering,QA Engineer,Associate,6489,15.5,3.1,11.3,Remote,1.0,1.0,8.4,8.4,True,5.2,0,Mid Career (30-39)
2032,32,Female,Married,Bachelors,Finance,Accountant,Associate,6515,10.7,4.4,9.3,Hybrid,5.4,4.5,5.0,6.0,False,5.8,0,Mid Career (30-39)
2033,32,Male,Married,Bachelors,Engineering,Engineering Manager,Associate,6180,7.7,5.9,12.0,Hybrid,9.6,4.9,4.2,5.8,True,3.3,1,Mid Career (30-39)
2034,26,Female,Divorced,High School,Operations,Operations Analyst,Mid Level,4446,8.6,5.0,6.0,Hybrid,15.5,5.2,6.5,5.2,False,7.2,0,Early Career (21-29)
2035,39,Female,Single,Bachelors,Customer Support,Customer Success Manager,Senior Level,7021,11.7,8.9,19.0,Onsite,8.2,4.3,7.5,5.5,False,4.5,0,Mid Career (30-39)
2036,50,Female,Single,Bachelors,Customer Support,Customer Success Manager,Senior Level,6704,12.2,9.9,17.3,Onsite,17.1,5.5,7.2,4.6,False,5.1,0,Pre-Retirement (50-64)
2037,23,Male,Divorced,Masters,Engineering,Data Engineer,Entry Level,6134,16.2,1.3,3.0,Hybrid,7.3,3.0,7.6,5.8,True,5.9,0,Early Career (21-29)
2038,28,Female,Single,Masters,Engineering,Software Engineer,Mid Level,6696,9.9,7.0,8.0,Remote,2.2,2.3,6.9,7.4,True,5.1,0,Early Career (21-29)
2039,35,Male,Married,Masters,Finance,Financial Analyst,Mid Level,6116,11.8,10.2,14.7,Hybrid,3.6,2.3,7.9,6.2,True,7.3,0,Mid Career (30-39)
2040,30,Female,Single,Bachelors,Sales,Sales Manager,Senior Level,11152,12.8,9.0,10.0,Onsite,7.5,5.7,4.3,5.5,False,4.3,1,Mid Career (30-39)
2041,42,Male,Married,Masters,Research & Development,Product Researcher,Associate,8095,8.5,5.7,14.2,Remote,4.3,1.6,7.6,6.7,False,2.7,0,Senior Career (40-49)
2042,36,Male,Married,Bachelors,Human Resources,Recruiter,Entry Level,2663,14.4,4.0,9.6,Onsite,14.4,4.7,6.5,5.1,False,5.2,1,Mid Career (30-39)
2043,35,Male,Divorced,Bachelors,Human Resources,HR Business Partner,Mid Level,4880,14.3,9.9,13.4,Remote,17.8,6.1,4.5,4.6,True,3.0,0,Mid Career (30-39)
2044,34,Male,Married,Bachelors,Operations,Operations Manager,Mid Level,6869,12.0,10.2,14.0,Hybrid,7.3,5.5,4.8,4.9,True,5.4,0,Mid Career (30-39)
2045,28,Male,Married,Bachelors,Customer Support,Support Team Lead,Mid Level,3984,9.7,6.3,8.0,Hybrid,8.3,5.7,4.5,5.8,True,8.9,0,Early Career (21-29)
2046,21,Male,Divorced,Bachelors,Marketing,Content Strategist,Entry Level,3100,13.9,0.0,1.0,Onsite,5.3,4.3,7.0,6.0,True,5.2,0,Early Career (21-29)
2047,46,Female,Single,Bachelors,Human Resources,HR Manager,Management,8878,2.9,8.5,12.8,Hybrid,2.5,4.8,3.6,8.1,False,5.1,0,Senior Career (40-49)
2048,40,Male,Single,Masters,Engineering,Software Engineer,Associate,5661,11.9,2.0,8.4,Hybrid,5.9,3.4,7.8,5.1,True,4.0,0,Senior Career (40-49)
2049,45,Male,Married,Masters,Research & Development,R&D Manager,Senior Level,10376,19.0,12.8,20.7,Onsite,2.8,4.2,5.5,6.7,True,2.0,0,Senior Career (40-49)
2050,54,Non-binary,Divorced,Bachelors,Customer Support,Customer Success Manager,Management,6701,11.0,8.4,14.4,Remote,15.2,6.8,5.2,5.1,True,5.7,0,Pre-Retirement (50-64)
2051,53,Female,Single,Bachelors,Engineering,Software Engineer,Management,12837,9.3,9.9,17.1,Remote,8.4,4.9,7.8,6.6,True,5.0,0,Pre-Retirement (50-64)
2052,22,Male,Divorced,Bachelors,Sales,Sales Development Rep,Entry Level,3418,11.9,0.7,2.0,Onsite,3.2,4.4,6.7,6.5,True,7.0,0,Early Career (21-29)
2053,44,Male,Single,Bachelors,Customer Support,Customer Success Manager,Associate,3808,11.4,3.0,9.0,Remote,3.6,2.8,8.6,6.2,False,6.3,0,Senior Career (40-49)
2054,24,Female,Single,Bachelors,Finance,Financial Analyst,Entry Level,2959,10.9,3.0,1.5,Hybrid,2.4,5.0,7.6,6.5,True,6.1,0,Early Career (21-29)
2055,21,Male,Married,Bachelors,Sales,Account Executive,Entry Level,3237,8.2,0.0,1.0,Hybrid,13.1,3.7,4.8,6.5,True,3.7,1,Early Career (21-29)
2056,34,Male,Single,High School,Sales,Sales Manager,Senior Level,8987,7.1,9.5,11.4,Hybrid,10.9,2.6,5.2,5.2,True,4.2,0,Mid Career (30-39)
2057,32,Female,Married,Masters,Operations,Program Manager,Mid Level,8378,12.1,7.8,12.0,Hybrid,1.1,5.1,5.5,5.9,True,6.3,1,Mid Career (30-39)
2058,50,Female,Single,Bachelors,Operations,Operations Manager,Mid Level,5982,11.2,6.6,9.9,Hybrid,3.6,5.6,7.3,5.8,True,6.6,0,Pre-Retirement (50-64)
2059,27,Male,Married,Bachelors,Engineering,Engineering Manager,Mid Level,8836,12.9,4.8,7.0,Onsite,1.0,4.0,5.5,7.0,True,2.5,0,Early Career (21-29)
2060,28,Male,Married,Masters,Marketing,Content Strategist,Entry Level,3353,15.9,4.5,8.0,Onsite,2.1,4.6,5.6,6.7,False,4.3,1,Early Career (21-29)
2061,25,Male,Married,Bachelors,Customer Support,Support Specialist,Associate,4065,10.3,4.0,5.0,Onsite,8.3,5.4,6.9,5.9,False,6.6,0,Early Career (21-29)
2062,23,Male,Married,Masters,Customer Support,Customer Success Manager,Associate,3705,11.5,2.0,3.0,Onsite,5.1,5.5,3.7,5.3,True,6.0,1,Early Career (21-29)
2063,33,Male,Single,High School,Operations,Operations Manager,Associate,4310,14.6,8.8,13.0,Hybrid,1.9,4.6,5.8,6.2,True,5.3,0,Mid Career (30-39)
2064,43,Female,Married,Masters,Customer Support,Support Specialist,Senior Level,5106,7.2,10.3,16.2,Hybrid,9.7,2.9,7.8,6.5,False,5.8,0,Senior Career (40-49)
2065,28,Male,Married,Bachelors,Operations,Operations Analyst,Mid Level,7198,16.1,4.6,8.0,Onsite,2.5,4.0,8.8,7.0,False,8.3,0,Early Career (21-29)
2066,43,Male,Single,Masters,Customer Support,Support Team Lead,Senior Level,7683,11.3,10.7,18.1,Hybrid,6.3,3.9,7.5,5.3,False,8.7,0,Senior Career (40-49)
2067,39,Male,Married,PhD,Sales,Sales Manager,Mid Level,9574,10.8,3.4,11.7,Hybrid,4.3,1.8,7.0,7.5,False,7.7,0,Mid Career (30-39)
2068,39,Male,Married,Bachelors,Engineering,Engineering Manager,Mid Level,8029,12.1,8.7,12.5,Onsite,2.0,3.1,5.0,6.1,True,2.3,0,Mid Career (30-39)
2069,21,Male,Married,Bachelors,Engineering,QA Engineer,Entry Level,3481,11.7,0.0,1.0,Remote,7.5,2.2,9.2,5.3,True,3.8,0,Early Career (21-29)
2070,36,Female,Single,Masters,Finance,Accountant,Associate,6278,15.1,5.1,13.1,Onsite,4.0,4.5,7.1,6.1,False,4.2,0,Mid Career (30-39)
2071,44,Male,Single,PhD,Engineering,Engineering Manager,Mid Level,13896,8.6,10.0,15.7,Hybrid,4.7,3.5,7.5,7.6,True,6.1,0,Senior Career (40-49)
2072,34,Female,Married,Masters,Customer Support,Support Team Lead,Senior Level,6638,16.7,12.9,14.0,Hybrid,29.6,7.6,6.2,1.6,True,3.1,1,Mid Career (30-39)
2073,34,Female,Single,Bachelors,Engineering,QA Engineer,Mid Level,8330,11.0,5.4,14.0,Hybrid,6.6,5.0,9.2,7.7,True,4.3,0,Mid Career (30-39)
2074,35,Male,Divorced,Bachelors,Customer Support,Support Specialist,Mid Level,6134,14.3,9.3,12.5,Hybrid,4.2,3.7,7.2,7.7,True,4.6,0,Mid Career (30-39)
2075,38,Female,Single,Masters,Sales,Sales Development Rep,Associate,6388,11.4,4.9,13.0,Remote,7.5,1.6,8.4,6.8,False,5.6,0,Mid Career (30-39)
2076,34,Female,Single,Masters,Engineering,Engineering Manager,Mid Level,7847,8.5,12.1,13.3,Remote,5.4,2.6,5.6,6.6,True,1.2,0,Mid Career (30-39)
2077,31,Male,Single,High School,Sales,Account Executive,Mid Level,4829,4.5,9.5,11.0,Onsite,4.9,5.8,2.1,5.9,False,3.1,1,Mid Career (30-39)
2078,27,Female,Married,Bachelors,Engineering,QA Engineer,Mid Level,8409,12.8,6.0,7.0,Hybrid,2.2,1.8,7.4,8.8,True,4.4,0,Early Career (21-29)
2079,38,Female,Married,Bachelors,Engineering,QA Engineer,Associate,5474,13.3,4.3,7.2,Hybrid,3.3,2.7,8.3,8.8,True,3.9,0,Mid Career (30-39)
2080,25,Male,Single,Bachelors,Engineering,Software Engineer,Entry Level,3592,14.7,4.0,5.0,Hybrid,1.5,5.1,7.2,5.0,True,5.6,0,Early Career (21-29)
2081,36,Male,Single,Bachelors,Research & Development,Product Researcher,Associate,4693,9.9,2.2,9.1,Hybrid,15.2,3.7,4.3,7.4,True,2.8,0,Mid Career (30-39)
2082,38,Male,Single,Bachelors,Sales,Sales Development Rep,Mid Level,6133,13.4,6.7,11.7,Remote,10.1,5.5,6.7,6.5,False,1.7,0,Mid Career (30-39)
2083,35,Male,Divorced,Bachelors,Human Resources,Recruiter,Senior Level,8715,13.5,14.0,15.0,Remote,12.5,4.3,5.4,6.2,True,8.4,0,Mid Career (30-39)
2084,31,Male,Married,Bachelors,Engineering,Engineering Manager,Senior Level,8805,14.2,6.3,9.8,Hybrid,8.0,6.8,5.9,5.4,True,1.0,0,Mid Career (30-39)
2085,36,Male,Married,Bachelors,Engineering,Engineering Manager,Mid Level,9265,11.9,10.6,16.0,Onsite,1.8,4.8,6.9,8.6,True,4.4,0,Mid Career (30-39)
2086,41,Non-binary,Single,Bachelors,Finance,Financial Analyst,Management,10020,10.4,12.1,18.5,Hybrid,3.7,2.6,5.2,8.1,False,2.2,0,Senior Career (40-49)
2087,29,Male,Divorced,Masters,Sales,Sales Development Rep,Mid Level,7178,12.4,8.0,9.0,Onsite,8.7,5.1,6.0,4.4,False,5.4,1,Early Career (21-29)
2088,25,Male,Married,Masters,Sales,Account Executive,Entry Level,2602,7.6,4.0,5.0,Hybrid,17.2,5.9,4.4,4.3,False,5.7,0,Early Career (21-29)
2089,33,Male,Single,Masters,Engineering,Data Engineer,Mid Level,10033,10.8,12.0,13.0,Remote,11.6,4.5,7.2,6.2,False,4.6,0,Mid Career (30-39)
2090,35,Male,Married,Bachelors,Operations,Operations Analyst,Mid Level,7430,13.9,4.7,15.0,Hybrid,3.6,1.4,7.3,8.1,True,5.3,0,Mid Career (30-39)
2091,36,Female,Single,Bachelors,Research & Development,Research Scientist,Associate,5919,11.1,3.5,10.9,Onsite,1.2,3.2,5.7,6.7,True,5.5,1,Mid Career (30-39)
2093,33,Male,Single,Bachelors,Sales,Account Executive,Mid Level,5453,7.4,3.0,12.1,Onsite,7.9,4.5,3.9,7.6,False,4.0,1,Mid Career (30-39)
2094,38,Female,Married,Masters,Sales,Sales Manager,Associate,6890,15.3,7.0,11.1,Onsite,21.1,8.2,2.3,3.5,True,6.0,0,Mid Career (30-39)
2095,28,Male,Married,Masters,Engineering,Data Engineer,Associate,5838,8.4,7.0,8.0,Onsite,3.1,3.5,5.7,8.0,False,2.6,0,Early Career (21-29)
2096,35,Male,Single,Bachelors,Sales,Sales Manager,Mid Level,4516,13.0,7.2,13.9,Onsite,2.9,1.7,5.0,6.4,False,4.5,0,Mid Career (30-39)
2097,36,Female,Married,Bachelors,Customer Support,Support Specialist,Associate,2922,3.2,5.6,7.8,Remote,10.0,4.5,6.2,5.9,True,8.1,0,Mid Career (30-39)
2098,48,Female,Married,High School,Engineering,Software Engineer,Management,9338,13.7,12.1,14.8,Onsite,7.5,3.2,9.2,5.7,True,2.7,0,Senior Career (40-49)
2099,40,Male,Married,High School,Customer Support,Customer Success Manager,Mid Level,4475,9.3,4.2,16.0,Remote,15.0,4.2,7.5,4.8,True,6.4,0,Senior Career (40-49)
2100,23,Male,Married,High School,Engineering,Engineering Manager,Associate,4023,14.7,2.0,3.0,Hybrid,4.6,4.0,7.2,6.7,False,3.0,0,Early Career (21-29)
2101,45,Male,Married,Bachelors,Human Resources,HR Manager,Management,10187,11.0,11.9,18.2,Hybrid,2.2,4.2,5.9,6.5,True,4.8,1,Senior Career (40-49)
2102,36,Female,Married,High School,Operations,Program Manager,Mid Level,5840,13.4,7.6,16.0,Onsite,0.9,3.4,6.0,7.4,False,4.3,0,Mid Career (30-39)
2103,33,Male,Divorced,Bachelors,Sales,Sales Manager,Mid Level,4735,12.0,5.2,10.5,Onsite,8.5,4.1,5.2,4.5,False,3.6,0,Mid Career (30-39)
2104,46,Male,Married,Bachelors,Customer Support,Customer Success Manager,Management,9704,10.2,10.4,16.3,Onsite,6.7,4.5,7.9,5.1,False,4.4,0,Senior Career (40-49)
2105,42,Female,Married,High School,Operations,Operations Analyst,Senior Level,4552,9.4,9.4,14.6,Hybrid,14.3,6.3,5.3,3.3,True,5.2,0,Senior Career (40-49)
2106,34,Male,Married,Bachelors,Finance,Finance Manager,Associate,4278,15.4,3.1,9.8,Hybrid,5.0,2.7,8.2,6.5,False,4.3,0,Mid Career (30-39)
2107,21,Male,Married,Bachelors,Sales,Sales Development Rep,Associate,3853,9.6,0.0,1.0,Hybrid,3.1,2.9,6.8,7.1,False,4.6,0,Early Career (21-29)
2108,29,Male,Married,Bachelors,Engineering,Data Engineer,Associate,5862,9.5,4.9,8.5,Remote,2.6,3.2,8.5,6.6,False,5.6,0,Early Career (21-29)
2109,46,Male,Married,Masters,Finance,Accountant,Senior Level,8993,10.2,12.4,15.1,Onsite,4.2,2.6,8.5,6.4,False,6.1,0,Senior Career (40-49)
2110,47,Male,Married,Bachelors,Engineering,QA Engineer,Associate,5418,15.3,4.8,14.8,Remote,12.5,3.8,6.9,5.4,True,3.2,1,Senior Career (40-49)
2111,35,Female,Single,High School,Customer Support,Support Specialist,Mid Level,3743,9.3,3.7,8.8,Remote,8.9,4.6,6.2,6.9,False,6.4,1,Mid Career (30-39)
2112,25,Female,Married,Masters,Customer Support,Support Specialist,Associate,4980,17.6,4.0,5.0,Remote,9.2,3.0,8.3,5.6,False,9.5,0,Early Career (21-29)
2113,45,Female,Married,Masters,Marketing,Growth Manager,Management,8484,12.6,12.3,12.5,Onsite,8.9,4.1,6.1,5.1,False,3.7,0,Senior Career (40-49)
2114,40,Male,Single,Bachelors,Operations,Operations Manager,Senior Level,9230,10.7,13.0,18.4,Onsite,8.2,5.1,6.2,4.6,True,6.1,1,Senior Career (40-49)
2115,34,Male,Married,Bachelors,Operations,Operations Manager,Associate,7485,9.1,10.0,14.0,Onsite,4.9,6.3,4.3,5.1,True,6.7,1,Mid Career (30-39)
2116,32,Female,Single,Bachelors,Sales,Sales Manager,Management,12689,10.5,11.0,12.0,Onsite,9.6,5.0,6.1,6.9,True,4.3,1,Mid Career (30-39)
2117,36,Female,Single,High School,Engineering,Software Engineer,Mid Level,6168,7.0,11.1,12.4,Hybrid,6.9,3.0,5.8,6.5,True,1.7,0,Mid Career (30-39)
2118,40,Male,Married,Bachelors,Sales,Account Executive,Mid Level,7556,15.5,6.8,13.3,Onsite,11.2,3.3,6.9,4.4,False,4.7,0,Senior Career (40-49)
2119,36,Male,Divorced,PhD,Marketing,Growth Manager,Mid Level,6590,10.8,6.4,15.6,Onsite,7.8,4.8,6.1,4.4,False,6.8,0,Mid Career (30-39)
2120,29,Male,Married,Masters,Operations,Operations Manager,Associate,4704,4.7,3.2,9.0,Remote,3.3,2.9,5.8,7.9,True,3.0,0,Early Career (21-29)
2121,38,Male,Married,Bachelors,Operations,Operations Manager,Senior Level,9286,11.3,12.3,18.0,Onsite,4.4,2.9,5.8,6.5,False,2.9,0,Mid Career (30-39)
2122,38,Male,Divorced,Bachelors,Engineering,Data Engineer,Associate,8712,13.9,4.4,7.8,Hybrid,11.0,5.2,4.6,7.5,True,4.4,0,Mid Career (30-39)
2123,21,Male,Divorced,Bachelors,Research & Development,Research Scientist,Associate,6365,12.1,0.0,1.0,Onsite,8.3,3.8,7.7,7.2,False,3.7,0,Early Career (21-29)
2124,38,Female,Married,Masters,Engineering,QA Engineer,Associate,5824,2.6,4.4,10.0,Hybrid,14.0,5.9,3.7,4.6,False,4.4,1,Mid Career (30-39)
2125,34,Female,Married,High School,Engineering,Data Engineer,Associate,4662,8.9,4.8,9.0,Remote,14.2,6.9,5.6,5.2,True,1.0,0,Mid Career (30-39)
2126,38,Female,Single,Masters,Engineering,QA Engineer,Management,11339,11.5,10.8,17.5,Hybrid,9.9,4.1,8.2,5.0,True,2.5,0,Mid Career (30-39)
2127,45,Male,Married,Bachelors,Marketing,Marketing Specialist,Mid Level,7989,8.7,7.0,18.8,Hybrid,22.6,7.5,6.8,4.6,True,5.3,1,Senior Career (40-49)
2128,35,Male,Single,High School,Research & Development,Research Scientist,Senior Level,7665,15.0,7.6,10.9,Onsite,14.5,4.5,7.5,5.4,True,2.7,0,Mid Career (30-39)
2129,33,Female,Married,Masters,Operations,Program Manager,Mid Level,6275,7.2,7.9,13.0,Hybrid,3.7,2.6,6.1,7.5,False,6.1,0,Mid Career (30-39)
2130,53,Male,Single,Bachelors,Marketing,Content Strategist,Senior Level,7531,11.3,9.6,14.6,Hybrid,13.1,5.2,5.3,5.5,True,5.9,1,Pre-Retirement (50-64)
2131,29,Female,Married,Bachelors,Customer Support,Support Specialist,Entry Level,3885,9.7,2.9,8.6,Hybrid,8.5,5.5,3.3,5.9,False,7.6,1,Early Career (21-29)
2132,33,Male,Married,Bachelors,Research & Development,R&D Manager,Associate,8061,10.3,5.9,10.7,Hybrid,9.1,2.5,6.4,6.5,False,1.0,0,Mid Career (30-39)
2133,36,Male,Single,PhD,Human Resources,Recruiter,Mid Level,7373,11.3,9.6,15.2,Onsite,2.5,4.4,6.3,4.7,True,6.4,0,Mid Career (30-39)
2134,42,Male,Single,Masters,Customer Support,Customer Success Manager,Management,8522,13.5,10.4,11.5,Hybrid,12.7,4.5,7.4,3.9,False,5.7,0,Senior Career (40-49)
2135,51,Female,Single,Bachelors,Research & Development,Product Researcher,Management,12041,16.9,11.1,22.7,Hybrid,2.3,3.6,7.1,6.3,True,2.7,0,Pre-Retirement (50-64)
2136,35,Male,Married,High School,Engineering,Engineering Manager,Mid Level,9123,6.8,10.3,13.2,Hybrid,9.9,3.9,7.2,6.2,True,2.5,0,Mid Career (30-39)
2137,31,Female,Married,Bachelors,Finance,Finance Manager,Mid Level,5737,14.0,10.0,11.0,Onsite,16.3,4.8,6.2,4.3,True,4.8,0,Mid Career (30-39)
2138,37,Male,Single,Masters,Operations,Operations Manager,Mid Level,5947,9.0,7.8,10.8,Onsite,13.1,5.9,6.5,5.0,True,5.9,0,Mid Career (30-39)
2139,35,Female,Married,Masters,Human Resources,Recruiter,Mid Level,6664,15.9,6.3,14.3,Onsite,16.0,8.3,5.9,4.1,True,3.8,1,Mid Career (30-39)
2140,23,Female,Divorced,Bachelors,Sales,Account Executive,Entry Level,3188,9.3,2.0,3.0,Onsite,24.4,8.4,5.0,3.5,True,5.0,0,Early Career (21-29)
2141,29,Male,Single,Masters,Engineering,QA Engineer,Associate,5464,10.5,2.3,9.0,Hybrid,10.8,2.6,7.0,4.6,True,4.8,0,Early Career (21-29)
2142,42,Male,Single,Masters,Customer Support,Support Team Lead,Senior Level,6052,9.1,9.9,14.9,Onsite,8.4,3.9,7.1,6.0,False,6.5,0,Senior Career (40-49)
2143,45,Male,Divorced,High School,Customer Support,Support Team Lead,Management,8242,11.6,11.5,21.9,Onsite,7.5,4.7,7.3,6.8,False,9.8,0,Senior Career (40-49)
2144,45,Male,Single,High School,Engineering,Engineering Manager,Mid Level,7173,11.0,9.0,20.7,Hybrid,8.4,3.4,5.1,4.5,True,3.3,0,Senior Career (40-49)
2145,53,Male,Married,PhD,Operations,Operations Manager,Management,11277,10.3,12.9,25.2,Remote,1.0,1.4,9.9,8.2,True,5.7,0,Pre-Retirement (50-64)
2146,43,Male,Married,Masters,Operations,Operations Manager,Mid Level,5984,12.1,5.2,9.6,Onsite,3.7,3.3,7.9,5.3,False,4.9,0,Senior Career (40-49)
2147,42,Male,Married,Bachelors,Marketing,Growth Manager,Mid Level,5556,11.1,2.9,7.9,Hybrid,0.2,2.0,9.9,7.1,False,6.2,0,Senior Career (40-49)
2148,31,Male,Married,Masters,Sales,Sales Development Rep,Associate,7658,13.1,7.7,11.0,Hybrid,9.8,3.9,6.1,6.2,False,3.9,0,Mid Career (30-39)
2149,30,Male,Married,Bachelors,Sales,Account Executive,Associate,4169,17.4,0.8,3.8,Hybrid,16.8,5.6,6.4,3.3,False,2.0,0,Mid Career (30-39)
2150,40,Female,Single,High School,Operations,Program Manager,Mid Level,5761,13.7,9.9,14.1,Hybrid,8.7,3.3,9.3,5.7,True,7.4,0,Senior Career (40-49)
2151,38,Male,Married,Bachelors,Marketing,Marketing Specialist,Mid Level,8170,16.0,8.7,17.8,Remote,20.8,5.0,7.9,4.4,False,4.5,0,Mid Career (30-39)
2152,28,Male,Single,Bachelors,Operations,Operations Analyst,Entry Level,3408,9.7,4.0,8.0,Hybrid,8.0,4.5,7.6,6.4,True,4.6,0,Early Career (21-29)
2153,35,Female,Married,PhD,Operations,Operations Analyst,Mid Level,7344,9.3,7.3,13.4,Hybrid,3.2,4.7,3.1,6.7,True,4.8,0,Mid Career (30-39)
2154,38,Male,Married,High School,Research & Development,R&D Manager,Senior Level,10284,2.1,7.3,14.9,Onsite,3.2,4.0,4.1,7.8,False,3.5,0,Mid Career (30-39)
2155,27,Male,Single,Bachelors,Operations,Operations Manager,Mid Level,5352,11.1,6.0,7.0,Hybrid,3.6,3.2,5.4,5.0,False,1.6,0,Early Career (21-29)
2156,43,Male,Single,High School,Engineering,Software Engineer,Senior Level,7262,11.7,9.6,13.1,Remote,7.6,4.6,6.3,5.5,False,1.8,0,Senior Career (40-49)
2157,27,Male,Married,Bachelors,Engineering,Software Engineer,Entry Level,3777,8.3,2.6,7.0,Onsite,1.8,5.5,5.9,4.5,True,7.1,0,Early Career (21-29)
2158,48,Female,Single,High School,Finance,Accountant,Management,8923,6.3,11.0,20.6,Hybrid,0.4,3.1,6.0,6.6,False,7.6,1,Senior Career (40-49)
2159,56,Male,Married,Bachelors,Engineering,Engineering Manager,Management,11168,17.1,6.0,13.4,Hybrid,6.2,3.8,5.3,7.6,True,1.0,0,Pre-Retirement (50-64)
2160,38,Female,Single,Masters,Marketing,Growth Manager,Mid Level,6128,13.3,0.5,8.7,Remote,2.0,3.1,6.3,6.6,False,4.4,0,Mid Career (30-39)
2161,39,Female,Married,Bachelors,Sales,Account Executive,Mid Level,5632,10.5,11.8,19.0,Hybrid,8.8,5.1,6.2,4.7,False,3.5,0,Mid Career (30-39)
2162,34,Female,Divorced,Masters,Engineering,QA Engineer,Entry Level,5833,8.3,4.7,14.0,Onsite,3.7,5.8,5.0,6.0,True,3.5,0,Mid Career (30-39)
2163,27,Male,Single,Bachelors,Engineering,QA Engineer,Associate,5254,13.0,6.0,7.0,Onsite,5.9,4.8,7.7,7.6,True,4.8,0,Early Career (21-29)
2164,45,Female,Single,Bachelors,Engineering,Data Engineer,Senior Level,8314,14.4,7.0,9.4,Hybrid,7.2,3.4,7.7,7.1,True,3.3,0,Senior Career (40-49)
2165,43,Female,Married,Bachelors,Engineering,Engineering Manager,Senior Level,9133,7.6,6.7,9.4,Hybrid,2.0,4.2,6.1,7.9,True,2.0,0,Senior Career (40-49)
2166,45,Male,Single,Masters,Research & Development,Research Scientist,Management,12809,10.7,13.2,18.3,Remote,5.0,2.3,9.4,9.0,False,1.0,0,Senior Career (40-49)
2167,26,Male,Single,PhD,Sales,Account Executive,Associate,7102,12.3,5.0,6.0,Hybrid,9.6,4.0,6.3,5.4,False,6.3,0,Early Career (21-29)
2168,39,Male,Single,High School,Research & Development,R&D Manager,Mid Level,5688,8.3,7.0,15.2,Hybrid,2.3,3.2,6.0,6.7,True,1.0,1,Mid Career (30-39)
2169,53,Female,Married,Masters,Engineering,QA Engineer,Mid Level,11042,2.8,12.0,18.7,Hybrid,3.0,3.2,5.9,6.6,True,3.8,0,Pre-Retirement (50-64)
2170,36,Male,Divorced,Bachelors,Finance,Finance Manager,Mid Level,9516,13.6,4.8,11.3,Onsite,9.8,4.5,9.2,6.0,False,4.0,0,Mid Career (30-39)
2171,31,Female,Divorced,Bachelors,Marketing,Content Strategist,Mid Level,6154,9.6,6.6,10.5,Remote,0.1,2.2,8.1,6.8,False,7.2,0,Mid Career (30-39)
2172,36,Male,Single,Bachelors,Finance,Accountant,Entry Level,3920,9.4,3.4,5.6,Hybrid,14.7,5.4,6.0,5.8,False,6.1,0,Mid Career (30-39)
2173,48,Male,Married,Bachelors,Customer Support,Support Team Lead,Management,6055,17.3,11.4,16.3,Onsite,6.0,4.4,8.1,7.3,False,5.7,0,Senior Career (40-49)
2174,40,Female,Single,Bachelors,Sales,Sales Development Rep,Senior Level,6640,6.7,11.1,14.7,Onsite,16.9,6.1,6.1,4.4,True,6.5,1,Senior Career (40-49)
2175,42,Male,Single,High School,Operations,Program Manager,Senior Level,7549,2.8,11.9,20.5,Hybrid,6.8,3.6,5.0,7.4,True,2.8,1,Senior Career (40-49)
2176,38,Male,Single,Bachelors,Engineering,QA Engineer,Mid Level,8582,12.2,6.6,14.6,Remote,1.2,2.0,6.4,8.5,True,2.6,0,Mid Career (30-39)
2177,46,Male,Married,Bachelors,Operations,Operations Manager,Senior Level,6511,9.8,8.2,10.4,Onsite,4.0,3.7,7.5,6.9,False,3.9,0,Senior Career (40-49)
2178,37,Female,Married,Masters,Human Resources,HR Business Partner,Mid Level,5690,15.3,7.7,15.9,Remote,3.2,4.3,9.3,6.8,True,5.0,0,Mid Career (30-39)
2179,43,Female,Married,High School,Engineering,Engineering Manager,Associate,4988,13.0,6.9,9.5,Hybrid,6.5,5.0,6.5,4.6,True,5.4,0,Senior Career (40-49)
2180,21,Female,Married,Masters,Sales,Account Executive,Entry Level,3962,14.4,0.0,1.0,Onsite,4.9,3.9,5.3,6.1,True,6.3,0,Early Career (21-29)
2181,38,Female,Married,High School,Engineering,QA Engineer,Associate,4960,11.3,5.5,6.2,Remote,2.5,1.9,7.2,8.0,True,1.4,0,Mid Career (30-39)
2182,36,Female,Married,Bachelors,Operations,Operations Analyst,Associate,4365,8.5,7.7,16.0,Hybrid,3.7,2.8,6.5,6.4,False,4.9,0,Mid Career (30-39)
2183,40,Male,Divorced,Bachelors,Sales,Sales Development Rep,Associate,5923,8.1,3.9,9.2,Remote,23.8,7.5,6.2,3.9,False,4.6,1,Senior Career (40-49)
2184,40,Female,Married,Masters,Marketing,Growth Manager,Associate,4807,13.3,1.8,9.6,Hybrid,2.2,4.0,8.0,6.3,False,4.2,0,Senior Career (40-49)
2185,29,Female,Divorced,Bachelors,Finance,Finance Manager,Associate,3521,6.2,3.8,9.0,Onsite,4.0,4.5,3.4,6.0,False,6.0,1,Early Career (21-29)
2186,51,Female,Divorced,Masters,Sales,Sales Manager,Management,15059,15.2,10.3,16.2,Hybrid,4.9,4.5,5.9,5.2,True,3.1,1,Pre-Retirement (50-64)
2187,33,Male,Married,Masters,Research & Development,R&D Manager,Mid Level,7016,17.2,6.2,13.0,Remote,7.2,3.9,6.5,6.5,True,2.4,0,Mid Career (30-39)
2188,32,Female,Single,Bachelors,Operations,Program Manager,Mid Level,4982,14.3,11.0,12.0,Hybrid,8.3,2.9,5.4,6.1,True,3.8,0,Mid Career (30-39)
2189,28,Female,Single,Bachelors,Finance,Accountant,Entry Level,3719,16.8,0.0,7.3,Hybrid,4.5,1.6,7.0,5.5,True,6.6,0,Early Career (21-29)
2190,31,Female,Single,Bachelors,Engineering,Software Engineer,Associate,4392,5.5,6.3,5.2,Onsite,5.2,4.6,6.1,7.0,True,6.2,0,Mid Career (30-39)
2191,38,Female,Divorced,Bachelors,Sales,Sales Development Rep,Senior Level,10234,12.1,14.7,18.0,Hybrid,12.3,7.4,5.7,4.1,True,6.0,0,Mid Career (30-39)
2192,39,Female,Single,High School,Sales,Sales Manager,Mid Level,6862,4.7,8.2,13.6,Remote,8.1,4.8,4.2,7.1,False,6.2,1,Mid Career (30-39)
2193,44,Female,Married,High School,Operations,Operations Manager,Mid Level,3818,15.1,7.2,14.2,Hybrid,13.5,3.7,8.2,5.3,True,6.1,0,Senior Career (40-49)
2194,38,Male,Married,Bachelors,Engineering,QA Engineer,Mid Level,8459,8.6,5.6,11.7,Onsite,5.7,3.2,5.7,6.2,True,1.6,0,Mid Career (30-39)
2195,28,Female,Married,Masters,Engineering,Data Engineer,Associate,5889,4.4,5.0,8.0,Remote,3.6,2.9,6.8,7.5,False,3.2,0,Early Career (21-29)
2196,47,Female,Single,Bachelors,Customer Support,Customer Success Manager,Senior Level,7429,7.7,8.5,22.0,Hybrid,6.7,5.2,3.6,4.9,False,5.1,0,Senior Career (40-49)
2197,36,Male,Single,Masters,Sales,Sales Manager,Mid Level,8433,11.7,5.7,9.8,Hybrid,5.3,1.9,9.2,7.2,False,5.0,0,Mid Career (30-39)
2198,24,Female,Married,High School,Sales,Sales Manager,Associate,3729,13.0,3.0,4.0,Hybrid,3.6,3.0,7.0,7.3,True,7.2,0,Early Career (21-29)
2199,31,Male,Married,Bachelors,Engineering,QA Engineer,Associate,6326,17.7,7.0,11.0,Remote,1.5,1.0,9.2,6.7,False,3.7,0,Mid Career (30-39)
2200,29,Female,Single,Bachelors,Engineering,QA Engineer,Entry Level,5084,13.8,4.3,9.0,Hybrid,10.0,6.1,6.4,6.6,True,3.2,1,Early Career (21-29)
2201,35,Male,Married,Masters,Sales,Sales Manager,Mid Level,8440,17.9,8.5,15.0,Remote,3.8,2.9,8.4,6.6,True,3.9,0,Mid Career (30-39)
2202,51,Male,Married,Bachelors,Marketing,Marketing Specialist,Management,9510,10.0,9.0,15.7,Remote,8.2,5.7,5.2,7.3,True,4.0,0,Pre-Retirement (50-64)
2203,37,Female,Divorced,Masters,Research & Development,R&D Manager,Associate,7196,15.0,7.3,13.2,Remote,12.4,3.9,5.4,4.8,True,4.4,0,Mid Career (30-39)
2204,29,Female,Divorced,Bachelors,Operations,Program Manager,Associate,4065,7.4,3.1,8.5,Hybrid,19.7,8.4,2.6,3.0,False,3.1,1,Early Career (21-29)
2205,44,Male,Single,Masters,Engineering,Engineering Manager,Mid Level,10481,10.4,7.3,9.8,Hybrid,7.5,3.6,6.4,5.0,True,3.8,0,Senior Career (40-49)
2206,42,Male,Single,Bachelors,Operations,Program Manager,Mid Level,8473,6.7,6.3,10.5,Hybrid,6.6,4.1,7.3,6.1,True,6.8,0,Senior Career (40-49)
2207,33,Male,Married,Bachelors,Engineering,Data Engineer,Associate,5741,7.0,10.0,13.0,Onsite,9.6,5.7,6.7,4.6,True,2.8,0,Mid Career (30-39)
2208,38,Male,Married,Bachelors,Operations,Operations Manager,Mid Level,6782,7.7,4.5,14.6,Hybrid,7.5,5.8,2.5,6.1,True,8.0,1,Mid Career (30-39)
2209,49,Female,Single,Masters,Sales,Sales Development Rep,Senior Level,14723,9.7,11.6,19.8,Hybrid,5.1,1.0,7.9,7.9,True,2.1,0,Senior Career (40-49)
2210,42,Female,Single,Bachelors,Operations,Operations Analyst,Associate,4713,12.5,3.1,12.2,Onsite,1.8,3.4,6.1,5.7,False,4.5,0,Senior Career (40-49)
2211,21,Male,Single,Bachelors,Research & Development,Research Scientist,Entry Level,3714,11.2,0.0,1.0,Onsite,15.5,5.9,4.2,5.4,True,3.0,1,Early Career (21-29)
2212,25,Female,Married,Bachelors,Research & Development,Product Researcher,Entry Level,4216,13.2,2.3,5.0,Remote,4.4,1.9,6.8,6.8,False,4.3,0,Early Career (21-29)
2213,42,Female,Married,High School,Human Resources,Recruiter,Mid Level,5644,9.8,5.4,15.4,Remote,1.0,2.7,5.4,7.2,True,3.8,1,Senior Career (40-49)
2214,25,Male,Married,High School,Engineering,Software Engineer,Entry Level,3414,15.1,4.0,5.0,Onsite,7.4,5.1,5.2,4.8,True,4.2,1,Early Career (21-29)
2215,29,Male,Single,High School,Engineering,Software Engineer,Associate,4102,12.9,8.0,9.0,Hybrid,6.8,2.9,7.1,6.7,False,6.3,0,Early Career (21-29)
2216,31,Female,Single,Masters,Engineering,Data Engineer,Entry Level,7474,8.5,8.0,11.0,Remote,10.1,3.2,6.8,4.9,True,1.5,0,Mid Career (30-39)
2217,45,Female,Single,Bachelors,Engineering,Software Engineer,Mid Level,6085,14.3,6.5,14.4,Hybrid,1.7,2.6,5.7,6.1,True,2.4,0,Senior Career (40-49)
2218,36,Female,Married,Bachelors,Sales,Sales Development Rep,Entry Level,3376,11.3,0.0,5.1,Hybrid,6.9,4.6,5.2,6.0,False,3.6,0,Mid Career (30-39)
2219,52,Male,Married,Masters,Customer Support,Support Team Lead,Senior Level,7281,6.8,9.2,12.4,Hybrid,11.0,5.5,4.3,4.4,False,4.4,1,Pre-Retirement (50-64)
2220,28,Male,Married,Bachelors,Sales,Sales Development Rep,Entry Level,3146,8.1,1.1,4.4,Onsite,23.1,6.6,5.5,2.0,True,4.3,1,Early Career (21-29)
2221,46,Female,Single,Masters,Sales,Sales Manager,Management,11553,8.9,12.6,20.1,Hybrid,5.9,3.3,7.3,4.7,False,5.0,0,Senior Career (40-49)
2222,33,Male,Divorced,Bachelors,Customer Support,Customer Success Manager,Senior Level,5907,7.3,8.8,12.5,Hybrid,2.0,1.7,7.7,6.1,False,6.2,0,Mid Career (30-39)
2223,36,Female,Single,Bachelors,Operations,Program Manager,Associate,4754,16.5,4.0,15.3,Remote,3.2,2.4,7.4,7.6,True,4.1,1,Mid Career (30-39)
2224,37,Female,Married,Bachelors,Sales,Account Executive,Associate,4981,15.3,2.4,7.2,Remote,8.3,2.2,7.2,7.2,True,6.0,0,Mid Career (30-39)
2225,37,Male,Single,Masters,Marketing,Growth Manager,Mid Level,7769,6.2,8.2,13.2,Hybrid,10.2,3.3,5.0,5.8,False,3.5,0,Mid Career (30-39)
2226,21,Female,Married,Bachelors,Human Resources,Recruiter,Associate,4550,9.3,0.0,1.0,Hybrid,8.9,4.5,4.8,4.4,False,3.3,1,Early Career (21-29)
2227,29,Female,Married,Masters,Operations,Program Manager,Associate,5325,8.3,5.7,6.6,Hybrid,5.2,2.9,10.0,6.6,True,4.5,0,Early Career (21-29)
2228,46,Female,Married,High School,Engineering,Engineering Manager,Management,9312,1.4,12.3,19.2,Hybrid,17.8,8.5,2.9,3.5,True,3.4,1,Senior Career (40-49)
2229,43,Male,Married,Bachelors,Operations,Operations Manager,Mid Level,5935,7.9,6.6,7.4,Remote,1.0,1.6,6.8,9.2,False,6.1,0,Senior Career (40-49)
2230,43,Female,Married,PhD,Engineering,QA Engineer,Mid Level,9572,12.5,6.5,13.3,Onsite,9.3,4.2,7.1,5.9,True,2.5,0,Senior Career (40-49)
2231,40,Male,Married,PhD,Finance,Financial Analyst,Associate,5532,2.7,7.9,12.0,Onsite,12.2,5.2,6.0,5.3,False,3.2,1,Senior Career (40-49)
2232,31,Female,Married,Bachelors,Research & Development,Product Researcher,Mid Level,7077,10.6,8.6,7.5,Hybrid,10.3,7.3,5.0,6.0,True,3.1,0,Mid Career (30-39)
2233,34,Female,Divorced,Masters,Engineering,Software Engineer,Senior Level,10691,14.6,12.6,14.0,Hybrid,1.6,4.2,8.3,7.2,False,6.4,0,Mid Career (30-39)
2234,39,Male,Married,Bachelors,Operations,Operations Manager,Senior Level,6613,7.5,9.5,10.2,Onsite,4.1,3.5,7.0,6.3,False,6.3,0,Mid Career (30-39)
2235,41,Male,Single,Masters,Sales,Sales Manager,Mid Level,8225,11.9,1.3,5.8,Hybrid,10.0,3.3,8.7,6.6,True,4.8,0,Senior Career (40-49)
2236,39,Male,Single,Masters,Engineering,QA Engineer,Associate,7063,10.8,3.7,6.2,Onsite,2.6,4.6,5.5,4.9,False,5.4,0,Mid Career (30-39)
2237,26,Female,Married,PhD,Marketing,Marketing Specialist,Associate,4729,15.0,2.5,6.0,Remote,14.1,6.1,5.8,5.2,True,4.0,0,Early Career (21-29)
2238,34,Male,Divorced,Bachelors,Engineering,Data Engineer,Associate,6341,16.4,5.1,8.4,Remote,7.3,1.3,9.5,5.9,True,4.2,0,Mid Career (30-39)
2239,38,Female,Married,PhD,Marketing,Marketing Specialist,Associate,7298,2.9,5.0,12.5,Hybrid,7.4,5.6,7.2,7.4,True,4.6,1,Mid Career (30-39)
2240,36,Male,Single,Bachelors,Finance,Financial Analyst,Entry Level,3999,4.6,5.2,12.5,Onsite,2.3,2.0,6.7,8.1,True,2.0,0,Mid Career (30-39)
2241,35,Male,Married,Masters,Operations,Operations Analyst,Entry Level,3636,9.3,4.1,10.8,Remote,7.5,1.0,6.2,6.3,False,4.9,0,Mid Career (30-39)
2242,22,Male,Single,Bachelors,Customer Support,Support Team Lead,Mid Level,4288,13.3,1.0,2.0,Onsite,1.7,3.8,7.2,6.9,False,8.0,0,Early Career (21-29)
2243,37,Male,Single,Masters,Customer Support,Support Team Lead,Mid Level,5402,12.4,9.8,15.2,Hybrid,4.6,4.4,5.2,4.8,True,6.5,0,Mid Career (30-39)
2244,31,Male,Single,Masters,Marketing,Growth Manager,Management,12318,14.4,8.3,11.0,Hybrid,7.8,2.5,10.0,6.9,True,4.4,0,Mid Career (30-39)
2245,33,Male,Divorced,Bachelors,Customer Support,Support Specialist,Associate,3140,15.1,7.1,11.6,Hybrid,19.1,8.1,3.1,4.9,False,6.4,1,Mid Career (30-39)
2246,35,Female,Married,Masters,Customer Support,Support Team Lead,Associate,3333,13.6,5.0,11.7,Onsite,12.4,4.9,6.5,6.0,False,7.0,0,Mid Career (30-39)
2247,35,Female,Single,Bachelors,Marketing,Marketing Specialist,Entry Level,3231,6.7,2.2,11.3,Remote,7.8,3.9,3.8,6.9,True,6.2,1,Mid Career (30-39)
2248,38,Female,Married,High School,Engineering,Engineering Manager,Senior Level,7338,14.5,9.0,13.9,Onsite,4.7,2.8,8.2,7.4,False,4.2,0,Mid Career (30-39)
2249,41,Male,Divorced,PhD,Sales,Sales Manager,Senior Level,7437,14.9,8.7,14.9,Hybrid,4.3,3.0,7.9,7.5,False,3.1,0,Senior Career (40-49)
2250,37,Female,Single,PhD,Operations,Program Manager,Senior Level,8104,12.8,9.4,15.3,Hybrid,6.7,4.8,7.4,4.7,False,4.9,0,Mid Career (30-39)
2251,42,Male,Married,High School,Human Resources,HR Manager,Senior Level,5816,6.5,6.1,9.6,Remote,1.4,1.5,5.5,7.1,True,5.0,0,Senior Career (40-49)
2252,23,Female,Married,High School,Engineering,Data Engineer,Entry Level,3802,12.7,2.0,3.0,Onsite,1.5,2.3,8.0,8.6,True,2.6,0,Early Career (21-29)
2253,41,Female,Married,Bachelors,Customer Support,Support Team Lead,Management,7817,11.8,10.4,16.0,Remote,13.6,7.3,6.6,4.5,False,7.0,0,Senior Career (40-49)
2254,21,Non-binary,Married,Masters,Finance,Accountant,Entry Level,3551,13.8,0.0,1.0,Hybrid,1.1,3.7,6.6,7.6,False,4.9,0,Early Career (21-29)
2255,38,Male,Single,Bachelors,Engineering,Data Engineer,Associate,4599,12.6,4.9,10.0,Hybrid,2.1,2.9,5.5,8.4,False,6.2,0,Mid Career (30-39)
2256,46,Male,Single,Bachelors,Customer Support,Support Team Lead,Management,6622,7.7,8.8,19.2,Hybrid,2.1,3.9,7.8,6.9,False,5.7,0,Senior Career (40-49)
2257,44,Female,Single,Bachelors,Marketing,Marketing Specialist,Mid Level,6859,11.1,4.5,14.2,Onsite,6.9,3.7,7.4,5.8,False,5.8,0,Senior Career (40-49)
2258,38,Male,Single,Bachelors,Sales,Account Executive,Mid Level,9429,6.0,6.5,7.1,Hybrid,11.0,6.4,5.5,5.9,True,4.7,0,Mid Career (30-39)
2259,45,Female,Married,PhD,Marketing,Growth Manager,Management,12665,12.3,9.8,16.2,Onsite,5.0,3.7,7.1,5.1,False,3.4,0,Senior Career (40-49)
2260,31,Male,Single,Bachelors,Human Resources,HR Manager,Mid Level,6529,11.6,10.0,11.0,Onsite,3.1,4.1,7.1,7.5,True,6.8,0,Mid Career (30-39)
2261,33,Female,Single,Masters,Research & Development,Research Scientist,Entry Level,4525,15.5,1.2,10.9,Hybrid,9.1,6.7,6.7,5.8,True,8.0,1,Mid Career (30-39)
2262,28,Male,Single,Bachelors,Operations,Operations Analyst,Associate,4933,7.5,7.0,8.0,Remote,7.9,4.0,5.9,5.8,False,4.2,0,Early Career (21-29)
2263,26,Male,Divorced,PhD,Engineering,Data Engineer,Associate,7075,5.0,5.0,6.0,Onsite,5.7,3.0,6.5,6.9,True,7.3,0,Early Career (21-29)
2264,53,Female,Married,High School,Sales,Sales Development Rep,Management,9619,14.0,13.8,18.0,Hybrid,6.8,3.3,8.5,6.1,False,4.6,0,Pre-Retirement (50-64)
2265,32,Female,Single,High School,Engineering,Data Engineer,Associate,4663,9.6,1.4,12.0,Hybrid,0.7,1.8,6.0,8.1,False,4.8,0,Mid Career (30-39)
2266,36,Male,Single,Masters,Sales,Sales Manager,Mid Level,10699,7.1,10.1,15.0,Onsite,7.9,7.9,2.7,3.9,False,6.4,1,Mid Career (30-39)
2267,45,Female,Single,Bachelors,Customer Support,Support Team Lead,Management,6317,17.3,13.0,21.1,Remote,6.6,3.0,7.7,8.4,False,7.3,0,Senior Career (40-49)
2268,31,Female,Married,Bachelors,Sales,Account Executive,Associate,6266,10.1,6.7,8.7,Hybrid,3.8,2.0,7.7,7.0,False,5.6,0,Mid Career (30-39)
2269,39,Female,Married,Bachelors,Customer Support,Support Team Lead,Associate,3524,6.8,7.9,13.7,Onsite,12.5,5.4,5.7,4.7,True,9.2,1,Mid Career (30-39)
2270,48,Female,Married,Bachelors,Sales,Account Executive,Mid Level,7423,12.5,7.3,9.5,Onsite,8.9,3.6,5.9,4.8,False,4.6,0,Senior Career (40-49)
2271,26,Male,Married,Bachelors,Finance,Accountant,Entry Level,4815,9.6,1.9,6.0,Hybrid,4.5,5.2,7.2,6.0,True,6.9,0,Early Career (21-29)
2272,31,Male,Married,Masters,Engineering,Engineering Manager,Associate,7340,9.4,3.8,7.0,Onsite,3.8,3.8,4.6,5.6,True,4.7,1,Mid Career (30-39)
2273,49,Female,Single,Masters,Engineering,Engineering Manager,Mid Level,11913,12.4,7.9,12.9,Onsite,5.3,4.3,6.0,5.8,True,6.9,0,Senior Career (40-49)
2274,27,Male,Single,High School,Sales,Account Executive,Entry Level,3807,16.2,0.0,7.0,Hybrid,6.2,5.3,7.2,4.7,False,6.2,0,Early Career (21-29)
2275,34,Male,Married,Masters,Customer Support,Customer Success Manager,Associate,5435,13.9,5.2,8.8,Onsite,2.1,3.4,7.9,5.7,True,6.1,0,Mid Career (30-39)
2276,41,Female,Married,Masters,Operations,Program Manager,Senior Level,11160,16.7,13.4,20.5,Remote,7.7,4.6,7.0,5.7,True,3.1,0,Senior Career (40-49)
2277,39,Male,Married,Masters,Engineering,QA Engineer,Associate,6413,6.1,4.4,9.0,Remote,22.4,7.7,7.0,3.3,True,1.9,0,Mid Career (30-39)
2278,35,Male,Single,Masters,Sales,Sales Manager,Management,8933,10.0,8.0,15.0,Remote,13.9,6.8,3.1,3.6,False,3.3,1,Mid Career (30-39)
2279,37,Female,Single,Bachelors,Engineering,QA Engineer,Mid Level,12186,12.6,9.0,17.0,Hybrid,15.0,4.1,8.1,4.5,True,4.6,0,Mid Career (30-39)
2280,40,Male,Married,PhD,Finance,Financial Analyst,Mid Level,8592,16.6,9.3,14.4,Remote,10.0,8.6,4.7,5.0,False,5.0,1,Senior Career (40-49)
2281,33,Male,Single,PhD,Research & Development,R&D Manager,Mid Level,10855,11.6,5.5,9.8,Hybrid,4.8,3.8,8.3,6.5,True,4.7,0,Mid Career (30-39)
2282,36,Male,Married,Bachelors,Finance,Financial Analyst,Mid Level,7270,15.0,6.5,13.4,Hybrid,16.0,6.3,5.7,3.5,True,2.9,0,Mid Career (30-39)
2283,25,Male,Divorced,Bachelors,Operations,Operations Analyst,Mid Level,4188,8.8,3.6,5.0,Onsite,9.1,4.0,4.6,5.4,False,1.6,0,Early Career (21-29)
2284,45,Female,Single,Masters,Sales,Account Executive,Senior Level,8969,10.5,10.8,15.3,Hybrid,8.2,3.8,6.9,5.5,False,6.8,0,Senior Career (40-49)
2285,39,Male,Single,Masters,Operations,Operations Manager,Mid Level,5679,10.0,6.4,19.0,Onsite,11.1,4.7,6.7,4.7,False,5.3,0,Mid Career (30-39)
2286,27,Female,Married,Masters,Marketing,Marketing Specialist,Entry Level,3904,12.1,2.4,7.0,Onsite,1.2,1.2,9.3,6.8,True,3.9,0,Early Career (21-29)
2287,21,Female,Married,Bachelors,Operations,Operations Analyst,Mid Level,4583,11.2,0.0,1.0,Remote,15.7,6.1,6.1,4.6,False,4.1,0,Early Career (21-29)
2288,21,Male,Married,High School,Engineering,Software Engineer,Entry Level,3575,9.8,0.0,1.0,Remote,5.2,1.7,7.1,8.1,True,1.0,0,Early Career (21-29)
2289,30,Male,Single,Masters,Operations,Operations Analyst,Mid Level,8839,10.8,6.3,10.0,Hybrid,7.2,5.2,6.3,5.3,False,2.2,0,Mid Career (30-39)
2290,31,Male,Married,Bachelors,Engineering,Data Engineer,Associate,6385,16.1,3.4,11.0,Onsite,5.0,3.3,5.4,7.3,True,3.4,0,Mid Career (30-39)
2291,35,Female,Single,Bachelors,Sales,Sales Manager,Mid Level,6472,16.3,5.1,13.4,Onsite,14.3,6.8,3.5,4.7,False,3.5,1,Mid Career (30-39)
2292,50,Male,Single,Bachelors,Sales,Sales Development Rep,Associate,5421,15.3,4.0,8.6,Onsite,15.1,7.5,3.6,4.5,False,9.8,0,Pre-Retirement (50-64)
2293,28,Female,Single,Bachelors,Sales,Sales Development Rep,Associate,4149,12.5,7.0,8.0,Hybrid,2.4,5.1,6.1,6.1,True,5.8,0,Early Career (21-29)
2294,56,Male,Single,Masters,Engineering,Engineering Manager,Management,11629,13.2,9.6,21.2,Onsite,2.3,3.9,8.2,9.3,True,2.5,0,Pre-Retirement (50-64)
2295,35,Male,Single,Bachelors,Finance,Financial Analyst,Associate,4637,16.0,4.3,7.6,Hybrid,17.2,5.0,7.5,4.8,False,4.8,0,Mid Career (30-39)
2296,41,Female,Single,Masters,Finance,Finance Manager,Mid Level,7888,14.3,8.8,11.5,Onsite,1.4,3.2,8.2,7.1,True,6.5,0,Senior Career (40-49)
2297,45,Female,Single,Masters,Engineering,Engineering Manager,Senior Level,11403,10.6,10.8,19.8,Hybrid,4.7,1.9,10.0,6.1,True,1.7,0,Senior Career (40-49)
2298,39,Male,Single,Bachelors,Operations,Operations Analyst,Associate,4305,15.1,7.9,13.4,Remote,0.2,2.3,9.6,7.1,True,5.9,0,Mid Career (30-39)
2299,37,Non-binary,Single,Bachelors,Operations,Operations Analyst,Mid Level,4533,17.0,10.7,14.3,Onsite,3.9,4.5,7.1,6.1,False,6.7,0,Mid Career (30-39)
2300,28,Male,Single,Masters,Research & Development,Product Researcher,Associate,5504,7.2,5.6,8.0,Onsite,1.6,4.3,5.5,5.6,True,4.6,0,Early Career (21-29)
2301,43,Female,Single,Bachelors,Customer Support,Customer Success Manager,Management,7239,6.6,13.6,20.0,Remote,10.4,5.3,7.3,4.9,False,6.3,0,Senior Career (40-49)
2302,33,Male,Married,Bachelors,Research & Development,Research Scientist,Associate,4505,9.3,6.1,13.0,Onsite,4.9,3.4,7.3,6.4,True,3.1,0,Mid Career (30-39)
2303,28,Female,Married,Bachelors,Research & Development,Research Scientist,Associate,5089,11.0,4.6,8.0,Remote,12.5,5.5,7.3,3.7,True,3.5,1,Early Career (21-29)
2304,22,Male,Married,Masters,Customer Support,Support Team Lead,Associate,2744,9.8,1.0,2.0,Hybrid,2.1,2.5,8.0,9.0,False,8.0,0,Early Career (21-29)
2305,51,Female,Married,Bachelors,Research & Development,Research Scientist,Senior Level,8959,10.6,6.7,6.1,Hybrid,5.0,2.6,8.6,7.3,False,1.6,0,Pre-Retirement (50-64)
2306,30,Female,Single,Bachelors,Research & Development,Product Researcher,Entry Level,4470,9.4,3.5,3.1,Hybrid,6.8,4.5,8.6,6.7,True,3.9,0,Mid Career (30-39)
2307,36,Female,Married,Masters,Sales,Sales Development Rep,Senior Level,7478,15.2,5.5,7.4,Hybrid,5.4,3.7,6.5,6.1,True,4.5,0,Mid Career (30-39)
2308,32,Female,Single,Masters,Engineering,QA Engineer,Associate,7730,5.6,6.4,11.0,Hybrid,6.3,3.2,8.1,7.0,True,4.3,0,Mid Career (30-39)
2309,46,Female,Married,High School,Research & Development,Product Researcher,Management,10927,11.4,10.5,17.1,Onsite,8.4,1.8,9.8,5.8,True,2.4,0,Senior Career (40-49)
2310,48,Female,Married,Bachelors,Sales,Account Executive,Management,13240,12.2,14.5,22.8,Hybrid,6.3,2.1,8.0,5.7,False,6.8,0,Senior Career (40-49)
2311,38,Male,Single,Bachelors,Customer Support,Support Team Lead,Mid Level,5247,8.4,6.0,12.1,Onsite,10.5,5.0,6.1,5.0,False,6.9,1,Mid Career (30-39)
2312,42,Female,Single,Bachelors,Research & Development,R&D Manager,Management,9233,14.9,8.7,12.7,Hybrid,7.3,6.3,5.0,5.1,True,3.8,1,Senior Career (40-49)
2313,36,Female,Single,High School,Finance,Financial Analyst,Mid Level,5929,13.2,6.0,15.3,Hybrid,6.6,3.8,8.1,5.2,True,6.0,0,Mid Career (30-39)
2314,26,Male,Single,Bachelors,Sales,Sales Development Rep,Associate,5268,17.9,4.0,6.0,Hybrid,7.1,4.6,6.0,5.7,True,6.1,0,Early Career (21-29)
2315,45,Male,Married,Bachelors,Operations,Operations Manager,Management,8892,13.5,7.1,14.8,Remote,11.2,4.1,5.7,6.1,True,3.6,0,Senior Career (40-49)
2316,21,Female,Single,Bachelors,Customer Support,Support Specialist,Entry Level,2450,19.1,0.0,1.0,Remote,6.7,1.9,9.3,8.6,False,7.5,0,Early Career (21-29)
2317,42,Female,Single,High School,Engineering,Engineering Manager,Mid Level,8309,11.4,5.6,11.5,Onsite,7.5,5.0,6.6,6.1,False,1.4,0,Senior Career (40-49)
2318,34,Female,Married,Bachelors,Customer Support,Support Team Lead,Associate,3312,17.5,5.1,10.1,Hybrid,6.9,4.1,6.7,5.4,False,6.1,0,Mid Career (30-39)
2319,34,Female,Single,High School,Operations,Operations Analyst,Associate,3174,9.2,5.3,9.2,Remote,11.2,3.3,5.0,5.0,False,5.1,0,Mid Career (30-39)
2320,34,Female,Single,Masters,Research & Development,R&D Manager,Mid Level,9191,5.6,5.6,13.4,Remote,4.8,3.1,6.3,6.3,False,4.9,0,Mid Career (30-39)
2321,43,Female,Divorced,High School,Sales,Account Executive,Associate,4107,13.8,4.7,9.5,Onsite,16.6,3.9,8.5,3.6,False,2.7,0,Senior Career (40-49)
2322,42,Female,Married,Bachelors,Customer Support,Support Team Lead,Mid Level,4827,12.6,7.4,11.6,Onsite,5.9,2.4,8.9,5.6,True,4.9,0,Senior Career (40-49)
2323,32,Female,Single,Masters,Engineering,QA Engineer,Associate,6279,14.8,6.6,12.0,Onsite,4.5,4.2,6.5,7.2,True,3.9,0,Mid Career (30-39)
2324,41,Female,Married,Masters,Operations,Program Manager,Mid Level,6181,10.9,6.7,16.5,Hybrid,2.2,2.5,6.3,6.9,True,5.7,0,Senior Career (40-49)
2325,45,Female,Divorced,Bachelors,Research & Development,R&D Manager,Senior Level,9972,19.5,11.7,19.8,Hybrid,5.6,1.8,9.0,6.0,True,1.0,0,Senior Career (40-49)
2326,37,Female,Divorced,Bachelors,Human Resources,HR Manager,Management,10151,13.9,8.5,13.4,Hybrid,12.7,4.1,7.2,6.0,False,2.0,0,Mid Career (30-39)
2327,40,Male,Single,Bachelors,Engineering,Engineering Manager,Senior Level,9081,13.8,9.2,14.8,Hybrid,11.9,4.2,5.1,5.1,False,3.3,0,Senior Career (40-49)
2328,26,Female,Married,Bachelors,Research & Development,Research Scientist,Associate,4949,14.8,5.0,6.0,Onsite,8.8,4.8,7.5,4.6,True,5.0,0,Early Career (21-29)
2329,41,Non-binary,Single,Masters,Finance,Financial Analyst,Senior Level,9785,18.4,7.5,17.2,Hybrid,3.2,3.5,5.3,6.8,False,5.7,0,Senior Career (40-49)
2330,48,Male,Married,Bachelors,Engineering,Engineering Manager,Management,13132,11.1,12.9,22.6,Hybrid,9.5,4.5,6.5,6.3,False,2.8,0,Senior Career (40-49)
2331,33,Female,Married,Bachelors,Customer Support,Support Specialist,Associate,4879,14.0,6.7,8.8,Remote,4.4,2.7,5.9,6.4,False,8.0,0,Mid Career (30-39)
2332,36,Female,Single,Masters,Customer Support,Customer Success Manager,Mid Level,6967,5.5,10.1,16.0,Remote,2.4,5.6,7.7,5.3,True,6.2,0,Mid Career (30-39)
2333,33,Male,Single,Bachelors,Research & Development,Product Researcher,Entry Level,4084,14.9,2.5,9.1,Hybrid,2.4,2.9,8.0,7.0,False,4.3,0,Mid Career (30-39)
2334,33,Male,Divorced,Masters,Finance,Financial Analyst,Associate,5459,14.7,3.9,5.9,Remote,24.8,6.4,3.6,1.0,False,4.5,1,Mid Career (30-39)
2335,44,Male,Single,Bachelors,Engineering,Data Engineer,Management,12915,13.3,11.1,18.7,Hybrid,1.8,4.0,5.7,6.2,False,5.1,0,Senior Career (40-49)
2336,40,Female,Married,High School,Finance,Financial Analyst,Associate,4463,9.1,1.1,12.6,Onsite,8.1,2.9,7.5,6.1,False,5.0,0,Senior Career (40-49)
2337,34,Male,Divorced,Bachelors,Marketing,Content Strategist,Associate,4728,14.7,3.7,5.7,Remote,3.9,2.1,7.9,6.9,True,8.9,0,Mid Career (30-39)
2338,41,Male,Single,Masters,Marketing,Content Strategist,Senior Level,7644,5.3,12.8,17.2,Hybrid,6.7,5.0,5.1,4.5,False,7.1,0,Senior Career (40-49)
2339,29,Male,Married,Bachelors,Engineering,QA Engineer,Mid Level,7100,12.3,6.2,9.0,Onsite,11.0,5.8,6.3,3.9,True,3.0,1,Early Career (21-29)
2340,46,Female,Single,Bachelors,Engineering,Engineering Manager,Senior Level,8264,16.1,11.7,16.4,Hybrid,3.7,3.1,8.2,6.2,True,5.6,0,Senior Career (40-49)
2341,30,Female,Married,Masters,Engineering,Data Engineer,Entry Level,5055,6.4,0.9,8.5,Hybrid,22.5,5.3,5.9,4.4,True,3.2,0,Mid Career (30-39)
2342,28,Female,Married,Masters,Engineering,Software Engineer,Entry Level,5593,8.0,6.2,8.0,Hybrid,9.2,4.2,6.0,5.9,True,3.6,0,Early Career (21-29)
2343,29,Male,Single,Masters,Sales,Account Executive,Entry Level,3756,15.0,3.9,2.5,Hybrid,3.8,4.7,6.9,6.9,False,8.8,0,Early Career (21-29)
2344,41,Male,Divorced,Bachelors,Marketing,Content Strategist,Associate,4666,10.8,9.2,15.3,Hybrid,6.6,2.6,7.4,6.9,True,5.4,0,Senior Career (40-49)
2345,25,Male,Married,Masters,Operations,Operations Analyst,Entry Level,3699,14.6,3.7,5.0,Onsite,5.6,3.8,6.8,5.9,False,3.3,1,Early Career (21-29)
2346,43,Female,Married,Masters,Marketing,Growth Manager,Mid Level,6425,15.6,11.8,19.9,Hybrid,4.4,2.4,7.0,6.5,True,4.4,0,Senior Career (40-49)
2347,36,Female,Single,Bachelors,Marketing,Growth Manager,Mid Level,5424,6.6,10.7,11.0,Hybrid,4.0,5.4,6.3,6.5,True,7.0,0,Mid Career (30-39)
2348,47,Male,Single,Bachelors,Engineering,Engineering Manager,Management,13227,12.8,13.7,15.6,Hybrid,9.2,3.7,8.9,6.3,True,5.8,0,Senior Career (40-49)
2349,28,Female,Divorced,Masters,Engineering,Software Engineer,Mid Level,10110,11.1,3.6,7.8,Onsite,5.2,4.9,6.3,6.7,True,1.0,0,Early Career (21-29)
2350,35,Male,Married,Bachelors,Sales,Sales Manager,Senior Level,5696,8.9,7.6,15.0,Hybrid,3.8,4.3,5.3,6.4,False,7.0,0,Mid Career (30-39)
2351,43,Female,Married,Bachelors,Engineering,Data Engineer,Mid Level,10343,14.4,8.2,9.3,Onsite,0.8,4.1,6.7,8.2,True,3.4,0,Senior Career (40-49)
2352,52,Male,Married,Masters,Engineering,Data Engineer,Management,16218,14.6,11.2,15.1,Remote,2.9,1.0,10.0,6.9,True,3.3,0,Pre-Retirement (50-64)
2353,39,Female,Married,Bachelors,Sales,Account Executive,Entry Level,3997,2.9,5.5,11.2,Onsite,4.0,4.4,4.2,7.3,False,5.2,1,Mid Career (30-39)
2354,37,Female,Married,Masters,Engineering,Data Engineer,Senior Level,8425,8.1,5.2,16.2,Hybrid,4.7,1.8,8.1,8.0,True,2.8,0,Mid Career (30-39)
2355,29,Male,Married,Bachelors,Engineering,Data Engineer,Associate,5347,16.0,7.1,7.5,Hybrid,9.7,4.9,7.7,5.4,True,5.2,0,Early Career (21-29)
2356,31,Female,Married,Bachelors,Operations,Operations Manager,Mid Level,6214,13.4,5.6,11.0,Hybrid,2.1,1.0,9.9,7.5,True,6.1,0,Mid Career (30-39)
2357,55,Male,Married,Bachelors,Sales,Sales Manager,Senior Level,8884,3.3,8.2,7.0,Onsite,11.3,4.8,6.8,6.7,True,4.1,0,Pre-Retirement (50-64)
2358,21,Female,Married,PhD,Sales,Sales Development Rep,Entry Level,4055,14.8,0.0,1.0,Hybrid,5.3,3.3,7.1,5.8,False,5.0,0,Early Career (21-29)
2359,48,Female,Married,Bachelors,Operations,Program Manager,Management,6922,6.4,12.5,18.8,Onsite,2.2,3.3,7.4,6.2,False,6.3,0,Senior Career (40-49)
2360,48,Male,Married,Bachelors,Operations,Operations Manager,Senior Level,7480,11.0,5.9,6.6,Onsite,4.7,3.7,6.8,7.2,True,3.2,0,Senior Career (40-49)
2361,21,Female,Single,Masters,Operations,Operations Analyst,Entry Level,3026,10.3,0.0,1.0,Hybrid,8.2,2.8,7.9,5.7,False,6.0,0,Early Career (21-29)
2362,21,Female,Divorced,Masters,Finance,Finance Manager,Associate,4926,14.6,0.0,1.0,Onsite,5.2,1.0,7.2,7.0,True,5.6,0,Early Career (21-29)
2363,21,Female,Single,Masters,Engineering,QA Engineer,Entry Level,5021,17.2,0.0,1.0,Remote,8.1,3.2,6.2,6.5,True,5.9,0,Early Career (21-29)
2364,37,Male,Married,Bachelors,Customer Support,Support Team Lead,Senior Level,6386,13.1,7.6,17.0,Hybrid,6.6,4.0,4.9,6.5,False,8.6,0,Mid Career (30-39)
2365,53,Female,Single,Masters,Finance,Accountant,Management,13849,16.4,11.2,15.8,Hybrid,9.7,3.7,7.3,7.4,False,3.8,0,Pre-Retirement (50-64)
2366,42,Female,Single,High School,Research & Development,Research Scientist,Associate,4767,12.6,5.2,8.5,Onsite,3.2,3.3,7.2,6.0,True,2.3,0,Senior Career (40-49)
2367,38,Male,Divorced,Masters,Engineering,Engineering Manager,Associate,5792,15.4,3.0,6.8,Onsite,7.1,3.2,7.0,6.0,True,4.6,0,Mid Career (30-39)
2368,30,Male,Divorced,Bachelors,Engineering,Data Engineer,Mid Level,9838,11.9,6.2,10.0,Hybrid,4.3,4.6,4.8,7.1,True,7.2,0,Mid Career (30-39)
2369,43,Female,Divorced,Masters,Customer Support,Customer Success Manager,Mid Level,4191,17.5,2.4,5.9,Remote,5.5,2.6,7.6,6.2,False,6.2,0,Senior Career (40-49)
2370,29,Male,Married,Bachelors,Sales,Sales Manager,Associate,3376,5.0,4.3,3.8,Remote,9.1,3.3,4.8,6.4,True,4.4,0,Early Career (21-29)
2371,36,Male,Married,Bachelors,Research & Development,R&D Manager,Mid Level,9235,11.1,7.9,15.7,Onsite,1.6,3.7,7.1,7.8,True,4.8,0,Mid Career (30-39)
2372,31,Male,Single,Masters,Operations,Operations Manager,Associate,6639,14.3,3.8,8.0,Onsite,4.4,4.8,6.3,6.7,False,3.3,0,Mid Career (30-39)
2374,28,Female,Married,Masters,Finance,Accountant,Entry Level,4371,13.4,3.8,8.0,Remote,2.6,5.1,4.5,5.7,True,7.9,0,Early Career (21-29)
2375,36,Female,Married,Bachelors,Sales,Account Executive,Senior Level,7272,16.8,12.0,16.0,Onsite,2.5,3.0,5.4,8.3,True,7.3,0,Mid Career (30-39)
2376,41,Male,Married,PhD,Customer Support,Customer Success Manager,Mid Level,5806,10.8,10.2,18.0,Remote,6.4,3.4,10.0,6.3,True,6.6,0,Senior Career (40-49)
2377,43,Female,Single,Masters,Finance,Finance Manager,Mid Level,8751,14.3,4.7,11.5,Onsite,3.8,5.2,5.8,4.0,False,4.0,0,Senior Career (40-49)
2378,30,Male,Single,Masters,Operations,Operations Analyst,Associate,4141,17.4,2.5,10.0,Hybrid,7.7,4.1,8.4,6.7,False,4.6,0,Mid Career (30-39)
2379,32,Male,Single,High School,Sales,Sales Manager,Senior Level,6271,15.9,8.3,12.0,Remote,8.6,2.5,8.3,5.9,False,3.6,1,Mid Career (30-39)
2380,48,Male,Married,Bachelors,Engineering,Engineering Manager,Senior Level,11057,16.4,7.5,10.9,Remote,7.4,4.6,7.9,7.0,True,2.6,0,Senior Career (40-49)
2381,25,Female,Single,Masters,Sales,Sales Development Rep,Entry Level,3411,11.3,1.6,3.1,Remote,7.5,5.1,3.1,6.1,False,5.4,0,Early Career (21-29)
2382,31,Female,Married,Bachelors,Operations,Operations Analyst,Entry Level,3439,12.2,2.8,11.0,Onsite,10.5,3.6,6.8,3.3,True,5.8,0,Mid Career (30-39)
2383,44,Male,Single,Masters,Customer Support,Support Team Lead,Senior Level,7324,12.6,10.0,20.0,Onsite,12.6,5.5,7.3,3.3,False,2.1,1,Senior Career (40-49)
2384,24,Male,Married,PhD,Sales,Sales Development Rep,Entry Level,3114,14.5,1.2,4.0,Hybrid,4.2,3.6,5.4,7.2,False,1.0,0,Early Career (21-29)
2385,47,Female,Married,High School,Marketing,Growth Manager,Mid Level,5762,13.6,6.4,18.1,Onsite,8.5,5.2,2.7,5.2,False,4.8,1,Senior Career (40-49)
2386,53,Male,Single,Masters,Customer Support,Customer Success Manager,Senior Level,7382,8.7,8.5,12.6,Remote,14.7,5.8,4.8,5.2,True,7.3,0,Pre-Retirement (50-64)
2387,38,Male,Married,PhD,Engineering,Software Engineer,Associate,8256,12.4,5.5,14.7,Hybrid,7.4,3.1,9.3,4.8,True,4.3,0,Mid Career (30-39)
2388,37,Male,Single,Bachelors,Operations,Operations Manager,Mid Level,7233,4.9,13.0,17.0,Remote,11.0,4.0,4.5,7.2,False,3.3,1,Mid Career (30-39)
2389,41,Male,Married,Bachelors,Customer Support,Customer Success Manager,Senior Level,7134,13.5,11.4,17.6,Onsite,4.7,4.5,6.2,6.1,False,6.9,0,Senior Career (40-49)
2390,39,Female,Single,Masters,Finance,Financial Analyst,Associate,7160,7.9,4.9,9.6,Hybrid,3.5,6.2,3.2,6.3,True,5.5,1,Mid Career (30-39)
2391,45,Non-binary,Single,Masters,Engineering,Software Engineer,Associate,7171,11.2,3.2,7.5,Onsite,1.9,3.4,6.7,5.6,True,3.6,0,Senior Career (40-49)
2392,21,Male,Married,Masters,Finance,Accountant,Entry Level,3529,8.6,0.0,1.0,Onsite,9.3,1.9,8.9,5.7,True,4.5,0,Early Career (21-29)
2393,43,Female,Single,Bachelors,Engineering,Software Engineer,Mid Level,10131,6.6,5.5,13.6,Onsite,3.2,4.4,3.9,8.2,False,4.3,1,Senior Career (40-49)
2394,43,Male,Single,Bachelors,Sales,Sales Development Rep,Mid Level,8656,16.6,2.9,7.2,Onsite,11.1,3.8,7.7,4.6,False,8.3,0,Senior Career (40-49)
2395,47,Male,Married,PhD,Customer Support,Support Specialist,Mid Level,5619,10.7,6.5,14.7,Remote,6.5,4.1,5.9,8.0,True,6.7,0,Senior Career (40-49)
2396,37,Male,Married,Bachelors,Operations,Operations Manager,Senior Level,9310,17.8,6.9,14.1,Onsite,4.2,1.0,7.9,6.8,False,6.0,0,Mid Career (30-39)
2397,37,Female,Married,Bachelors,Engineering,Data Engineer,Mid Level,8602,7.6,9.6,17.0,Onsite,3.8,4.0,7.0,6.2,True,5.8,0,Mid Career (30-39)
2398,39,Male,Married,Bachelors,Operations,Program Manager,Senior Level,6600,10.1,10.5,16.4,Onsite,3.5,5.1,7.8,5.7,True,2.8,0,Mid Career (30-39)
2399,38,Female,Single,Masters,Human Resources,HR Manager,Mid Level,7902,13.3,6.5,15.2,Hybrid,6.1,4.1,6.1,6.8,True,5.0,0,Mid Career (30-39)
2400,24,Male,Married,PhD,Customer Support,Support Specialist,Entry Level,2876,12.2,3.0,4.0,Remote,10.7,4.8,8.2,3.7,False,7.8,0,Early Career (21-29)
2401,39,Male,Married,Masters,Operations,Operations Manager,Management,10277,11.0,12.4,19.0,Onsite,6.0,3.2,6.7,7.5,False,6.5,0,Mid Career (30-39)
2402,21,Female,Married,Masters,Customer Support,Support Specialist,Associate,3679,11.0,0.0,1.0,Remote,32.9,8.0,5.6,1.6,False,6.6,0,Early Career (21-29)
2403,22,Female,Single,Masters,Operations,Operations Analyst,Associate,4607,15.0,1.0,2.0,Remote,11.7,4.3,6.6,6.0,True,5.4,0,Early Career (21-29)
2404,24,Male,Married,Bachelors,Engineering,Data Engineer,Entry Level,4390,10.8,1.9,4.0,Remote,1.8,1.2,5.2,8.1,False,6.1,0,Early Career (21-29)
2405,40,Male,Single,Bachelors,Marketing,Marketing Specialist,Mid Level,6030,13.3,7.2,9.8,Hybrid,8.0,2.6,8.9,6.5,True,3.0,0,Senior Career (40-49)
2406,40,Female,Single,PhD,Engineering,Software Engineer,Mid Level,8584,15.1,7.3,16.3,Onsite,0.8,3.4,6.2,8.5,True,4.6,0,Senior Career (40-49)
2407,34,Male,Divorced,Masters,Sales,Sales Development Rep,Entry Level,3920,9.4,3.4,7.7,Hybrid,10.2,5.0,6.3,6.1,True,6.1,0,Mid Career (30-39)
2408,41,Female,Married,Bachelors,Sales,Sales Manager,Senior Level,8480,14.4,11.3,19.4,Remote,5.8,4.5,5.8,5.2,False,2.8,0,Senior Career (40-49)
2409,37,Female,Single,Bachelors,Marketing,Content Strategist,Senior Level,9357,13.9,5.7,13.6,Hybrid,3.6,3.4,6.1,5.8,False,6.0,0,Mid Career (30-39)
2410,24,Female,Divorced,Masters,Sales,Sales Development Rep,Entry Level,3748,13.4,0.0,4.0,Remote,4.5,3.5,7.7,8.4,False,7.2,0,Early Career (21-29)
2411,32,Non-binary,Married,Bachelors,Engineering,Data Engineer,Mid Level,7469,9.4,6.9,12.0,Remote,4.4,5.6,4.2,6.1,True,5.4,0,Mid Career (30-39)
2412,33,Male,Single,Bachelors,Customer Support,Support Team Lead,Associate,3020,15.0,6.6,12.2,Hybrid,4.1,3.3,7.6,4.9,True,7.7,0,Mid Career (30-39)
2413,41,Male,Divorced,Masters,Engineering,Engineering Manager,Senior Level,11608,15.1,11.8,15.6,Remote,5.6,4.9,7.6,7.2,False,2.0,0,Senior Career (40-49)
2414,38,Male,Married,Bachelors,Marketing,Marketing Specialist,Senior Level,5778,17.6,9.1,14.8,Hybrid,14.3,6.2,6.8,2.6,False,4.3,0,Mid Career (30-39)
2415,39,Female,Married,Bachelors,Finance,Finance Manager,Senior Level,8801,15.8,8.7,16.8,Remote,5.9,2.3,8.0,5.0,True,6.6,0,Mid Career (30-39)
2416,38,Female,Divorced,Bachelors,Engineering,Engineering Manager,Associate,6589,18.4,9.1,18.0,Onsite,3.0,4.2,7.6,7.6,True,5.3,0,Mid Career (30-39)
2417,34,Female,Married,Bachelors,Marketing,Marketing Specialist,Associate,4628,12.6,4.4,14.0,Remote,2.6,1.0,8.2,8.6,False,6.4,0,Mid Career (30-39)
2418,30,Female,Married,Masters,Sales,Sales Manager,Mid Level,9159,12.2,5.5,10.0,Hybrid,6.2,4.2,7.0,5.9,True,6.2,0,Mid Career (30-39)
2419,31,Male,Single,Masters,Customer Support,Support Specialist,Associate,4992,13.5,1.6,7.2,Hybrid,12.5,4.4,6.1,4.5,False,9.1,0,Mid Career (30-39)
2420,40,Female,Married,Masters,Engineering,Software Engineer,Associate,7034,12.2,2.0,12.2,Remote,0.2,4.6,6.0,7.5,True,6.1,0,Senior Career (40-49)
2421,44,Non-binary,Divorced,Bachelors,Engineering,Engineering Manager,Management,15509,7.3,11.2,13.2,Remote,1.3,1.8,8.6,7.5,False,2.6,0,Senior Career (40-49)
2422,41,Male,Divorced,Bachelors,Marketing,Growth Manager,Management,7536,11.3,10.2,15.7,Remote,5.3,3.0,6.6,6.5,False,4.2,0,Senior Career (40-49)
2423,45,Male,Single,Bachelors,Operations,Program Manager,Senior Level,7887,10.3,10.9,16.1,Onsite,11.2,3.8,5.8,4.6,True,3.4,0,Senior Career (40-49)
2424,45,Female,Single,Bachelors,Customer Support,Support Team Lead,Mid Level,4539,12.7,4.7,9.0,Remote,15.3,3.6,7.0,4.6,True,6.5,0,Senior Career (40-49)
2425,38,Male,Divorced,Bachelors,Marketing,Marketing Specialist,Associate,4564,20.9,7.9,10.1,Hybrid,8.5,2.5,8.8,6.1,False,4.9,0,Mid Career (30-39)
2427,29,Female,Single,High School,Operations,Operations Analyst,Associate,3421,11.5,8.0,9.0,Onsite,0.4,4.3,3.6,6.9,True,5.2,0,Early Career (21-29)
2428,37,Male,Single,Bachelors,Research & Development,Research Scientist,Entry Level,3764,7.2,1.6,7.3,Hybrid,7.5,6.0,5.4,4.5,True,3.6,0,Mid Career (30-39)
2429,27,Male,Single,Bachelors,Customer Support,Support Specialist,Associate,3095,12.2,6.0,7.0,Hybrid,6.2,4.4,5.1,5.0,True,8.0,0,Early Career (21-29)
2430,38,Male,Married,Masters,Customer Support,Customer Success Manager,Senior Level,7105,18.3,11.1,18.0,Remote,14.1,7.3,5.4,4.5,True,8.0,0,Mid Career (30-39)
2431,35,Female,Single,Bachelors,Engineering,Software Engineer,Associate,5896,13.6,1.0,4.2,Hybrid,2.7,3.1,7.2,5.5,True,3.5,1,Mid Career (30-39)
2432,41,Male,Married,Bachelors,Customer Support,Support Specialist,Entry Level,2693,10.5,5.8,12.4,Hybrid,10.0,4.6,6.2,5.5,False,6.0,0,Senior Career (40-49)
2433,42,Male,Married,Bachelors,Finance,Accountant,Management,9715,8.8,8.4,12.9,Remote,14.4,4.1,8.9,5.1,False,4.3,0,Senior Career (40-49)
2434,45,Male,Single,Masters,Engineering,QA Engineer,Senior Level,10215,14.4,8.7,11.8,Hybrid,1.7,1.7,5.3,8.9,True,5.1,0,Senior Career (40-49)
2435,21,Male,Married,Masters,Engineering,Data Engineer,Associate,5884,13.2,0.0,1.0,Onsite,10.4,6.8,4.7,6.4,False,6.1,1,Early Career (21-29)
2436,51,Male,Married,PhD,Engineering,QA Engineer,Mid Level,8045,13.1,6.1,10.4,Hybrid,3.2,1.7,5.8,6.7,True,2.2,0,Pre-Retirement (50-64)
2437,26,Male,Single,Masters,Marketing,Growth Manager,Mid Level,6017,14.8,5.0,6.0,Hybrid,11.4,5.4,4.9,5.6,True,8.2,0,Early Career (21-29)
2438,28,Male,Single,Bachelors,Engineering,Software Engineer,Mid Level,8697,13.0,3.9,6.9,Onsite,9.1,4.9,6.0,5.5,True,9.9,0,Early Career (21-29)
2439,29,Male,Married,Bachelors,Sales,Sales Development Rep,Entry Level,3846,9.0,2.1,9.0,Remote,2.5,4.2,5.4,5.3,False,5.7,1,Early Career (21-29)
2440,39,Female,Single,Bachelors,Engineering,Engineering Manager,Management,9406,12.0,11.8,19.0,Hybrid,8.0,4.9,6.5,7.2,True,3.6,0,Mid Career (30-39)
2441,32,Female,Single,Bachelors,Engineering,Data Engineer,Associate,6213,10.3,2.6,9.8,Remote,3.8,2.0,7.6,6.4,True,2.3,0,Mid Career (30-39)
2442,47,Male,Divorced,Bachelors,Engineering,Engineering Manager,Management,14900,11.3,9.0,13.5,Onsite,1.8,2.7,8.0,7.9,True,3.9,0,Senior Career (40-49)
2443,48,Male,Divorced,Bachelors,Engineering,Software Engineer,Senior Level,8265,15.2,11.3,18.1,Remote,3.3,3.1,6.0,6.9,False,4.6,0,Senior Career (40-49)
2444,31,Male,Married,High School,Customer Support,Support Team Lead,Senior Level,6325,8.3,10.0,11.0,Hybrid,6.8,3.2,5.9,5.5,False,8.6,0,Mid Career (30-39)
2445,22,Male,Married,Bachelors,Finance,Accountant,Entry Level,4045,9.6,1.0,2.0,Remote,1.1,2.9,7.2,9.2,False,4.3,0,Early Career (21-29)
2446,24,Male,Single,Bachelors,Finance,Finance Manager,Associate,5204,14.9,3.0,3.7,Hybrid,1.3,3.4,6.9,7.6,False,6.7,0,Early Career (21-29)
2447,34,Male,Married,Bachelors,Research & Development,R&D Manager,Senior Level,10145,12.3,8.1,13.6,Remote,0.4,2.3,8.3,8.5,True,5.0,0,Mid Career (30-39)
2448,33,Male,Single,Bachelors,Human Resources,Recruiter,Entry Level,2338,12.5,4.4,7.7,Hybrid,10.5,2.6,10.0,4.4,False,4.2,0,Mid Career (30-39)
2449,45,Female,Married,Masters,Research & Development,Research Scientist,Management,12477,9.6,10.7,16.3,Hybrid,4.0,4.8,6.4,5.2,True,1.3,1,Senior Career (40-49)
2450,43,Male,Single,Bachelors,Finance,Accountant,Mid Level,6045,18.0,7.9,13.5,Onsite,5.9,4.0,6.3,6.5,False,3.6,0,Senior Career (40-49)
2451,47,Male,Divorced,Masters,Marketing,Marketing Specialist,Mid Level,7926,8.7,9.0,15.1,Hybrid,13.4,7.6,4.0,5.0,False,5.6,1,Senior Career (40-49)
2452,31,Female,Married,Masters,Operations,Operations Analyst,Associate,4195,12.5,3.0,5.9,Hybrid,10.3,2.6,8.6,5.1,True,7.6,0,Mid Career (30-39)
2453,51,Female,Married,Bachelors,Sales,Sales Manager,Senior Level,8163,9.2,8.1,15.7,Hybrid,3.6,3.1,5.9,5.9,True,3.8,0,Pre-Retirement (50-64)
2454,29,Female,Married,Bachelors,Engineering,QA Engineer,Entry Level,3493,20.5,2.1,8.4,Hybrid,9.7,4.1,7.3,4.9,True,5.2,0,Early Career (21-29)
2455,33,Female,Married,Bachelors,Engineering,QA Engineer,Mid Level,9920,13.1,5.3,10.1,Onsite,1.9,1.3,7.5,6.9,False,3.2,0,Mid Career (30-39)
2456,39,Female,Married,Bachelors,Research & Development,Research Scientist,Associate,6610,13.9,3.8,11.2,Hybrid,5.6,4.5,8.0,5.7,True,5.0,0,Mid Career (30-39)
2457,38,Male,Single,Bachelors,Sales,Sales Development Rep,Entry Level,3337,9.8,3.1,3.3,Hybrid,5.2,2.8,7.2,6.4,False,4.2,0,Mid Career (30-39)
2458,53,Female,Single,Masters,Customer Support,Customer Success Manager,Management,10834,14.1,11.8,19.1,Hybrid,12.8,5.2,6.7,5.3,True,4.5,0,Pre-Retirement (50-64)
2459,29,Female,Married,Bachelors,Sales,Account Executive,Entry Level,2875,7.3,5.0,9.0,Hybrid,9.3,7.2,4.0,5.5,False,6.1,0,Early Career (21-29)
2460,29,Female,Single,Masters,Engineering,Software Engineer,Associate,6383,5.5,8.0,9.0,Onsite,7.1,4.2,5.2,6.0,True,6.3,0,Early Career (21-29)
2462,23,Female,Married,PhD,Engineering,QA Engineer,Associate,6826,6.6,2.0,3.0,Remote,4.5,2.0,6.4,7.6,False,4.5,0,Early Career (21-29)
2463,40,Male,Single,Masters,Operations,Program Manager,Mid Level,5584,17.0,12.2,15.1,Onsite,4.1,4.3,5.5,5.8,True,5.7,0,Senior Career (40-49)
2464,41,Female,Married,Masters,Sales,Sales Manager,Mid Level,6238,16.2,5.2,6.9,Onsite,2.6,3.8,5.7,7.2,False,3.6,0,Senior Career (40-49)
2465,37,Male,Married,High School,Customer Support,Support Specialist,Associate,3089,16.0,3.2,12.8,Remote,10.9,2.1,7.8,6.2,True,5.7,0,Mid Career (30-39)
2466,36,Male,Single,Bachelors,Engineering,Engineering Manager,Mid Level,7188,6.8,2.9,6.0,Hybrid,4.2,4.1,4.9,6.8,True,4.8,0,Mid Career (30-39)
2467,44,Male,Married,Bachelors,Engineering,Engineering Manager,Mid Level,7588,16.3,0.9,7.1,Onsite,2.8,2.4,6.4,6.3,True,1.1,0,Senior Career (40-49)
2468,52,Female,Single,Masters,Engineering,QA Engineer,Mid Level,7467,7.4,8.0,15.0,Hybrid,4.0,5.3,4.3,5.6,False,4.3,0,Pre-Retirement (50-64)
2469,45,Female,Married,Masters,Research & Development,R&D Manager,Senior Level,9972,15.9,6.1,12.3,Onsite,4.7,1.8,9.5,7.2,False,3.1,0,Senior Career (40-49)
2470,45,Female,Single,Bachelors,Engineering,Data Engineer,Mid Level,7495,10.1,5.1,10.7,Hybrid,2.4,1.0,7.9,8.3,False,3.4,0,Senior Career (40-49)
2471,32,Female,Married,Masters,Finance,Financial Analyst,Entry Level,4856,13.2,4.8,12.0,Remote,6.6,4.7,4.1,5.8,False,7.9,1,Mid Career (30-39)
2472,36,Female,Single,Masters,Sales,Sales Development Rep,Mid Level,6168,10.1,11.0,16.0,Onsite,10.2,4.7,6.0,6.4,False,4.2,0,Mid Career (30-39)
2473,49,Male,Divorced,Bachelors,Engineering,Engineering Manager,Management,13472,12.7,10.9,17.7,Hybrid,7.9,2.1,9.5,5.2,True,1.0,0,Senior Career (40-49)
2474,40,Female,Single,Masters,Engineering,Engineering Manager,Senior Level,12156,13.6,8.4,15.8,Remote,9.8,3.6,7.4,6.2,True,3.6,0,Senior Career (40-49)
2475,51,Female,Married,Bachelors,Finance,Finance Manager,Management,10783,10.3,8.7,20.7,Hybrid,5.4,4.2,6.5,4.6,True,5.5,0,Pre-Retirement (50-64)
2476,23,Male,Married,Bachelors,Marketing,Growth Manager,Associate,4629,7.7,2.0,3.0,Hybrid,14.7,6.2,5.7,5.3,False,5.0,1,Early Career (21-29)
2477,33,Male,Single,Masters,Research & Development,Product Researcher,Mid Level,6819,5.6,7.2,13.0,Onsite,4.4,1.4,7.3,6.7,True,3.1,0,Mid Career (30-39)
2478,25,Male,Single,Masters,Customer Support,Support Team Lead,Associate,5484,5.9,4.0,5.0,Hybrid,13.3,6.7,4.7,3.5,True,5.0,0,Early Career (21-29)
2479,37,Male,Divorced,Masters,Customer Support,Customer Success Manager,Senior Level,7605,5.0,12.0,16.5,Onsite,6.3,4.9,8.2,5.2,True,7.0,0,Mid Career (30-39)
2480,46,Female,Married,Masters,Engineering,Engineering Manager,Senior Level,12554,7.7,8.1,14.1,Hybrid,13.7,6.3,3.9,3.1,True,1.7,1,Senior Career (40-49)
2481,35,Female,Married,Masters,Marketing,Growth Manager,Mid Level,7292,8.6,7.4,10.9,Onsite,3.7,5.4,6.8,4.9,True,7.3,0,Mid Career (30-39)
2482,34,Male,Divorced,Bachelors,Engineering,Data Engineer,Entry Level,5762,16.0,3.7,14.0,Remote,3.8,2.8,6.9,7.1,True,7.1,0,Mid Career (30-39)
2483,56,Male,Married,Masters,Customer Support,Support Team Lead,Management,7547,14.5,6.1,14.4,Onsite,9.6,4.9,7.0,4.3,True,5.8,0,Pre-Retirement (50-64)
2484,28,Female,Married,PhD,Engineering,Software Engineer,Mid Level,9520,10.4,7.0,8.0,Hybrid,7.5,2.6,4.5,5.5,True,3.3,0,Early Career (21-29)
2485,40,Male,Single,Bachelors,Sales,Sales Manager,Mid Level,6779,12.9,7.7,10.4,Hybrid,5.0,4.1,6.9,7.5,False,3.8,0,Senior Career (40-49)
2486,41,Male,Divorced,Bachelors,Engineering,Engineering Manager,Senior Level,9747,16.7,7.9,13.9,Hybrid,4.3,3.3,8.0,7.8,True,2.2,0,Senior Career (40-49)
2487,38,Female,Married,Bachelors,Engineering,Engineering Manager,Associate,6617,9.4,4.8,11.2,Hybrid,6.8,2.4,6.6,7.2,False,6.5,0,Mid Career (30-39)
2488,34,Male,Single,Masters,Research & Development,R&D Manager,Mid Level,7926,10.5,5.6,10.9,Hybrid,8.2,4.5,6.9,6.5,True,3.9,0,Mid Career (30-39)
2489,38,Female,Single,Bachelors,Human Resources,HR Business Partner,Associate,4867,2.4,7.8,18.0,Hybrid,5.8,5.9,4.6,6.0,False,5.0,1,Mid Career (30-39)
2490,26,Female,Single,Masters,Marketing,Content Strategist,Associate,4104,7.6,2.9,6.0,Hybrid,6.7,3.9,6.0,7.6,False,6.3,0,Early Career (21-29)
2491,51,Female,Married,Bachelors,Operations,Program Manager,Senior Level,8280,16.6,8.8,12.7,Hybrid,2.8,2.5,7.0,6.4,False,5.0,0,Pre-Retirement (50-64)
2492,47,Male,Married,PhD,Marketing,Marketing Specialist,Associate,5507,7.1,2.5,14.9,Hybrid,4.5,2.9,4.7,6.6,False,5.3,0,Senior Career (40-49)
2493,29,Female,Married,Bachelors,Customer Support,Customer Success Manager,Mid Level,5482,16.3,8.0,9.0,Hybrid,5.0,3.3,5.1,5.4,False,7.8,0,Early Career (21-29)
2494,34,Male,Single,High School,Customer Support,Customer Success Manager,Associate,2507,13.9,6.0,14.0,Onsite,4.6,4.7,6.8,6.5,False,9.0,0,Mid Career (30-39)
2495,44,Female,Divorced,Bachelors,Engineering,Software Engineer,Management,11286,8.9,12.3,21.6,Hybrid,4.9,3.4,6.1,5.8,True,5.1,0,Senior Career (40-49)
2496,47,Male,Married,Masters,Marketing,Content Strategist,Senior Level,6785,10.5,8.3,16.7,Onsite,3.7,6.2,4.5,4.8,False,3.5,0,Senior Career (40-49)
2497,47,Male,Married,Bachelors,Engineering,Data Engineer,Management,9532,6.3,11.9,18.0,Onsite,2.4,2.6,7.4,6.1,True,4.1,0,Senior Career (40-49)
2498,51,Male,Married,Bachelors,Sales,Account Executive,Management,11110,12.8,9.3,15.5,Onsite,20.4,7.3,4.8,3.6,True,5.7,0,Pre-Retirement (50-64)
2499,36,Male,Single,Bachelors,Sales,Sales Manager,Associate,4118,15.5,4.0,9.2,Hybrid,7.2,3.7,6.1,4.3,False,5.8,0,Mid Career (30-39)
2500,34,Female,Single,Masters,Customer Support,Support Specialist,Mid Level,4459,7.9,7.7,13.8,Remote,5.1,5.3,7.0,7.3,False,3.3,1,Mid Career (30-39)
2501,39,Female,Married,Bachelors,Engineering,QA Engineer,Associate,8223,12.7,5.0,19.0,Onsite,3.8,3.5,5.8,6.6,False,7.1,0,Mid Career (30-39)
2502,33,Female,Married,Masters,Finance,Financial Analyst,Mid Level,5994,12.3,8.3,13.0,Remote,6.3,3.9,8.1,6.8,False,5.4,0,Mid Career (30-39)
2503,41,Female,Single,PhD,Marketing,Growth Manager,Mid Level,7787,9.8,7.8,9.3,Hybrid,5.3,1.9,8.8,7.5,True,4.7,0,Senior Career (40-49)
2504,42,Male,Single,Masters,Customer Support,Customer Success Manager,Mid Level,6471,16.2,5.5,10.9,Hybrid,14.4,4.4,7.8,3.6,False,2.1,0,Senior Career (40-49)
2505,33,Female,Single,Masters,Customer Support,Customer Success Manager,Mid Level,5135,13.7,2.9,4.3,Hybrid,7.9,3.3,6.1,6.9,True,7.1,0,Mid Career (30-39)
2506,48,Female,Married,Bachelors,Engineering,Software Engineer,Mid Level,7060,9.8,6.3,14.3,Hybrid,3.7,1.1,8.5,7.2,False,2.9,0,Senior Career (40-49)
2507,35,Female,Single,Bachelors,Customer Support,Support Specialist,Mid Level,5842,10.8,9.5,12.9,Onsite,8.4,4.6,4.9,6.6,False,9.0,1,Mid Career (30-39)
2508,45,Female,Married,PhD,Engineering,Software Engineer,Senior Level,11733,12.2,10.8,18.1,Hybrid,8.0,5.4,6.1,5.2,True,5.0,1,Senior Career (40-49)
2509,39,Male,Divorced,Bachelors,Finance,Financial Analyst,Senior Level,8478,8.7,9.2,19.0,Hybrid,3.5,1.5,6.8,6.9,False,5.3,0,Mid Career (30-39)
2510,45,Female,Married,Bachelors,Engineering,Data Engineer,Senior Level,13595,10.9,11.8,14.2,Remote,20.0,8.4,4.0,3.3,True,1.9,1,Senior Career (40-49)
2511,28,Female,Single,Bachelors,Engineering,QA Engineer,Entry Level,4221,11.6,5.7,8.0,Remote,3.9,4.3,6.6,6.0,True,6.1,1,Early Career (21-29)
2512,26,Male,Married,Masters,Research & Development,Product Researcher,Associate,5359,9.0,5.0,6.0,Hybrid,2.1,1.8,8.2,5.9,True,6.5,0,Early Career (21-29)
2513,35,Male,Divorced,High School,Customer Support,Support Team Lead,Associate,3675,17.3,6.7,9.7,Remote,4.7,5.4,4.2,6.6,True,3.6,0,Mid Career (30-39)
2516,33,Male,Single,Masters,Engineering,Data Engineer,Mid Level,9844,10.2,9.8,13.0,Hybrid,3.3,4.1,6.8,5.8,True,2.6,1,Mid Career (30-39)
2517,28,Female,Married,Bachelors,Sales,Account Executive,Senior Level,7815,8.6,6.4,8.0,Hybrid,8.5,3.8,7.5,5.6,False,7.7,1,Early Career (21-29)
2518,32,Male,Divorced,PhD,Sales,Sales Development Rep,Associate,5877,8.4,7.8,10.4,Onsite,7.4,3.7,6.4,6.2,False,5.5,0,Mid Career (30-39)
2519,33,Male,Married,Masters,Engineering,QA Engineer,Mid Level,7217,5.7,10.9,13.0,Hybrid,14.4,6.3,6.6,4.8,True,4.2,0,Mid Career (30-39)
2520,36,Non-binary,Single,Bachelors,Sales,Sales Development Rep,Management,8821,12.3,12.1,16.0,Hybrid,5.0,2.9,9.3,6.1,False,3.2,0,Mid Career (30-39)
2521,34,Non-binary,Divorced,Masters,Engineering,Software Engineer,Associate,10792,13.7,3.7,12.0,Hybrid,7.6,4.8,6.6,5.5,True,5.1,0,Mid Career (30-39)
2522,31,Male,Divorced,Bachelors,Engineering,QA Engineer,Associate,6598,8.6,7.1,11.0,Onsite,7.7,3.7,6.1,4.2,True,4.1,0,Mid Career (30-39)
2523,36,Female,Married,Bachelors,Customer Support,Customer Success Manager,Associate,4168,13.9,1.4,0.0,Hybrid,5.9,3.6,5.5,4.9,True,6.5,0,Mid Career (30-39)
2524,35,Female,Married,Bachelors,Operations,Program Manager,Associate,5380,13.5,8.1,15.0,Hybrid,6.1,4.9,9.1,5.9,True,8.0,0,Mid Career (30-39)
2525,54,Male,Divorced,Bachelors,Operations,Program Manager,Management,8243,15.4,11.5,18.3,Remote,6.2,4.1,5.7,6.0,False,4.6,0,Pre-Retirement (50-64)
2526,50,Male,Divorced,Masters,Operations,Program Manager,Senior Level,11423,11.8,6.9,18.5,Onsite,1.0,5.1,4.9,7.3,False,4.4,0,Pre-Retirement (50-64)
2527,31,Male,Married,Bachelors,Sales,Account Executive,Associate,5528,10.6,4.3,9.3,Remote,9.0,3.9,6.9,5.2,False,6.2,0,Mid Career (30-39)
2528,26,Female,Married,Bachelors,Operations,Operations Analyst,Associate,4441,15.4,5.0,6.0,Onsite,15.3,4.6,7.1,2.5,True,1.9,0,Early Career (21-29)
2529,42,Male,Single,Masters,Customer Support,Support Team Lead,Senior Level,6918,8.1,9.7,14.2,Hybrid,7.4,2.7,6.2,5.9,True,2.3,0,Senior Career (40-49)
2530,29,Female,Married,Bachelors,Research & Development,Research Scientist,Entry Level,3802,7.9,3.4,4.6,Hybrid,2.4,2.2,5.7,9.5,True,5.3,0,Early Career (21-29)
2531,45,Male,Single,High School,Sales,Sales Manager,Senior Level,7428,8.6,9.8,13.8,Hybrid,8.3,6.4,3.8,3.4,True,6.0,0,Senior Career (40-49)
2532,31,Female,Married,Masters,Customer Support,Support Specialist,Mid Level,5994,7.8,4.1,11.0,Hybrid,3.3,5.0,4.4,4.2,False,4.4,1,Mid Career (30-39)
2533,43,Male,Single,Bachelors,Operations,Operations Manager,Mid Level,5645,15.1,5.2,13.1,Onsite,3.0,2.0,8.0,8.2,False,3.6,0,Senior Career (40-49)
2534,35,Male,Married,High School,Engineering,Engineering Manager,Mid Level,4139,12.9,4.7,6.3,Onsite,6.5,5.4,6.0,4.9,True,4.2,1,Mid Career (30-39)
2535,33,Female,Single,Bachelors,Human Resources,HR Business Partner,Associate,3032,15.0,7.6,13.0,Remote,4.9,5.3,3.2,6.2,False,7.4,1,Mid Career (30-39)
2536,47,Male,Married,Bachelors,Sales,Sales Manager,Mid Level,7597,8.2,8.4,14.9,Onsite,2.6,4.4,8.0,6.8,True,4.4,0,Senior Career (40-49)
2537,38,Male,Single,Masters,Engineering,Software Engineer,Senior Level,10400,10.0,5.8,14.1,Onsite,1.0,1.0,8.7,7.5,True,3.4,0,Mid Career (30-39)
2538,26,Female,Married,High School,Marketing,Marketing Specialist,Associate,3712,17.7,5.0,6.0,Hybrid,1.8,3.4,7.3,9.4,False,5.1,0,Early Career (21-29)
2539,39,Male,Married,Bachelors,Finance,Financial Analyst,Entry Level,3318,7.7,1.5,10.0,Onsite,10.9,5.9,6.5,4.5,False,5.4,0,Mid Career (30-39)
2540,54,Male,Married,Masters,Engineering,Engineering Manager,Management,10360,7.2,12.5,15.5,Hybrid,0.2,1.5,6.5,7.5,False,1.0,0,Pre-Retirement (50-64)
2541,38,Female,Married,Masters,Sales,Sales Manager,Management,12140,11.0,14.6,18.0,Hybrid,7.4,4.2,6.7,7.1,False,5.6,0,Mid Career (30-39)
2542,25,Female,Divorced,Bachelors,Sales,Account Executive,Mid Level,7614,5.8,4.0,5.0,Onsite,5.4,4.4,7.9,7.7,False,7.7,0,Early Career (21-29)
2543,37,Female,Married,Masters,Engineering,QA Engineer,Entry Level,4762,10.5,7.6,11.6,Onsite,1.5,2.3,5.1,8.7,True,1.0,0,Mid Career (30-39)
2544,33,Female,Single,Masters,Operations,Operations Analyst,Mid Level,6864,10.4,5.4,13.0,Hybrid,5.1,2.6,7.2,5.9,False,4.1,0,Mid Career (30-39)
2545,41,Male,Single,High School,Engineering,Software Engineer,Mid Level,7757,9.1,7.1,17.0,Remote,9.0,3.7,5.5,7.9,True,2.8,1,Senior Career (40-49)
2546,49,Male,Married,Masters,Finance,Financial Analyst,Associate,7109,8.1,6.3,16.3,Hybrid,14.5,5.2,7.5,4.6,True,6.4,1,Senior Career (40-49)
2547,34,Female,Married,Masters,Customer Support,Support Team Lead,Senior Level,7606,12.7,9.7,13.8,Onsite,10.3,4.3,6.6,6.2,False,6.9,0,Mid Career (30-39)
2548,44,Male,Married,Masters,Research & Development,Research Scientist,Mid Level,8791,12.2,12.0,14.6,Hybrid,4.5,2.0,6.4,7.0,True,1.0,0,Senior Career (40-49)
2549,36,Male,Single,Masters,Engineering,Data Engineer,Mid Level,9540,6.6,8.2,14.6,Hybrid,4.3,3.1,5.3,7.3,True,2.5,0,Mid Career (30-39)
2550,30,Female,Single,Bachelors,Engineering,Software Engineer,Associate,7075,5.8,9.0,10.0,Onsite,5.1,4.7,4.5,5.2,True,2.7,1,Mid Career (30-39)
2551,40,Male,Married,Bachelors,Engineering,Engineering Manager,Mid Level,8323,10.5,8.6,14.8,Onsite,6.1,4.2,7.8,6.4,True,5.7,0,Senior Career (40-49)
2552,40,Male,Married,Bachelors,Sales,Account Executive,Associate,5212,5.3,5.8,13.4,Hybrid,5.2,4.1,5.0,6.7,False,5.5,0,Senior Career (40-49)
2553,35,Male,Married,Bachelors,Sales,Account Executive,Mid Level,6688,15.0,5.7,11.7,Hybrid,7.4,3.5,6.7,5.4,False,3.6,0,Mid Career (30-39)
2554,38,Female,Married,Masters,Operations,Operations Manager,Senior Level,6405,5.7,7.5,14.2,Onsite,15.8,8.3,4.0,3.8,False,1.1,0,Mid Career (30-39)
2555,33,Female,Single,Masters,Marketing,Content Strategist,Mid Level,6248,12.0,6.2,8.7,Hybrid,8.4,3.7,7.3,6.2,True,6.6,0,Mid Career (30-39)
2556,38,Male,Married,Bachelors,Engineering,Engineering Manager,Mid Level,7789,11.7,3.7,10.3,Remote,8.8,4.6,6.3,6.8,True,4.9,0,Mid Career (30-39)
2557,48,Male,Married,Bachelors,Engineering,Engineering Manager,Management,12633,13.6,11.9,16.4,Remote,4.3,3.7,7.4,7.2,False,2.1,0,Senior Career (40-49)
2558,33,Female,Single,PhD,Engineering,Engineering Manager,Senior Level,13585,12.7,8.4,12.2,Hybrid,14.3,5.6,4.6,5.0,True,2.3,0,Mid Career (30-39)
2559,34,Female,Married,Bachelors,Operations,Program Manager,Mid Level,6337,17.1,6.6,14.0,Remote,1.6,1.0,9.8,9.2,True,1.3,0,Mid Career (30-39)
2560,46,Male,Married,High School,Engineering,Engineering Manager,Senior Level,7476,1.6,8.9,15.8,Hybrid,10.9,2.4,6.3,4.8,False,4.5,0,Senior Career (40-49)
2561,44,Male,Single,Bachelors,Engineering,Data Engineer,Senior Level,11245,9.7,10.1,14.4,Hybrid,7.7,4.2,5.2,6.6,True,3.2,0,Senior Career (40-49)
2562,35,Male,Single,Bachelors,Finance,Accountant,Associate,4976,12.4,5.1,5.3,Onsite,3.6,5.8,6.0,6.5,False,7.1,0,Mid Career (30-39)
2563,27,Male,Married,Masters,Engineering,Software Engineer,Entry Level,5320,14.2,0.5,7.0,Hybrid,2.1,2.1,6.3,6.6,True,4.8,1,Early Career (21-29)
2564,51,Male,Married,Masters,Operations,Operations Analyst,Senior Level,8662,11.4,6.1,9.2,Remote,12.6,5.0,4.8,6.4,True,5.4,0,Pre-Retirement (50-64)
2565,44,Female,Single,Bachelors,Engineering,QA Engineer,Mid Level,8946,12.7,7.4,10.2,Onsite,10.6,6.9,6.1,3.9,True,5.2,1,Senior Career (40-49)
2566,34,Female,Single,Masters,Finance,Accountant,Mid Level,7975,2.2,6.3,14.0,Hybrid,10.5,5.9,5.3,5.5,False,5.3,1,Mid Career (30-39)
2567,36,Male,Married,Bachelors,Sales,Sales Manager,Associate,5337,4.4,9.3,14.2,Onsite,6.2,5.3,5.3,6.1,True,6.7,0,Mid Career (30-39)
2568,24,Female,Single,High School,Engineering,QA Engineer,Associate,6744,11.5,1.8,3.9,Remote,14.3,4.3,6.3,5.0,True,4.3,1,Early Career (21-29)
2569,43,Female,Single,Bachelors,Operations,Program Manager,Mid Level,5919,8.8,6.3,16.7,Hybrid,3.0,2.8,8.7,5.8,False,5.8,0,Senior Career (40-49)
2570,27,Male,Married,PhD,Engineering,QA Engineer,Mid Level,8066,9.8,4.1,5.4,Remote,5.8,1.4,10.0,6.7,True,7.4,0,Early Career (21-29)
2571,42,Non-binary,Married,Bachelors,Operations,Program Manager,Mid Level,5150,7.8,10.1,11.7,Remote,6.6,3.5,6.7,7.3,False,5.6,0,Senior Career (40-49)
2572,28,Male,Single,Bachelors,Customer Support,Support Team Lead,Associate,3347,12.7,7.0,8.0,Onsite,1.9,1.9,10.0,6.8,True,7.9,0,Early Career (21-29)
2573,36,Female,Married,High School,Engineering,Data Engineer,Senior Level,7361,13.6,9.1,16.0,Onsite,3.3,5.4,7.5,7.6,True,3.3,0,Mid Career (30-39)
2574,36,Male,Single,Masters,Marketing,Marketing Specialist,Mid Level,6580,17.6,4.4,16.0,Remote,1.9,4.6,5.8,6.0,True,5.4,0,Mid Career (30-39)
2575,21,Male,Divorced,Masters,Operations,Operations Analyst,Associate,5481,15.8,0.0,1.0,Onsite,5.3,4.9,6.4,5.2,True,4.6,0,Early Career (21-29)
2576,49,Male,Married,Masters,Sales,Account Executive,Management,13866,10.2,9.6,16.6,Hybrid,9.9,5.4,5.2,6.4,False,3.9,0,Senior Career (40-49)
2577,37,Male,Married,Masters,Finance,Finance Manager,Associate,6056,11.4,3.8,7.4,Hybrid,4.0,1.4,9.1,8.0,True,6.5,0,Mid Career (30-39)
2578,42,Female,Married,Bachelors,Engineering,QA Engineer,Senior Level,10232,12.2,8.5,13.4,Remote,5.9,2.1,7.8,7.4,True,1.9,0,Senior Career (40-49)
2579,43,Female,Single,Bachelors,Sales,Account Executive,Entry Level,4450,12.2,5.0,11.9,Onsite,6.9,5.6,4.6,4.0,False,2.0,0,Senior Career (40-49)
2580,51,Male,Single,Bachelors,Sales,Sales Manager,Management,10152,3.8,9.6,16.6,Remote,8.6,4.7,4.8,4.6,False,3.1,0,Pre-Retirement (50-64)
2581,31,Female,Single,Bachelors,Operations,Program Manager,Associate,4226,12.1,7.5,11.0,Remote,3.5,4.2,5.8,6.5,True,5.4,0,Mid Career (30-39)
2582,44,Male,Married,Bachelors,Finance,Finance Manager,Associate,5119,16.7,4.0,16.1,Hybrid,1.1,3.2,7.9,7.7,True,5.9,0,Senior Career (40-49)
2583,38,Female,Single,PhD,Operations,Operations Manager,Mid Level,8053,10.1,4.2,11.0,Hybrid,2.2,4.2,4.6,6.6,False,3.2,0,Mid Career (30-39)
2584,36,Male,Married,Bachelors,Customer Support,Customer Success Manager,Senior Level,5974,11.0,10.4,16.0,Hybrid,7.1,4.1,7.3,5.8,True,8.0,0,Mid Career (30-39)
2585,35,Female,Married,Bachelors,Research & Development,R&D Manager,Senior Level,8748,10.6,9.1,13.5,Hybrid,9.1,5.0,5.4,4.9,True,4.6,0,Mid Career (30-39)
2586,49,Female,Divorced,Bachelors,Engineering,QA Engineer,Mid Level,8661,8.2,5.4,9.6,Hybrid,7.0,7.2,4.5,5.2,True,2.4,0,Senior Career (40-49)
2587,31,Female,Married,Masters,Finance,Accountant,Senior Level,6865,14.2,5.2,7.6,Onsite,4.5,4.5,5.3,5.8,False,8.1,0,Mid Career (30-39)
2588,31,Male,Single,Bachelors,Sales,Sales Development Rep,Mid Level,6354,10.1,7.7,11.0,Onsite,7.5,4.0,6.3,6.0,False,4.9,0,Mid Career (30-39)
2589,36,Female,Single,Bachelors,Sales,Sales Development Rep,Mid Level,7356,15.1,4.4,14.5,Hybrid,16.1,4.7,8.3,4.1,True,5.3,0,Mid Career (30-39)
2590,46,Female,Single,Bachelors,Customer Support,Support Specialist,Senior Level,6541,6.5,8.6,12.5,Remote,6.7,3.7,6.0,5.3,True,6.2,0,Senior Career (40-49)
2591,37,Male,Married,Bachelors,Marketing,Content Strategist,Mid Level,8642,12.4,8.3,12.6,Remote,2.0,1.5,6.3,8.1,True,5.8,0,Mid Career (30-39)
2592,54,Male,Married,Bachelors,Marketing,Content Strategist,Management,8594,14.0,5.7,12.6,Hybrid,3.6,4.3,8.5,7.6,False,3.5,0,Pre-Retirement (50-64)
2593,54,Male,Married,High School,Engineering,Software Engineer,Senior Level,9180,13.3,9.9,11.4,Onsite,4.7,4.4,6.6,6.9,True,5.9,0,Pre-Retirement (50-64)
2594,35,Male,Single,Masters,Operations,Operations Analyst,Senior Level,9136,14.2,9.2,15.0,Onsite,5.1,3.8,10.0,8.0,False,5.6,0,Mid Career (30-39)
2595,29,Male,Married,Masters,Customer Support,Support Specialist,Entry Level,2996,16.4,2.8,8.9,Onsite,4.5,3.1,4.9,7.3,False,4.5,1,Early Career (21-29)
2596,41,Female,Married,Bachelors,Operations,Program Manager,Mid Level,5707,11.1,4.3,7.6,Onsite,8.5,2.7,6.1,6.5,False,5.3,1,Senior Career (40-49)
2597,35,Female,Single,Bachelors,Operations,Operations Analyst,Entry Level,3374,9.7,2.3,12.0,Remote,2.9,1.0,6.6,8.0,True,5.1,0,Mid Career (30-39)
2598,38,Male,Married,Bachelors,Engineering,Software Engineer,Senior Level,9211,7.7,10.0,18.0,Remote,12.7,4.4,7.1,4.8,False,3.3,0,Mid Career (30-39)
2599,39,Female,Married,PhD,Sales,Account Executive,Mid Level,7659,11.2,8.2,15.4,Hybrid,8.4,3.3,6.0,5.6,False,5.4,0,Mid Career (30-39)
2600,48,Female,Single,Bachelors,Marketing,Growth Manager,Senior Level,8567,9.5,13.3,20.6,Remote,2.1,2.3,4.7,8.4,False,5.0,0,Senior Career (40-49)
2601,37,Male,Married,Masters,Operations,Operations Manager,Associate,5952,9.2,10.5,17.0,Onsite,10.7,4.8,7.2,6.0,True,5.6,0,Mid Career (30-39)
2602,39,Male,Divorced,Masters,Engineering,Engineering Manager,Associate,7636,13.6,5.2,13.3,Onsite,8.5,6.5,3.7,5.7,True,6.4,1,Mid Career (30-39)
2603,26,Female,Divorced,Masters,Engineering,Data Engineer,Mid Level,8869,9.8,5.0,6.0,Remote,9.0,3.9,7.3,5.2,False,1.0,0,Early Career (21-29)
2604,25,Female,Married,Bachelors,Research & Development,Research Scientist,Associate,4386,10.5,4.0,4.4,Remote,4.6,3.1,5.7,7.7,True,2.6,0,Early Career (21-29)
2605,39,Female,Single,High School,Engineering,Software Engineer,Mid Level,7268,9.5,8.9,12.4,Remote,2.7,1.1,7.5,7.1,True,1.2,0,Mid Career (30-39)
2606,44,Male,Married,Masters,Operations,Operations Manager,Senior Level,7916,10.7,7.1,16.0,Hybrid,2.9,1.6,6.8,6.5,False,1.6,0,Senior Career (40-49)
2607,37,Female,Married,Masters,Sales,Account Executive,Mid Level,7311,8.8,9.8,15.8,Onsite,19.6,5.4,8.0,3.1,True,4.6,1,Mid Career (30-39)
2608,45,Male,Married,PhD,Customer Support,Support Team Lead,Senior Level,7630,7.2,12.4,15.0,Onsite,6.9,3.4,7.5,6.3,False,4.9,1,Senior Career (40-49)
2609,37,Male,Married,Masters,Engineering,Data Engineer,Mid Level,9110,17.1,5.7,11.0,Hybrid,13.2,3.6,8.5,4.2,True,3.5,1,Mid Career (30-39)
2610,36,Female,Married,Masters,Operations,Program Manager,Mid Level,6076,12.4,4.5,8.9,Onsite,6.0,6.2,4.5,6.3,False,7.3,1,Mid Career (30-39)
2611,33,Female,Divorced,Bachelors,Research & Development,R&D Manager,Mid Level,7939,10.1,9.0,13.0,Hybrid,5.7,3.2,6.3,6.2,True,2.3,0,Mid Career (30-39)
2612,54,Female,Single,Masters,Operations,Program Manager,Management,7870,9.9,6.0,8.7,Hybrid,3.9,4.3,7.1,6.7,True,1.2,0,Pre-Retirement (50-64)
2613,31,Male,Single,Bachelors,Sales,Sales Manager,Mid Level,6697,18.9,9.1,11.0,Onsite,6.7,3.8,5.8,6.3,True,4.4,0,Mid Career (30-39)
2614,37,Female,Married,Bachelors,Research & Development,Research Scientist,Entry Level,3383,9.7,0.0,3.2,Hybrid,17.8,6.8,4.3,3.3,True,6.1,0,Mid Career (30-39)
2615,45,Male,Married,Bachelors,Customer Support,Support Team Lead,Mid Level,4871,5.8,8.6,12.6,Onsite,5.0,3.7,6.0,6.0,True,5.0,0,Senior Career (40-49)
2616,30,Male,Married,Masters,Operations,Operations Analyst,Associate,5112,4.3,2.2,9.2,Remote,7.4,5.1,3.3,5.3,True,7.4,0,Mid Career (30-39)
2617,50,Male,Single,Bachelors,Engineering,Engineering Manager,Management,11250,7.9,13.9,21.3,Remote,10.9,3.1,6.1,4.5,True,2.5,0,Pre-Retirement (50-64)
2618,46,Male,Single,High School,Operations,Program Manager,Senior Level,8180,14.1,4.5,11.3,Remote,7.6,2.5,6.4,4.9,True,6.2,0,Senior Career (40-49)
2619,40,Male,Single,Bachelors,Customer Support,Support Team Lead,Mid Level,5168,11.9,9.0,13.4,Remote,2.9,3.6,6.6,6.5,True,4.6,0,Senior Career (40-49)
2620,31,Male,Married,Bachelors,Finance,Finance Manager,Management,11826,14.5,9.1,11.0,Remote,11.7,3.5,9.5,6.7,False,7.7,0,Mid Career (30-39)
2621,29,Male,Single,Bachelors,Sales,Account Executive,Entry Level,3500,10.0,3.5,9.0,Onsite,11.8,5.3,5.1,5.9,True,4.0,0,Early Career (21-29)
2622,41,Female,Single,Bachelors,Research & Development,Research Scientist,Mid Level,7759,11.3,9.6,15.7,Hybrid,6.2,4.3,3.9,6.8,False,1.0,0,Senior Career (40-49)
2623,25,Female,Single,Masters,Engineering,Engineering Manager,Mid Level,7022,10.1,4.0,5.0,Remote,5.6,3.0,5.5,8.2,True,3.1,0,Early Career (21-29)
2624,35,Female,Single,PhD,Sales,Sales Development Rep,Mid Level,10421,14.1,7.5,12.1,Remote,6.4,2.5,6.1,6.8,True,4.2,0,Mid Career (30-39)
2625,36,Female,Single,Bachelors,Research & Development,Research Scientist,Entry Level,3721,8.3,5.9,16.0,Onsite,2.4,3.3,8.1,7.1,True,4.5,0,Mid Career (30-39)
2626,49,Male,Divorced,Bachelors,Finance,Financial Analyst,Senior Level,7485,12.4,10.5,14.2,Hybrid,1.4,2.1,9.9,6.9,False,3.1,0,Senior Career (40-49)
2627,36,Female,Single,High School,Engineering,Engineering Manager,Senior Level,8300,9.0,8.1,16.0,Onsite,16.2,6.0,6.7,3.0,True,2.6,0,Mid Career (30-39)
2628,53,Female,Divorced,Masters,Human Resources,HR Manager,Management,10929,15.3,9.9,20.1,Hybrid,3.2,3.6,7.4,7.6,True,4.1,0,Pre-Retirement (50-64)
2629,30,Female,Married,Bachelors,Research & Development,Research Scientist,Associate,5229,13.1,2.7,10.0,Hybrid,23.9,7.0,5.6,2.3,True,5.3,0,Mid Career (30-39)
2630,46,Female,Single,High School,Research & Development,Research Scientist,Mid Level,6004,13.0,4.7,12.7,Hybrid,8.4,6.4,4.6,5.6,True,3.7,0,Senior Career (40-49)
2631,44,Female,Married,Masters,Sales,Sales Manager,Senior Level,11338,16.7,10.5,16.6,Onsite,23.6,8.3,5.8,2.8,True,3.1,0,Senior Career (40-49)
2632,23,Female,Married,Bachelors,Engineering,QA Engineer,Entry Level,3203,12.7,2.0,3.0,Hybrid,5.4,2.0,9.3,7.5,True,3.9,0,Early Career (21-29)
2634,55,Male,Married,Bachelors,Engineering,Data Engineer,Senior Level,9437,13.0,9.0,15.1,Remote,2.9,1.3,7.3,8.9,True,4.7,0,Pre-Retirement (50-64)
2635,51,Male,Single,Bachelors,Engineering,Engineering Manager,Senior Level,10390,13.3,8.9,21.4,Onsite,2.9,3.9,7.4,6.9,True,3.3,0,Pre-Retirement (50-64)
2636,41,Female,Married,Bachelors,Sales,Account Executive,Associate,6524,9.5,4.2,8.8,Remote,6.1,2.7,5.1,6.5,False,5.7,0,Senior Career (40-49)
2637,30,Male,Married,Bachelors,Operations,Operations Analyst,Associate,3939,12.8,3.0,3.0,Hybrid,11.2,5.3,4.5,4.9,False,4.6,0,Mid Career (30-39)
2638,54,Male,Married,PhD,Marketing,Growth Manager,Senior Level,8398,13.4,10.3,14.5,Hybrid,4.8,2.5,7.1,6.8,False,5.8,1,Pre-Retirement (50-64)
2639,28,Male,Married,Masters,Engineering,Software Engineer,Entry Level,6140,12.2,3.3,8.0,Onsite,4.8,4.9,7.0,6.5,True,2.9,1,Early Career (21-29)
2640,29,Female,Divorced,Bachelors,Customer Support,Support Specialist,Entry Level,2328,15.5,7.5,9.0,Onsite,5.5,4.8,5.1,7.8,False,8.1,0,Early Career (21-29)
2641,29,Female,Married,Bachelors,Sales,Sales Manager,Senior Level,7940,17.5,7.3,9.0,Onsite,11.0,5.6,8.0,4.2,True,3.7,0,Early Career (21-29)
2642,39,Male,Single,Bachelors,Engineering,Software Engineer,Management,8866,10.1,8.4,16.4,Onsite,13.0,5.3,4.7,5.6,True,1.0,0,Mid Career (30-39)
2643,38,Male,Single,Bachelors,Finance,Financial Analyst,Senior Level,7735,14.7,13.4,18.0,Remote,4.3,3.5,6.1,6.4,False,5.0,1,Mid Career (30-39)
2644,54,Female,Married,Bachelors,Engineering,Data Engineer,Senior Level,10614,12.4,6.6,15.7,Hybrid,12.3,4.7,8.4,4.2,False,3.4,1,Pre-Retirement (50-64)
2645,43,Non-binary,Single,PhD,Engineering,Engineering Manager,Mid Level,8081,7.6,10.6,13.7,Hybrid,0.3,4.1,6.4,6.5,True,4.6,0,Senior Career (40-49)
2646,34,Male,Married,Masters,Operations,Operations Analyst,Senior Level,9014,9.7,9.6,14.0,Hybrid,8.0,6.9,3.5,4.6,False,7.3,0,Mid Career (30-39)
2647,37,Female,Married,Masters,Sales,Sales Development Rep,Associate,5025,13.4,1.7,2.3,Hybrid,7.1,1.4,8.6,6.6,False,7.0,1,Mid Career (30-39)
2648,40,Female,Married,Bachelors,Finance,Finance Manager,Mid Level,6334,16.5,3.1,6.7,Hybrid,9.7,4.4,5.9,6.8,True,6.1,1,Senior Career (40-49)
2649,37,Male,Married,Bachelors,Marketing,Marketing Specialist,Management,10474,9.6,14.0,17.0,Remote,8.8,3.0,8.2,6.1,False,5.4,0,Mid Career (30-39)
2650,55,Male,Married,Bachelors,Research & Development,R&D Manager,Mid Level,8955,9.3,1.8,4.6,Hybrid,1.1,3.1,7.8,6.4,True,4.7,0,Pre-Retirement (50-64)
2651,43,Male,Single,High School,Engineering,Engineering Manager,Senior Level,8757,12.7,7.5,13.7,Hybrid,7.1,6.7,5.1,3.9,True,5.4,0,Senior Career (40-49)
2652,34,Male,Single,Bachelors,Research & Development,Research Scientist,Associate,5655,12.4,3.5,12.0,Hybrid,7.2,5.5,4.9,5.6,False,4.3,1,Mid Career (30-39)
2653,41,Female,Single,Bachelors,Operations,Operations Manager,Mid Level,4920,10.1,6.3,16.3,Hybrid,13.1,3.1,7.1,4.9,True,4.5,1,Senior Career (40-49)
2654,38,Male,Single,Bachelors,Research & Development,R&D Manager,Mid Level,6047,5.9,7.2,12.5,Onsite,4.3,3.2,5.9,8.3,True,3.5,0,Mid Career (30-39)
2655,38,Male,Single,Masters,Engineering,Engineering Manager,Mid Level,8754,10.2,5.2,12.8,Onsite,4.9,4.1,5.8,6.1,True,3.1,1,Mid Career (30-39)
2656,35,Male,Married,Masters,Sales,Sales Development Rep,Associate,6804,3.5,5.3,14.6,Hybrid,14.8,7.5,5.5,5.4,False,5.3,0,Mid Career (30-39)
2657,44,Male,Divorced,Bachelors,Engineering,QA Engineer,Senior Level,11811,4.3,8.7,12.3,Remote,9.9,2.4,5.7,7.6,True,4.1,0,Senior Career (40-49)
2658,40,Non-binary,Single,PhD,Research & Development,Research Scientist,Entry Level,4606,16.2,0.8,4.4,Remote,5.7,1.0,7.7,8.1,True,3.3,0,Senior Career (40-49)
2659,37,Female,Married,Bachelors,Sales,Sales Development Rep,Senior Level,6023,13.2,5.9,12.5,Hybrid,4.1,4.4,5.8,7.2,True,7.1,0,Mid Career (30-39)
2660,23,Female,Single,Masters,Engineering,Data Engineer,Associate,5463,7.7,2.0,3.0,Hybrid,6.2,4.1,6.8,5.7,True,2.7,0,Early Career (21-29)
2661,31,Female,Single,High School,Human Resources,Recruiter,Associate,3604,15.0,1.5,7.0,Hybrid,2.7,1.0,7.2,7.7,True,5.8,0,Mid Career (30-39)
2662,28,Female,Married,Bachelors,Customer Support,Support Team Lead,Senior Level,6196,8.7,7.0,8.0,Onsite,2.9,4.8,6.7,4.0,False,5.9,0,Early Career (21-29)
2663,35,Male,Single,Bachelors,Human Resources,HR Business Partner,Mid Level,3686,15.0,8.4,9.7,Hybrid,1.8,2.2,7.4,7.0,True,1.4,0,Mid Career (30-39)
2664,38,Male,Married,Bachelors,Engineering,Data Engineer,Associate,6697,10.7,2.6,6.6,Onsite,10.7,3.8,7.7,5.9,True,4.4,0,Mid Career (30-39)
2665,32,Male,Single,Masters,Sales,Account Executive,Associate,6658,12.4,4.9,12.0,Onsite,5.5,6.2,5.5,5.9,True,5.4,1,Mid Career (30-39)
2666,27,Female,Married,Bachelors,Finance,Financial Analyst,Senior Level,7883,14.2,6.0,7.0,Onsite,17.4,6.5,7.2,3.6,True,4.2,0,Early Career (21-29)
2667,23,Female,Single,Bachelors,Marketing,Marketing Specialist,Entry Level,2299,9.6,2.0,3.0,Remote,3.2,2.6,6.8,6.2,True,5.9,0,Early Career (21-29)
2668,56,Male,Single,Masters,Engineering,QA Engineer,Management,11300,12.0,10.9,17.8,Onsite,13.5,4.9,4.9,5.2,False,3.8,0,Pre-Retirement (50-64)
2669,35,Female,Single,Masters,Sales,Account Executive,Associate,6224,8.3,4.8,15.0,Hybrid,3.3,2.8,5.8,8.2,False,7.0,0,Mid Career (30-39)
2670,29,Male,Married,High School,Sales,Sales Manager,Mid Level,6295,20.3,8.0,9.0,Hybrid,7.5,5.3,2.8,6.8,True,8.3,0,Early Career (21-29)
2671,48,Female,Married,Bachelors,Engineering,Software Engineer,Senior Level,7722,6.2,5.6,6.1,Hybrid,6.7,2.3,6.7,6.7,True,3.2,0,Senior Career (40-49)
2672,36,Female,Married,Masters,Finance,Accountant,Senior Level,8938,4.8,11.2,16.0,Onsite,4.5,5.0,3.6,7.3,False,4.4,0,Mid Career (30-39)
2673,39,Male,Divorced,Masters,Customer Support,Customer Success Manager,Mid Level,4897,13.8,8.8,9.2,Onsite,10.9,3.3,7.8,4.3,False,3.9,1,Mid Career (30-39)
2674,36,Male,Married,Bachelors,Engineering,Software Engineer,Entry Level,4935,13.0,5.2,9.3,Hybrid,20.2,6.8,6.1,3.5,True,3.6,0,Mid Career (30-39)
2675,47,Female,Married,PhD,Customer Support,Support Team Lead,Mid Level,5455,12.9,7.8,10.3,Hybrid,17.7,5.2,6.3,4.7,True,3.3,0,Senior Career (40-49)
2676,31,Male,Single,Masters,Sales,Sales Development Rep,Entry Level,4428,12.9,1.3,11.0,Onsite,11.9,3.9,6.4,6.3,False,6.6,0,Mid Career (30-39)
2677,53,Male,Married,Bachelors,Engineering,Engineering Manager,Management,13239,17.2,8.3,21.4,Hybrid,5.5,2.0,8.5,6.5,True,5.9,0,Pre-Retirement (50-64)
2678,37,Male,Married,Masters,Human Resources,HR Manager,Senior Level,10802,14.2,13.2,17.0,Onsite,6.1,5.7,6.2,5.7,False,2.1,0,Mid Career (30-39)
2679,40,Male,Divorced,Masters,Engineering,Data Engineer,Senior Level,10141,16.0,8.0,13.8,Hybrid,1.4,1.9,8.8,7.5,True,1.7,0,Senior Career (40-49)
2680,41,Male,Single,Bachelors,Sales,Sales Manager,Senior Level,7215,8.9,12.8,19.2,Remote,5.9,1.5,8.6,8.6,False,4.2,0,Senior Career (40-49)
2681,41,Male,Married,Masters,Customer Support,Support Specialist,Associate,2874,8.0,4.3,12.6,Remote,9.7,2.5,7.8,7.6,True,4.7,0,Senior Career (40-49)
2682,36,Female,Divorced,PhD,Sales,Sales Manager,Senior Level,8627,12.9,11.0,16.0,Hybrid,12.8,3.9,8.0,4.3,True,8.2,0,Mid Career (30-39)
2683,34,Male,Married,Bachelors,Research & Development,Product Researcher,Associate,6207,15.1,2.2,8.4,Hybrid,3.3,3.1,6.0,8.7,False,5.0,0,Mid Career (30-39)
2684,31,Male,Single,Masters,Engineering,Software Engineer,Mid Level,8523,11.7,5.4,10.3,Onsite,4.2,4.7,6.2,5.8,False,1.0,0,Mid Career (30-39)
2685,29,Male,Married,Bachelors,Engineering,QA Engineer,Mid Level,8296,14.3,5.4,9.0,Onsite,2.3,6.0,6.8,5.5,True,7.4,0,Early Career (21-29)
2686,32,Male,Single,Masters,Human Resources,Recruiter,Associate,4434,12.6,0.7,10.9,Onsite,1.8,5.5,5.4,5.3,True,6.3,1,Mid Career (30-39)
2687,21,Female,Married,High School,Customer Support,Support Specialist,Associate,2346,10.7,0.0,0.7,Onsite,7.7,5.7,2.5,5.9,False,7.2,1,Early Career (21-29)
2688,34,Female,Married,Bachelors,Customer Support,Support Team Lead,Mid Level,5819,9.8,8.5,13.2,Remote,11.4,4.8,7.3,3.8,False,7.7,1,Mid Career (30-39)
2689,36,Female,Single,Bachelors,Engineering,Engineering Manager,Associate,6217,18.0,3.1,7.2,Remote,5.9,5.4,3.7,6.4,True,1.0,0,Mid Career (30-39)
2690,38,Female,Married,Bachelors,Engineering,Software Engineer,Senior Level,11293,13.2,9.3,18.0,Onsite,3.2,2.7,5.3,6.6,True,1.0,0,Mid Career (30-39)
2691,37,Male,Divorced,Masters,Sales,Sales Development Rep,Mid Level,5425,10.0,3.5,5.4,Hybrid,16.7,4.1,8.6,3.2,True,7.1,0,Mid Career (30-39)
2692,42,Female,Married,High School,Sales,Account Executive,Senior Level,9935,13.7,6.7,17.7,Remote,6.7,2.6,5.8,6.8,False,2.9,0,Senior Career (40-49)
2693,46,Female,Single,Bachelors,Engineering,Data Engineer,Entry Level,4539,13.0,8.5,13.7,Onsite,0.6,3.5,6.0,8.0,True,3.0,0,Senior Career (40-49)
2694,25,Male,Married,Masters,Engineering,QA Engineer,Entry Level,4128,15.9,2.5,5.0,Remote,4.7,3.5,5.0,7.9,True,5.1,0,Early Career (21-29)
2695,38,Male,Single,Bachelors,Operations,Operations Analyst,Senior Level,8420,20.8,8.0,11.2,Hybrid,6.2,2.3,8.6,7.3,True,3.1,0,Mid Career (30-39)
2696,38,Male,Single,Masters,Sales,Account Executive,Associate,6060,12.5,1.5,2.3,Onsite,5.0,5.0,9.0,7.0,False,6.3,0,Mid Career (30-39)
2697,44,Male,Single,Masters,Research & Development,R&D Manager,Mid Level,8371,9.7,9.8,21.8,Hybrid,11.0,4.3,7.5,6.4,False,5.8,0,Senior Career (40-49)
2698,28,Female,Single,Bachelors,Human Resources,HR Manager,Senior Level,7027,10.9,7.0,8.0,Remote,6.2,4.0,7.7,5.7,True,8.4,0,Early Career (21-29)
2699,34,Female,Single,Masters,Engineering,Data Engineer,Associate,6175,11.4,5.1,10.1,Onsite,2.5,3.7,5.9,5.6,True,4.2,1,Mid Career (30-39)
2700,38,Female,Married,Masters,Operations,Program Manager,Mid Level,7623,9.2,10.7,18.0,Onsite,4.1,5.4,5.8,5.7,False,6.3,0,Mid Career (30-39)
2701,40,Female,Married,Bachelors,Engineering,Engineering Manager,Mid Level,9532,16.1,10.4,14.6,Hybrid,3.2,2.9,8.7,5.7,True,6.6,0,Senior Career (40-49)
2702,36,Male,Married,Bachelors,Sales,Account Executive,Senior Level,11794,8.4,11.7,16.0,Onsite,4.5,2.4,7.7,6.9,False,3.6,0,Mid Career (30-39)
2703,42,Non-binary,Married,Bachelors,Sales,Sales Manager,Senior Level,8571,18.9,6.9,14.8,Onsite,17.0,7.4,4.7,2.7,True,3.9,1,Senior Career (40-49)
2704,49,Male,Divorced,Masters,Engineering,Data Engineer,Management,14697,10.1,14.1,20.7,Hybrid,7.0,3.2,8.6,6.9,True,1.0,0,Senior Career (40-49)
2706,21,Female,Married,Bachelors,Sales,Sales Development Rep,Entry Level,2634,7.5,0.0,1.0,Hybrid,8.7,5.3,4.2,6.9,False,5.2,0,Early Career (21-29)
2707,36,Female,Married,PhD,Finance,Financial Analyst,Associate,6323,10.3,9.6,14.2,Hybrid,1.6,2.7,6.9,7.0,False,3.8,0,Mid Career (30-39)
2708,43,Female,Divorced,Bachelors,Engineering,Software Engineer,Mid Level,11508,15.6,9.1,15.9,Remote,12.2,2.5,7.7,7.3,True,4.5,0,Senior Career (40-49)
2709,43,Male,Married,Bachelors,Finance,Finance Manager,Senior Level,6818,9.2,8.1,13.4,Onsite,16.0,6.3,7.4,4.3,False,3.3,0,Senior Career (40-49)
2710,44,Male,Married,Bachelors,Customer Support,Support Specialist,Mid Level,4790,12.8,7.8,11.7,Onsite,6.0,4.5,5.7,7.8,True,6.4,0,Senior Career (40-49)
2711,23,Male,Single,Masters,Engineering,Engineering Manager,Mid Level,6217,13.3,2.0,3.0,Remote,3.9,1.8,8.6,7.0,True,2.1,0,Early Career (21-29)
2712,29,Male,Married,Masters,Sales,Sales Development Rep,Entry Level,4023,10.9,1.4,9.0,Remote,12.1,4.5,6.8,6.0,True,3.2,0,Early Career (21-29)
2713,25,Male,Single,Masters,Marketing,Content Strategist,Mid Level,7673,12.5,4.0,5.0,Onsite,5.5,4.6,5.2,6.5,False,5.7,0,Early Career (21-29)
2714,30,Female,Married,Bachelors,Engineering,Software Engineer,Associate,6362,14.8,5.4,10.0,Onsite,13.6,4.0,8.2,4.6,True,7.1,0,Mid Career (30-39)
2715,34,Female,Single,Bachelors,Finance,Financial Analyst,Mid Level,7012,13.5,5.0,12.7,Hybrid,10.9,7.4,2.6,4.6,False,3.3,1,Mid Career (30-39)
2717,60,Female,Married,Bachelors,Customer Support,Customer Success Manager,Management,9282,14.9,8.7,24.5,Hybrid,3.9,2.7,8.1,7.4,False,4.3,0,Pre-Retirement (50-64)
2718,54,Male,Single,High School,Marketing,Growth Manager,Management,8903,14.0,8.6,16.6,Onsite,8.9,3.5,7.7,6.1,True,3.4,0,Pre-Retirement (50-64)
2719,31,Male,Single,Masters,Engineering,Data Engineer,Associate,8146,10.1,8.9,11.0,Onsite,5.4,3.3,7.0,6.5,True,7.3,0,Mid Career (30-39)
2720,47,Male,Married,Masters,Engineering,QA Engineer,Mid Level,9635,12.2,5.0,14.0,Remote,2.7,2.2,7.0,8.3,True,3.2,0,Senior Career (40-49)
2721,42,Male,Married,Masters,Customer Support,Customer Success Manager,Senior Level,10050,20.1,10.3,19.2,Onsite,8.2,2.8,7.5,5.9,True,6.8,0,Senior Career (40-49)
2722,42,Female,Single,Masters,Operations,Operations Manager,Senior Level,9865,18.0,5.5,12.2,Hybrid,2.3,2.4,9.6,6.5,True,2.9,0,Senior Career (40-49)
2723,39,Male,Single,Bachelors,Operations,Program Manager,Senior Level,9208,15.2,7.1,11.8,Onsite,2.9,5.6,5.3,5.3,False,3.8,0,Mid Career (30-39)
2724,42,Female,Married,Bachelors,Marketing,Content Strategist,Mid Level,6552,6.8,5.2,14.0,Remote,12.6,4.9,4.6,6.0,True,7.7,1,Senior Career (40-49)
2725,48,Female,Single,Bachelors,Engineering,Engineering Manager,Management,10020,12.2,11.2,19.9,Hybrid,4.5,2.8,9.3,5.5,True,3.8,0,Senior Career (40-49)
2726,30,Female,Married,Bachelors,Human Resources,HR Business Partner,Associate,4216,6.6,4.0,10.0,Onsite,4.9,4.4,4.0,6.8,False,2.8,0,Mid Career (30-39)
2727,26,Female,Single,Bachelors,Marketing,Content Strategist,Entry Level,3237,11.8,0.9,6.0,Remote,3.9,1.5,8.9,7.7,True,7.1,0,Early Career (21-29)
2728,32,Male,Single,Bachelors,Engineering,QA Engineer,Associate,7209,12.5,2.7,7.5,Onsite,5.2,3.6,6.9,6.2,True,6.5,0,Mid Career (30-39)
2729,33,Male,Married,Masters,Sales,Sales Development Rep,Entry Level,3399,10.9,4.2,4.4,Onsite,7.6,2.4,7.1,6.8,False,5.1,0,Mid Career (30-39)
2730,50,Female,Single,PhD,Finance,Accountant,Management,10921,10.9,12.0,16.1,Hybrid,9.3,4.5,6.1,3.2,True,5.4,0,Pre-Retirement (50-64)
2731,39,Female,Married,Masters,Engineering,QA Engineer,Mid Level,8558,16.0,8.5,8.4,Hybrid,3.1,3.3,6.7,5.7,False,3.6,0,Mid Career (30-39)
2732,28,Male,Single,Masters,Engineering,Software Engineer,Associate,5095,10.0,7.0,8.0,Onsite,4.8,2.9,6.3,8.0,True,2.2,0,Early Career (21-29)
2733,51,Male,Married,Masters,Engineering,QA Engineer,Management,16947,14.6,11.5,16.2,Hybrid,10.5,1.9,8.2,6.6,True,1.6,0,Pre-Retirement (50-64)
2735,27,Female,Married,Bachelors,Sales,Sales Manager,Associate,4586,9.5,4.9,7.0,Onsite,6.2,7.2,4.7,5.0,True,4.4,1,Early Career (21-29)
2736,21,Male,Single,Masters,Finance,Accountant,Entry Level,4074,13.2,0.0,1.0,Onsite,7.7,5.6,2.9,6.5,True,7.1,0,Early Career (21-29)
2737,21,Male,Married,Masters,Sales,Account Executive,Entry Level,3943,15.4,0.0,1.0,Hybrid,3.6,5.4,6.9,6.0,True,5.3,0,Early Career (21-29)
2738,44,Male,Single,Bachelors,Sales,Sales Manager,Mid Level,6355,13.1,3.6,7.0,Hybrid,8.3,6.1,5.4,7.1,True,6.7,1,Senior Career (40-49)
2739,21,Female,Divorced,Masters,Engineering,Software Engineer,Entry Level,4152,13.0,0.0,1.0,Hybrid,12.0,4.1,6.1,4.0,True,7.6,0,Early Career (21-29)
2740,45,Male,Married,Bachelors,Sales,Sales Manager,Mid Level,7324,15.4,10.8,25.0,Hybrid,6.3,3.1,5.4,6.9,False,3.9,0,Senior Career (40-49)
2741,37,Female,Single,Bachelors,Research & Development,Research Scientist,Senior Level,7064,11.5,8.1,13.4,Onsite,12.1,3.6,8.3,5.6,True,2.8,0,Mid Career (30-39)
2742,32,Female,Divorced,PhD,Operations,Operations Analyst,Mid Level,7157,16.6,5.2,10.1,Remote,17.6,3.7,5.9,6.6,False,2.7,0,Mid Career (30-39)
2743,31,Female,Married,Masters,Operations,Operations Analyst,Associate,4743,11.2,8.9,11.0,Onsite,12.7,6.3,4.0,3.0,False,6.5,0,Mid Career (30-39)
2744,21,Male,Single,PhD,Customer Support,Support Specialist,Mid Level,4791,13.7,0.0,1.0,Onsite,5.8,5.8,4.1,4.6,True,6.6,0,Early Career (21-29)
2745,50,Male,Single,Bachelors,Engineering,QA Engineer,Senior Level,9494,17.2,5.7,9.4,Remote,5.7,3.3,9.3,7.5,True,2.0,0,Pre-Retirement (50-64)
2746,47,Non-binary,Married,Bachelors,Customer Support,Support Team Lead,Senior Level,6163,13.8,5.2,9.7,Remote,5.5,4.8,7.4,6.9,True,8.0,0,Senior Career (40-49)
2747,36,Female,Married,Bachelors,Customer Support,Support Specialist,Associate,3501,13.6,3.3,7.4,Onsite,6.7,4.6,6.9,5.1,True,9.2,0,Mid Career (30-39)
2748,25,Female,Single,Masters,Finance,Financial Analyst,Associate,4756,7.4,4.0,5.0,Hybrid,4.6,4.3,7.6,6.9,False,5.4,0,Early Career (21-29)
2749,34,Male,Single,Bachelors,Customer Support,Support Specialist,Entry Level,2427,6.4,9.8,9.5,Onsite,15.7,8.6,4.3,2.8,False,5.1,1,Mid Career (30-39)
2750,45,Female,Single,Bachelors,Engineering,Engineering Manager,Senior Level,10492,14.7,12.0,14.0,Remote,1.8,4.0,7.4,7.8,True,6.9,0,Senior Career (40-49)
2751,35,Female,Married,Masters,Engineering,Software Engineer,Associate,6550,7.2,9.3,15.0,Onsite,2.6,4.9,6.4,7.4,True,5.0,1,Mid Career (30-39)
2752,42,Female,Married,Bachelors,Research & Development,R&D Manager,Mid Level,7162,14.6,10.0,17.4,Onsite,2.5,2.2,7.2,7.1,True,2.3,0,Senior Career (40-49)
2753,48,Non-binary,Single,High School,Sales,Sales Manager,Senior Level,7542,11.3,6.5,10.7,Hybrid,7.1,5.1,7.4,4.2,False,4.7,0,Senior Career (40-49)
2754,49,Male,Married,Bachelors,Research & Development,Product Researcher,Senior Level,11233,18.2,6.8,10.4,Hybrid,1.7,1.3,9.3,6.3,False,1.0,0,Senior Career (40-49)
2755,51,Female,Married,PhD,Marketing,Growth Manager,Senior Level,7630,9.0,7.2,14.5,Hybrid,3.3,3.1,5.2,6.7,True,7.1,1,Pre-Retirement (50-64)
2756,38,Female,Married,Bachelors,Sales,Account Executive,Associate,4979,14.3,4.2,8.4,Onsite,2.8,4.2,4.3,4.6,False,3.8,0,Mid Career (30-39)
2757,43,Female,Single,Bachelors,Customer Support,Customer Success Manager,Senior Level,7576,12.2,11.2,19.3,Onsite,13.6,6.0,3.9,5.5,False,8.8,1,Senior Career (40-49)
2758,46,Non-binary,Single,Bachelors,Marketing,Content Strategist,Senior Level,8559,8.8,9.6,14.5,Onsite,2.1,6.2,3.0,3.5,True,2.3,1,Senior Career (40-49)
2759,33,Male,Married,Bachelors,Engineering,Data Engineer,Mid Level,7436,16.2,6.8,12.9,Hybrid,1.8,4.6,6.1,6.0,True,2.0,0,Mid Career (30-39)
2760,38,Female,Married,PhD,Sales,Sales Manager,Associate,5213,13.9,4.7,12.2,Hybrid,4.3,5.7,6.4,6.4,False,4.4,0,Mid Career (30-39)
2761,41,Female,Married,Bachelors,Engineering,Software Engineer,Senior Level,8352,13.1,5.9,15.4,Onsite,12.2,5.1,6.1,5.2,True,4.0,0,Senior Career (40-49)
2763,30,Male,Single,Bachelors,Customer Support,Support Team Lead,Mid Level,5735,9.9,5.0,10.0,Onsite,6.8,5.0,4.8,6.4,True,7.6,0,Mid Career (30-39)
2764,42,Female,Married,PhD,Engineering,Engineering Manager,Senior Level,16458,9.5,6.3,11.1,Hybrid,7.9,3.5,7.5,7.4,False,2.5,1,Senior Career (40-49)
2765,39,Male,Single,Bachelors,Sales,Account Executive,Senior Level,8756,7.4,10.7,13.2,Onsite,16.7,7.4,5.7,4.4,True,6.8,1,Mid Career (30-39)
2766,46,Male,Married,Bachelors,Customer Support,Customer Success Manager,Senior Level,7505,13.4,9.8,14.2,Remote,1.8,2.7,7.3,9.0,False,4.7,0,Senior Career (40-49)
2767,31,Female,Married,PhD,Engineering,Software Engineer,Entry Level,5527,9.7,4.3,10.4,Hybrid,4.3,4.0,7.5,5.6,True,3.0,0,Mid Career (30-39)
2768,29,Female,Single,Masters,Engineering,Software Engineer,Entry Level,4580,14.8,5.2,6.4,Remote,6.4,2.9,7.7,6.8,True,1.1,0,Early Career (21-29)
2769,36,Male,Single,Masters,Engineering,QA Engineer,Entry Level,4714,13.2,3.6,9.6,Hybrid,7.0,5.5,5.4,2.9,True,3.3,1,Mid Career (30-39)
2770,28,Female,Married,Bachelors,Research & Development,Product Researcher,Associate,5544,10.9,2.8,6.0,Hybrid,2.2,1.0,6.6,7.9,False,3.4,0,Early Career (21-29)
2771,41,Male,Married,Masters,Marketing,Marketing Specialist,Senior Level,11458,10.3,11.5,20.2,Hybrid,3.4,3.9,5.2,7.0,True,5.5,0,Senior Career (40-49)
2772,43,Male,Married,PhD,Engineering,Data Engineer,Mid Level,7300,15.4,9.4,13.3,Onsite,10.3,3.4,8.4,7.4,True,5.5,0,Senior Career (40-49)
2773,30,Female,Single,Masters,Engineering,Software Engineer,Entry Level,4225,7.9,3.3,10.0,Onsite,8.6,4.0,5.3,4.7,True,3.2,0,Mid Career (30-39)
2774,44,Female,Single,PhD,Engineering,Engineering Manager,Management,14719,7.2,11.1,20.7,Remote,15.7,4.1,7.0,4.4,False,4.0,1,Senior Career (40-49)
2775,21,Female,Married,PhD,Human Resources,Recruiter,Associate,4416,13.6,0.0,1.0,Remote,5.4,4.6,3.8,5.9,True,4.3,1,Early Career (21-29)
2776,32,Male,Married,Bachelors,Engineering,Engineering Manager,Mid Level,7991,15.0,7.2,12.0,Hybrid,2.7,3.3,7.3,6.1,False,3.2,0,Mid Career (30-39)
2777,37,Male,Married,Masters,Finance,Financial Analyst,Entry Level,4375,13.0,6.9,10.2,Hybrid,4.8,4.7,4.3,6.9,False,4.5,0,Mid Career (30-39)
2778,39,Female,Married,Masters,Research & Development,Research Scientist,Mid Level,6653,11.6,5.5,9.7,Onsite,4.0,4.0,5.3,6.9,False,5.5,0,Mid Career (30-39)
2779,35,Male,Single,Bachelors,Finance,Finance Manager,Associate,4706,15.6,10.4,15.0,Remote,9.0,3.2,6.6,6.4,True,6.5,0,Mid Career (30-39)
2780,43,Male,Single,Bachelors,Engineering,Data Engineer,Mid Level,7392,6.5,3.5,9.7,Remote,4.7,2.8,6.6,8.3,True,2.7,0,Senior Career (40-49)
2781,26,Female,Single,Bachelors,Engineering,Data Engineer,Mid Level,6589,14.1,5.0,6.0,Hybrid,13.3,6.3,5.2,4.8,False,5.2,1,Early Career (21-29)
2783,35,Female,Married,High School,Marketing,Marketing Specialist,Entry Level,2956,4.2,7.1,15.0,Hybrid,5.3,3.2,8.2,6.5,True,7.3,0,Mid Career (30-39)
2784,41,Male,Single,Bachelors,Engineering,Engineering Manager,Management,9019,11.6,6.9,14.6,Onsite,4.0,5.0,6.9,7.4,True,3.7,0,Senior Career (40-49)
2785,53,Male,Married,Bachelors,Engineering,Data Engineer,Management,13659,13.8,11.8,21.2,Remote,4.9,5.1,7.1,6.9,True,3.9,0,Pre-Retirement (50-64)
2786,34,Female,Single,Masters,Customer Support,Customer Success Manager,Associate,4007,10.1,7.0,11.4,Onsite,5.3,5.0,6.7,5.0,False,7.3,0,Mid Career (30-39)
2787,45,Female,Single,Bachelors,Human Resources,HR Manager,Senior Level,6657,12.0,9.3,13.4,Remote,1.0,2.5,6.5,7.9,False,3.1,0,Senior Career (40-49)
2788,64,Female,Married,Masters,Operations,Operations Manager,Management,9076,9.0,11.4,13.8,Onsite,6.6,4.9,5.1,6.5,True,5.5,0,Pre-Retirement (50-64)
2789,37,Male,Divorced,High School,Sales,Sales Development Rep,Entry Level,3230,15.3,5.3,12.3,Onsite,8.4,5.2,4.4,5.5,True,4.2,1,Mid Career (30-39)
2790,43,Male,Married,Masters,Engineering,Software Engineer,Senior Level,12230,15.4,11.8,16.3,Onsite,5.3,3.4,7.9,5.5,True,2.7,0,Senior Career (40-49)
2791,41,Male,Single,Bachelors,Finance,Financial Analyst,Mid Level,9217,8.9,8.9,20.9,Onsite,7.4,3.7,7.6,6.1,True,4.3,0,Senior Career (40-49)
2792,36,Female,Single,Bachelors,Sales,Sales Development Rep,Mid Level,5551,12.4,5.4,10.1,Hybrid,8.5,6.4,6.1,6.2,False,6.3,1,Mid Career (30-39)
2794,40,Male,Married,Masters,Customer Support,Customer Success Manager,Mid Level,5074,14.8,11.3,16.2,Onsite,3.0,5.2,7.8,7.0,True,9.6,0,Senior Career (40-49)
2795,33,Male,Married,Bachelors,Research & Development,R&D Manager,Mid Level,6505,9.6,7.6,9.7,Onsite,12.0,6.1,4.4,5.1,True,7.3,1,Mid Career (30-39)
2796,27,Male,Married,Bachelors,Operations,Operations Analyst,Associate,5791,10.6,6.0,7.0,Onsite,0.2,1.0,6.2,8.6,False,4.8,0,Early Career (21-29)
2797,34,Male,Married,Bachelors,Customer Support,Support Team Lead,Associate,3672,13.5,5.1,11.4,Remote,6.5,3.1,8.0,7.2,True,5.7,0,Mid Career (30-39)
2798,29,Male,Single,Bachelors,Finance,Finance Manager,Associate,4993,7.1,7.7,9.0,Onsite,4.6,3.3,6.6,5.5,False,1.0,0,Early Career (21-29)
2799,21,Female,Married,Bachelors,Engineering,Software Engineer,Entry Level,4240,9.7,0.0,1.0,Hybrid,8.1,2.0,9.0,6.3,True,3.7,0,Early Career (21-29)
2800,32,Male,Married,Bachelors,Customer Support,Support Specialist,Entry Level,3211,9.0,7.1,9.4,Onsite,14.2,8.7,4.3,4.5,True,10.0,1,Mid Career (30-39)
2801,33,Male,Single,Bachelors,Operations,Operations Manager,Associate,3386,11.9,1.2,6.5,Onsite,4.0,4.0,6.4,5.1,True,7.4,1,Mid Career (30-39)
2802,33,Female,Married,Bachelors,Engineering,Engineering Manager,Associate,6374,17.2,5.1,10.6,Hybrid,4.0,3.3,5.9,6.8,True,4.9,0,Mid Career (30-39)
2803,22,Female,Married,Masters,Research & Development,R&D Manager,Associate,5999,10.7,1.0,2.0,Hybrid,9.8,4.7,6.5,6.4,True,2.6,0,Early Career (21-29)
2804,39,Female,Married,High School,Research & Development,R&D Manager,Senior Level,7265,10.4,11.6,15.6,Onsite,12.2,5.8,7.6,4.8,True,5.9,0,Mid Career (30-39)
2805,49,Female,Married,Masters,Sales,Sales Development Rep,Management,10205,12.5,11.4,15.3,Hybrid,4.9,3.2,6.4,7.6,False,3.0,0,Senior Career (40-49)
2806,25,Male,Married,High School,Marketing,Growth Manager,Mid Level,4816,11.6,4.0,5.0,Remote,6.9,2.4,7.7,6.6,True,3.8,0,Early Career (21-29)
2807,53,Male,Married,PhD,Sales,Account Executive,Senior Level,10291,11.4,5.8,13.8,Hybrid,8.3,5.0,7.1,7.1,False,2.8,0,Pre-Retirement (50-64)
2808,32,Non-binary,Single,High School,Marketing,Growth Manager,Associate,4294,10.7,4.3,7.7,Onsite,1.2,5.1,5.9,7.1,False,5.8,0,Mid Career (30-39)
2809,41,Female,Married,Bachelors,Engineering,Software Engineer,Associate,7368,17.0,3.9,6.0,Onsite,6.1,3.9,6.9,5.2,True,4.1,0,Senior Career (40-49)
2810,46,Male,Single,Masters,Engineering,QA Engineer,Senior Level,12897,8.5,14.0,19.2,Onsite,3.9,2.3,7.8,9.1,False,1.2,0,Senior Career (40-49)
2811,40,Female,Married,High School,Research & Development,R&D Manager,Senior Level,8212,18.4,6.4,10.9,Onsite,6.9,1.9,9.4,7.0,True,4.9,0,Senior Career (40-49)
2812,26,Female,Single,Bachelors,Operations,Program Manager,Associate,3670,12.5,4.9,6.0,Onsite,2.7,3.4,3.7,6.7,False,5.0,0,Early Career (21-29)
2813,32,Female,Single,Bachelors,Research & Development,Product Researcher,Associate,5752,19.3,3.9,12.0,Hybrid,2.9,6.1,5.8,5.7,False,3.8,0,Mid Career (30-39)
2814,39,Female,Single,Masters,Operations,Operations Analyst,Mid Level,7476,4.7,10.2,11.1,Onsite,5.5,3.0,6.7,6.4,False,6.0,0,Mid Career (30-39)
2815,36,Female,Single,Bachelors,Sales,Sales Manager,Associate,4526,10.0,6.8,16.0,Onsite,7.0,5.7,6.3,6.1,False,8.5,0,Mid Career (30-39)
2816,29,Male,Single,Bachelors,Customer Support,Support Specialist,Associate,3095,12.6,4.5,9.0,Hybrid,11.1,7.2,5.7,5.5,False,7.9,1,Early Career (21-29)
2817,41,Female,Married,Masters,Engineering,Software Engineer,Mid Level,11562,11.3,5.9,12.5,Onsite,4.9,3.8,8.1,5.1,False,4.4,0,Senior Career (40-49)
2818,42,Male,Married,High School,Research & Development,Product Researcher,Senior Level,8268,16.2,13.2,18.7,Hybrid,11.6,3.3,6.5,7.9,True,3.0,0,Senior Career (40-49)
2819,47,Female,Single,Masters,Sales,Sales Manager,Senior Level,10366,16.1,8.3,13.4,Remote,19.4,4.5,7.6,5.4,False,3.6,0,Senior Career (40-49)
2820,28,Male,Single,Bachelors,Sales,Sales Development Rep,Associate,4300,15.8,1.3,8.0,Onsite,7.0,3.7,6.4,4.6,False,6.9,0,Early Career (21-29)
2821,50,Male,Married,Bachelors,Operations,Operations Manager,Management,10341,10.5,7.9,8.4,Hybrid,4.7,3.8,4.0,5.0,True,3.3,0,Pre-Retirement (50-64)
2822,27,Female,Married,Bachelors,Sales,Account Executive,Associate,4562,13.0,4.4,7.0,Hybrid,7.0,3.3,6.3,5.2,False,4.0,0,Early Career (21-29)
2823,32,Female,Single,Bachelors,Marketing,Content Strategist,Entry Level,3842,16.4,4.1,10.4,Hybrid,10.8,6.6,4.8,5.0,True,5.1,1,Mid Career (30-39)
2824,21,Male,Married,Bachelors,Sales,Sales Development Rep,Associate,5672,10.8,0.0,1.0,Remote,6.4,5.4,5.5,5.7,False,6.9,0,Early Career (21-29)
2825,26,Female,Married,Bachelors,Engineering,Software Engineer,Entry Level,3640,10.6,4.6,6.0,Onsite,4.3,3.1,6.0,8.5,False,4.9,0,Early Career (21-29)
2826,40,Female,Single,Masters,Finance,Accountant,Associate,6185,9.6,4.2,12.5,Onsite,6.5,6.9,4.0,6.1,True,8.2,0,Senior Career (40-49)
2827,26,Male,Single,Masters,Human Resources,HR Manager,Associate,4399,12.7,5.0,6.0,Remote,1.8,5.1,5.4,5.9,False,5.4,0,Early Career (21-29)
2828,22,Female,Married,Bachelors,Sales,Account Executive,Entry Level,4913,13.9,1.0,2.0,Onsite,13.2,7.3,7.6,4.9,False,3.7,0,Early Career (21-29)
2829,29,Female,Single,High School,Sales,Account Executive,Mid Level,5814,10.6,6.1,8.5,Hybrid,2.9,2.8,7.4,5.8,False,1.9,0,Early Career (21-29)
2830,40,Male,Married,High School,Engineering,QA Engineer,Mid Level,6312,12.2,9.1,17.4,Remote,0.9,1.0,7.9,8.2,True,1.4,0,Senior Career (40-49)
2831,32,Non-binary,Single,High School,Sales,Sales Development Rep,Mid Level,5649,10.9,9.8,12.0,Onsite,7.6,3.6,7.4,6.4,False,5.3,0,Mid Career (30-39)
2832,22,Male,Married,Masters,Operations,Operations Analyst,Associate,5132,16.0,1.0,2.0,Hybrid,9.6,5.6,4.9,6.5,True,6.0,1,Early Career (21-29)
2833,35,Female,Single,Bachelors,Marketing,Growth Manager,Mid Level,7167,11.3,6.3,12.4,Hybrid,2.2,4.4,6.5,6.8,True,6.8,0,Mid Career (30-39)
2834,36,Female,Married,Bachelors,Engineering,Data Engineer,Mid Level,9144,13.9,7.7,16.0,Remote,5.6,1.6,9.7,6.8,True,2.5,0,Mid Career (30-39)
2835,38,Male,Married,Bachelors,Engineering,Data Engineer,Management,12855,11.5,7.8,17.2,Onsite,4.1,1.3,6.6,5.6,True,4.5,0,Mid Career (30-39)
2836,21,Female,Married,Bachelors,Marketing,Growth Manager,Associate,5225,16.7,0.0,1.0,Onsite,5.7,5.7,5.5,5.3,False,6.5,0,Early Career (21-29)
2837,39,Male,Married,Bachelors,Marketing,Growth Manager,Mid Level,6258,5.9,8.2,11.4,Onsite,3.8,4.8,3.6,7.0,True,6.7,0,Mid Career (30-39)
2838,42,Male,Single,Masters,Marketing,Marketing Specialist,Mid Level,7785,8.1,8.2,13.6,Onsite,5.4,5.2,5.5,4.6,False,4.7,0,Senior Career (40-49)
2839,44,Female,Married,Masters,Finance,Financial Analyst,Mid Level,8379,12.2,10.1,16.2,Hybrid,0.5,1.6,8.2,7.5,True,4.8,0,Senior Career (40-49)
2840,51,Male,Single,Masters,Sales,Sales Manager,Management,10988,11.8,11.0,13.4,Onsite,3.6,5.2,7.0,6.3,True,4.5,1,Pre-Retirement (50-64)
2841,40,Female,Married,PhD,Sales,Account Executive,Mid Level,8019,9.8,5.2,8.6,Onsite,9.8,4.6,7.4,6.6,False,2.9,0,Senior Career (40-49)
2842,44,Female,Married,Bachelors,Sales,Sales Manager,Mid Level,7762,13.0,9.5,14.3,Hybrid,13.6,4.7,6.4,5.6,True,4.9,0,Senior Career (40-49)
2843,45,Male,Married,Bachelors,Finance,Financial Analyst,Mid Level,5254,15.3,5.2,10.3,Onsite,4.2,5.8,4.7,6.4,True,6.6,0,Senior Career (40-49)
2844,29,Female,Married,High School,Engineering,QA Engineer,Entry Level,3555,15.7,4.3,9.0,Onsite,5.4,3.3,5.4,6.0,True,4.8,0,Early Career (21-29)
2845,49,Male,Divorced,Bachelors,Operations,Operations Manager,Management,10802,14.6,9.2,16.4,Hybrid,5.6,5.9,5.3,6.3,True,2.6,0,Senior Career (40-49)
2846,35,Male,Single,Bachelors,Customer Support,Support Team Lead,Senior Level,6371,13.8,6.4,15.0,Hybrid,6.0,1.0,9.3,7.1,False,6.5,0,Mid Career (30-39)
2847,41,Female,Married,Masters,Sales,Account Executive,Senior Level,9317,10.8,7.6,14.1,Onsite,9.9,4.0,6.1,5.7,False,6.8,0,Senior Career (40-49)
2848,50,Female,Single,High School,Engineering,Data Engineer,Associate,5789,8.3,6.7,20.0,Hybrid,4.8,4.5,6.5,6.6,False,5.7,0,Pre-Retirement (50-64)
2849,40,Female,Married,Bachelors,Operations,Operations Manager,Mid Level,5534,16.3,11.0,16.4,Hybrid,3.8,1.0,8.7,8.5,True,4.4,0,Senior Career (40-49)
2850,39,Female,Divorced,Bachelors,Finance,Financial Analyst,Mid Level,6534,10.6,7.7,10.9,Remote,3.5,3.5,7.3,6.0,False,5.3,0,Mid Career (30-39)
2851,21,Female,Married,Bachelors,Operations,Operations Analyst,Entry Level,2174,17.9,0.0,1.0,Onsite,2.7,5.0,4.6,5.7,False,6.1,0,Early Career (21-29)
2852,41,Male,Married,Bachelors,Engineering,QA Engineer,Associate,6937,12.5,7.9,16.4,Onsite,8.6,5.1,6.1,5.2,True,1.5,1,Senior Career (40-49)
2853,38,Female,Single,Bachelors,Human Resources,Recruiter,Entry Level,3406,15.0,2.5,8.8,Onsite,3.4,4.8,5.2,6.4,True,7.2,0,Mid Career (30-39)
2854,36,Male,Single,Masters,Sales,Account Executive,Associate,4460,14.7,6.1,10.8,Hybrid,7.1,4.9,5.8,4.8,True,6.1,0,Mid Career (30-39)
2855,40,Male,Divorced,Bachelors,Engineering,QA Engineer,Associate,5563,9.8,4.1,3.9,Remote,2.1,3.3,6.3,6.0,True,2.3,0,Senior Career (40-49)
2856,56,Female,Single,Masters,Finance,Finance Manager,Mid Level,7935,12.9,9.8,16.3,Hybrid,6.0,2.9,8.4,6.8,True,6.1,0,Pre-Retirement (50-64)
2857,35,Female,Married,Bachelors,Marketing,Marketing Specialist,Associate,4621,8.7,3.3,9.8,Hybrid,11.2,5.5,4.6,5.0,True,5.6,0,Mid Career (30-39)
2858,39,Female,Single,High School,Customer Support,Support Specialist,Senior Level,5991,15.8,10.0,19.0,Onsite,8.8,3.9,5.1,6.4,False,6.0,0,Mid Career (30-39)
2859,51,Female,Single,Masters,Sales,Sales Manager,Management,12091,6.6,6.9,11.1,Hybrid,18.7,5.2,7.2,3.3,True,5.5,0,Pre-Retirement (50-64)
2860,35,Female,Single,Bachelors,Sales,Sales Manager,Senior Level,9052,14.6,9.1,15.0,Hybrid,8.6,4.8,8.3,5.1,False,5.4,0,Mid Career (30-39)
2861,37,Male,Married,Masters,Engineering,Software Engineer,Associate,8767,9.5,8.2,17.0,Hybrid,1.3,1.0,10.0,8.7,True,4.1,0,Mid Career (30-39)
2862,44,Male,Married,Masters,Marketing,Marketing Specialist,Management,11530,13.2,5.8,10.1,Onsite,2.3,3.3,7.2,7.1,True,7.4,0,Senior Career (40-49)
2863,43,Female,Married,Bachelors,Marketing,Marketing Specialist,Associate,5612,9.3,11.2,19.8,Onsite,5.4,6.2,4.8,5.7,True,6.7,0,Senior Career (40-49)
2864,23,Female,Single,Masters,Engineering,Engineering Manager,Associate,6128,11.4,2.0,3.0,Hybrid,3.5,6.2,6.0,5.7,True,6.7,1,Early Career (21-29)
2865,41,Female,Divorced,High School,Research & Development,Research Scientist,Mid Level,9311,12.2,7.8,13.3,Onsite,20.4,5.5,6.1,5.1,False,2.3,0,Senior Career (40-49)
2866,52,Female,Married,Bachelors,Customer Support,Support Specialist,Management,7461,12.5,15.0,24.0,Onsite,4.5,3.9,6.4,5.5,False,9.1,0,Pre-Retirement (50-64)
2867,24,Male,Single,Masters,Customer Support,Support Team Lead,Associate,4083,12.6,3.0,4.0,Onsite,13.4,7.0,5.8,5.1,True,4.9,0,Early Career (21-29)
2868,32,Female,Married,High School,Marketing,Content Strategist,Entry Level,3069,12.8,2.7,7.5,Hybrid,5.0,2.6,6.7,7.5,True,5.6,0,Mid Career (30-39)
2869,35,Male,Single,Masters,Sales,Account Executive,Entry Level,4353,5.2,6.6,11.2,Onsite,3.4,4.0,3.6,6.1,True,4.2,1,Mid Career (30-39)
2870,33,Male,Married,Masters,Operations,Operations Analyst,Entry Level,3552,10.5,3.9,13.0,Hybrid,4.4,1.7,8.9,6.9,False,5.5,0,Mid Career (30-39)
2871,28,Male,Married,Bachelors,Research & Development,Product Researcher,Entry Level,3150,9.0,4.8,8.0,Onsite,3.8,3.3,7.1,7.1,True,4.1,0,Early Career (21-29)
2872,41,Male,Married,High School,Operations,Program Manager,Mid Level,3853,14.3,5.4,11.4,Onsite,8.5,2.7,6.8,6.5,True,2.6,0,Senior Career (40-49)
2873,31,Female,Single,Masters,Engineering,Engineering Manager,Mid Level,9701,12.4,10.0,11.0,Remote,8.1,2.2,7.0,5.0,False,2.5,0,Mid Career (30-39)
2874,38,Female,Married,Masters,Customer Support,Customer Success Manager,Senior Level,5971,16.4,6.0,12.5,Hybrid,2.6,1.5,7.1,6.8,False,6.0,0,Mid Career (30-39)
2875,34,Male,Married,Bachelors,Marketing,Content Strategist,Associate,6454,14.0,4.3,12.6,Onsite,2.7,3.2,7.1,7.5,True,5.5,1,Mid Career (30-39)
2876,28,Female,Married,Bachelors,Engineering,Data Engineer,Entry Level,4396,7.5,3.8,8.0,Hybrid,6.3,4.3,4.8,6.2,False,5.9,0,Early Career (21-29)
2878,37,Male,Married,Masters,Customer Support,Support Specialist,Entry Level,3707,13.4,7.1,13.3,Hybrid,4.3,6.0,5.0,5.6,True,6.5,0,Mid Career (30-39)
2879,36,Female,Single,Bachelors,Marketing,Content Strategist,Associate,4288,8.4,7.3,14.3,Onsite,1.6,4.5,5.7,7.2,False,6.2,1,Mid Career (30-39)
2880,41,Female,Married,High School,Operations,Program Manager,Mid Level,5303,12.4,2.6,5.9,Hybrid,5.0,4.1,6.1,5.8,False,7.8,0,Senior Career (40-49)
2881,52,Female,Divorced,Masters,Marketing,Growth Manager,Senior Level,9818,8.2,6.3,17.8,Hybrid,2.2,3.4,5.3,5.1,True,4.5,0,Pre-Retirement (50-64)
2882,33,Female,Married,Masters,Engineering,Engineering Manager,Associate,7940,3.8,4.0,9.6,Onsite,4.1,4.8,5.0,5.5,True,3.5,0,Mid Career (30-39)
2883,34,Male,Single,Bachelors,Finance,Accountant,Associate,5399,9.8,4.2,9.0,Onsite,3.2,3.9,6.5,6.6,False,2.2,1,Mid Career (30-39)
2884,46,Male,Married,Bachelors,Sales,Sales Manager,Management,9247,8.8,8.3,14.1,Onsite,16.2,7.8,6.5,5.2,True,5.4,0,Senior Career (40-49)
2885,27,Female,Married,Masters,Engineering,Engineering Manager,Mid Level,6775,5.3,6.0,7.0,Hybrid,3.8,1.3,7.6,7.5,False,4.5,0,Early Career (21-29)
2886,39,Female,Single,Bachelors,Operations,Operations Manager,Mid Level,6335,15.7,8.4,13.9,Hybrid,4.1,1.4,9.2,7.1,True,4.7,0,Mid Career (30-39)
2887,33,Female,Married,Bachelors,Finance,Accountant,Associate,4234,6.6,4.6,8.0,Remote,9.0,2.8,7.5,7.1,False,5.9,0,Mid Career (30-39)
2889,48,Male,Married,High School,Engineering,Engineering Manager,Senior Level,9583,12.3,10.1,15.1,Onsite,1.8,4.8,5.8,6.9,True,4.6,0,Senior Career (40-49)
2890,37,Male,Single,Bachelors,Customer Support,Customer Success Manager,Associate,3771,8.8,5.7,13.6,Onsite,7.5,5.3,7.5,6.6,False,7.9,1,Mid Career (30-39)
2891,46,Female,Single,Bachelors,Operations,Program Manager,Management,10192,7.5,13.1,25.0,Hybrid,3.7,4.0,7.2,5.8,False,1.3,0,Senior Career (40-49)
2892,35,Female,Single,Masters,Engineering,QA Engineer,Associate,6590,12.8,6.8,10.5,Onsite,6.6,4.6,8.7,5.9,False,4.4,0,Mid Career (30-39)
2893,39,Female,Single,Masters,Operations,Operations Analyst,Associate,4658,8.8,7.9,19.0,Onsite,5.2,4.6,6.1,7.2,False,3.0,0,Mid Career (30-39)
2894,31,Female,Divorced,Bachelors,Sales,Sales Development Rep,Entry Level,2741,5.4,4.0,9.7,Onsite,11.6,3.9,4.6,7.6,False,8.2,1,Mid Career (30-39)
2895,28,Male,Single,Masters,Operations,Program Manager,Associate,3872,10.9,3.6,4.4,Onsite,0.7,2.0,7.4,7.8,False,4.0,0,Early Career (21-29)
2896,46,Male,Single,Bachelors,Customer Support,Customer Success Manager,Mid Level,5009,13.4,7.9,14.6,Hybrid,8.4,6.1,6.1,5.3,True,6.7,0,Senior Career (40-49)
2897,33,Male,Single,Bachelors,Engineering,QA Engineer,Associate,5710,9.6,5.9,7.6,Onsite,8.9,2.5,7.7,5.8,True,4.5,0,Mid Career (30-39)
2898,32,Male,Married,High School,Marketing,Content Strategist,Associate,3434,7.3,7.7,10.7,Hybrid,0.5,5.5,5.0,6.9,False,10.0,1,Mid Career (30-39)
2899,51,Non-binary,Married,Bachelors,Operations,Operations Analyst,Senior Level,10346,8.3,6.6,13.8,Onsite,4.2,5.2,6.0,4.7,True,8.4,0,Pre-Retirement (50-64)
2900,26,Male,Single,Masters,Research & Development,Product Researcher,Entry Level,2614,9.8,2.3,6.0,Remote,5.0,2.5,6.1,8.7,True,2.7,0,Early Career (21-29)
2901,44,Female,Single,Bachelors,Operations,Operations Analyst,Senior Level,7700,18.0,7.9,14.9,Hybrid,11.3,4.1,6.5,4.0,False,4.9,0,Senior Career (40-49)
2902,27,Male,Single,Masters,Finance,Financial Analyst,Entry Level,3222,16.3,6.0,7.0,Onsite,4.4,4.2,6.0,5.5,True,3.3,0,Early Career (21-29)
2903,24,Male,Single,Masters,Research & Development,Product Researcher,Associate,6602,16.5,3.0,4.0,Onsite,3.4,3.7,9.6,7.4,True,3.6,0,Early Career (21-29)
2904,47,Female,Single,Masters,Engineering,Software Engineer,Senior Level,12007,9.4,5.8,12.7,Hybrid,6.0,2.5,6.9,6.1,False,3.8,0,Senior Career (40-49)
2905,34,Male,Single,Bachelors,Finance,Finance Manager,Mid Level,10161,10.4,10.9,14.0,Hybrid,5.6,2.6,5.8,4.7,False,3.8,0,Mid Career (30-39)
2906,35,Female,Single,Bachelors,Operations,Operations Manager,Associate,4526,10.2,4.3,11.4,Onsite,5.5,3.2,6.4,6.4,True,6.8,0,Mid Career (30-39)
2907,52,Male,Married,Masters,Sales,Account Executive,Senior Level,8380,12.3,5.4,10.0,Hybrid,7.4,7.5,5.3,5.0,False,4.8,1,Pre-Retirement (50-64)
2908,31,Female,Married,Bachelors,Finance,Accountant,Mid Level,5483,8.2,4.3,5.0,Onsite,9.6,5.0,5.2,6.2,False,5.0,0,Mid Career (30-39)
2909,30,Female,Divorced,PhD,Marketing,Marketing Specialist,Entry Level,4420,13.5,7.9,10.0,Hybrid,6.4,2.2,8.6,7.4,True,7.4,0,Mid Career (30-39)
2910,34,Male,Single,Masters,Engineering,Software Engineer,Associate,7350,11.1,7.5,14.0,Hybrid,3.2,2.7,5.6,7.5,False,4.1,0,Mid Career (30-39)
2911,36,Female,Single,Bachelors,Sales,Sales Development Rep,Mid Level,7737,11.5,8.5,14.8,Hybrid,15.0,6.1,6.4,5.8,False,6.4,0,Mid Career (30-39)
2912,22,Female,Married,Masters,Engineering,Engineering Manager,Associate,5732,14.6,1.0,2.0,Hybrid,6.7,2.2,7.8,6.1,False,4.6,0,Early Career (21-29)
2913,29,Male,Single,Bachelors,Operations,Program Manager,Mid Level,5246,10.1,3.4,9.0,Hybrid,3.4,5.0,6.4,5.2,False,6.1,0,Early Career (21-29)
2914,34,Male,Single,Bachelors,Customer Support,Customer Success Manager,Mid Level,4951,10.0,5.8,7.8,Remote,12.4,5.2,5.5,5.5,False,6.4,0,Mid Career (30-39)
2915,21,Male,Single,Bachelors,Engineering,Software Engineer,Associate,5518,6.2,0.0,1.0,Remote,4.2,3.6,4.8,6.8,True,5.1,0,Early Career (21-29)
2916,44,Female,Single,Bachelors,Customer Support,Customer Success Manager,Management,6614,11.2,12.1,18.8,Onsite,17.3,7.6,5.0,1.7,False,6.3,0,Senior Career (40-49)
2917,47,Male,Married,Masters,Engineering,QA Engineer,Management,14680,15.6,8.1,12.1,Hybrid,8.6,4.9,6.3,7.9,True,3.6,1,Senior Career (40-49)
2918,27,Female,Single,Bachelors,Engineering,Software Engineer,Mid Level,8583,15.5,3.6,7.0,Hybrid,4.6,2.1,5.4,6.4,True,3.8,0,Early Career (21-29)
2919,36,Female,Single,Masters,Sales,Sales Development Rep,Senior Level,10375,8.1,7.9,16.0,Hybrid,5.1,3.8,5.0,6.2,False,6.1,0,Mid Career (30-39)
2920,27,Male,Single,Bachelors,Marketing,Content Strategist,Associate,4044,11.2,4.0,7.0,Onsite,0.9,5.7,4.2,6.0,True,5.1,1,Early Career (21-29)
2921,35,Female,Single,Masters,Customer Support,Customer Success Manager,Associate,4020,9.7,2.3,12.4,Remote,3.6,2.8,8.3,6.8,True,5.4,0,Mid Career (30-39)
2922,35,Male,Single,Bachelors,Human Resources,HR Business Partner,Senior Level,9892,12.8,9.0,15.0,Onsite,4.6,2.3,8.6,8.0,True,5.3,0,Mid Career (30-39)
2923,44,Female,Single,Bachelors,Engineering,Engineering Manager,Senior Level,8237,10.2,11.8,16.9,Hybrid,7.2,3.9,4.8,6.7,True,4.2,0,Senior Career (40-49)
2924,37,Female,Single,Bachelors,Engineering,Data Engineer,Mid Level,9471,18.3,5.5,17.0,Remote,12.8,3.6,9.3,5.4,True,3.3,0,Mid Career (30-39)
2925,48,Female,Married,Bachelors,Operations,Operations Manager,Senior Level,5897,13.9,8.1,15.8,Hybrid,3.1,4.9,4.3,4.9,False,9.2,0,Senior Career (40-49)
2926,49,Male,Married,Bachelors,Marketing,Marketing Specialist,Senior Level,7492,8.0,7.5,12.1,Onsite,3.2,4.5,5.8,7.7,False,4.2,0,Senior Career (40-49)
2927,34,Male,Married,Bachelors,Finance,Financial Analyst,Mid Level,8401,6.7,2.6,7.7,Remote,19.4,8.3,1.8,4.6,False,5.6,0,Mid Career (30-39)
2928,39,Female,Married,Bachelors,Engineering,Software Engineer,Senior Level,12795,11.0,10.6,17.1,Hybrid,3.7,3.4,5.2,8.3,False,2.4,0,Mid Career (30-39)
2929,35,Male,Single,High School,Finance,Financial Analyst,Associate,4719,15.1,9.3,15.0,Hybrid,13.3,4.8,3.8,4.9,True,5.2,1,Mid Career (30-39)
2931,46,Male,Divorced,Masters,Engineering,Data Engineer,Senior Level,10292,9.2,5.1,11.7,Hybrid,1.6,3.1,8.5,7.4,False,2.4,0,Senior Career (40-49)
2932,27,Male,Single,Bachelors,Sales,Account Executive,Associate,4862,11.4,1.0,6.9,Remote,6.7,4.7,7.4,5.4,False,5.6,0,Early Career (21-29)
2933,41,Male,Single,High School,Finance,Finance Manager,Mid Level,5279,14.1,3.6,10.8,Onsite,1.8,2.8,5.7,9.4,False,5.4,1,Senior Career (40-49)
2934,54,Male,Single,Bachelors,Human Resources,Recruiter,Mid Level,5218,12.6,6.5,8.0,Onsite,10.2,5.7,5.4,5.5,False,4.9,0,Pre-Retirement (50-64)
2935,50,Female,Single,PhD,Sales,Sales Manager,Senior Level,7358,12.2,2.7,4.8,Remote,10.4,4.4,5.4,4.9,False,5.3,0,Pre-Retirement (50-64)
2936,27,Female,Single,Bachelors,Marketing,Content Strategist,Entry Level,3975,20.3,6.0,7.0,Hybrid,2.2,3.0,5.5,7.2,True,5.8,0,Early Career (21-29)
2937,45,Male,Single,Bachelors,Sales,Sales Manager,Associate,5183,10.6,6.9,12.3,Hybrid,4.9,4.3,6.4,6.9,True,5.7,0,Senior Career (40-49)
2938,32,Male,Divorced,Bachelors,Marketing,Growth Manager,Associate,4981,12.7,7.7,12.0,Remote,2.6,2.3,7.8,7.5,False,6.0,0,Mid Career (30-39)
2939,47,Male,Married,Masters,Operations,Program Manager,Management,9086,12.6,10.6,16.8,Onsite,13.1,3.6,5.3,5.2,False,1.0,1,Senior Career (40-49)
2940,29,Female,Married,Bachelors,Finance,Accountant,Associate,5623,12.0,1.6,9.0,Remote,2.3,1.9,6.4,6.9,False,6.2,1,Early Career (21-29)
2941,47,Female,Single,Bachelors,Marketing,Content Strategist,Mid Level,3957,16.0,5.8,5.6,Hybrid,5.0,5.5,4.1,6.2,True,2.6,0,Senior Career (40-49)
2942,42,Male,Married,Bachelors,Engineering,Data Engineer,Senior Level,11943,12.7,8.1,19.6,Onsite,2.1,3.9,6.6,8.0,True,4.4,0,Senior Career (40-49)
2943,43,Female,Divorced,Bachelors,Engineering,Data Engineer,Senior Level,13632,8.8,14.4,23.0,Onsite,9.7,7.0,5.5,4.2,True,5.3,1,Senior Career (40-49)
2944,29,Female,Divorced,PhD,Operations,Operations Analyst,Associate,4550,14.6,1.3,8.0,Onsite,5.5,3.8,7.9,4.9,False,4.4,0,Early Career (21-29)
2945,50,Male,Single,Masters,Sales,Sales Manager,Senior Level,7971,10.5,9.1,18.2,Hybrid,9.1,3.2,5.9,5.6,False,4.0,0,Pre-Retirement (50-64)
2946,22,Male,Divorced,Bachelors,Operations,Operations Manager,Associate,4881,13.5,1.0,2.0,Onsite,11.4,6.3,6.7,5.4,False,3.2,0,Early Career (21-29)
2947,51,Female,Single,PhD,Engineering,Software Engineer,Mid Level,6916,4.6,12.7,18.9,Hybrid,2.0,2.8,3.7,7.0,True,4.7,0,Pre-Retirement (50-64)
2948,28,Male,Married,Masters,Engineering,Engineering Manager,Mid Level,9388,5.5,4.0,8.0,Hybrid,7.7,2.6,3.2,5.8,True,1.0,1,Early Career (21-29)
2949,53,Female,Divorced,PhD,Customer Support,Support Team Lead,Mid Level,5560,10.7,5.1,13.8,Hybrid,2.1,4.0,5.6,7.6,False,4.9,1,Pre-Retirement (50-64)
2950,45,Female,Single,Masters,Finance,Accountant,Associate,6707,10.6,7.6,13.3,Hybrid,4.4,3.4,8.4,6.0,True,4.2,0,Senior Career (40-49)
2951,37,Female,Single,High School,Engineering,Data Engineer,Associate,3746,6.8,2.6,7.1,Hybrid,5.0,4.2,6.9,5.5,False,3.1,0,Mid Career (30-39)
2952,36,Female,Single,Bachelors,Customer Support,Support Team Lead,Senior Level,6131,9.5,5.1,11.0,Hybrid,3.2,4.1,7.8,7.5,False,6.1,1,Mid Career (30-39)
2953,35,Male,Married,Bachelors,Customer Support,Support Team Lead,Associate,3343,11.4,5.1,10.6,Hybrid,7.4,1.3,7.3,4.9,False,8.7,0,Mid Career (30-39)
2954,39,Male,Married,Masters,Human Resources,Recruiter,Mid Level,7620,8.2,15.0,19.0,Onsite,9.3,4.9,8.0,5.6,False,6.7,0,Mid Career (30-39)
2955,24,Female,Divorced,High School,Sales,Sales Development Rep,Entry Level,2866,12.3,3.0,4.0,Hybrid,15.3,7.1,5.8,4.0,True,6.2,0,Early Career (21-29)
2956,41,Female,Single,Masters,Engineering,Engineering Manager,Management,17430,7.9,12.2,13.2,Onsite,10.9,8.7,4.0,4.8,True,2.6,0,Senior Career (40-49)
2957,44,Male,Married,Masters,Sales,Sales Manager,Senior Level,9135,7.2,8.4,15.6,Onsite,12.4,3.1,6.6,4.3,True,7.4,1,Senior Career (40-49)
2958,36,Female,Married,Masters,Operations,Operations Manager,Senior Level,8740,5.3,11.5,16.0,Onsite,2.0,4.2,5.0,7.4,False,7.2,0,Mid Career (30-39)
2959,48,Female,Single,Bachelors,Engineering,Software Engineer,Senior Level,11142,15.4,11.0,20.1,Onsite,9.9,6.3,5.5,4.2,True,2.9,0,Senior Career (40-49)
2960,33,Female,Married,Bachelors,Operations,Operations Manager,Mid Level,4921,11.3,4.8,10.7,Onsite,6.0,4.3,6.1,6.6,False,5.9,0,Mid Career (30-39)
2961,27,Male,Single,Masters,Research & Development,Research Scientist,Associate,4708,11.8,2.8,7.0,Onsite,28.0,7.5,4.3,2.3,True,5.2,0,Early Career (21-29)
2962,51,Female,Single,Masters,Operations,Program Manager,Mid Level,6808,12.4,5.7,14.1,Onsite,5.1,4.6,6.5,4.5,True,5.6,0,Pre-Retirement (50-64)
2963,40,Male,Single,Bachelors,Engineering,QA Engineer,Entry Level,3638,15.2,2.9,6.9,Remote,10.9,2.9,7.6,6.1,True,5.4,0,Senior Career (40-49)
2964,31,Female,Married,Masters,Engineering,Software Engineer,Associate,6990,12.5,0.4,8.1,Remote,4.1,4.1,5.6,8.1,True,4.4,0,Mid Career (30-39)
2965,31,Female,Divorced,Masters,Engineering,QA Engineer,Associate,7253,4.5,4.3,10.1,Remote,9.6,3.4,7.6,6.7,True,4.3,0,Mid Career (30-39)
2966,21,Male,Single,High School,Finance,Accountant,Entry Level,3307,17.2,0.0,1.0,Hybrid,5.7,5.0,7.0,4.9,True,7.8,0,Early Career (21-29)
2967,27,Male,Married,Masters,Engineering,Data Engineer,Mid Level,7988,5.1,6.0,7.0,Onsite,3.8,5.1,6.3,5.5,True,1.8,0,Early Career (21-29)
2968,46,Female,Married,Bachelors,Sales,Sales Manager,Senior Level,8770,12.1,11.9,19.0,Hybrid,5.3,3.7,7.2,5.3,True,7.1,0,Senior Career (40-49)
2969,34,Male,Single,High School,Engineering,Software Engineer,Associate,5942,12.4,2.7,11.0,Onsite,6.2,3.3,4.3,8.7,False,2.9,0,Mid Career (30-39)
2970,21,Male,Married,Masters,Finance,Accountant,Associate,4195,9.3,0.0,1.0,Hybrid,4.0,3.8,7.4,7.2,True,7.9,0,Early Career (21-29)
2971,42,Female,Single,Masters,Operations,Operations Analyst,Management,9863,10.1,16.1,22.0,Hybrid,16.5,4.8,6.5,3.7,False,4.1,1,Senior Career (40-49)
2972,29,Male,Married,Masters,Human Resources,HR Manager,Associate,3914,3.3,0.0,1.1,Hybrid,8.3,4.4,5.8,6.7,False,6.6,0,Early Career (21-29)
2973,51,Female,Single,PhD,Engineering,Engineering Manager,Management,11543,12.6,11.3,16.6,Onsite,2.2,1.0,9.3,7.7,False,1.0,0,Pre-Retirement (50-64)
2974,38,Female,Married,Masters,Operations,Operations Analyst,Mid Level,4858,3.3,5.0,10.6,Hybrid,0.3,1.4,6.5,7.8,True,7.5,0,Mid Career (30-39)
2975,51,Female,Single,Bachelors,Research & Development,Product Researcher,Mid Level,7737,12.7,7.6,17.0,Remote,3.5,2.3,8.7,7.9,True,6.3,0,Pre-Retirement (50-64)
2976,35,Non-binary,Married,Bachelors,Customer Support,Support Team Lead,Mid Level,4886,10.8,4.5,13.3,Hybrid,5.1,1.2,6.9,6.5,False,6.0,0,Mid Career (30-39)
2977,28,Female,Married,High School,Research & Development,Product Researcher,Associate,5167,12.8,7.0,8.0,Hybrid,0.8,4.5,6.3,8.0,False,4.0,0,Early Career (21-29)
2979,21,Male,Single,Bachelors,Operations,Operations Analyst,Entry Level,2400,12.9,0.0,1.0,Remote,7.6,3.1,5.8,6.6,False,3.2,0,Early Career (21-29)
2980,23,Female,Divorced,Bachelors,Engineering,QA Engineer,Associate,6335,11.6,2.0,3.0,Hybrid,4.6,2.7,7.6,6.8,True,5.9,0,Early Career (21-29)
2981,22,Male,Single,Masters,Research & Development,Research Scientist,Associate,6898,17.7,1.0,2.0,Remote,7.3,3.7,6.3,5.4,True,4.2,0,Early Career (21-29)
2982,34,Male,Single,Bachelors,Engineering,Software Engineer,Associate,6277,6.3,6.8,13.0,Hybrid,3.5,3.5,7.3,6.7,True,4.3,0,Mid Career (30-39)
2984,32,Male,Single,Masters,Research & Development,Research Scientist,Associate,7545,7.5,1.6,5.1,Hybrid,8.8,3.3,7.4,6.3,True,1.0,0,Mid Career (30-39)
2985,30,Female,Single,Bachelors,Research & Development,Research Scientist,Associate,5653,12.4,1.4,6.3,Hybrid,4.1,2.4,6.3,7.3,False,5.4,0,Mid Career (30-39)
2986,32,Female,Single,Bachelors,Sales,Sales Manager,Mid Level,7180,7.0,8.6,12.0,Hybrid,14.9,4.3,6.0,5.8,True,3.6,1,Mid Career (30-39)
2987,41,Female,Single,Bachelors,Research & Development,R&D Manager,Mid Level,7929,4.4,10.2,15.2,Onsite,6.4,3.6,6.2,7.1,True,5.2,0,Senior Career (40-49)
2988,32,Female,Single,Bachelors,Engineering,Engineering Manager,Mid Level,8272,8.1,3.4,6.0,Remote,11.9,4.3,4.9,6.9,False,2.2,0,Mid Career (30-39)
2989,47,Male,Married,Masters,Engineering,QA Engineer,Management,11843,12.5,11.7,13.6,Hybrid,1.1,2.5,7.5,7.8,True,1.8,0,Senior Career (40-49)
2990,32,Female,Married,Bachelors,Engineering,Engineering Manager,Mid Level,9673,12.3,9.0,12.0,Onsite,1.2,1.0,7.7,9.8,True,3.1,0,Mid Career (30-39)
2991,41,Female,Married,High School,Operations,Program Manager,Senior Level,5104,3.3,8.3,12.5,Onsite,2.0,3.4,5.4,8.8,True,4.4,1,Senior Career (40-49)
2992,43,Female,Single,Bachelors,Engineering,QA Engineer,Mid Level,8479,13.3,6.8,11.3,Remote,5.4,3.9,7.1,7.5,True,4.8,0,Senior Career (40-49)
2993,36,Female,Married,Bachelors,Human Resources,HR Manager,Mid Level,4681,12.9,8.3,11.9,Hybrid,2.5,3.3,8.5,4.2,False,5.4,0,Mid Career (30-39)
2994,31,Male,Divorced,Bachelors,Sales,Account Executive,Senior Level,8679,9.4,6.6,11.0,Hybrid,9.5,3.2,7.4,5.9,False,7.9,0,Mid Career (30-39)
2995,21,Female,Single,Bachelors,Sales,Sales Development Rep,Entry Level,2997,17.8,0.0,1.0,Hybrid,13.0,2.4,10.0,6.9,True,7.2,0,Early Career (21-29)
2997,35,Female,Married,Bachelors,Finance,Accountant,Entry Level,5136,17.7,1.2,9.6,Hybrid,8.1,4.1,4.7,5.2,False,8.8,0,Mid Career (30-39)
2999,34,Female,Married,Bachelors,Engineering,Engineering Manager,Senior Level,9543,9.5,8.3,14.0,Remote,8.0,1.6,6.6,7.5,False,2.1,0,Mid Career (30-39)
3000,30,Female,Single,Bachelors,Customer Support,Customer Success Manager,Mid Level,5616,14.2,5.3,6.1,Onsite,7.4,2.6,6.8,6.3,True,4.4,0,Mid Career (30-39)
3001,27,Male,Divorced,Masters,Finance,Finance Manager,Associate,7115,17.1,5.9,7.0,Remote,4.2,4.3,8.2,5.7,True,6.5,0,Early Career (21-29)
3002,24,Male,Married,Bachelors,Research & Development,Product Researcher,Entry Level,3304,10.8,3.0,2.4,Hybrid,4.2,1.9,7.8,8.8,True,6.3,0,Early Career (21-29)
3003,27,Female,Married,Masters,Engineering,QA Engineer,Entry Level,4692,10.9,6.0,7.0,Hybrid,2.2,3.3,6.6,7.3,True,5.0,0,Early Career (21-29)
3004,30,Male,Married,Bachelors,Research & Development,R&D Manager,Mid Level,7255,9.6,9.0,10.0,Hybrid,1.8,2.3,5.7,5.7,True,3.4,0,Mid Career (30-39)
3005,33,Male,Single,PhD,Research & Development,Research Scientist,Mid Level,9790,12.8,12.0,13.0,Onsite,7.8,5.7,6.6,5.3,True,4.8,0,Mid Career (30-39)
3006,33,Female,Single,PhD,Customer Support,Support Team Lead,Senior Level,7715,5.9,10.3,13.0,Onsite,2.7,3.7,7.9,6.9,False,5.3,0,Mid Career (30-39)
3007,31,Male,Married,Masters,Sales,Sales Manager,Associate,7103,8.1,4.4,11.0,Onsite,9.6,5.1,5.9,5.1,False,6.9,1,Mid Career (30-39)
3008,25,Female,Divorced,Bachelors,Operations,Operations Manager,Associate,5336,14.9,4.0,5.0,Remote,4.4,1.3,7.6,8.5,False,2.0,0,Early Career (21-29)
3009,33,Male,Single,Masters,Marketing,Content Strategist,Associate,5919,11.8,1.9,10.5,Remote,8.4,4.4,5.4,7.2,False,4.4,0,Mid Career (30-39)
3010,35,Male,Single,Bachelors,Customer Support,Support Team Lead,Mid Level,4728,9.8,2.1,11.1,Onsite,10.2,9.6,2.1,5.9,True,6.6,1,Mid Career (30-39)
3011,40,Female,Married,Masters,Engineering,QA Engineer,Entry Level,6131,12.5,2.9,11.0,Remote,4.4,2.4,5.5,6.2,True,3.6,0,Senior Career (40-49)
3012,41,Female,Married,Bachelors,Operations,Operations Manager,Management,7671,10.6,9.1,12.6,Remote,6.8,4.1,4.8,5.7,True,5.8,0,Senior Career (40-49)
3013,32,Female,Divorced,Masters,Engineering,QA Engineer,Associate,6783,5.6,6.7,11.2,Hybrid,8.1,4.2,5.0,4.8,True,6.3,0,Mid Career (30-39)
3014,48,Male,Divorced,Masters,Sales,Sales Development Rep,Associate,5702,16.4,7.6,9.1,Onsite,4.5,3.7,6.8,5.9,True,7.8,0,Senior Career (40-49)
3015,39,Female,Married,Bachelors,Sales,Account Executive,Senior Level,9898,9.5,9.9,12.9,Remote,10.1,3.3,4.7,7.2,False,4.6,0,Mid Career (30-39)
3016,32,Male,Single,Bachelors,Engineering,Software Engineer,Entry Level,5687,14.2,5.7,12.0,Onsite,9.5,6.2,4.8,5.8,False,6.2,0,Mid Career (30-39)
3017,35,Male,Married,Bachelors,Engineering,Data Engineer,Entry Level,5512,14.1,0.1,3.0,Onsite,4.7,3.7,6.3,6.5,True,3.8,0,Mid Career (30-39)
3018,36,Male,Single,Masters,Operations,Program Manager,Senior Level,10050,9.4,13.8,16.0,Onsite,13.2,7.4,4.4,3.9,True,2.4,1,Mid Career (30-39)
3019,45,Female,Married,PhD,Operations,Program Manager,Mid Level,7810,11.8,8.0,15.8,Remote,4.2,2.8,6.6,6.8,True,2.7,0,Senior Career (40-49)
3020,38,Male,Single,Bachelors,Customer Support,Support Team Lead,Mid Level,5296,17.3,13.4,18.0,Onsite,7.3,3.4,8.6,5.7,False,6.1,0,Mid Career (30-39)
3021,37,Female,Single,Masters,Customer Support,Support Specialist,Mid Level,7035,12.9,7.2,13.4,Hybrid,3.3,5.2,7.9,4.7,True,9.1,1,Mid Career (30-39)
3022,49,Female,Divorced,Bachelors,Engineering,Engineering Manager,Management,11038,6.8,12.1,15.2,Hybrid,4.8,4.6,5.3,5.7,True,1.3,0,Senior Career (40-49)
3023,45,Female,Married,Bachelors,Operations,Operations Manager,Senior Level,7732,9.5,7.4,17.2,Hybrid,0.8,3.9,5.7,4.8,False,5.8,0,Senior Career (40-49)
3024,47,Male,Married,Masters,Engineering,QA Engineer,Senior Level,13617,15.3,9.1,9.2,Remote,4.3,1.2,9.7,5.9,True,4.1,0,Senior Career (40-49)
3025,38,Female,Single,Masters,Operations,Operations Analyst,Associate,5103,10.3,2.7,8.7,Remote,0.8,2.7,3.7,7.7,False,3.3,0,Mid Career (30-39)
3026,41,Male,Married,PhD,Engineering,QA Engineer,Mid Level,9408,11.3,9.2,16.4,Hybrid,17.0,4.6,8.9,5.3,False,2.4,0,Senior Career (40-49)
3027,37,Male,Married,Bachelors,Engineering,Data Engineer,Mid Level,9079,10.3,7.5,6.8,Onsite,11.0,2.0,6.5,5.7,False,3.9,0,Mid Career (30-39)
3028,44,Female,Married,Bachelors,Customer Support,Support Team Lead,Senior Level,5700,12.3,10.7,16.9,Remote,3.5,1.0,7.8,6.0,True,5.2,0,Senior Career (40-49)
3029,25,Female,Single,Masters,Operations,Operations Manager,Senior Level,7037,17.5,4.0,5.0,Hybrid,20.5,7.6,6.1,2.9,False,4.7,1,Early Career (21-29)
3030,28,Female,Married,Bachelors,Sales,Sales Development Rep,Entry Level,3720,9.8,4.4,8.0,Hybrid,9.9,6.2,4.7,6.9,False,5.5,0,Early Career (21-29)
3031,43,Female,Married,PhD,Operations,Operations Manager,Mid Level,5291,10.2,2.5,5.8,Hybrid,5.2,4.1,7.5,6.5,True,3.3,0,Senior Career (40-49)
3032,34,Female,Single,Masters,Sales,Sales Manager,Senior Level,8728,8.6,8.1,14.0,Hybrid,3.7,4.2,7.5,6.3,True,2.7,0,Mid Career (30-39)
3033,35,Male,Single,Bachelors,Human Resources,HR Business Partner,Mid Level,6165,12.6,9.1,11.9,Hybrid,3.8,1.0,6.8,6.9,True,5.7,0,Mid Career (30-39)
3034,42,Male,Married,Bachelors,Operations,Operations Manager,Mid Level,4209,11.1,7.5,12.0,Onsite,0.8,3.8,7.0,7.4,True,4.0,0,Senior Career (40-49)
3035,29,Male,Single,Bachelors,Engineering,Software Engineer,Entry Level,4774,14.4,2.8,9.0,Hybrid,11.5,4.5,8.0,4.6,True,4.1,0,Early Career (21-29)
3036,25,Female,Married,Bachelors,Sales,Sales Development Rep,Entry Level,4130,9.3,4.0,5.0,Onsite,5.1,6.0,6.6,6.9,False,7.8,1,Early Career (21-29)
3037,34,Female,Single,Masters,Sales,Sales Development Rep,Associate,7436,13.3,1.6,8.3,Onsite,4.7,5.0,5.9,8.5,False,5.6,0,Mid Career (30-39)
3038,39,Male,Divorced,Masters,Operations,Program Manager,Associate,4516,12.4,5.9,9.6,Onsite,8.0,2.1,7.7,6.4,False,6.3,1,Mid Career (30-39)
3039,47,Male,Single,Bachelors,Engineering,Software Engineer,Senior Level,10619,17.2,5.9,14.4,Onsite,6.2,3.1,9.5,5.2,False,2.9,0,Senior Career (40-49)
3040,41,Male,Single,PhD,Finance,Finance Manager,Senior Level,11867,6.9,5.2,11.6,Onsite,6.6,5.7,5.1,7.3,False,4.6,1,Senior Career (40-49)
3041,32,Female,Married,Masters,Operations,Operations Analyst,Senior Level,8447,14.2,8.5,11.5,Onsite,3.6,1.6,8.2,9.2,True,4.1,0,Mid Career (30-39)
3042,38,Male,Divorced,Masters,Engineering,QA Engineer,Mid Level,10032,18.0,1.7,10.6,Remote,8.4,3.1,4.7,6.5,False,3.0,0,Mid Career (30-39)
3043,42,Female,Single,Masters,Sales,Sales Manager,Management,12590,13.6,8.8,15.6,Onsite,7.3,6.1,2.9,5.5,True,5.9,0,Senior Career (40-49)
3044,38,Non-binary,Married,Bachelors,Engineering,Software Engineer,Entry Level,4435,14.7,1.9,16.9,Hybrid,3.1,3.3,6.6,7.3,True,5.9,1,Mid Career (30-39)
3045,49,Female,Married,Masters,Human Resources,HR Manager,Senior Level,7816,14.1,6.1,12.9,Hybrid,7.9,4.0,8.1,6.5,True,5.2,0,Senior Career (40-49)
3046,41,Male,Married,Bachelors,Marketing,Content Strategist,Senior Level,9295,1.7,6.7,8.9,Onsite,11.0,5.5,4.2,5.8,True,7.5,1,Senior Career (40-49)
3047,35,Female,Married,Masters,Operations,Operations Analyst,Mid Level,6439,20.1,4.5,10.6,Remote,7.1,2.9,6.5,6.8,True,4.6,0,Mid Career (30-39)
3048,26,Male,Single,Masters,Human Resources,HR Business Partner,Entry Level,3500,11.4,4.7,6.0,Onsite,5.4,5.2,6.7,5.9,True,6.1,0,Early Career (21-29)
3049,41,Female,Married,Masters,Customer Support,Support Team Lead,Senior Level,5841,13.3,6.6,12.3,Onsite,3.8,2.0,7.8,6.0,False,5.4,0,Senior Career (40-49)
3050,32,Male,Married,High School,Customer Support,Support Specialist,Associate,3994,15.9,6.0,10.7,Hybrid,4.4,1.1,8.5,6.5,False,5.5,0,Mid Career (30-39)
3051,35,Male,Single,Bachelors,Engineering,Engineering Manager,Senior Level,8624,14.4,11.7,15.0,Onsite,7.9,4.4,7.3,5.0,True,3.6,0,Mid Career (30-39)
3052,31,Female,Single,Masters,Finance,Finance Manager,Associate,6944,11.8,7.3,10.3,Onsite,9.1,9.0,2.9,4.6,False,6.3,1,Mid Career (30-39)
3053,59,Male,Single,High School,Operations,Program Manager,Senior Level,7597,9.7,7.2,20.7,Hybrid,2.1,1.1,9.4,7.7,True,4.2,0,Pre-Retirement (50-64)
3054,41,Female,Single,Masters,Marketing,Growth Manager,Mid Level,6319,13.2,6.8,15.2,Hybrid,1.4,4.2,6.5,7.2,True,7.6,0,Senior Career (40-49)
3055,41,Male,Single,High School,Engineering,Software Engineer,Senior Level,8852,10.6,9.2,18.9,Hybrid,4.8,4.1,5.3,6.0,False,4.0,0,Senior Career (40-49)
3056,35,Male,Married,Bachelors,Engineering,Software Engineer,Associate,6786,4.5,4.1,7.9,Hybrid,3.7,3.5,6.3,6.5,True,1.6,0,Mid Career (30-39)
3057,35,Female,Married,Masters,Operations,Operations Manager,Associate,4700,11.9,0.1,8.5,Hybrid,2.5,6.4,4.8,6.7,False,4.8,1,Mid Career (30-39)
3058,38,Male,Married,Masters,Engineering,Software Engineer,Management,13399,6.6,15.6,18.0,Onsite,4.8,3.0,7.6,6.1,True,6.3,0,Mid Career (30-39)
3059,38,Female,Single,Bachelors,Marketing,Marketing Specialist,Mid Level,5863,12.0,6.7,11.1,Onsite,3.6,4.1,6.0,6.3,True,1.5,0,Mid Career (30-39)
3060,39,Male,Single,PhD,Research & Development,Research Scientist,Associate,6231,9.8,4.9,14.7,Onsite,9.1,4.7,5.8,5.4,True,6.7,1,Mid Career (30-39)
3061,39,Male,Divorced,Bachelors,Operations,Operations Manager,Associate,5324,13.4,9.0,15.6,Hybrid,2.2,1.9,9.8,7.9,True,6.9,0,Mid Career (30-39)
3062,36,Female,Married,PhD,Engineering,Software Engineer,Associate,7372,13.3,6.4,16.0,Hybrid,3.4,2.8,10.0,7.3,False,6.8,0,Mid Career (30-39)
3063,31,Non-binary,Married,Bachelors,Customer Support,Support Team Lead,Senior Level,7045,11.9,10.0,11.0,Hybrid,6.2,4.8,5.9,6.5,True,6.5,0,Mid Career (30-39)
3064,46,Male,Single,Bachelors,Finance,Finance Manager,Management,10948,9.1,15.5,23.9,Onsite,5.0,3.7,5.9,7.0,False,5.8,0,Senior Career (40-49)
3065,53,Male,Single,Bachelors,Operations,Program Manager,Management,10695,13.5,6.7,16.5,Hybrid,5.6,3.4,6.5,5.9,True,6.5,0,Pre-Retirement (50-64)
3066,21,Female,Single,Masters,Engineering,Software Engineer,Entry Level,4010,7.0,0.0,1.0,Onsite,12.7,7.5,5.3,5.3,True,7.0,1,Early Career (21-29)
3067,45,Female,Single,High School,Research & Development,R&D Manager,Senior Level,8155,9.1,10.6,17.8,Hybrid,0.9,2.7,4.9,6.5,True,1.5,0,Senior Career (40-49)
3068,35,Female,Single,Bachelors,Operations,Operations Analyst,Mid Level,6911,14.8,10.3,15.0,Onsite,6.8,4.0,5.8,6.4,True,7.0,1,Mid Career (30-39)
3069,47,Male,Married,Masters,Engineering,Software Engineer,Mid Level,9559,19.9,6.7,16.0,Hybrid,5.7,4.5,7.9,4.6,True,3.3,0,Senior Career (40-49)
3070,31,Female,Married,Bachelors,Sales,Sales Manager,Mid Level,7471,12.8,6.4,11.0,Hybrid,2.3,1.0,6.7,7.7,False,2.3,0,Mid Career (30-39)
3071,26,Male,Married,Bachelors,Engineering,QA Engineer,Entry Level,3059,14.4,3.5,6.0,Hybrid,7.3,4.3,5.5,4.4,False,3.9,0,Early Career (21-29)
3072,26,Male,Married,Bachelors,Engineering,Engineering Manager,Associate,5153,15.0,5.0,6.0,Onsite,1.3,1.6,6.1,8.1,True,2.3,0,Early Career (21-29)
3073,47,Female,Single,Bachelors,Engineering,Engineering Manager,Management,10049,12.7,13.0,21.0,Onsite,6.1,4.1,7.2,8.4,True,2.8,0,Senior Career (40-49)
3074,43,Male,Married,Bachelors,Engineering,Engineering Manager,Mid Level,7243,19.4,5.0,14.8,Hybrid,10.3,5.5,4.3,4.8,True,5.5,0,Senior Career (40-49)
3075,32,Male,Single,PhD,Customer Support,Support Specialist,Associate,5441,11.9,9.5,12.0,Onsite,3.7,6.1,4.5,4.2,True,6.3,1,Mid Career (30-39)
3076,32,Male,Married,Bachelors,Finance,Finance Manager,Mid Level,6525,15.5,7.4,12.0,Remote,1.3,2.7,8.6,7.1,False,6.1,0,Mid Career (30-39)
3077,41,Female,Single,Bachelors,Marketing,Content Strategist,Mid Level,6629,11.6,8.3,14.0,Hybrid,8.4,6.3,5.1,5.5,True,4.0,0,Senior Career (40-49)
3078,34,Female,Married,Bachelors,Marketing,Content Strategist,Senior Level,6405,5.2,13.0,14.0,Onsite,6.4,4.2,6.0,5.2,True,4.2,0,Mid Career (30-39)
3079,30,Female,Single,Masters,Research & Development,Research Scientist,Entry Level,4566,16.3,3.8,7.1,Hybrid,5.6,3.6,8.4,5.1,True,7.3,0,Mid Career (30-39)
3080,39,Female,Married,Bachelors,Sales,Sales Manager,Senior Level,6552,15.5,10.1,12.2,Onsite,5.3,3.1,8.4,7.0,False,4.5,0,Mid Career (30-39)
3081,28,Female,Single,High School,Sales,Sales Manager,Mid Level,5140,10.1,7.0,8.0,Onsite,5.8,5.7,6.4,6.7,False,4.6,1,Early Career (21-29)
3082,39,Male,Divorced,Masters,Engineering,Engineering Manager,Senior Level,10638,12.7,10.3,15.6,Onsite,4.1,3.9,6.9,7.6,True,1.0,0,Mid Career (30-39)
3083,31,Female,Single,Masters,Engineering,Data Engineer,Mid Level,8645,8.8,10.0,11.0,Onsite,8.3,5.5,5.2,6.8,True,5.0,0,Mid Career (30-39)
3084,50,Female,Married,Masters,Engineering,Engineering Manager,Management,13808,12.9,11.7,23.0,Hybrid,7.0,5.1,4.6,4.5,False,5.2,0,Pre-Retirement (50-64)
3085,32,Female,Married,Bachelors,Human Resources,HR Business Partner,Mid Level,4909,14.9,8.3,11.8,Hybrid,6.4,3.2,6.5,6.9,True,4.1,0,Mid Career (30-39)
3086,33,Female,Married,Masters,Human Resources,HR Business Partner,Mid Level,7946,13.7,4.1,10.0,Onsite,11.5,4.9,9.2,3.5,True,2.2,0,Mid Career (30-39)
3087,45,Male,Divorced,High School,Marketing,Growth Manager,Management,9677,15.9,12.4,20.6,Onsite,7.2,3.1,8.0,7.4,True,5.4,0,Senior Career (40-49)
3088,49,Female,Married,Bachelors,Operations,Operations Manager,Senior Level,8690,11.6,13.4,21.2,Onsite,7.3,6.4,6.7,4.9,False,4.2,0,Senior Career (40-49)
3089,49,Male,Divorced,Masters,Engineering,Engineering Manager,Senior Level,8241,11.6,8.4,14.5,Onsite,4.9,2.1,7.3,7.2,True,5.4,0,Senior Career (40-49)
3090,42,Male,Married,Bachelors,Human Resources,Recruiter,Associate,4045,8.7,7.0,10.0,Onsite,5.8,5.1,6.8,6.0,True,5.9,0,Senior Career (40-49)
3091,40,Non-binary,Single,PhD,Research & Development,Research Scientist,Associate,7334,9.2,5.3,7.7,Remote,1.0,3.3,7.2,7.3,True,7.5,0,Senior Career (40-49)
3092,24,Female,Single,Bachelors,Finance,Finance Manager,Mid Level,6595,10.0,3.0,4.0,Hybrid,8.0,5.5,4.4,6.6,True,5.8,1,Early Career (21-29)
3093,39,Female,Married,Bachelors,Operations,Program Manager,Mid Level,6616,11.9,5.0,5.9,Hybrid,8.4,4.5,5.8,4.5,True,5.3,0,Mid Career (30-39)
3094,34,Male,Married,Bachelors,Marketing,Marketing Specialist,Associate,5430,11.9,5.1,12.8,Onsite,11.0,5.8,4.6,5.4,False,5.8,1,Mid Career (30-39)
3095,37,Male,Single,Bachelors,Engineering,Data Engineer,Associate,5249,15.1,6.0,9.3,Onsite,2.1,3.5,8.4,6.9,True,2.5,0,Mid Career (30-39)
3096,30,Female,Divorced,Masters,Research & Development,R&D Manager,Associate,4647,12.0,3.5,7.9,Onsite,9.2,6.0,5.5,5.1,False,4.6,1,Mid Career (30-39)
3097,34,Male,Married,Bachelors,Sales,Sales Development Rep,Entry Level,2719,17.0,4.7,8.3,Hybrid,9.6,3.1,7.5,4.6,True,3.9,1,Mid Career (30-39)
3098,22,Male,Single,PhD,Engineering,Engineering Manager,Associate,6736,10.9,1.0,2.0,Hybrid,3.8,4.2,5.1,5.8,False,5.0,0,Early Career (21-29)
3099,35,Male,Single,Masters,Human Resources,Recruiter,Associate,4458,11.3,5.3,9.7,Onsite,1.7,3.2,6.6,6.3,True,4.3,0,Mid Career (30-39)
3100,40,Male,Married,Masters,Engineering,Software Engineer,Mid Level,8933,11.0,8.1,7.7,Remote,3.8,2.3,8.7,7.1,True,3.5,0,Senior Career (40-49)
3102,38,Male,Married,Masters,Human Resources,HR Business Partner,Associate,4624,6.5,9.3,13.8,Remote,3.6,5.3,3.8,6.8,True,6.3,1,Mid Career (30-39)
3103,45,Male,Single,Bachelors,Engineering,Data Engineer,Senior Level,10466,10.5,11.1,14.3,Hybrid,1.9,5.0,5.0,4.5,False,6.0,1,Senior Career (40-49)
3104,40,Male,Married,Bachelors,Customer Support,Support Team Lead,Mid Level,4534,8.6,4.0,9.9,Remote,9.3,1.6,6.3,6.6,False,6.0,0,Senior Career (40-49)
3105,51,Male,Divorced,Bachelors,Engineering,QA Engineer,Senior Level,9852,11.0,13.3,12.3,Remote,1.8,3.4,4.4,7.1,False,4.6,0,Pre-Retirement (50-64)
3106,49,Male,Married,Masters,Human Resources,HR Manager,Management,8958,12.3,11.4,16.6,Onsite,2.3,5.1,4.9,5.0,False,5.4,0,Senior Career (40-49)
3107,40,Female,Single,Bachelors,Operations,Program Manager,Mid Level,6453,11.4,1.1,4.5,Remote,5.9,2.8,8.2,7.5,False,4.6,0,Senior Career (40-49)
3108,46,Female,Married,Bachelors,Sales,Sales Manager,Mid Level,6128,13.0,7.7,16.3,Hybrid,4.0,1.8,9.6,8.7,True,6.8,0,Senior Career (40-49)
3109,47,Male,Married,Masters,Customer Support,Support Specialist,Management,8305,6.1,8.7,15.2,Hybrid,1.9,3.7,6.0,6.6,False,4.6,1,Senior Career (40-49)
3110,42,Female,Married,High School,Operations,Program Manager,Associate,4741,4.7,5.1,16.0,Remote,10.5,4.7,6.3,6.3,True,3.8,0,Senior Career (40-49)
3111,41,Male,Married,Bachelors,Operations,Program Manager,Senior Level,7859,12.2,9.0,20.9,Hybrid,8.5,4.8,7.0,7.2,False,6.2,1,Senior Career (40-49)
3112,38,Male,Single,Bachelors,Finance,Finance Manager,Senior Level,8963,10.5,9.2,13.1,Hybrid,13.8,3.4,4.7,5.1,True,4.8,1,Mid Career (30-39)
3113,34,Female,Divorced,Masters,Customer Support,Support Specialist,Entry Level,3286,9.4,6.8,10.1,Remote,6.4,4.3,7.3,5.2,True,8.1,1,Mid Career (30-39)
3114,40,Male,Single,Bachelors,Engineering,Engineering Manager,Management,11021,8.5,11.7,20.0,Onsite,6.5,2.9,7.4,6.9,True,7.0,0,Senior Career (40-49)
3116,44,Male,Divorced,Bachelors,Sales,Account Executive,Senior Level,8134,12.8,14.2,14.8,Onsite,25.9,6.3,5.3,3.0,False,4.0,0,Senior Career (40-49)
3117,35,Male,Married,Masters,Engineering,QA Engineer,Mid Level,9282,10.3,8.1,15.0,Onsite,13.4,4.8,6.5,5.6,True,3.2,0,Mid Career (30-39)
3118,40,Male,Divorced,Masters,Sales,Sales Manager,Management,10230,12.8,12.5,17.1,Remote,7.8,4.7,7.8,7.3,False,4.5,0,Senior Career (40-49)
3119,38,Male,Single,Masters,Sales,Sales Manager,Associate,4256,11.6,3.5,13.5,Remote,6.8,4.9,5.2,7.0,True,6.3,0,Mid Career (30-39)
3120,32,Male,Married,High School,Research & Development,Research Scientist,Mid Level,5444,10.9,6.8,12.0,Hybrid,5.5,3.5,8.2,6.9,True,2.4,0,Mid Career (30-39)
3121,37,Male,Single,Masters,Sales,Account Executive,Senior Level,13019,17.6,10.6,16.2,Onsite,8.0,6.1,5.9,6.6,False,5.3,1,Mid Career (30-39)
3122,49,Female,Single,Bachelors,Sales,Account Executive,Management,10221,12.0,12.6,15.5,Hybrid,7.5,5.7,5.7,4.2,True,4.8,0,Senior Career (40-49)
3123,44,Male,Divorced,Masters,Customer Support,Support Specialist,Mid Level,6530,8.9,7.8,15.3,Remote,9.0,3.9,5.8,7.2,False,6.9,0,Senior Career (40-49)
3124,51,Male,Single,High School,Customer Support,Support Team Lead,Mid Level,4408,10.0,2.8,15.7,Hybrid,12.6,6.4,5.2,4.5,True,10.0,1,Pre-Retirement (50-64)
3125,37,Female,Married,Masters,Marketing,Growth Manager,Mid Level,7030,8.4,5.4,9.5,Hybrid,6.4,4.0,7.0,4.7,True,4.0,0,Mid Career (30-39)
3126,33,Female,Married,PhD,Customer Support,Support Specialist,Mid Level,6409,15.4,6.8,11.1,Onsite,2.3,2.8,7.0,6.8,True,7.3,0,Mid Career (30-39)
3127,34,Male,Single,Bachelors,Engineering,Software Engineer,Mid Level,7621,13.3,6.3,8.9,Onsite,2.2,5.0,7.6,7.8,True,6.3,0,Mid Career (30-39)
3128,38,Female,Divorced,High School,Operations,Program Manager,Associate,3638,11.4,9.7,18.0,Onsite,2.8,4.9,6.4,6.3,True,5.6,0,Mid Career (30-39)
3129,38,Male,Single,Masters,Engineering,Engineering Manager,Associate,6086,10.7,6.6,10.6,Remote,6.7,2.7,8.1,5.4,True,2.3,0,Mid Career (30-39)
3130,55,Female,Married,Bachelors,Engineering,Engineering Manager,Senior Level,10140,11.0,9.0,11.0,Hybrid,4.6,2.6,7.2,9.3,True,4.9,0,Pre-Retirement (50-64)
3131,34,Male,Married,Bachelors,Research & Development,Research Scientist,Mid Level,6765,9.3,4.9,10.9,Remote,4.0,4.4,8.8,8.1,False,6.0,0,Mid Career (30-39)
3132,35,Female,Single,Bachelors,Research & Development,Research Scientist,Mid Level,10746,13.5,9.3,13.0,Hybrid,0.9,1.8,5.8,7.8,False,3.6,0,Mid Career (30-39)
3133,32,Male,Married,High School,Finance,Finance Manager,Mid Level,5419,9.5,7.8,12.0,Onsite,6.2,1.4,8.4,7.0,True,5.5,0,Mid Career (30-39)
3134,25,Female,Married,Masters,Marketing,Growth Manager,Mid Level,5223,6.9,4.0,5.0,Onsite,8.6,6.3,2.8,5.7,False,7.3,0,Early Career (21-29)
3135,45,Male,Married,Masters,Customer Support,Customer Success Manager,Senior Level,6274,15.8,9.4,12.5,Remote,6.7,1.7,10.0,7.6,False,6.6,0,Senior Career (40-49)
3136,33,Female,Single,Masters,Sales,Sales Manager,Management,9576,9.1,12.0,13.0,Remote,5.1,3.3,8.2,7.7,True,7.9,0,Mid Career (30-39)
3137,27,Female,Married,Bachelors,Human Resources,HR Business Partner,Entry Level,2739,13.9,0.0,7.0,Onsite,8.5,1.7,8.3,5.8,True,3.7,0,Early Career (21-29)
3138,53,Male,Single,Masters,Engineering,Engineering Manager,Senior Level,11562,15.5,5.4,13.2,Onsite,7.5,3.7,9.1,7.3,True,3.6,0,Pre-Retirement (50-64)
3139,37,Female,Divorced,Bachelors,Marketing,Growth Manager,Mid Level,6229,12.5,5.3,11.3,Hybrid,11.0,6.8,6.5,4.5,True,7.7,0,Mid Career (30-39)
3140,37,Female,Divorced,Bachelors,Engineering,Engineering Manager,Mid Level,9323,12.8,9.0,17.0,Hybrid,9.9,3.5,7.2,5.6,False,3.9,1,Mid Career (30-39)
3141,44,Male,Single,Masters,Sales,Sales Development Rep,Senior Level,8488,12.9,9.7,17.6,Remote,22.6,7.9,6.1,3.1,False,4.4,0,Senior Career (40-49)
3142,35,Male,Married,Bachelors,Engineering,QA Engineer,Mid Level,7076,6.7,5.8,15.0,Hybrid,4.1,3.9,8.4,6.5,True,1.4,0,Mid Career (30-39)
3143,37,Female,Married,Bachelors,Operations,Program Manager,Associate,3996,9.3,3.3,7.4,Hybrid,1.2,2.6,7.5,6.8,False,4.9,1,Mid Career (30-39)
3144,45,Female,Married,PhD,Finance,Finance Manager,Management,14831,10.1,4.4,5.6,Onsite,2.9,6.1,4.5,6.7,False,6.3,1,Senior Career (40-49)
3145,41,Female,Married,Bachelors,Customer Support,Customer Success Manager,Senior Level,7341,14.1,7.4,13.2,Hybrid,15.0,6.7,6.5,3.3,False,4.3,1,Senior Career (40-49)
3146,32,Female,Single,High School,Customer Support,Support Specialist,Associate,2209,7.5,0.0,0.9,Onsite,7.9,5.8,3.9,4.6,False,5.8,1,Mid Career (30-39)
3147,34,Female,Single,Masters,Engineering,Engineering Manager,Mid Level,8443,9.0,4.3,12.5,Onsite,5.2,4.6,4.9,6.0,True,4.7,0,Mid Career (30-39)
3148,32,Female,Married,High School,Research & Development,Product Researcher,Associate,5504,15.0,5.4,10.6,Onsite,6.8,1.7,8.8,7.4,True,1.3,0,Mid Career (30-39)
3149,44,Female,Married,Bachelors,Customer Support,Support Specialist,Mid Level,7254,12.3,7.8,17.2,Hybrid,3.1,2.5,8.0,7.5,True,6.8,1,Senior Career (40-49)
3150,49,Female,Divorced,Bachelors,Sales,Sales Manager,Mid Level,6271,15.8,9.5,15.4,Remote,17.1,6.2,5.7,5.6,False,5.8,1,Senior Career (40-49)
3151,47,Female,Divorced,High School,Human Resources,HR Manager,Mid Level,6916,16.3,9.6,16.2,Hybrid,5.6,3.9,6.7,6.7,False,3.0,0,Senior Career (40-49)
3152,21,Female,Married,Bachelors,Engineering,Engineering Manager,Associate,5867,14.7,0.0,1.0,Onsite,3.2,3.5,8.5,6.8,True,3.8,0,Early Career (21-29)
3153,36,Female,Single,Masters,Engineering,Data Engineer,Mid Level,9910,16.8,8.8,16.0,Hybrid,3.5,5.5,6.1,6.2,True,3.5,0,Mid Career (30-39)
3154,28,Male,Single,Bachelors,Sales,Sales Development Rep,Associate,7064,17.7,6.5,8.0,Hybrid,7.6,3.2,9.7,6.4,False,8.2,0,Early Career (21-29)
3155,41,Male,Married,Bachelors,Marketing,Content Strategist,Associate,4621,7.3,6.0,17.4,Remote,2.4,4.0,5.3,4.9,True,5.4,0,Senior Career (40-49)
3156,40,Female,Single,PhD,Engineering,QA Engineer,Mid Level,13770,2.6,9.8,18.6,Hybrid,1.4,4.4,2.7,6.7,False,1.8,0,Senior Career (40-49)
3157,31,Male,Divorced,PhD,Research & Development,Product Researcher,Mid Level,6649,5.3,8.7,11.0,Hybrid,5.7,5.6,4.2,6.0,True,5.8,0,Mid Career (30-39)
3158,24,Male,Married,High School,Customer Support,Support Team Lead,Associate,2661,12.9,2.2,4.0,Onsite,4.3,2.1,8.8,8.0,True,10.0,0,Early Career (21-29)
3159,55,Male,Single,Masters,Sales,Account Executive,Management,10087,10.4,11.2,18.4,Hybrid,7.2,2.9,6.7,5.7,False,1.5,0,Pre-Retirement (50-64)
3160,41,Female,Married,Masters,Customer Support,Support Team Lead,Senior Level,5034,17.9,12.0,16.8,Hybrid,15.3,7.1,6.5,4.1,False,6.2,0,Senior Career (40-49)
3161,49,Male,Married,Bachelors,Marketing,Growth Manager,Senior Level,8118,14.9,11.1,12.2,Remote,7.6,4.2,7.4,8.3,False,7.1,0,Senior Career (40-49)
3162,22,Female,Married,Masters,Engineering,Data Engineer,Associate,5739,12.2,1.0,2.0,Hybrid,11.3,3.5,7.1,5.8,True,5.0,0,Early Career (21-29)
3163,37,Male,Single,PhD,Human Resources,HR Manager,Mid Level,5378,4.4,9.4,11.9,Onsite,2.3,3.1,7.6,5.9,True,4.4,0,Mid Career (30-39)
3164,49,Male,Divorced,Masters,Engineering,Software Engineer,Associate,5889,4.4,3.9,6.6,Onsite,9.1,4.0,7.1,7.0,True,5.5,0,Senior Career (40-49)
3165,32,Male,Single,Masters,Finance,Financial Analyst,Associate,5534,12.7,2.3,9.0,Onsite,1.7,3.8,7.0,7.1,True,4.4,0,Mid Career (30-39)
3166,53,Female,Married,Masters,Customer Support,Support Team Lead,Management,9444,8.1,14.3,22.7,Hybrid,2.4,3.1,7.0,6.8,True,5.6,0,Pre-Retirement (50-64)
3167,38,Female,Married,Bachelors,Engineering,Engineering Manager,Senior Level,11642,11.7,6.0,6.7,Hybrid,3.7,4.6,6.0,6.3,True,3.9,0,Mid Career (30-39)
3168,28,Male,Single,High School,Engineering,Software Engineer,Associate,4997,13.5,5.9,7.3,Remote,6.5,3.2,3.9,7.9,True,4.4,0,Early Career (21-29)
3169,37,Male,Married,Bachelors,Engineering,Software Engineer,Associate,3897,15.1,0.0,1.6,Onsite,8.6,5.2,5.4,6.7,True,5.2,0,Mid Career (30-39)
3170,35,Male,Married,Bachelors,Engineering,Software Engineer,Associate,7041,10.2,5.5,15.0,Onsite,2.1,1.8,9.2,6.5,True,3.8,1,Mid Career (30-39)
3171,43,Male,Single,Bachelors,Engineering,Data Engineer,Management,12424,10.5,11.3,17.9,Hybrid,7.6,3.2,4.9,5.1,True,2.0,0,Senior Career (40-49)
3172,42,Female,Single,Masters,Operations,Operations Analyst,Management,13218,13.8,12.9,18.8,Onsite,9.2,7.0,4.8,3.2,True,4.8,0,Senior Career (40-49)
3173,48,Female,Married,Masters,Engineering,Data Engineer,Management,12122,12.3,13.6,19.2,Hybrid,3.8,2.9,7.8,5.7,True,2.9,0,Senior Career (40-49)
3174,44,Female,Married,Bachelors,Operations,Program Manager,Mid Level,8226,19.0,6.2,7.7,Remote,13.2,3.5,8.9,5.1,False,6.6,0,Senior Career (40-49)
3175,40,Male,Divorced,Masters,Sales,Account Executive,Senior Level,10740,12.5,10.9,14.2,Hybrid,11.7,4.9,5.9,3.7,False,2.9,1,Senior Career (40-49)
3176,39,Male,Married,Masters,Marketing,Content Strategist,Mid Level,6238,5.2,5.5,9.7,Hybrid,6.8,4.4,5.7,5.9,False,4.4,0,Mid Career (30-39)
3177,38,Male,Single,PhD,Operations,Operations Manager,Mid Level,6879,10.3,6.5,12.3,Onsite,3.4,3.7,8.0,6.7,True,7.1,0,Mid Career (30-39)
3178,43,Female,Married,Bachelors,Customer Support,Support Team Lead,Management,7759,12.2,9.1,15.3,Hybrid,3.4,4.4,5.2,7.5,True,8.0,0,Senior Career (40-49)
3179,37,Female,Single,Masters,Marketing,Marketing Specialist,Mid Level,5231,9.9,6.9,17.0,Remote,15.9,4.3,7.0,6.8,True,4.6,0,Mid Career (30-39)
3180,32,Male,Married,Bachelors,Sales,Account Executive,Associate,4581,13.6,3.9,7.9,Hybrid,6.8,2.3,7.4,5.2,True,6.6,0,Mid Career (30-39)
3181,43,Female,Single,Bachelors,Finance,Finance Manager,Management,11176,11.5,5.4,16.9,Onsite,8.6,4.2,4.9,5.3,True,5.3,1,Senior Career (40-49)
3182,38,Female,Married,Bachelors,Engineering,Engineering Manager,Associate,6673,13.7,4.3,6.9,Onsite,4.7,5.5,7.8,5.8,True,4.4,0,Mid Career (30-39)
3183,55,Female,Single,Masters,Engineering,Engineering Manager,Management,13673,8.6,6.8,18.8,Remote,16.4,7.3,4.1,5.6,True,3.3,0,Pre-Retirement (50-64)
3184,35,Female,Single,Bachelors,Engineering,QA Engineer,Mid Level,8055,10.0,6.0,10.7,Onsite,5.9,4.6,5.5,7.5,False,3.1,1,Mid Career (30-39)
3185,36,Female,Married,Masters,Sales,Sales Manager,Senior Level,9598,10.0,9.1,9.0,Onsite,9.2,6.3,7.6,3.9,False,4.2,0,Mid Career (30-39)
3186,38,Male,Married,Bachelors,Human Resources,Recruiter,Entry Level,3024,10.4,4.0,13.6,Hybrid,0.3,4.7,5.4,6.8,True,6.6,0,Mid Career (30-39)
3187,25,Male,Divorced,PhD,Finance,Accountant,Entry Level,3857,11.6,2.3,5.0,Onsite,7.0,7.3,3.2,4.6,True,7.4,1,Early Career (21-29)
3188,28,Female,Married,Bachelors,Research & Development,Research Scientist,Entry Level,3786,4.5,6.1,8.0,Hybrid,4.8,3.6,5.6,7.2,True,2.6,0,Early Career (21-29)
3189,43,Female,Married,Bachelors,Sales,Sales Manager,Management,12792,8.7,11.9,22.6,Remote,5.1,2.5,7.9,8.5,False,2.8,0,Senior Career (40-49)
3190,42,Male,Married,High School,Operations,Operations Manager,Mid Level,4673,11.0,3.3,5.7,Onsite,5.4,2.4,7.7,8.5,True,6.0,0,Senior Career (40-49)
3191,24,Male,Single,Bachelors,Finance,Accountant,Associate,5849,14.4,3.0,4.0,Hybrid,16.5,4.6,7.5,3.1,True,4.9,0,Early Career (21-29)
3192,24,Female,Divorced,Masters,Research & Development,R&D Manager,Associate,8129,10.6,3.0,4.0,Hybrid,3.3,1.7,10.0,7.0,False,5.4,0,Early Career (21-29)
3193,35,Female,Married,Masters,Research & Development,R&D Manager,Mid Level,10131,8.3,8.5,15.0,Hybrid,5.0,3.5,8.6,6.0,False,4.0,0,Mid Career (30-39)
3194,41,Female,Single,Bachelors,Marketing,Content Strategist,Senior Level,9489,14.7,10.5,17.9,Onsite,3.4,5.3,5.1,5.6,True,4.3,1,Senior Career (40-49)
3195,47,Male,Married,Bachelors,Sales,Sales Manager,Management,8550,6.0,11.0,14.7,Hybrid,11.0,4.5,7.9,6.2,True,3.5,0,Senior Career (40-49)
3196,38,Male,Single,High School,Customer Support,Customer Success Manager,Associate,2414,11.8,11.1,13.8,Hybrid,1.9,4.2,5.3,6.4,True,6.1,0,Mid Career (30-39)
3197,35,Male,Married,Bachelors,Engineering,Software Engineer,Mid Level,7114,12.8,7.3,15.0,Onsite,0.4,2.4,6.6,6.4,False,6.0,0,Mid Career (30-39)
3198,30,Male,Single,Bachelors,Operations,Operations Analyst,Associate,5019,9.5,5.0,10.0,Onsite,8.0,5.3,7.6,6.4,True,4.1,1,Mid Career (30-39)
3199,36,Female,Single,Bachelors,Customer Support,Support Team Lead,Senior Level,5743,5.6,7.8,16.0,Remote,14.1,4.8,4.2,6.7,False,6.6,0,Mid Career (30-39)
3200,36,Male,Single,Bachelors,Customer Support,Support Team Lead,Mid Level,4441,7.3,6.8,12.7,Remote,7.3,4.0,6.2,4.7,False,6.5,0,Mid Career (30-39)
3202,47,Male,Single,Bachelors,Finance,Accountant,Management,10594,12.1,8.9,17.9,Hybrid,3.8,2.8,8.1,6.0,True,3.8,0,Senior Career (40-49)
3203,44,Male,Single,Masters,Sales,Sales Manager,Senior Level,8420,8.0,11.5,15.7,Hybrid,8.6,4.8,6.3,5.0,False,3.8,0,Senior Career (40-49)
3204,45,Female,Married,Bachelors,Engineering,Data Engineer,Mid Level,7454,9.2,9.5,17.4,Remote,8.4,4.4,7.8,6.1,True,2.6,0,Senior Career (40-49)
3205,45,Male,Single,Bachelors,Customer Support,Support Team Lead,Associate,3364,14.9,2.2,12.1,Onsite,9.2,2.6,6.7,4.9,False,6.8,1,Senior Career (40-49)
3206,42,Male,Married,Bachelors,Sales,Sales Development Rep,Associate,6608,9.0,4.9,14.4,Hybrid,6.1,4.6,5.4,6.7,False,5.8,1,Senior Career (40-49)
3207,31,Female,Married,Bachelors,Human Resources,Recruiter,Associate,3331,9.3,3.4,11.0,Onsite,10.3,3.6,6.8,5.8,False,3.8,0,Mid Career (30-39)
3208,27,Male,Single,Bachelors,Sales,Sales Development Rep,Entry Level,3487,12.3,6.0,7.0,Remote,6.9,1.1,7.5,7.6,False,6.9,0,Early Career (21-29)
3209,55,Female,Single,Masters,Sales,Account Executive,Senior Level,9973,13.7,10.6,19.9,Remote,3.3,2.5,8.6,7.5,False,5.8,0,Pre-Retirement (50-64)
3210,24,Male,Single,Bachelors,Customer Support,Support Specialist,Entry Level,2250,14.0,3.0,4.0,Remote,16.4,6.2,6.5,4.0,True,4.2,0,Early Career (21-29)
3211,33,Male,Married,Bachelors,Customer Support,Support Specialist,Associate,3842,11.7,0.4,4.0,Hybrid,11.4,4.6,5.1,6.0,False,6.9,0,Mid Career (30-39)
3212,41,Male,Married,Bachelors,Engineering,Data Engineer,Mid Level,8492,16.7,9.1,13.3,Hybrid,11.7,4.5,7.6,5.5,False,2.9,0,Senior Career (40-49)
3213,39,Male,Married,Bachelors,Marketing,Content Strategist,Mid Level,6221,5.2,10.8,18.8,Remote,6.9,3.0,5.4,7.4,False,6.3,0,Mid Career (30-39)
3214,25,Female,Married,PhD,Engineering,QA Engineer,Associate,8160,10.4,4.0,5.0,Hybrid,8.7,3.6,8.2,5.6,True,4.9,0,Early Career (21-29)
3215,40,Female,Married,High School,Engineering,QA Engineer,Mid Level,7798,17.8,6.1,10.7,Hybrid,1.6,2.5,7.2,6.7,True,5.9,0,Senior Career (40-49)
3216,38,Male,Single,High School,Engineering,QA Engineer,Mid Level,6121,15.3,6.9,7.2,Hybrid,4.6,1.9,6.7,7.5,True,2.1,0,Mid Career (30-39)
3217,40,Female,Single,Bachelors,Operations,Operations Manager,Management,12174,15.6,13.3,19.0,Onsite,4.9,4.8,7.3,6.1,False,7.2,0,Senior Career (40-49)
3218,45,Male,Divorced,Bachelors,Operations,Program Manager,Senior Level,7401,12.5,9.4,15.1,Hybrid,0.7,4.3,7.1,6.2,True,6.0,0,Senior Career (40-49)
3219,45,Female,Single,Bachelors,Marketing,Marketing Specialist,Senior Level,10222,5.9,7.7,16.3,Hybrid,11.1,6.5,7.6,4.4,False,6.2,0,Senior Career (40-49)
3220,33,Male,Married,Bachelors,Engineering,Data Engineer,Entry Level,4863,13.5,2.8,9.3,Onsite,5.9,5.3,7.0,7.6,True,3.3,0,Mid Career (30-39)
3221,41,Male,Married,High School,Engineering,QA Engineer,Senior Level,9697,10.8,8.5,13.8,Remote,6.7,3.9,5.4,9.0,False,3.4,0,Senior Career (40-49)
3222,46,Male,Married,Bachelors,Engineering,Engineering Manager,Senior Level,8975,10.5,12.2,14.1,Hybrid,3.9,3.9,6.6,5.6,False,6.1,0,Senior Career (40-49)
3223,50,Male,Married,Bachelors,Customer Support,Support Team Lead,Mid Level,5308,15.0,3.5,10.6,Hybrid,9.1,3.5,5.6,6.7,True,5.4,1,Pre-Retirement (50-64)
3224,31,Female,Married,Masters,Sales,Account Executive,Associate,6030,13.2,3.7,11.0,Hybrid,5.0,2.6,6.0,6.0,False,8.1,1,Mid Career (30-39)
3225,21,Male,Single,PhD,Engineering,Software Engineer,Associate,7274,9.6,0.0,1.0,Hybrid,2.3,2.8,5.7,6.8,True,4.7,0,Early Career (21-29)
3226,34,Female,Single,High School,Research & Development,R&D Manager,Mid Level,7107,9.1,7.8,12.5,Onsite,1.2,5.1,5.3,6.4,True,3.2,0,Mid Career (30-39)
3227,46,Female,Married,Bachelors,Research & Development,R&D Manager,Management,14138,12.2,9.0,14.4,Hybrid,6.3,4.2,8.1,5.5,True,1.2,0,Senior Career (40-49)
3228,34,Male,Married,High School,Sales,Sales Development Rep,Associate,5158,13.0,10.0,10.1,Onsite,7.6,4.1,4.9,6.9,True,3.9,1,Mid Career (30-39)
3229,32,Male,Divorced,Bachelors,Sales,Account Executive,Associate,5940,6.0,6.4,8.6,Onsite,6.9,4.0,4.8,4.9,True,5.7,1,Mid Career (30-39)
3230,25,Female,Married,PhD,Engineering,Software Engineer,Associate,6548,10.4,4.0,5.0,Onsite,18.9,7.0,6.0,3.9,True,5.2,0,Early Career (21-29)
3231,35,Male,Single,Bachelors,Human Resources,HR Manager,Mid Level,6645,12.7,6.7,15.0,Hybrid,0.8,1.0,9.6,7.3,True,5.8,0,Mid Career (30-39)
3232,39,Male,Married,Masters,Engineering,Data Engineer,Senior Level,13791,14.1,9.7,11.9,Hybrid,4.9,1.4,7.2,8.1,True,4.8,0,Mid Career (30-39)
3233,27,Male,Single,Bachelors,Engineering,Data Engineer,Entry Level,4123,16.4,0.7,7.0,Remote,14.7,7.1,5.5,3.7,True,4.7,0,Early Career (21-29)
3234,53,Male,Married,Bachelors,Research & Development,Product Researcher,Senior Level,10992,14.9,8.5,15.2,Hybrid,6.6,2.8,6.0,5.6,True,2.6,0,Pre-Retirement (50-64)
3235,33,Female,Married,Bachelors,Engineering,Software Engineer,Senior Level,10532,8.4,12.0,13.0,Onsite,7.5,4.4,4.5,5.5,True,2.0,0,Mid Career (30-39)
3236,29,Male,Married,Bachelors,Engineering,Engineering Manager,Associate,7479,8.9,7.7,9.0,Remote,10.5,1.1,8.9,6.4,True,3.0,0,Early Career (21-29)
3237,34,Male,Married,Bachelors,Engineering,Engineering Manager,Mid Level,8102,15.0,9.1,14.0,Onsite,5.2,2.5,6.4,6.5,True,3.5,0,Mid Career (30-39)
3238,52,Male,Divorced,Bachelors,Engineering,Engineering Manager,Mid Level,8095,8.0,7.9,17.3,Remote,1.0,1.2,9.1,7.7,True,5.4,0,Pre-Retirement (50-64)
3239,36,Male,Single,Masters,Engineering,Software Engineer,Senior Level,10677,7.0,8.4,13.6,Onsite,2.2,2.6,5.3,6.7,True,3.0,0,Mid Career (30-39)
3240,40,Male,Married,Bachelors,Research & Development,R&D Manager,Mid Level,9598,11.2,7.2,8.4,Hybrid,13.4,4.4,6.8,4.9,False,5.1,0,Senior Career (40-49)
3241,34,Female,Single,Bachelors,Research & Development,R&D Manager,Senior Level,11918,8.5,9.3,14.0,Onsite,9.0,5.5,5.5,5.9,True,4.1,0,Mid Career (30-39)
3242,26,Female,Married,Bachelors,Research & Development,R&D Manager,Mid Level,6448,10.6,5.0,6.0,Remote,9.2,3.4,8.9,7.0,True,6.4,0,Early Career (21-29)
3243,39,Male,Married,Bachelors,Sales,Sales Manager,Associate,3623,8.7,0.2,4.2,Remote,6.8,3.6,6.4,6.3,False,3.4,1,Mid Career (30-39)
3244,38,Male,Married,Bachelors,Research & Development,Product Researcher,Associate,5356,10.3,2.9,6.2,Onsite,5.1,3.3,8.6,7.6,True,5.9,0,Mid Career (30-39)
3246,27,Female,Single,Masters,Sales,Account Executive,Mid Level,7322,16.4,6.0,7.0,Onsite,6.0,5.3,8.4,5.4,False,4.4,0,Early Career (21-29)
3247,50,Female,Married,Masters,Finance,Finance Manager,Management,10146,17.1,10.3,16.0,Hybrid,13.4,6.7,6.7,3.4,True,4.2,0,Pre-Retirement (50-64)
3248,34,Non-binary,Divorced,Bachelors,Finance,Financial Analyst,Entry Level,3609,7.1,4.2,5.7,Onsite,6.3,2.5,7.5,5.4,True,9.0,0,Mid Career (30-39)
3249,32,Female,Married,Masters,Engineering,Data Engineer,Associate,5733,13.4,0.7,7.9,Onsite,1.0,4.4,5.9,6.9,True,4.5,0,Mid Career (30-39)
3250,34,Male,Single,High School,Operations,Operations Manager,Associate,4690,11.5,5.1,11.2,Hybrid,1.1,3.1,7.4,7.2,False,4.1,0,Mid Career (30-39)
3251,37,Female,Single,High School,Finance,Financial Analyst,Mid Level,6385,14.4,7.5,12.5,Hybrid,4.0,1.4,7.6,8.4,True,5.6,0,Mid Career (30-39)
3252,41,Male,Single,Bachelors,Sales,Sales Development Rep,Mid Level,9527,13.7,11.0,12.9,Hybrid,7.1,3.9,7.1,6.2,False,4.7,0,Senior Career (40-49)
3253,36,Female,Single,High School,Operations,Program Manager,Mid Level,6116,11.3,8.0,10.3,Hybrid,3.7,3.2,6.2,8.0,False,5.9,0,Mid Career (30-39)
3254,42,Male,Single,Masters,Marketing,Growth Manager,Senior Level,8561,5.8,4.6,9.4,Hybrid,1.5,4.2,3.3,4.7,True,6.7,0,Senior Career (40-49)
3255,32,Male,Married,Masters,Engineering,Engineering Manager,Mid Level,9808,9.6,7.7,12.0,Hybrid,5.9,3.7,3.7,4.6,True,5.9,1,Mid Career (30-39)
3256,34,Male,Married,PhD,Sales,Sales Development Rep,Associate,6763,13.3,7.0,12.4,Onsite,2.8,2.7,6.6,6.9,True,6.6,0,Mid Career (30-39)
3257,38,Female,Married,Masters,Engineering,Software Engineer,Mid Level,10615,13.0,2.2,13.6,Hybrid,5.1,3.6,6.1,7.1,True,4.6,0,Mid Career (30-39)
3258,50,Female,Single,Bachelors,Sales,Account Executive,Management,14189,13.2,10.7,15.2,Remote,9.3,2.7,7.2,5.4,False,3.2,0,Pre-Retirement (50-64)
3259,39,Female,Single,Masters,Engineering,Software Engineer,Management,12843,13.3,11.1,16.1,Onsite,5.8,3.8,6.2,5.7,True,5.3,0,Mid Career (30-39)
3260,22,Male,Single,Masters,Engineering,Data Engineer,Associate,6946,13.6,0.0,2.0,Onsite,2.0,3.0,9.2,7.3,True,2.1,0,Early Career (21-29)
3261,35,Male,Married,Masters,Engineering,QA Engineer,Mid Level,7790,11.0,6.5,10.4,Hybrid,1.5,3.5,5.1,7.9,True,3.3,0,Mid Career (30-39)
3262,37,Male,Single,Bachelors,Engineering,Software Engineer,Entry Level,4095,13.6,2.1,3.1,Hybrid,0.9,3.6,6.3,6.7,False,4.2,0,Mid Career (30-39)
3263,44,Female,Single,Bachelors,Operations,Operations Analyst,Mid Level,5719,15.7,6.8,9.4,Onsite,11.6,3.4,7.9,4.7,False,2.7,0,Senior Career (40-49)
3264,25,Female,Divorced,Bachelors,Customer Support,Support Specialist,Associate,3532,16.4,0.8,5.0,Onsite,4.3,2.3,7.6,5.7,True,6.4,0,Early Career (21-29)
3265,26,Female,Married,Masters,Engineering,QA Engineer,Entry Level,3608,11.5,4.4,6.0,Onsite,6.6,3.8,6.7,5.6,True,3.0,0,Early Career (21-29)
3266,32,Male,Divorced,Bachelors,Sales,Sales Development Rep,Associate,3889,8.9,7.9,11.3,Hybrid,12.7,3.1,4.9,5.1,True,6.5,0,Mid Career (30-39)
3267,33,Female,Married,Bachelors,Customer Support,Customer Success Manager,Senior Level,7046,18.5,7.9,12.5,Remote,7.3,2.3,9.8,6.0,False,4.6,0,Mid Career (30-39)
3268,34,Female,Single,Bachelors,Sales,Sales Manager,Associate,5584,10.9,7.4,14.0,Onsite,15.6,4.5,6.6,5.3,False,5.1,0,Mid Career (30-39)
3269,39,Male,Married,Bachelors,Finance,Financial Analyst,Associate,4418,8.6,3.8,4.0,Hybrid,3.0,1.5,7.3,6.2,False,3.8,0,Mid Career (30-39)
3270,30,Male,Married,Masters,Operations,Operations Manager,Associate,5232,9.0,1.9,7.6,Hybrid,2.7,2.6,5.4,9.1,False,1.9,0,Mid Career (30-39)
3271,44,Non-binary,Single,PhD,Finance,Accountant,Management,17129,9.8,12.7,19.6,Hybrid,9.6,4.8,5.9,2.8,False,6.6,0,Senior Career (40-49)
3272,37,Male,Married,Bachelors,Research & Development,R&D Manager,Senior Level,9166,16.8,5.9,12.6,Hybrid,3.2,2.5,8.2,6.5,False,2.4,0,Mid Career (30-39)
3273,23,Female,Married,Bachelors,Engineering,Software Engineer,Entry Level,4902,8.6,2.0,3.0,Remote,3.2,2.8,7.3,7.2,False,5.5,0,Early Career (21-29)
3274,34,Female,Single,Bachelors,Engineering,Engineering Manager,Mid Level,8201,8.9,8.6,12.4,Onsite,7.9,3.1,6.2,5.4,True,2.0,1,Mid Career (30-39)
3275,42,Male,Married,Bachelors,Research & Development,R&D Manager,Associate,4960,15.5,3.7,10.2,Onsite,3.2,2.4,7.1,4.8,True,2.9,0,Senior Career (40-49)
3276,37,Female,Single,Bachelors,Human Resources,Recruiter,Mid Level,7603,15.2,8.1,15.3,Remote,2.7,3.8,8.0,6.2,True,6.3,0,Mid Career (30-39)
3277,30,Female,Married,High School,Sales,Sales Development Rep,Mid Level,5169,14.1,5.5,6.4,Remote,10.3,3.7,6.6,7.5,False,3.3,0,Mid Career (30-39)
3278,38,Male,Single,Masters,Research & Development,R&D Manager,Associate,5392,7.0,5.4,9.1,Remote,4.0,2.7,6.9,6.9,True,6.9,0,Mid Career (30-39)
3279,29,Female,Single,High School,Customer Support,Support Team Lead,Senior Level,5519,9.8,8.0,9.0,Remote,8.8,5.4,4.7,7.7,True,7.6,1,Early Career (21-29)
3280,43,Male,Single,Bachelors,Customer Support,Support Team Lead,Senior Level,4977,15.8,16.8,19.0,Hybrid,9.5,4.4,5.6,6.3,True,5.2,0,Senior Career (40-49)
3281,42,Female,Single,High School,Engineering,Data Engineer,Mid Level,7858,18.2,9.8,16.2,Remote,2.1,2.1,6.0,6.8,True,6.9,0,Senior Career (40-49)
3282,47,Female,Married,Bachelors,Sales,Sales Manager,Management,6982,18.0,6.9,12.7,Remote,6.9,1.1,9.8,6.1,False,4.0,0,Senior Career (40-49)
3283,51,Male,Married,Bachelors,Customer Support,Support Team Lead,Senior Level,7168,15.0,13.6,24.2,Remote,17.4,6.3,6.0,5.4,False,4.1,1,Pre-Retirement (50-64)
3284,46,Male,Married,High School,Sales,Sales Manager,Management,11255,14.2,10.4,18.1,Remote,5.8,2.2,6.9,7.8,False,5.9,0,Senior Career (40-49)
3285,53,Female,Married,PhD,Operations,Operations Manager,Mid Level,6143,10.5,7.5,13.0,Hybrid,0.3,4.3,4.6,7.4,False,6.2,0,Pre-Retirement (50-64)
3286,42,Female,Single,Masters,Customer Support,Customer Success Manager,Mid Level,5076,8.2,2.2,8.1,Hybrid,5.8,6.2,6.8,7.7,True,9.5,0,Senior Career (40-49)
3287,46,Male,Divorced,High School,Operations,Operations Manager,Mid Level,4387,8.6,8.9,14.0,Hybrid,7.3,3.3,6.5,6.9,False,5.5,1,Senior Career (40-49)
3288,30,Female,Married,Masters,Sales,Sales Development Rep,Associate,5352,13.1,5.4,10.0,Hybrid,10.3,3.9,6.7,6.3,False,5.0,0,Mid Career (30-39)
3289,45,Male,Married,Masters,Operations,Program Manager,Mid Level,4655,5.7,4.7,5.7,Hybrid,2.4,1.9,8.7,6.0,False,2.3,0,Senior Career (40-49)
3290,42,Female,Married,Bachelors,Research & Development,Product Researcher,Mid Level,6950,11.1,10.5,15.7,Remote,3.9,2.6,6.5,8.8,True,4.0,0,Senior Career (40-49)
3291,45,Male,Married,Masters,Sales,Account Executive,Senior Level,8042,7.6,12.5,13.5,Onsite,6.2,3.7,8.5,4.8,True,5.3,0,Senior Career (40-49)
3292,38,Female,Single,Bachelors,Sales,Sales Manager,Senior Level,8952,10.5,6.7,12.5,Remote,4.2,3.9,7.3,5.2,False,6.1,0,Mid Career (30-39)
3293,50,Female,Married,Masters,Finance,Accountant,Management,11647,10.9,12.3,21.3,Hybrid,3.7,5.1,5.8,6.6,False,5.0,0,Pre-Retirement (50-64)
3294,35,Male,Married,Bachelors,Engineering,Engineering Manager,Associate,4942,9.0,2.2,5.8,Remote,7.3,3.1,5.5,7.3,True,4.3,0,Mid Career (30-39)
3295,40,Female,Married,Masters,Sales,Sales Manager,Mid Level,6567,8.3,7.1,12.4,Hybrid,8.0,3.7,6.7,5.9,False,6.5,0,Senior Career (40-49)
3296,49,Male,Single,Bachelors,Sales,Sales Manager,Management,10705,11.9,14.7,20.1,Remote,3.1,1.9,6.5,6.1,False,4.4,0,Senior Career (40-49)
3297,31,Male,Married,Masters,Customer Support,Customer Success Manager,Mid Level,6404,19.3,5.3,8.8,Hybrid,8.0,3.0,8.5,5.4,True,5.7,0,Mid Career (30-39)
3298,50,Female,Single,Masters,Operations,Program Manager,Management,10766,11.8,11.3,15.4,Onsite,3.5,2.3,7.7,7.6,True,1.0,0,Pre-Retirement (50-64)
3299,33,Male,Single,Bachelors,Customer Support,Support Specialist,Entry Level,3076,13.8,4.1,11.5,Hybrid,3.7,2.2,9.5,6.6,True,5.0,0,Mid Career (30-39)
3300,40,Female,Single,Bachelors,Engineering,Software Engineer,Mid Level,6354,13.4,10.1,15.3,Hybrid,11.3,6.0,4.7,4.6,True,4.5,0,Senior Career (40-49)
3301,41,Female,Single,Bachelors,Engineering,Engineering Manager,Associate,6071,14.3,1.0,15.2,Onsite,5.0,4.0,8.1,7.3,True,2.3,0,Senior Career (40-49)
3302,44,Male,Single,PhD,Customer Support,Support Team Lead,Mid Level,7166,9.3,5.5,14.5,Hybrid,7.9,5.3,4.7,7.1,False,7.2,0,Senior Career (40-49)
3303,33,Male,Divorced,Bachelors,Finance,Finance Manager,Associate,5866,15.7,5.4,13.0,Remote,6.5,2.5,9.5,6.8,True,3.5,0,Mid Career (30-39)
3304,52,Female,Divorced,Bachelors,Research & Development,Research Scientist,Management,10020,10.6,11.6,14.1,Remote,5.6,3.5,5.9,9.2,True,4.5,0,Pre-Retirement (50-64)
3306,41,Female,Married,Bachelors,Engineering,Engineering Manager,Mid Level,8739,11.4,5.0,4.6,Hybrid,7.2,5.5,5.4,4.9,False,2.7,0,Senior Career (40-49)
3307,34,Female,Married,Bachelors,Finance,Finance Manager,Mid Level,6531,14.4,7.6,13.0,Remote,8.7,4.4,5.8,6.2,False,7.1,0,Mid Career (30-39)
3308,34,Female,Single,Bachelors,Engineering,Engineering Manager,Senior Level,7313,13.7,10.1,14.0,Onsite,1.3,3.6,9.1,5.5,True,6.2,0,Mid Career (30-39)
3309,24,Female,Single,PhD,Sales,Account Executive,Entry Level,4756,8.5,1.6,4.0,Hybrid,8.0,4.4,5.9,5.4,True,7.2,0,Early Career (21-29)
3310,42,Male,Married,High School,Sales,Sales Development Rep,Associate,4782,7.2,1.4,12.0,Onsite,11.8,4.5,7.1,6.1,True,5.7,1,Senior Career (40-49)
3311,53,Female,Married,Masters,Operations,Program Manager,Management,11184,10.4,11.8,18.4,Hybrid,4.5,4.6,4.1,6.7,True,1.0,0,Pre-Retirement (50-64)
3312,34,Male,Married,Bachelors,Human Resources,Recruiter,Senior Level,6962,8.9,7.8,10.5,Hybrid,4.2,1.4,6.7,6.9,True,3.2,0,Mid Career (30-39)
3313,48,Female,Divorced,PhD,Human Resources,HR Business Partner,Management,11391,12.9,8.2,12.4,Onsite,3.7,5.5,7.0,5.5,True,3.9,0,Senior Career (40-49)
3314,25,Female,Single,Masters,Marketing,Marketing Specialist,Associate,4680,11.1,4.0,5.0,Onsite,8.7,5.2,8.4,5.5,False,6.7,1,Early Career (21-29)
3315,49,Female,Married,Bachelors,Research & Development,Product Researcher,Senior Level,8059,11.1,12.9,23.1,Onsite,2.6,2.4,7.4,9.2,True,3.2,0,Senior Career (40-49)
3316,47,Female,Married,PhD,Research & Development,Research Scientist,Management,17114,10.3,13.1,27.0,Onsite,7.0,4.4,7.8,7.2,True,2.0,0,Senior Career (40-49)
3317,36,Female,Single,Bachelors,Marketing,Marketing Specialist,Associate,5824,20.2,0.0,6.3,Onsite,7.7,6.2,7.6,4.3,True,8.7,0,Mid Career (30-39)
3318,36,Male,Single,High School,Human Resources,HR Manager,Mid Level,5206,7.6,6.8,10.4,Onsite,11.7,6.0,6.9,5.2,True,4.5,0,Mid Career (30-39)
3319,28,Male,Married,Masters,Engineering,Engineering Manager,Associate,4811,14.3,4.0,8.0,Onsite,5.5,3.1,7.5,6.1,True,3.3,0,Early Career (21-29)
3320,40,Female,Divorced,Masters,Operations,Operations Manager,Mid Level,5675,9.2,8.5,17.4,Onsite,9.5,3.6,6.6,5.6,True,4.2,0,Senior Career (40-49)
3321,49,Female,Married,PhD,Operations,Operations Analyst,Management,11637,13.0,13.2,26.0,Onsite,13.5,8.6,4.1,4.6,False,2.6,0,Senior Career (40-49)
3322,39,Female,Married,High School,Engineering,Engineering Manager,Management,10579,11.7,10.0,18.9,Remote,9.2,4.5,7.0,5.9,True,5.5,0,Mid Career (30-39)
3323,28,Female,Married,Masters,Engineering,Engineering Manager,Senior Level,10436,6.4,4.4,8.0,Hybrid,7.3,4.5,7.8,6.0,False,3.3,0,Early Career (21-29)
3324,30,Non-binary,Single,Bachelors,Engineering,Software Engineer,Associate,6773,9.6,4.4,5.6,Hybrid,10.7,4.7,6.1,6.6,True,1.6,0,Mid Career (30-39)
3325,41,Male,Married,Masters,Sales,Sales Manager,Mid Level,6134,12.7,9.9,17.8,Onsite,10.8,3.2,6.4,5.2,True,2.6,1,Senior Career (40-49)
3326,21,Male,Married,Bachelors,Human Resources,HR Business Partner,Associate,5156,16.3,0.0,1.0,Remote,8.1,5.5,4.5,7.4,True,4.5,0,Early Career (21-29)
3327,32,Male,Single,Bachelors,Engineering,Engineering Manager,Associate,7876,9.0,6.4,9.4,Hybrid,2.7,2.6,7.3,5.9,True,4.0,1,Mid Career (30-39)
3328,61,Female,Single,Bachelors,Research & Development,R&D Manager,Management,14646,14.6,9.5,19.5,Hybrid,8.7,5.4,4.8,6.2,True,1.0,0,Pre-Retirement (50-64)
3329,25,Male,Single,Bachelors,Engineering,QA Engineer,Entry Level,3654,18.2,4.0,5.0,Hybrid,10.3,4.3,5.7,6.4,False,2.5,1,Early Career (21-29)
3331,31,Male,Divorced,PhD,Operations,Program Manager,Mid Level,8186,13.5,10.0,11.0,Onsite,0.1,3.0,8.9,6.9,False,2.3,0,Mid Career (30-39)
3332,41,Male,Married,Bachelors,Finance,Accountant,Associate,5370,9.9,4.0,19.2,Remote,5.8,3.8,5.7,8.4,True,5.2,0,Senior Career (40-49)
3333,27,Female,Married,Bachelors,Customer Support,Support Specialist,Mid Level,4956,14.3,0.0,0.0,Onsite,6.7,6.0,4.9,5.1,True,6.3,0,Early Career (21-29)
3334,31,Female,Married,High School,Customer Support,Support Specialist,Mid Level,5578,8.7,8.5,11.0,Onsite,2.4,2.9,6.6,7.7,True,7.9,0,Mid Career (30-39)
3335,37,Female,Married,Bachelors,Research & Development,Product Researcher,Senior Level,11614,10.4,11.4,17.0,Onsite,1.9,2.9,7.4,7.3,True,3.9,0,Mid Career (30-39)
3336,47,Female,Married,Masters,Finance,Accountant,Management,12195,10.3,12.5,19.3,Hybrid,3.5,2.6,7.5,5.8,False,6.0,0,Senior Career (40-49)
3337,31,Female,Single,Masters,Human Resources,HR Manager,Associate,4338,8.5,2.2,5.4,Hybrid,1.8,1.6,7.3,6.7,False,4.0,0,Mid Career (30-39)
3338,34,Male,Single,Bachelors,Engineering,Software Engineer,Entry Level,4633,12.7,2.8,8.1,Hybrid,12.4,4.2,5.7,5.7,True,3.0,0,Mid Career (30-39)
3339,29,Female,Single,Bachelors,Marketing,Growth Manager,Mid Level,5007,12.5,7.0,9.0,Hybrid,5.4,4.6,6.4,6.0,True,5.6,0,Early Career (21-29)
3340,37,Female,Married,Masters,Sales,Sales Development Rep,Associate,4546,10.7,3.6,8.1,Hybrid,4.2,4.4,6.3,6.6,False,4.5,0,Mid Career (30-39)
3341,38,Female,Married,Masters,Engineering,Engineering Manager,Mid Level,9329,14.0,4.2,10.6,Onsite,4.1,4.0,7.3,5.3,True,5.2,0,Mid Career (30-39)
3342,40,Female,Married,Bachelors,Finance,Accountant,Associate,5503,12.2,0.5,6.5,Hybrid,4.2,3.9,6.8,7.4,False,6.1,0,Senior Career (40-49)
3343,43,Male,Single,High School,Engineering,QA Engineer,Senior Level,8395,8.7,8.7,22.7,Hybrid,13.5,3.8,7.0,5.3,False,1.0,0,Senior Career (40-49)
3344,41,Female,Married,Masters,Finance,Financial Analyst,Mid Level,6337,9.0,4.5,9.4,Onsite,2.2,3.8,7.0,7.6,False,4.1,0,Senior Career (40-49)
3345,34,Male,Single,High School,Research & Development,Product Researcher,Associate,5207,12.6,6.5,12.6,Remote,15.7,4.6,8.3,4.5,True,5.2,0,Mid Career (30-39)
3346,21,Male,Single,High School,Sales,Account Executive,Associate,3916,9.8,0.0,1.0,Remote,11.4,3.5,6.4,7.0,False,2.8,0,Early Career (21-29)
3347,50,Male,Single,Masters,Finance,Finance Manager,Mid Level,7369,18.7,5.8,11.8,Onsite,1.2,2.5,7.1,6.6,True,5.7,0,Pre-Retirement (50-64)
3348,28,Male,Married,Bachelors,Engineering,QA Engineer,Entry Level,4908,9.0,4.2,8.0,Onsite,1.4,4.2,6.5,5.6,True,4.4,0,Early Career (21-29)
3349,45,Female,Single,Bachelors,Sales,Sales Manager,Senior Level,7865,12.5,7.8,15.5,Hybrid,13.1,4.6,5.7,5.0,False,5.3,0,Senior Career (40-49)
3350,28,Male,Married,Bachelors,Engineering,Software Engineer,Associate,5541,12.8,5.7,8.0,Remote,5.5,2.4,6.6,7.5,True,4.4,0,Early Career (21-29)
3351,33,Male,Married,Masters,Engineering,Software Engineer,Mid Level,6889,11.5,10.3,13.0,Onsite,8.9,8.9,3.2,4.1,True,6.1,1,Mid Career (30-39)
3352,39,Male,Married,Masters,Engineering,Data Engineer,Mid Level,9816,7.7,8.1,11.7,Onsite,3.9,4.4,7.4,6.4,True,3.4,0,Mid Career (30-39)
3353,33,Female,Single,Bachelors,Marketing,Marketing Specialist,Mid Level,8118,15.8,7.6,9.6,Hybrid,6.6,2.4,8.4,5.9,True,3.5,0,Mid Career (30-39)
3354,50,Female,Married,Bachelors,Operations,Operations Analyst,Senior Level,7558,9.5,7.9,10.5,Onsite,7.0,4.7,7.7,6.1,False,6.8,0,Pre-Retirement (50-64)
3355,47,Male,Single,Bachelors,Operations,Operations Manager,Mid Level,5190,16.1,6.9,13.7,Remote,4.0,1.8,8.3,8.2,True,5.4,0,Senior Career (40-49)
3356,42,Female,Married,Masters,Research & Development,Product Researcher,Associate,5461,7.2,8.7,14.0,Hybrid,2.1,4.8,6.9,6.0,True,5.5,0,Senior Career (40-49)
3357,49,Male,Single,PhD,Customer Support,Customer Success Manager,Management,9059,9.4,13.4,25.1,Hybrid,5.8,2.4,6.5,7.4,True,8.2,1,Senior Career (40-49)
3358,38,Male,Single,Masters,Operations,Operations Analyst,Mid Level,7404,8.0,8.4,13.9,Hybrid,4.5,3.1,8.2,7.0,True,5.0,0,Mid Career (30-39)
3359,49,Female,Single,Masters,Operations,Operations Manager,Management,11385,8.7,11.6,28.3,Hybrid,1.7,5.0,5.3,7.5,False,3.5,0,Senior Career (40-49)
3360,25,Female,Single,Bachelors,Finance,Financial Analyst,Associate,4250,11.0,4.0,5.0,Hybrid,5.0,3.6,6.9,7.1,True,6.6,1,Early Career (21-29)
3361,40,Male,Single,Bachelors,Engineering,Data Engineer,Associate,6267,17.3,6.1,14.4,Hybrid,6.8,3.7,6.7,6.9,True,5.2,0,Senior Career (40-49)
3362,43,Female,Single,Masters,Operations,Operations Manager,Mid Level,8145,12.8,7.5,13.6,Onsite,1.1,1.6,7.9,6.8,True,2.0,0,Senior Career (40-49)
3363,31,Male,Single,Bachelors,Finance,Financial Analyst,Senior Level,6507,11.0,5.0,11.0,Onsite,3.0,4.4,4.2,6.0,False,5.5,1,Mid Career (30-39)
3364,24,Female,Divorced,Bachelors,Research & Development,Research Scientist,Entry Level,3768,11.9,1.9,4.0,Remote,7.7,3.4,6.4,6.8,True,3.9,0,Early Career (21-29)
3365,21,Male,Married,Bachelors,Engineering,QA Engineer,Associate,5000,9.2,0.0,1.0,Onsite,9.1,3.9,6.6,5.2,True,4.1,0,Early Career (21-29)
3366,48,Female,Married,Bachelors,Research & Development,R&D Manager,Senior Level,11874,5.7,7.6,12.3,Hybrid,6.9,1.3,9.5,6.7,False,2.7,0,Senior Career (40-49)
3367,39,Male,Divorced,Masters,Engineering,Data Engineer,Mid Level,9179,8.7,11.5,19.0,Remote,4.1,6.0,2.8,6.5,True,5.1,0,Mid Career (30-39)
3368,36,Male,Married,PhD,Engineering,Data Engineer,Entry Level,5265,15.9,7.5,15.2,Onsite,4.6,2.0,8.7,5.9,True,3.5,0,Mid Career (30-39)
3369,26,Female,Married,Masters,Finance,Accountant,Mid Level,8725,15.8,5.0,6.0,Hybrid,5.4,3.0,5.9,5.9,True,6.0,0,Early Career (21-29)
3370,21,Female,Single,PhD,Sales,Sales Development Rep,Entry Level,4236,9.9,0.0,1.0,Onsite,6.6,5.4,5.0,6.6,False,6.7,0,Early Career (21-29)
3371,32,Female,Married,Bachelors,Human Resources,Recruiter,Mid Level,7497,12.1,5.6,9.6,Hybrid,1.4,2.9,9.1,7.5,True,6.6,0,Mid Career (30-39)
3372,36,Female,Single,Masters,Sales,Sales Manager,Mid Level,7476,12.8,11.6,16.0,Onsite,8.6,4.2,6.2,4.0,True,6.1,0,Mid Career (30-39)
3373,46,Male,Married,Masters,Engineering,Software Engineer,Senior Level,11940,7.6,6.4,13.7,Hybrid,2.0,1.0,7.6,8.0,True,4.8,0,Senior Career (40-49)
3374,50,Female,Married,PhD,Customer Support,Support Team Lead,Senior Level,7704,14.6,7.6,12.1,Onsite,5.4,1.7,8.9,6.1,True,4.6,0,Pre-Retirement (50-64)
3375,45,Female,Single,Masters,Customer Support,Support Team Lead,Management,9429,11.3,11.5,18.5,Hybrid,6.9,3.5,7.2,6.6,True,5.5,0,Senior Career (40-49)
3376,39,Female,Married,Bachelors,Sales,Sales Development Rep,Associate,3411,10.2,6.9,12.5,Onsite,7.9,4.2,6.9,5.3,False,3.9,0,Mid Career (30-39)
3377,48,Male,Single,PhD,Sales,Account Executive,Management,11922,16.0,9.6,14.8,Hybrid,8.7,4.0,5.2,6.1,False,2.6,0,Senior Career (40-49)
3378,38,Male,Single,PhD,Operations,Operations Analyst,Associate,8871,11.7,8.0,17.6,Hybrid,0.6,2.4,4.8,7.4,True,1.8,0,Mid Career (30-39)
3379,35,Male,Married,Bachelors,Marketing,Marketing Specialist,Associate,4845,13.2,8.9,15.0,Remote,9.6,3.6,7.7,6.1,True,4.5,0,Mid Career (30-39)
3380,34,Female,Married,Bachelors,Operations,Operations Manager,Mid Level,6797,14.7,7.2,14.0,Hybrid,3.9,4.5,6.2,6.8,True,4.7,0,Mid Career (30-39)
3381,39,Male,Married,Masters,Customer Support,Support Specialist,Senior Level,6550,10.6,8.9,15.6,Hybrid,10.9,3.3,8.1,5.9,False,6.2,0,Mid Career (30-39)
3382,51,Male,Married,Bachelors,Customer Support,Support Specialist,Management,7403,13.9,8.1,14.0,Hybrid,3.1,2.4,8.3,7.3,False,6.0,0,Pre-Retirement (50-64)
3383,38,Female,Single,Bachelors,Finance,Accountant,Mid Level,7626,10.6,7.0,8.5,Onsite,3.8,4.3,5.3,7.0,False,7.8,0,Mid Career (30-39)
3384,40,Male,Single,Masters,Operations,Operations Manager,Associate,4851,8.9,7.7,12.1,Hybrid,6.0,3.9,6.7,6.6,False,6.0,0,Senior Career (40-49)
3385,47,Female,Single,Bachelors,Engineering,Data Engineer,Senior Level,7782,12.7,11.3,18.4,Onsite,2.3,4.3,8.7,6.6,True,3.9,0,Senior Career (40-49)
3386,42,Male,Married,Masters,Customer Support,Support Team Lead,Senior Level,9858,8.5,5.9,15.3,Onsite,2.8,3.1,4.6,5.3,True,7.1,0,Senior Career (40-49)
3387,27,Male,Divorced,PhD,Engineering,QA Engineer,Entry Level,5700,11.8,4.0,4.5,Hybrid,6.0,4.4,6.2,5.6,True,4.5,0,Early Career (21-29)
3388,41,Male,Single,Bachelors,Sales,Sales Manager,Mid Level,7279,7.2,7.5,14.9,Hybrid,7.7,4.9,5.3,5.6,False,1.8,0,Senior Career (40-49)
3389,36,Female,Single,Bachelors,Finance,Financial Analyst,Mid Level,5187,10.7,2.2,3.9,Hybrid,1.0,4.2,5.1,7.9,True,5.7,0,Mid Career (30-39)
3390,49,Female,Married,Bachelors,Sales,Sales Manager,Senior Level,6970,13.8,5.6,9.2,Remote,9.6,3.9,7.0,7.3,False,8.0,0,Senior Career (40-49)
3391,50,Female,Divorced,Bachelors,Customer Support,Customer Success Manager,Management,7645,6.8,10.7,17.7,Onsite,4.2,4.5,7.3,5.8,False,8.7,1,Pre-Retirement (50-64)
3392,40,Male,Single,Bachelors,Finance,Finance Manager,Mid Level,7520,15.1,9.3,14.5,Onsite,5.4,4.1,6.0,6.7,False,5.4,0,Senior Career (40-49)
3393,29,Male,Single,PhD,Research & Development,Product Researcher,Associate,6623,6.1,7.0,9.0,Onsite,6.2,4.8,6.5,6.3,True,3.1,0,Early Career (21-29)
3394,38,Female,Single,Bachelors,Engineering,QA Engineer,Senior Level,9642,11.9,9.4,15.7,Onsite,14.7,6.6,5.8,3.1,False,4.3,0,Mid Career (30-39)
3395,58,Female,Single,Bachelors,Operations,Operations Manager,Management,9339,12.3,10.6,19.3,Onsite,6.8,3.3,6.9,7.5,False,8.5,0,Pre-Retirement (50-64)
3396,32,Male,Single,Bachelors,Engineering,Software Engineer,Mid Level,10227,12.5,8.6,11.5,Onsite,4.0,5.0,3.9,7.5,True,1.2,0,Mid Career (30-39)
3397,37,Male,Divorced,Masters,Engineering,QA Engineer,Mid Level,8321,21.1,4.9,11.9,Hybrid,1.4,2.6,10.0,7.0,True,2.6,0,Mid Career (30-39)
3398,34,Female,Single,High School,Marketing,Content Strategist,Associate,4690,12.9,8.3,14.0,Hybrid,16.3,4.0,6.1,3.9,False,4.1,0,Mid Career (30-39)
3399,38,Male,Married,Masters,Customer Support,Support Team Lead,Mid Level,5454,13.0,6.1,9.2,Hybrid,5.9,3.4,8.4,6.4,True,6.2,0,Mid Career (30-39)
3400,31,Female,Married,Masters,Marketing,Marketing Specialist,Entry Level,3401,17.0,0.4,5.4,Onsite,3.6,5.0,5.3,6.7,False,5.0,1,Mid Career (30-39)
3401,32,Female,Divorced,Bachelors,Human Resources,HR Manager,Senior Level,5319,6.8,5.3,9.2,Hybrid,4.8,3.4,4.9,6.4,False,5.6,0,Mid Career (30-39)
3402,37,Male,Single,Bachelors,Research & Development,Research Scientist,Associate,6296,15.8,8.5,13.1,Remote,5.8,3.2,5.8,7.8,True,2.9,0,Mid Career (30-39)
3403,44,Female,Single,Bachelors,Engineering,Engineering Manager,Management,11613,10.0,11.9,15.3,Onsite,4.7,3.2,7.2,5.8,True,5.2,0,Senior Career (40-49)
3404,30,Female,Single,Masters,Customer Support,Support Specialist,Entry Level,2659,10.4,4.5,10.0,Hybrid,4.1,2.7,8.6,5.9,True,3.8,0,Mid Career (30-39)
3405,40,Male,Single,Bachelors,Operations,Operations Analyst,Senior Level,7979,11.5,10.4,18.8,Remote,3.7,2.4,9.5,8.0,False,4.4,0,Senior Career (40-49)
3406,27,Male,Married,PhD,Operations,Operations Analyst,Entry Level,3562,8.3,6.0,7.0,Remote,6.2,5.2,4.6,4.6,True,6.7,0,Early Career (21-29)
3407,34,Female,Married,Masters,Sales,Sales Manager,Mid Level,6029,9.3,11.8,14.0,Remote,11.0,4.3,5.4,5.4,True,2.4,0,Mid Career (30-39)
3408,47,Male,Single,Bachelors,Customer Support,Customer Success Manager,Management,5282,4.5,12.9,17.1,Remote,5.0,4.4,5.4,6.2,True,9.3,1,Senior Career (40-49)
3409,43,Male,Married,Bachelors,Research & Development,R&D Manager,Management,12716,12.5,8.2,15.1,Onsite,3.1,1.0,8.7,7.8,True,2.8,0,Senior Career (40-49)
3410,22,Female,Single,Bachelors,Sales,Account Executive,Associate,4955,17.5,1.0,2.0,Remote,10.8,5.0,8.3,5.5,False,5.6,0,Early Career (21-29)
3411,34,Male,Single,Bachelors,Sales,Account Executive,Associate,4945,14.7,1.4,6.3,Hybrid,3.3,2.9,8.4,8.3,True,5.6,0,Mid Career (30-39)
3412,42,Male,Married,Masters,Operations,Operations Analyst,Senior Level,9964,11.6,10.6,16.2,Hybrid,2.4,4.6,7.5,5.8,False,4.8,0,Senior Career (40-49)
3413,49,Male,Single,Masters,Marketing,Growth Manager,Senior Level,9188,8.9,13.4,16.3,Onsite,0.0,3.8,7.8,7.3,True,6.3,0,Senior Career (40-49)
3414,32,Non-binary,Married,Masters,Engineering,Engineering Manager,Associate,5407,13.9,3.4,12.0,Onsite,4.2,3.5,7.8,7.4,True,1.8,0,Mid Career (30-39)
3415,33,Female,Married,Bachelors,Customer Support,Customer Success Manager,Associate,3770,8.1,5.0,13.0,Onsite,4.5,4.3,5.8,4.2,False,8.7,1,Mid Career (30-39)
3416,55,Male,Married,Bachelors,Operations,Program Manager,Mid Level,8620,9.8,3.5,9.7,Hybrid,1.2,2.3,9.2,6.3,False,6.2,0,Pre-Retirement (50-64)
3417,46,Female,Married,Bachelors,Marketing,Growth Manager,Management,10851,1.7,14.2,18.9,Hybrid,14.3,6.2,4.1,4.2,True,4.6,1,Senior Career (40-49)
3418,36,Male,Single,Bachelors,Sales,Account Executive,Associate,6604,16.6,3.9,11.8,Hybrid,6.2,3.6,6.9,5.5,True,7.0,0,Mid Career (30-39)
3419,41,Male,Married,Masters,Finance,Accountant,Mid Level,6155,11.1,5.2,15.3,Remote,3.1,2.6,8.3,8.9,False,6.4,0,Senior Career (40-49)
3420,39,Female,Divorced,Masters,Sales,Account Executive,Mid Level,8464,12.5,0.8,10.5,Remote,5.1,1.8,7.7,7.9,True,2.0,0,Mid Career (30-39)
3421,35,Female,Single,Masters,Finance,Accountant,Mid Level,7112,4.1,7.3,9.3,Hybrid,1.5,1.8,6.5,7.1,True,9.0,0,Mid Career (30-39)
3422,33,Male,Single,Masters,Engineering,Engineering Manager,Mid Level,9003,8.8,8.0,13.0,Remote,8.7,5.0,5.7,4.2,True,3.8,0,Mid Career (30-39)
3423,33,Male,Single,Masters,Sales,Account Executive,Associate,5318,11.0,2.9,4.8,Onsite,5.3,4.6,3.7,7.6,True,3.9,0,Mid Career (30-39)
3424,40,Female,Married,Bachelors,Customer Support,Support Specialist,Associate,5602,13.4,1.4,13.9,Onsite,2.9,2.3,9.0,7.8,True,7.9,0,Senior Career (40-49)
3425,43,Male,Divorced,High School,Engineering,Data Engineer,Associate,4625,14.5,4.9,8.5,Hybrid,5.2,1.9,8.4,6.7,False,6.2,0,Senior Career (40-49)
3426,44,Male,Married,Masters,Operations,Program Manager,Senior Level,8012,11.5,10.6,17.0,Hybrid,3.9,4.5,5.3,5.8,True,9.1,1,Senior Career (40-49)
3427,33,Male,Single,Bachelors,Operations,Operations Manager,Mid Level,7901,13.2,5.1,13.0,Remote,8.0,5.8,4.9,6.2,True,6.9,0,Mid Career (30-39)
3428,27,Female,Married,Bachelors,Operations,Operations Manager,Associate,4600,14.0,6.0,7.0,Hybrid,4.0,4.9,5.4,5.7,False,5.4,0,Early Career (21-29)
3429,32,Female,Married,Bachelors,Engineering,Engineering Manager,Associate,7143,9.3,7.3,9.8,Hybrid,8.8,4.1,6.7,5.4,True,4.9,0,Mid Career (30-39)
3430,45,Male,Married,Bachelors,Customer Support,Customer Success Manager,Management,7037,14.2,13.2,21.0,Hybrid,5.7,2.9,6.3,8.2,False,4.8,0,Senior Career (40-49)
3431,37,Female,Divorced,Masters,Engineering,Data Engineer,Senior Level,12275,17.2,12.2,17.0,Remote,5.3,2.1,8.7,8.1,False,3.5,0,Mid Career (30-39)
3432,41,Female,Single,Bachelors,Engineering,Engineering Manager,Senior Level,9174,14.1,4.0,13.9,Onsite,14.0,6.9,5.9,3.2,True,4.2,0,Senior Career (40-49)
3433,33,Male,Single,Bachelors,Engineering,Software Engineer,Entry Level,4772,14.0,1.2,13.0,Hybrid,8.3,3.6,5.7,5.5,True,6.3,0,Mid Career (30-39)
3434,51,Female,Married,Bachelors,Finance,Financial Analyst,Management,10102,5.4,9.7,18.2,Hybrid,3.1,2.1,7.5,8.2,True,5.1,0,Pre-Retirement (50-64)
3435,32,Male,Single,Bachelors,Operations,Operations Analyst,Mid Level,4751,8.4,9.7,12.0,Onsite,2.3,4.1,3.5,7.2,False,4.0,0,Mid Career (30-39)
3436,37,Female,Married,Masters,Finance,Financial Analyst,Senior Level,10970,13.9,11.1,15.6,Onsite,12.5,2.9,8.2,6.6,True,7.1,0,Mid Career (30-39)
3437,36,Female,Married,Masters,Research & Development,R&D Manager,Mid Level,8151,17.3,6.3,14.2,Hybrid,4.5,2.9,8.3,8.1,True,3.8,0,Mid Career (30-39)
3438,41,Male,Divorced,High School,Sales,Sales Manager,Senior Level,6695,4.7,12.1,14.4,Hybrid,11.5,3.8,5.2,5.5,True,6.8,0,Senior Career (40-49)
3439,28,Female,Divorced,Bachelors,Engineering,Data Engineer,Mid Level,8084,13.4,7.0,8.0,Hybrid,4.3,5.0,7.0,4.9,True,4.6,0,Early Career (21-29)
3440,46,Female,Single,Bachelors,Sales,Sales Manager,Senior Level,10072,7.8,9.8,17.0,Onsite,4.8,4.1,6.3,5.9,True,4.3,0,Senior Career (40-49)
3441,41,Male,Single,Bachelors,Engineering,Engineering Manager,Senior Level,10554,18.5,9.5,15.7,Hybrid,12.1,4.9,7.9,6.5,True,2.5,0,Senior Career (40-49)
3442,38,Female,Married,Bachelors,Operations,Operations Analyst,Associate,4442,9.3,6.2,5.9,Hybrid,1.2,1.9,6.1,7.4,True,6.2,0,Mid Career (30-39)
3443,38,Female,Married,Bachelors,Operations,Program Manager,Senior Level,7465,12.3,5.3,7.2,Hybrid,6.4,4.0,7.3,5.9,True,6.7,0,Mid Career (30-39)
3444,39,Male,Married,High School,Marketing,Marketing Specialist,Mid Level,6408,10.7,2.3,11.6,Onsite,0.7,1.7,7.9,6.8,True,4.7,0,Mid Career (30-39)
3445,42,Male,Divorced,Bachelors,Engineering,Data Engineer,Associate,5343,8.5,8.6,17.6,Hybrid,11.5,6.6,4.2,8.3,True,2.5,0,Senior Career (40-49)
3446,45,Female,Divorced,High School,Marketing,Marketing Specialist,Senior Level,5876,10.3,10.5,16.1,Remote,2.3,2.2,6.5,8.6,True,6.8,0,Senior Career (40-49)
3447,46,Female,Single,Bachelors,Operations,Operations Manager,Management,5720,5.0,13.3,16.2,Onsite,12.8,8.0,3.6,4.3,True,6.0,1,Senior Career (40-49)
3448,21,Female,Married,Bachelors,Engineering,QA Engineer,Entry Level,4006,19.1,0.0,1.0,Hybrid,6.6,6.0,7.0,6.5,True,4.2,0,Early Career (21-29)
3449,50,Female,Married,Bachelors,Marketing,Growth Manager,Senior Level,7763,9.1,8.0,16.9,Onsite,2.1,3.5,7.1,7.4,False,4.7,0,Pre-Retirement (50-64)
3450,61,Female,Divorced,Masters,Engineering,Data Engineer,Management,10389,7.5,11.5,13.8,Hybrid,1.5,3.6,5.0,6.5,True,3.8,0,Pre-Retirement (50-64)
3451,45,Female,Married,Masters,Operations,Program Manager,Management,8610,11.8,8.2,16.8,Onsite,11.4,5.6,8.0,5.7,True,3.7,0,Senior Career (40-49)
3452,48,Female,Single,PhD,Marketing,Growth Manager,Management,14045,8.3,12.3,13.6,Hybrid,9.0,4.3,7.0,5.1,False,5.0,0,Senior Career (40-49)
3453,46,Female,Married,Masters,Marketing,Marketing Specialist,Mid Level,7505,12.5,6.8,10.7,Onsite,17.9,6.5,5.3,4.5,True,5.7,0,Senior Career (40-49)
3454,39,Female,Single,High School,Marketing,Content Strategist,Mid Level,4289,13.0,5.9,16.7,Hybrid,3.4,2.8,4.0,7.5,True,6.0,1,Mid Career (30-39)
3455,37,Male,Married,PhD,Sales,Account Executive,Associate,4916,11.2,2.0,6.8,Onsite,2.8,3.8,6.5,4.8,False,6.7,0,Mid Career (30-39)
3456,42,Female,Single,Bachelors,Customer Support,Support Team Lead,Management,6557,12.4,8.6,14.3,Remote,11.8,2.8,7.7,5.6,True,3.8,0,Senior Career (40-49)
3457,45,Male,Married,Masters,Engineering,QA Engineer,Mid Level,10663,8.1,6.8,13.7,Onsite,2.6,2.7,8.4,6.8,True,3.8,0,Senior Career (40-49)
3458,33,Male,Divorced,Masters,Engineering,Data Engineer,Mid Level,8649,15.1,5.2,8.1,Remote,0.6,2.3,9.6,8.5,True,6.7,0,Mid Career (30-39)
3459,46,Male,Single,High School,Sales,Sales Manager,Senior Level,8302,11.7,7.4,19.8,Hybrid,6.2,3.5,7.1,5.2,False,4.3,0,Senior Career (40-49)
3460,30,Female,Married,Bachelors,Engineering,Data Engineer,Senior Level,11431,14.5,9.0,10.0,Onsite,12.9,5.1,6.8,3.9,True,3.9,1,Mid Career (30-39)
3461,38,Female,Married,Masters,Operations,Program Manager,Management,10468,11.1,13.9,16.2,Hybrid,10.1,1.8,8.7,7.0,False,4.9,0,Mid Career (30-39)
3462,42,Male,Single,Masters,Engineering,Data Engineer,Mid Level,8372,17.0,7.8,14.4,Onsite,9.2,3.5,6.8,4.9,True,4.2,0,Senior Career (40-49)
3463,34,Female,Single,Bachelors,Finance,Accountant,Associate,5213,14.0,4.2,9.9,Onsite,1.5,3.5,5.9,6.5,False,3.6,0,Mid Career (30-39)
3464,39,Male,Single,High School,Operations,Program Manager,Mid Level,5680,6.1,5.5,12.7,Hybrid,6.5,1.6,7.3,5.7,False,6.4,1,Mid Career (30-39)
3465,37,Female,Single,Masters,Engineering,Data Engineer,Associate,6415,12.0,9.0,15.6,Hybrid,4.3,1.3,8.1,8.7,True,1.1,0,Mid Career (30-39)
3466,47,Female,Married,Bachelors,Engineering,Engineering Manager,Management,13017,8.6,13.9,21.4,Hybrid,6.3,1.0,9.3,6.6,True,3.8,0,Senior Career (40-49)
3467,34,Female,Married,Masters,Marketing,Content Strategist,Mid Level,8831,8.6,7.9,14.0,Onsite,3.2,5.1,6.3,5.9,True,4.3,0,Mid Career (30-39)
3468,29,Female,Single,Bachelors,Sales,Sales Manager,Associate,4796,11.9,6.9,9.0,Hybrid,12.7,6.2,5.5,4.1,False,8.5,0,Early Career (21-29)
3469,35,Male,Single,Bachelors,Engineering,Data Engineer,Mid Level,8297,8.7,11.9,13.3,Remote,6.1,2.2,6.1,7.9,True,4.4,0,Mid Career (30-39)
3470,48,Male,Divorced,PhD,Finance,Accountant,Mid Level,9223,9.7,6.9,11.1,Onsite,1.8,2.3,8.3,5.7,True,5.3,0,Senior Career (40-49)
3471,42,Female,Married,Masters,Engineering,Software Engineer,Mid Level,9808,8.9,10.1,20.6,Remote,3.9,3.5,9.0,6.9,True,5.8,0,Senior Career (40-49)
3472,34,Male,Married,Bachelors,Operations,Program Manager,Senior Level,9196,13.7,7.3,14.0,Onsite,1.9,2.9,7.3,7.0,False,4.9,0,Mid Career (30-39)
3473,39,Female,Married,Bachelors,Sales,Sales Manager,Associate,6243,8.9,9.1,19.0,Remote,5.5,3.4,5.7,7.1,True,2.8,0,Mid Career (30-39)
3474,47,Male,Married,Bachelors,Customer Support,Customer Success Manager,Management,9510,9.9,9.8,21.2,Onsite,7.2,3.7,8.1,6.3,True,3.4,1,Senior Career (40-49)
3475,35,Male,Single,High School,Research & Development,Research Scientist,Associate,5522,12.2,7.1,12.8,Hybrid,6.4,1.3,10.0,7.0,False,3.4,0,Mid Career (30-39)
3477,38,Male,Married,Bachelors,Sales,Account Executive,Associate,4211,15.1,3.9,4.4,Remote,5.7,2.9,7.0,6.3,False,6.8,0,Mid Career (30-39)
3478,33,Non-binary,Married,Masters,Finance,Accountant,Associate,6686,8.7,2.6,7.7,Onsite,10.9,6.6,4.8,4.8,True,1.0,0,Mid Career (30-39)
3479,38,Female,Married,Bachelors,Operations,Operations Manager,Mid Level,5806,2.2,11.6,15.0,Onsite,6.1,2.3,5.9,6.4,False,5.4,0,Mid Career (30-39)
3480,40,Male,Divorced,PhD,Sales,Sales Manager,Senior Level,10122,13.8,8.6,14.4,Hybrid,7.5,3.5,6.3,4.7,True,5.4,0,Senior Career (40-49)
3481,26,Male,Single,Bachelors,Human Resources,HR Business Partner,Associate,6083,11.6,3.9,6.0,Onsite,0.7,3.4,6.4,6.8,False,5.0,0,Early Career (21-29)
3482,36,Female,Married,Bachelors,Engineering,QA Engineer,Associate,5778,7.8,7.1,16.0,Hybrid,3.7,5.0,6.3,6.3,False,5.6,1,Mid Career (30-39)
3483,54,Male,Single,PhD,Marketing,Growth Manager,Management,11052,12.6,8.9,8.5,Hybrid,5.1,4.7,7.3,7.6,True,5.4,0,Pre-Retirement (50-64)
3484,46,Female,Divorced,Masters,Sales,Sales Development Rep,Mid Level,10530,12.9,11.7,16.0,Hybrid,18.3,5.2,8.2,3.7,True,6.4,0,Senior Career (40-49)
3485,38,Female,Single,Bachelors,Engineering,Software Engineer,Mid Level,7860,9.3,10.4,15.9,Onsite,5.3,5.8,7.2,3.9,True,5.7,0,Mid Career (30-39)
3486,36,Non-binary,Married,Bachelors,Engineering,QA Engineer,Associate,6852,12.7,9.9,10.2,Remote,5.6,3.3,5.9,6.0,True,3.3,0,Mid Career (30-39)
3487,38,Female,Married,PhD,Engineering,QA Engineer,Associate,6043,11.2,0.0,5.0,Remote,7.0,3.5,8.2,7.0,True,5.9,0,Mid Career (30-39)
3488,33,Female,Single,Bachelors,Engineering,Data Engineer,Entry Level,4831,14.2,2.8,9.7,Onsite,9.0,5.2,6.5,5.0,True,6.8,1,Mid Career (30-39)
3489,29,Male,Single,Masters,Engineering,Software Engineer,Mid Level,7546,13.3,5.5,9.0,Remote,1.4,1.1,9.4,7.8,True,5.1,0,Early Career (21-29)
3490,45,Male,Married,Bachelors,Engineering,Software Engineer,Mid Level,8059,14.1,5.6,13.8,Remote,9.6,3.1,6.4,6.4,True,3.6,0,Senior Career (40-49)
3491,38,Female,Single,Masters,Research & Development,R&D Manager,Senior Level,10436,12.2,6.7,8.7,Hybrid,14.9,5.7,5.0,5.8,True,1.6,1,Mid Career (30-39)
3492,37,Female,Single,Bachelors,Engineering,QA Engineer,Mid Level,7724,11.5,8.0,15.4,Onsite,4.5,2.4,8.5,6.1,False,2.1,1,Mid Career (30-39)
3493,48,Female,Married,Masters,Sales,Sales Manager,Mid Level,6456,17.1,8.3,11.7,Remote,2.9,2.6,6.0,7.6,True,5.0,0,Senior Career (40-49)
3494,30,Male,Single,Bachelors,Research & Development,Product Researcher,Associate,7320,13.3,8.3,10.0,Hybrid,15.0,6.5,5.8,3.9,True,5.4,1,Mid Career (30-39)
3495,36,Male,Married,Bachelors,Sales,Sales Manager,Senior Level,7691,7.2,10.6,14.7,Onsite,4.5,3.7,6.0,4.7,False,2.8,0,Mid Career (30-39)
3496,34,Non-binary,Married,Bachelors,Customer Support,Customer Success Manager,Mid Level,5062,6.2,10.2,14.0,Hybrid,6.7,2.0,5.6,5.0,True,8.0,0,Mid Career (30-39)
3497,32,Male,Single,Masters,Engineering,Software Engineer,Associate,7794,18.1,7.3,12.0,Hybrid,6.8,4.8,5.3,6.4,True,5.1,1,Mid Career (30-39)
3499,26,Non-binary,Single,Bachelors,Marketing,Marketing Specialist,Associate,4517,13.2,4.1,6.0,Remote,7.4,2.4,6.2,5.8,True,7.0,0,Early Career (21-29)
3500,40,Female,Married,Bachelors,Operations,Operations Manager,Management,8928,8.5,14.8,19.2,Remote,7.4,3.8,5.5,5.8,False,4.9,1,Senior Career (40-49)
3501,42,Female,Married,Masters,Sales,Sales Manager,Senior Level,7125,7.9,7.8,7.3,Onsite,6.1,2.2,7.2,7.4,True,1.0,0,Senior Career (40-49)
3502,40,Male,Single,Masters,Engineering,Software Engineer,Senior Level,11684,18.4,11.6,15.9,Remote,8.6,5.0,7.9,6.6,True,4.6,0,Senior Career (40-49)
3503,46,Male,Single,Bachelors,Engineering,Engineering Manager,Management,15296,7.6,14.3,20.8,Hybrid,6.1,4.5,5.7,6.4,True,2.3,0,Senior Career (40-49)
3504,38,Male,Divorced,Masters,Engineering,Software Engineer,Associate,9352,11.5,8.5,15.6,Onsite,5.2,3.4,6.6,4.8,True,2.5,0,Mid Career (30-39)
3505,35,Female,Single,Bachelors,Human Resources,HR Manager,Mid Level,7331,20.2,9.5,15.0,Hybrid,0.6,1.7,7.6,7.1,True,2.5,0,Mid Career (30-39)
3506,29,Male,Married,Masters,Human Resources,Recruiter,Associate,5052,12.0,5.9,9.0,Hybrid,1.1,3.4,5.4,6.6,False,2.9,0,Early Career (21-29)
3507,48,Female,Single,Masters,Operations,Operations Analyst,Senior Level,9884,15.7,13.2,10.6,Hybrid,9.6,3.8,5.9,7.0,False,4.5,1,Senior Career (40-49)
3508,27,Male,Single,Bachelors,Sales,Sales Development Rep,Associate,3611,13.3,0.8,3.8,Hybrid,7.6,3.9,2.6,5.6,False,6.8,1,Early Career (21-29)
3509,32,Female,Married,Bachelors,Engineering,Software Engineer,Associate,6038,12.9,6.3,12.0,Hybrid,11.9,6.0,7.6,5.5,True,7.5,0,Mid Career (30-39)
3510,43,Non-binary,Married,PhD,Finance,Accountant,Associate,6398,10.8,4.2,7.6,Remote,5.3,3.5,8.5,7.2,True,7.1,0,Senior Career (40-49)
3511,33,Female,Single,Bachelors,Engineering,Software Engineer,Mid Level,8160,10.7,4.5,7.3,Onsite,12.2,6.3,4.9,3.5,False,3.7,1,Mid Career (30-39)
3512,28,Female,Married,Masters,Research & Development,Research Scientist,Mid Level,6427,18.3,7.0,8.0,Remote,16.7,4.2,6.2,3.2,True,2.2,1,Early Career (21-29)
3513,37,Male,Single,Masters,Operations,Operations Analyst,Senior Level,6282,13.0,7.3,15.5,Onsite,1.3,2.0,7.6,6.7,True,3.1,0,Mid Career (30-39)
3514,40,Female,Single,Masters,Human Resources,Recruiter,Associate,4246,14.1,1.5,8.5,Remote,4.0,1.7,4.9,8.1,False,6.0,0,Senior Career (40-49)
3515,38,Male,Married,PhD,Engineering,Engineering Manager,Senior Level,11595,9.4,9.4,15.1,Remote,5.0,3.3,7.5,7.3,True,7.2,0,Mid Career (30-39)
3516,42,Male,Married,Masters,Marketing,Growth Manager,Mid Level,7559,5.5,10.6,16.7,Hybrid,6.7,3.7,6.9,6.7,True,8.1,1,Senior Career (40-49)
3517,45,Female,Single,Masters,Engineering,Data Engineer,Senior Level,10968,10.7,9.6,16.2,Remote,21.9,6.0,5.9,4.2,True,3.0,0,Senior Career (40-49)
3518,51,Male,Single,Bachelors,Research & Development,Research Scientist,Management,9442,12.6,9.3,17.7,Hybrid,9.1,4.0,8.8,5.1,False,5.9,0,Pre-Retirement (50-64)
3519,25,Female,Divorced,Masters,Sales,Account Executive,Associate,6588,8.1,4.0,2.4,Onsite,7.1,5.2,7.3,5.1,False,6.6,1,Early Career (21-29)
3520,35,Female,Divorced,High School,Finance,Financial Analyst,Mid Level,5499,14.1,4.7,15.0,Onsite,4.8,5.6,6.2,5.1,True,5.9,0,Mid Career (30-39)
3521,49,Male,Single,Bachelors,Engineering,Software Engineer,Management,13297,9.1,9.2,14.7,Hybrid,9.7,4.4,7.2,4.2,True,5.4,0,Senior Career (40-49)
3522,41,Male,Married,Bachelors,Sales,Account Executive,Senior Level,9922,12.4,8.4,14.0,Hybrid,12.7,6.1,7.0,5.0,True,5.6,0,Senior Career (40-49)
3523,31,Male,Married,Masters,Engineering,Data Engineer,Entry Level,3559,11.3,5.5,8.4,Hybrid,7.4,3.8,4.1,6.7,True,4.4,0,Mid Career (30-39)
3524,27,Female,Single,High School,Human Resources,HR Business Partner,Mid Level,5674,12.0,4.8,7.0,Hybrid,7.1,4.7,6.8,4.5,False,5.3,0,Early Career (21-29)
3525,21,Female,Single,PhD,Research & Development,Product Researcher,Associate,7140,11.2,0.0,1.0,Remote,7.9,5.4,6.3,4.9,True,6.7,0,Early Career (21-29)
3526,39,Male,Single,Bachelors,Sales,Sales Manager,Senior Level,8725,4.4,7.3,8.4,Onsite,17.5,5.4,6.4,6.1,False,4.7,0,Mid Career (30-39)
3527,35,Female,Married,Bachelors,Operations,Operations Analyst,Associate,5563,14.6,3.9,15.0,Hybrid,2.7,2.7,6.5,8.8,False,5.9,0,Mid Career (30-39)
3528,43,Female,Single,High School,Engineering,QA Engineer,Mid Level,5068,9.1,3.8,4.1,Remote,1.9,3.8,4.2,8.0,False,4.6,1,Senior Career (40-49)
3529,28,Female,Married,Bachelors,Engineering,QA Engineer,Associate,7093,9.1,2.5,6.9,Onsite,8.6,3.6,7.0,6.3,True,3.9,0,Early Career (21-29)
3530,33,Male,Single,Bachelors,Engineering,QA Engineer,Mid Level,7407,6.4,6.4,13.0,Onsite,6.5,5.0,5.4,4.9,True,1.2,1,Mid Career (30-39)
3531,44,Female,Divorced,Masters,Engineering,Software Engineer,Associate,5423,13.4,1.3,3.4,Hybrid,15.7,4.3,8.3,4.2,True,1.8,0,Senior Career (40-49)
3532,48,Female,Married,High School,Engineering,Data Engineer,Senior Level,9785,5.3,10.1,16.8,Onsite,1.5,3.4,5.1,6.7,True,2.1,1,Senior Career (40-49)
3533,29,Male,Single,Masters,Finance,Financial Analyst,Entry Level,3310,8.4,4.0,9.0,Remote,5.0,3.8,6.5,7.5,True,5.8,0,Early Career (21-29)
3534,38,Male,Married,Bachelors,Marketing,Content Strategist,Associate,5012,19.2,5.9,15.1,Onsite,3.5,4.5,7.2,5.2,True,2.1,0,Mid Career (30-39)
3535,27,Male,Single,Bachelors,Human Resources,HR Business Partner,Associate,3996,15.2,5.4,7.0,Hybrid,12.5,5.0,7.3,5.9,False,4.0,0,Early Career (21-29)
3537,30,Female,Single,High School,Sales,Sales Development Rep,Entry Level,3335,8.7,0.0,7.8,Hybrid,16.1,4.1,8.5,4.0,True,9.3,0,Mid Career (30-39)
3538,33,Male,Married,Bachelors,Customer Support,Support Specialist,Entry Level,2783,15.2,0.0,5.1,Onsite,7.8,3.5,8.1,6.1,True,2.1,0,Mid Career (30-39)
3539,29,Female,Single,Masters,Marketing,Marketing Specialist,Senior Level,8695,14.5,6.2,9.0,Hybrid,2.9,5.2,5.5,6.7,False,5.1,0,Early Career (21-29)
3540,44,Female,Married,Masters,Customer Support,Support Team Lead,Mid Level,5733,8.8,6.4,7.7,Remote,6.7,3.2,8.5,6.6,True,8.1,0,Senior Career (40-49)
3541,43,Non-binary,Married,Bachelors,Customer Support,Support Team Lead,Management,6613,10.8,9.1,10.3,Hybrid,5.3,4.0,7.3,5.0,True,5.3,0,Senior Career (40-49)
3542,47,Female,Married,Bachelors,Operations,Operations Manager,Senior Level,6787,15.9,11.2,24.0,Hybrid,3.2,2.8,6.6,7.4,True,2.4,0,Senior Career (40-49)
3543,34,Male,Married,Bachelors,Marketing,Growth Manager,Associate,5511,12.1,7.8,14.0,Remote,1.2,3.3,7.2,7.1,False,6.0,0,Mid Career (30-39)
3544,39,Male,Divorced,Bachelors,Customer Support,Support Specialist,Mid Level,6172,13.5,6.3,15.1,Onsite,13.8,6.2,6.4,4.0,False,5.2,0,Mid Career (30-39)
3545,36,Male,Single,Masters,Operations,Operations Analyst,Associate,6390,4.9,9.1,16.0,Onsite,4.9,6.3,6.0,7.6,False,5.1,0,Mid Career (30-39)
3546,35,Male,Single,Bachelors,Operations,Operations Analyst,Entry Level,3678,13.1,3.9,12.9,Onsite,17.3,6.8,6.8,4.0,True,8.2,1,Mid Career (30-39)
3548,46,Female,Single,Masters,Sales,Account Executive,Mid Level,5735,9.7,7.2,14.9,Hybrid,3.8,2.2,7.7,6.1,False,3.3,0,Senior Career (40-49)
3549,46,Male,Divorced,High School,Finance,Finance Manager,Senior Level,6073,2.8,8.1,19.5,Onsite,1.3,3.2,7.1,7.6,False,3.4,0,Senior Career (40-49)
3550,32,Male,Married,Bachelors,Engineering,Software Engineer,Associate,6097,12.8,6.8,12.0,Remote,1.0,1.5,7.6,7.4,False,2.4,0,Mid Career (30-39)
3551,37,Male,Single,Masters,Marketing,Growth Manager,Mid Level,5634,5.4,3.5,16.0,Onsite,6.1,3.1,7.9,5.5,True,6.2,0,Mid Career (30-39)
3552,52,Female,Divorced,Masters,Human Resources,HR Business Partner,Senior Level,10014,11.9,5.1,10.5,Hybrid,6.8,3.4,6.3,6.2,False,3.7,0,Pre-Retirement (50-64)
3553,47,Male,Single,PhD,Engineering,Engineering Manager,Associate,6063,17.0,5.6,12.4,Remote,2.7,2.9,8.5,7.5,True,5.3,0,Senior Career (40-49)
3554,48,Male,Single,Masters,Sales,Sales Development Rep,Management,10087,11.4,14.6,20.8,Onsite,9.6,3.5,7.7,4.8,True,5.0,0,Senior Career (40-49)
3555,39,Female,Married,Bachelors,Operations,Program Manager,Mid Level,7253,8.4,7.1,14.4,Remote,6.3,2.3,6.8,7.2,False,2.3,0,Mid Career (30-39)
3556,36,Female,Divorced,Bachelors,Engineering,Data Engineer,Mid Level,7853,15.9,8.0,14.5,Hybrid,7.5,3.8,7.1,5.5,True,2.2,0,Mid Career (30-39)
3557,40,Female,Single,Bachelors,Engineering,Data Engineer,Senior Level,13054,13.4,9.1,14.4,Hybrid,1.9,3.0,9.6,5.6,True,3.9,0,Senior Career (40-49)
3558,21,Male,Married,Bachelors,Research & Development,Research Scientist,Entry Level,2590,13.1,0.0,1.0,Hybrid,4.3,3.1,4.6,5.5,False,4.8,0,Early Career (21-29)
3559,43,Female,Single,Masters,Operations,Operations Analyst,Mid Level,6907,12.3,10.8,23.0,Onsite,9.2,4.5,7.7,5.5,False,4.3,1,Senior Career (40-49)
3560,40,Male,Married,PhD,Human Resources,HR Manager,Senior Level,7695,7.5,7.6,10.1,Hybrid,1.7,3.0,6.5,7.0,False,2.8,0,Senior Career (40-49)
3561,41,Female,Single,Bachelors,Operations,Operations Manager,Mid Level,5295,17.5,3.1,9.8,Remote,3.8,1.4,8.4,7.3,False,8.7,0,Senior Career (40-49)
3562,34,Female,Married,Bachelors,Engineering,Data Engineer,Mid Level,10763,12.7,8.9,14.0,Hybrid,4.7,2.5,6.3,6.6,True,4.4,0,Mid Career (30-39)
3563,36,Female,Divorced,High School,Operations,Operations Manager,Mid Level,4264,16.2,9.8,13.7,Hybrid,4.0,4.2,6.9,6.5,True,6.8,0,Mid Career (30-39)
3564,36,Female,Married,Masters,Finance,Accountant,Mid Level,9690,15.1,7.3,16.0,Onsite,11.3,3.6,9.0,5.3,True,7.0,0,Mid Career (30-39)
3565,23,Female,Single,High School,Sales,Sales Development Rep,Entry Level,2671,14.3,2.0,2.7,Hybrid,3.5,4.0,6.0,6.9,True,7.1,1,Early Career (21-29)
3566,33,Female,Married,Bachelors,Sales,Sales Development Rep,Entry Level,3827,7.8,0.0,6.6,Hybrid,16.1,7.5,3.7,5.0,True,5.2,1,Mid Career (30-39)
3567,59,Female,Single,Bachelors,Marketing,Content Strategist,Management,7633,12.2,11.4,15.5,Hybrid,6.6,5.0,6.0,4.5,True,6.0,0,Pre-Retirement (50-64)
3568,46,Male,Single,Bachelors,Engineering,Data Engineer,Management,13050,14.3,9.1,16.8,Hybrid,13.8,6.4,6.5,4.9,True,4.1,1,Senior Career (40-49)
3569,45,Female,Married,High School,Operations,Program Manager,Mid Level,4703,8.2,7.7,18.6,Hybrid,8.0,2.6,8.7,7.1,False,2.1,0,Senior Career (40-49)
3570,33,Female,Single,Bachelors,Customer Support,Support Specialist,Associate,4108,15.0,8.1,13.0,Onsite,4.1,5.6,5.8,6.3,False,5.6,0,Mid Career (30-39)
3571,36,Female,Married,PhD,Customer Support,Support Specialist,Senior Level,7852,7.9,5.4,8.6,Hybrid,3.4,2.5,7.7,6.6,False,5.2,0,Mid Career (30-39)
3572,54,Male,Married,Masters,Finance,Accountant,Senior Level,7600,17.2,9.1,14.3,Hybrid,1.4,2.2,6.1,7.1,False,4.0,0,Pre-Retirement (50-64)
3573,26,Female,Single,Bachelors,Engineering,QA Engineer,Entry Level,3944,8.2,2.1,6.0,Remote,8.0,4.8,6.3,6.2,True,2.4,1,Early Career (21-29)
3574,24,Male,Divorced,Masters,Engineering,Data Engineer,Associate,5200,15.5,3.0,4.0,Remote,9.1,4.1,5.5,7.4,True,6.0,1,Early Career (21-29)
3575,28,Female,Married,High School,Human Resources,HR Business Partner,Entry Level,2823,10.4,3.4,8.0,Hybrid,2.0,4.5,7.2,7.0,False,3.2,0,Early Career (21-29)
3576,36,Male,Single,Masters,Engineering,Data Engineer,Associate,6443,12.3,2.0,7.2,Remote,3.9,2.8,5.6,7.2,True,3.0,0,Mid Career (30-39)
3577,41,Male,Divorced,Masters,Sales,Account Executive,Associate,5031,10.2,3.9,10.1,Hybrid,8.9,3.4,8.3,7.3,False,4.7,0,Senior Career (40-49)
3578,39,Male,Single,Bachelors,Operations,Program Manager,Associate,4342,9.7,6.6,10.4,Onsite,7.1,5.9,4.7,4.7,False,8.3,1,Mid Career (30-39)
3579,33,Female,Single,Bachelors,Engineering,Engineering Manager,Associate,6753,9.6,0.0,12.2,Hybrid,3.8,3.3,6.5,7.0,True,3.2,0,Mid Career (30-39)
3580,42,Male,Single,Bachelors,Finance,Financial Analyst,Senior Level,8759,13.0,8.9,17.4,Hybrid,7.0,4.0,7.2,3.9,False,7.5,0,Senior Career (40-49)
3581,31,Male,Married,Bachelors,Operations,Operations Analyst,Mid Level,6141,8.3,4.9,11.0,Remote,11.2,4.6,4.6,6.7,False,4.7,1,Mid Career (30-39)
3582,30,Non-binary,Single,Masters,Engineering,QA Engineer,Senior Level,9584,15.5,6.5,6.8,Onsite,12.6,5.8,6.4,4.2,True,2.7,0,Mid Career (30-39)
3583,37,Male,Married,Bachelors,Human Resources,HR Business Partner,Associate,4501,10.2,4.7,11.6,Hybrid,8.9,5.9,5.1,3.7,True,3.9,0,Mid Career (30-39)
3584,31,Non-binary,Married,Bachelors,Operations,Operations Analyst,Associate,5013,12.4,0.6,10.7,Hybrid,2.5,3.6,8.6,7.5,True,5.9,0,Mid Career (30-39)
3585,46,Male,Divorced,Masters,Sales,Account Executive,Associate,6348,13.9,7.5,17.2,Hybrid,5.2,1.6,9.8,5.0,False,5.1,0,Senior Career (40-49)
3586,44,Female,Married,Bachelors,Sales,Sales Development Rep,Mid Level,7552,11.9,8.8,15.7,Remote,4.8,1.0,9.4,6.5,True,6.3,0,Senior Career (40-49)
3587,25,Male,Married,Bachelors,Engineering,QA Engineer,Mid Level,6999,11.7,4.0,5.0,Hybrid,5.7,5.9,4.8,4.7,False,4.6,1,Early Career (21-29)
3588,35,Female,Single,Masters,Research & Development,Research Scientist,Senior Level,12208,15.5,10.2,15.0,Remote,9.4,1.0,8.3,7.5,True,1.0,0,Mid Career (30-39)
3589,45,Male,Single,Bachelors,Sales,Sales Manager,Management,10390,13.7,8.3,18.7,Onsite,14.6,4.9,7.6,4.9,True,6.7,0,Senior Career (40-49)
3590,28,Female,Married,Bachelors,Engineering,Data Engineer,Entry Level,3987,13.0,7.0,8.0,Remote,7.1,4.7,7.4,5.7,True,2.2,0,Early Career (21-29)
3591,31,Male,Single,Masters,Engineering,Data Engineer,Senior Level,8813,9.6,4.5,11.0,Onsite,7.0,3.9,8.6,6.7,False,2.1,0,Mid Career (30-39)
3592,28,Female,Divorced,Bachelors,Engineering,Software Engineer,Entry Level,3729,12.1,2.4,6.7,Hybrid,6.8,3.6,7.3,6.8,True,6.7,0,Early Career (21-29)
3593,33,Female,Married,Bachelors,Customer Support,Support Specialist,Associate,3866,12.3,7.3,9.6,Remote,6.9,1.0,8.8,8.5,False,4.2,0,Mid Career (30-39)
3594,31,Male,Married,Masters,Engineering,QA Engineer,Mid Level,10654,5.7,10.0,11.0,Onsite,6.0,7.0,1.7,3.5,True,7.2,1,Mid Career (30-39)
3595,28,Female,Married,Bachelors,Operations,Operations Analyst,Entry Level,3804,11.1,4.7,8.0,Remote,3.5,4.8,6.6,6.4,True,6.4,0,Early Career (21-29)
3596,33,Male,Married,Bachelors,Customer Support,Support Specialist,Associate,3320,9.5,4.5,7.8,Remote,6.9,1.1,9.3,5.9,False,4.0,0,Mid Career (30-39)
3597,42,Female,Single,Bachelors,Sales,Account Executive,Entry Level,3218,14.3,0.0,5.5,Onsite,17.5,6.3,6.4,4.6,False,5.4,0,Senior Career (40-49)
3598,39,Male,Single,Masters,Human Resources,HR Manager,Senior Level,8734,7.3,10.6,14.5,Hybrid,7.5,3.7,5.8,5.7,True,5.5,0,Mid Career (30-39)
3599,33,Female,Single,Bachelors,Engineering,Data Engineer,Associate,5230,10.7,10.5,13.0,Hybrid,4.7,1.8,8.0,7.6,True,2.5,0,Mid Career (30-39)
3600,26,Male,Single,Bachelors,Engineering,Data Engineer,Entry Level,4983,12.2,5.0,6.0,Hybrid,8.7,4.7,5.6,6.0,True,3.6,0,Early Career (21-29)
3601,27,Female,Single,Bachelors,Sales,Sales Development Rep,Associate,3741,5.5,6.0,7.0,Onsite,8.0,4.0,6.7,6.4,False,6.2,1,Early Career (21-29)
3602,28,Male,Married,High School,Operations,Operations Analyst,Mid Level,4897,8.9,6.8,6.8,Hybrid,14.2,6.2,4.3,4.7,True,7.2,0,Early Career (21-29)
3603,43,Male,Married,Masters,Marketing,Content Strategist,Mid Level,6189,16.4,7.0,14.3,Hybrid,9.4,1.3,7.9,5.0,False,3.3,0,Senior Career (40-49)
3604,39,Male,Single,Bachelors,Customer Support,Support Specialist,Mid Level,5358,13.6,4.1,12.1,Onsite,7.4,3.1,5.8,7.0,True,7.1,0,Mid Career (30-39)
3605,29,Male,Married,Masters,Operations,Program Manager,Associate,4908,17.3,4.1,9.0,Remote,2.6,4.0,7.8,7.3,True,9.4,0,Early Career (21-29)
3606,38,Male,Married,Masters,Human Resources,Recruiter,Management,7765,11.0,9.8,12.1,Remote,5.7,2.9,5.5,8.2,False,2.7,0,Mid Career (30-39)
3607,50,Male,Married,Masters,Sales,Sales Manager,Mid Level,9182,14.1,6.3,11.1,Onsite,4.5,6.1,4.0,7.1,True,5.7,0,Pre-Retirement (50-64)
3608,44,Male,Single,Masters,Human Resources,HR Manager,Mid Level,6539,9.8,7.8,18.3,Onsite,4.1,4.8,6.3,5.4,False,5.5,1,Senior Career (40-49)
3609,44,Female,Married,Bachelors,Sales,Sales Development Rep,Mid Level,6633,12.0,8.0,16.4,Hybrid,2.8,3.2,7.4,6.0,True,7.2,0,Senior Career (40-49)
3610,44,Female,Divorced,Bachelors,Marketing,Content Strategist,Senior Level,7807,6.1,10.5,14.9,Onsite,17.4,7.1,4.1,3.7,True,7.2,1,Senior Career (40-49)
3611,34,Female,Single,PhD,Sales,Sales Manager,Mid Level,7698,9.2,11.9,14.0,Remote,4.0,2.1,7.0,6.0,True,7.2,0,Mid Career (30-39)
3612,46,Male,Single,Bachelors,Engineering,Data Engineer,Senior Level,9847,11.1,6.3,16.4,Hybrid,4.5,2.4,6.5,8.2,True,6.2,0,Senior Career (40-49)
3613,34,Male,Married,Masters,Research & Development,Product Researcher,Mid Level,8444,9.8,7.9,14.0,Hybrid,8.7,4.7,6.9,8.1,True,4.8,1,Mid Career (30-39)
3614,43,Male,Married,Bachelors,Engineering,Engineering Manager,Senior Level,12189,18.3,7.8,11.8,Remote,5.3,5.1,7.9,5.3,True,5.3,0,Senior Career (40-49)
3615,31,Male,Divorced,Masters,Engineering,Software Engineer,Associate,5492,11.3,0.8,7.9,Onsite,10.6,3.8,7.9,5.7,True,7.1,1,Mid Career (30-39)
3616,30,Male,Divorced,Masters,Engineering,Software Engineer,Mid Level,7467,9.7,8.7,10.0,Remote,4.0,3.3,6.1,7.1,False,4.7,0,Mid Career (30-39)
3617,27,Male,Single,Bachelors,Sales,Sales Development Rep,Entry Level,3656,14.6,3.0,7.0,Hybrid,4.6,5.7,6.1,6.6,False,7.4,0,Early Career (21-29)
3618,48,Male,Single,Bachelors,Marketing,Growth Manager,Management,10085,9.3,7.7,13.6,Hybrid,10.4,1.8,7.9,6.3,False,4.5,0,Senior Career (40-49)
3619,32,Male,Divorced,Masters,Sales,Sales Manager,Associate,4800,11.8,3.7,12.0,Hybrid,19.4,4.0,6.9,4.2,False,5.3,0,Mid Career (30-39)
3620,43,Male,Married,Bachelors,Operations,Operations Analyst,Management,7524,11.3,6.5,8.8,Onsite,11.7,6.4,4.3,5.8,True,6.6,1,Senior Career (40-49)
3621,45,Male,Single,Masters,Sales,Account Executive,Mid Level,7996,16.8,8.0,15.3,Onsite,11.0,3.4,9.7,3.4,True,4.1,0,Senior Career (40-49)
3622,27,Male,Single,High School,Engineering,QA Engineer,Entry Level,3373,12.6,3.0,7.0,Onsite,0.4,3.3,5.5,7.5,True,5.9,0,Early Career (21-29)
3623,32,Male,Divorced,Bachelors,Sales,Sales Development Rep,Mid Level,7891,14.3,4.6,9.1,Hybrid,3.2,2.6,7.6,8.1,False,7.1,0,Mid Career (30-39)
3624,44,Male,Married,Masters,Marketing,Content Strategist,Associate,7909,10.1,8.3,15.6,Hybrid,17.5,4.8,7.1,7.4,True,5.4,1,Senior Career (40-49)
3625,48,Female,Single,Bachelors,Marketing,Growth Manager,Management,14123,10.3,9.9,22.3,Hybrid,9.6,4.7,7.2,7.1,False,5.4,0,Senior Career (40-49)
3626,26,Male,Married,Bachelors,Sales,Account Executive,Associate,5220,11.0,5.0,6.0,Remote,4.8,2.7,5.1,9.3,False,4.9,0,Early Career (21-29)
3627,27,Non-binary,Married,Bachelors,Sales,Sales Development Rep,Associate,5414,13.1,6.0,7.0,Hybrid,4.0,1.8,5.1,5.7,False,7.1,0,Early Career (21-29)
3628,53,Male,Married,Bachelors,Sales,Sales Manager,Management,11073,15.9,5.9,13.9,Hybrid,3.9,3.5,7.4,7.7,True,2.2,0,Pre-Retirement (50-64)
3629,44,Male,Married,Bachelors,Engineering,QA Engineer,Management,14557,14.8,11.4,17.2,Hybrid,2.2,2.8,6.6,5.9,True,1.0,0,Senior Career (40-49)
3630,33,Female,Single,Bachelors,Sales,Sales Development Rep,Associate,4653,13.7,5.3,3.9,Onsite,13.2,4.6,6.3,5.2,True,2.7,0,Mid Career (30-39)
3631,30,Male,Married,High School,Finance,Financial Analyst,Associate,4831,11.2,6.8,9.8,Hybrid,1.9,4.5,6.0,7.2,True,8.3,0,Mid Career (30-39)
3632,25,Male,Married,Bachelors,Research & Development,R&D Manager,Associate,5020,10.6,4.0,5.0,Onsite,2.0,1.0,8.2,7.6,False,4.9,0,Early Career (21-29)
3633,27,Male,Divorced,PhD,Marketing,Content Strategist,Entry Level,3075,9.6,2.2,7.0,Onsite,4.8,2.2,7.1,7.3,False,3.8,0,Early Career (21-29)
3634,44,Female,Single,Bachelors,Marketing,Content Strategist,Management,10489,7.3,9.3,17.8,Onsite,12.5,5.9,6.4,3.9,False,6.3,1,Senior Career (40-49)
3635,36,Female,Single,Bachelors,Engineering,QA Engineer,Associate,7145,11.1,5.7,6.5,Onsite,4.4,4.4,7.0,4.0,True,1.9,0,Mid Career (30-39)
3636,37,Male,Married,Bachelors,Sales,Sales Development Rep,Mid Level,5562,15.2,2.9,4.8,Remote,7.2,3.3,7.3,6.4,False,5.7,0,Mid Career (30-39)
3637,22,Male,Married,Bachelors,Customer Support,Support Specialist,Entry Level,2077,6.8,1.0,2.0,Remote,11.3,1.8,7.7,6.5,False,7.6,0,Early Career (21-29)
3638,38,Female,Divorced,PhD,Engineering,QA Engineer,Mid Level,8777,11.1,7.6,15.6,Hybrid,7.5,6.1,6.4,5.0,True,5.9,1,Mid Career (30-39)
3639,22,Non-binary,Married,Masters,Marketing,Marketing Specialist,Entry Level,3478,11.6,1.0,2.0,Hybrid,10.0,8.1,3.3,3.3,False,4.2,1,Early Career (21-29)
3640,56,Male,Married,Bachelors,Research & Development,Research Scientist,Management,9282,10.7,8.9,17.4,Hybrid,1.3,1.1,9.2,8.1,False,3.1,0,Pre-Retirement (50-64)
3641,31,Male,Married,High School,Operations,Operations Analyst,Entry Level,2435,12.8,5.1,11.0,Hybrid,5.9,4.7,6.5,6.9,True,4.8,1,Mid Career (30-39)
3642,44,Male,Single,High School,Finance,Financial Analyst,Mid Level,4426,16.1,6.4,9.0,Onsite,0.7,2.6,7.6,7.4,False,3.0,0,Senior Career (40-49)
3643,42,Female,Single,Bachelors,Human Resources,HR Manager,Senior Level,8379,12.3,8.5,14.5,Hybrid,2.0,4.4,5.7,5.7,True,5.7,0,Senior Career (40-49)
3644,43,Female,Single,PhD,Engineering,Software Engineer,Senior Level,10009,6.0,11.0,18.3,Onsite,1.8,3.1,7.1,7.8,True,1.0,0,Senior Career (40-49)
3645,47,Male,Single,High School,Human Resources,HR Business Partner,Management,8698,18.2,10.0,14.7,Remote,8.0,4.3,7.2,7.9,False,2.6,0,Senior Career (40-49)
3646,43,Non-binary,Single,Bachelors,Sales,Sales Manager,Associate,4420,12.5,3.6,3.9,Hybrid,5.3,5.4,4.8,4.1,True,5.7,0,Senior Career (40-49)
3647,26,Male,Married,High School,Engineering,Software Engineer,Associate,5997,14.1,5.0,6.0,Hybrid,5.5,4.5,5.9,5.7,False,4.3,0,Early Career (21-29)
3648,41,Male,Single,Bachelors,Sales,Sales Manager,Mid Level,6755,11.3,5.8,12.8,Onsite,13.1,5.5,6.6,4.6,False,4.3,0,Senior Career (40-49)
3649,29,Male,Single,Masters,Marketing,Growth Manager,Senior Level,9332,8.8,8.0,9.0,Hybrid,5.6,4.6,4.9,5.3,False,6.5,0,Early Career (21-29)
3651,34,Male,Divorced,Bachelors,Finance,Finance Manager,Mid Level,7182,11.0,7.9,14.0,Hybrid,8.9,4.3,6.6,5.4,True,4.2,1,Mid Career (30-39)
3652,21,Male,Married,Bachelors,Engineering,QA Engineer,Entry Level,4179,12.1,0.0,1.0,Hybrid,13.7,7.1,7.9,3.4,True,5.7,0,Early Career (21-29)
3653,30,Female,Divorced,Masters,Finance,Accountant,Associate,6027,15.8,4.7,8.0,Hybrid,1.1,1.9,9.4,9.7,False,3.2,0,Mid Career (30-39)
3654,45,Male,Married,Bachelors,Marketing,Marketing Specialist,Management,8394,8.0,4.7,11.0,Hybrid,5.4,4.5,5.4,5.9,False,7.4,0,Senior Career (40-49)
3655,34,Male,Single,Bachelors,Sales,Account Executive,Senior Level,10032,13.5,11.6,14.0,Onsite,11.8,4.6,7.5,6.2,False,6.2,0,Mid Career (30-39)
3656,52,Male,Single,Bachelors,Finance,Accountant,Senior Level,9231,9.0,7.4,14.8,Hybrid,8.6,5.4,5.5,6.7,True,5.8,0,Pre-Retirement (50-64)
3657,26,Male,Married,Masters,Marketing,Growth Manager,Associate,5229,8.2,5.0,6.0,Remote,4.5,3.3,6.0,7.9,False,5.3,0,Early Career (21-29)
3658,45,Female,Married,Bachelors,Finance,Finance Manager,Senior Level,11681,0.0,11.4,16.7,Onsite,10.1,3.4,7.7,5.7,False,5.2,0,Senior Career (40-49)
3659,51,Female,Single,Masters,Research & Development,Research Scientist,Senior Level,9447,10.0,9.0,13.2,Remote,9.3,5.3,5.6,5.6,True,3.4,1,Pre-Retirement (50-64)
3660,46,Female,Single,Bachelors,Human Resources,Recruiter,Mid Level,4767,15.3,4.9,14.1,Hybrid,8.9,3.0,9.3,6.3,True,3.8,0,Senior Career (40-49)
3661,21,Male,Single,High School,Finance,Accountant,Mid Level,3986,14.1,0.0,1.0,Hybrid,7.7,4.1,4.9,7.0,True,7.5,0,Early Career (21-29)
3662,34,Male,Married,Masters,Engineering,Engineering Manager,Mid Level,10671,7.2,3.5,8.2,Hybrid,2.4,5.1,6.4,7.6,True,2.9,0,Mid Career (30-39)
3663,24,Male,Single,Bachelors,Sales,Sales Development Rep,Associate,6349,15.8,3.0,4.0,Remote,6.8,3.4,8.4,7.5,False,1.8,0,Early Career (21-29)
3664,40,Male,Single,Bachelors,Engineering,Software Engineer,Mid Level,8488,16.0,8.5,12.1,Onsite,5.4,4.5,6.2,6.3,True,4.3,0,Senior Career (40-49)
3665,33,Male,Married,High School,Finance,Financial Analyst,Associate,3434,12.9,2.8,5.8,Remote,1.3,2.1,7.4,7.9,False,6.7,0,Mid Career (30-39)
3666,48,Male,Married,Bachelors,Sales,Sales Development Rep,Mid Level,6234,13.6,7.7,10.3,Onsite,3.9,4.0,8.7,6.6,False,6.1,0,Senior Career (40-49)
3667,42,Male,Single,Masters,Engineering,Engineering Manager,Mid Level,6189,13.7,7.3,9.0,Hybrid,11.5,5.1,8.0,5.9,False,1.1,0,Senior Career (40-49)
3668,33,Female,Divorced,High School,Research & Development,R&D Manager,Associate,5082,12.1,5.4,13.0,Hybrid,12.9,6.1,4.4,2.8,False,6.2,0,Mid Career (30-39)
3669,29,Male,Married,PhD,Sales,Account Executive,Entry Level,2931,12.2,0.0,9.0,Onsite,3.9,4.5,6.8,5.1,False,7.8,0,Early Career (21-29)
3670,43,Male,Divorced,Bachelors,Engineering,Data Engineer,Senior Level,10053,11.7,11.3,17.5,Hybrid,5.0,6.1,5.0,5.4,True,6.9,0,Senior Career (40-49)
3671,52,Female,Single,Masters,Engineering,Engineering Manager,Senior Level,8647,7.0,8.2,15.7,Onsite,5.7,2.9,7.6,6.7,True,3.6,1,Pre-Retirement (50-64)
3672,43,Male,Married,Bachelors,Finance,Finance Manager,Senior Level,9287,12.5,7.0,15.5,Hybrid,1.8,2.0,7.4,7.1,True,5.6,0,Senior Career (40-49)
3673,23,Non-binary,Divorced,Bachelors,Marketing,Content Strategist,Entry Level,3196,8.9,2.0,3.0,Hybrid,3.0,3.4,5.0,7.1,False,6.0,0,Early Career (21-29)
3674,27,Male,Married,Bachelors,Human Resources,HR Business Partner,Entry Level,3131,16.3,1.7,5.1,Remote,7.5,1.9,8.9,7.3,True,6.0,0,Early Career (21-29)
3675,21,Female,Single,Bachelors,Sales,Account Executive,Entry Level,3362,10.6,0.0,1.0,Hybrid,3.5,2.4,4.6,5.7,True,3.4,0,Early Career (21-29)
3676,44,Female,Single,PhD,Research & Development,Product Researcher,Mid Level,7582,13.6,6.4,10.9,Onsite,2.5,2.7,7.7,7.8,False,2.9,0,Senior Career (40-49)
3677,40,Male,Single,Bachelors,Sales,Sales Development Rep,Mid Level,6096,14.1,3.4,13.3,Onsite,17.0,7.2,4.6,3.7,True,3.0,0,Senior Career (40-49)
3678,44,Male,Married,Bachelors,Engineering,QA Engineer,Management,14904,14.6,11.0,14.5,Hybrid,7.1,4.4,6.1,5.0,False,3.6,0,Senior Career (40-49)
3679,30,Male,Single,High School,Finance,Accountant,Associate,4867,12.8,7.4,10.0,Remote,4.3,2.9,9.1,7.8,False,8.3,1,Mid Career (30-39)
3680,24,Male,Single,Masters,Customer Support,Support Team Lead,Associate,3312,6.6,3.0,4.0,Hybrid,6.9,6.0,7.2,6.7,False,8.0,0,Early Career (21-29)
3681,41,Female,Married,Bachelors,Engineering,Software Engineer,Entry Level,6287,7.9,5.4,18.2,Remote,5.2,2.7,6.1,7.5,True,5.8,0,Senior Career (40-49)
3682,46,Female,Married,Bachelors,Engineering,QA Engineer,Mid Level,10350,9.0,5.0,18.4,Hybrid,5.0,4.4,5.3,6.9,True,6.2,0,Senior Career (40-49)
3683,29,Male,Married,Bachelors,Engineering,Software Engineer,Senior Level,7930,8.6,8.0,9.0,Onsite,1.5,2.7,5.3,6.0,True,4.8,0,Early Career (21-29)
3684,46,Male,Divorced,Bachelors,Customer Support,Support Specialist,Mid Level,5038,17.0,8.7,18.4,Onsite,4.3,4.2,5.4,5.7,False,5.9,0,Senior Career (40-49)
3685,27,Male,Single,Bachelors,Human Resources,HR Business Partner,Associate,2799,12.4,6.0,7.0,Onsite,1.4,2.3,6.8,7.6,True,4.4,0,Early Career (21-29)
3686,29,Female,Single,High School,Operations,Operations Analyst,Associate,4454,12.8,4.9,9.0,Remote,6.9,2.7,5.4,6.2,False,6.3,0,Early Career (21-29)
3687,45,Female,Single,Bachelors,Research & Development,Research Scientist,Mid Level,7430,9.9,7.5,13.5,Hybrid,8.6,3.7,4.6,5.8,False,1.2,0,Senior Career (40-49)
3688,53,Male,Single,Masters,Operations,Operations Manager,Management,8683,8.6,13.5,21.9,Hybrid,14.2,7.6,4.7,3.7,False,3.1,0,Pre-Retirement (50-64)
3689,50,Male,Divorced,Masters,Finance,Accountant,Associate,5586,8.3,2.8,6.6,Remote,11.0,4.2,6.2,6.2,True,7.1,0,Pre-Retirement (50-64)
3690,39,Male,Single,Masters,Sales,Account Executive,Associate,5367,13.9,5.2,11.3,Onsite,5.1,2.9,7.2,6.5,False,4.9,1,Mid Career (30-39)
3691,42,Female,Married,Bachelors,Engineering,Data Engineer,Entry Level,6231,9.1,5.0,11.0,Onsite,5.8,5.7,4.4,6.8,True,3.5,0,Senior Career (40-49)
3692,35,Female,Married,Masters,Sales,Sales Development Rep,Associate,5383,12.4,4.9,10.3,Onsite,3.5,4.9,7.4,6.9,True,8.1,0,Mid Career (30-39)
3693,31,Female,Divorced,Masters,Engineering,QA Engineer,Entry Level,5582,10.3,5.3,11.0,Onsite,1.5,4.5,5.8,5.1,False,4.1,0,Mid Career (30-39)
3694,39,Male,Single,Bachelors,Customer Support,Support Team Lead,Management,6635,14.0,8.8,11.8,Onsite,8.8,5.4,6.4,3.8,True,7.6,1,Mid Career (30-39)
3695,35,Female,Married,Masters,Operations,Operations Manager,Mid Level,5468,12.6,7.7,13.4,Hybrid,2.6,4.0,4.4,6.5,False,7.8,0,Mid Career (30-39)
3696,47,Male,Single,Bachelors,Operations,Operations Manager,Associate,4502,11.1,10.9,19.2,Onsite,3.6,4.5,5.4,5.1,False,6.7,0,Senior Career (40-49)
3697,33,Female,Married,Bachelors,Human Resources,HR Manager,Mid Level,6165,15.8,5.2,13.0,Hybrid,3.0,6.1,6.9,5.6,False,4.0,0,Mid Career (30-39)
3698,29,Female,Married,High School,Finance,Accountant,Entry Level,2895,14.9,2.6,8.9,Remote,5.6,2.3,9.1,8.0,False,6.3,0,Early Career (21-29)
3699,38,Male,Married,High School,Marketing,Growth Manager,Associate,4992,8.9,2.6,10.3,Hybrid,7.3,5.3,5.8,4.7,True,5.4,0,Mid Career (30-39)
3700,31,Female,Married,Masters,Engineering,Data Engineer,Entry Level,7474,10.2,3.4,10.2,Hybrid,2.8,2.7,7.5,7.8,True,6.4,0,Mid Career (30-39)
3701,32,Female,Single,Bachelors,Research & Development,Research Scientist,Associate,6527,14.7,5.9,8.1,Hybrid,2.4,2.2,7.1,8.2,False,5.6,0,Mid Career (30-39)
3702,40,Female,Married,Bachelors,Engineering,Engineering Manager,Management,13558,8.2,9.1,19.6,Remote,7.9,3.6,8.1,7.4,True,1.3,0,Senior Career (40-49)
3703,39,Female,Married,Bachelors,Engineering,Software Engineer,Mid Level,9869,10.6,4.9,10.0,Remote,2.1,2.1,6.9,8.0,True,5.5,0,Mid Career (30-39)
3704,33,Male,Married,Masters,Marketing,Marketing Specialist,Mid Level,7318,14.6,5.5,12.2,Hybrid,12.4,5.6,6.1,5.9,True,6.5,0,Mid Career (30-39)
3705,38,Female,Single,Bachelors,Engineering,Software Engineer,Mid Level,5952,11.6,7.5,12.0,Remote,5.3,3.9,4.5,6.8,True,2.7,0,Mid Career (30-39)
3706,24,Male,Single,Bachelors,Sales,Sales Manager,Associate,4870,13.2,3.0,4.0,Hybrid,12.0,6.6,2.6,4.5,False,6.0,1,Early Career (21-29)
3707,37,Female,Married,Masters,Customer Support,Support Specialist,Management,9156,10.0,7.3,15.1,Hybrid,3.7,4.1,4.8,6.0,False,5.8,0,Mid Career (30-39)
3708,37,Female,Single,Bachelors,Sales,Account Executive,Senior Level,8883,12.9,8.2,17.0,Hybrid,4.8,2.4,4.6,6.9,True,5.6,0,Mid Career (30-39)
3709,32,Male,Married,Bachelors,Engineering,Engineering Manager,Mid Level,9200,15.1,8.3,12.0,Onsite,4.6,3.4,7.3,6.5,True,2.0,0,Mid Career (30-39)
3710,40,Female,Single,Bachelors,Marketing,Content Strategist,Mid Level,4815,10.4,4.8,15.6,Onsite,6.4,5.0,3.4,6.6,True,5.1,0,Senior Career (40-49)
3711,23,Female,Single,Masters,Engineering,Data Engineer,Entry Level,4291,16.6,0.3,3.0,Hybrid,1.5,2.5,8.0,7.0,True,5.6,0,Early Career (21-29)
3712,34,Female,Married,Bachelors,Sales,Sales Development Rep,Mid Level,7249,7.2,8.7,11.4,Hybrid,3.1,4.5,6.6,7.2,False,5.6,0,Mid Career (30-39)
3713,45,Female,Married,Bachelors,Research & Development,R&D Manager,Mid Level,10807,11.2,8.0,12.2,Hybrid,10.1,5.0,4.9,5.0,True,2.8,0,Senior Career (40-49)
3714,29,Male,Married,High School,Engineering,Engineering Manager,Associate,5175,11.2,5.0,7.8,Hybrid,8.0,3.6,5.6,4.6,True,1.6,0,Early Career (21-29)
3715,28,Female,Married,Bachelors,Customer Support,Support Team Lead,Mid Level,4652,12.0,6.9,8.0,Hybrid,6.3,3.4,5.7,5.0,True,7.0,1,Early Career (21-29)
3716,46,Male,Married,Bachelors,Research & Development,R&D Manager,Management,9716,9.8,10.2,15.1,Hybrid,2.0,2.9,6.1,6.3,True,3.4,0,Senior Career (40-49)
3717,35,Female,Married,Bachelors,Research & Development,Research Scientist,Mid Level,6300,13.1,5.5,14.9,Hybrid,2.0,1.9,6.7,7.8,False,3.8,0,Mid Career (30-39)
3718,29,Female,Single,Masters,Engineering,Software Engineer,Associate,7227,10.5,8.0,9.0,Remote,6.0,3.6,5.7,5.7,True,4.8,0,Early Career (21-29)
3719,42,Female,Married,High School,Engineering,Data Engineer,Management,10104,16.5,6.6,12.5,Remote,2.4,1.0,9.5,8.5,False,1.5,0,Senior Career (40-49)
3720,44,Male,Married,Bachelors,Engineering,Software Engineer,Mid Level,8405,4.6,7.9,18.7,Hybrid,10.8,4.1,6.0,5.0,True,2.4,0,Senior Career (40-49)
3721,45,Female,Married,Bachelors,Finance,Finance Manager,Management,11785,8.9,11.9,19.6,Hybrid,10.8,4.5,5.1,5.6,True,4.8,0,Senior Career (40-49)
3722,48,Female,Single,Masters,Marketing,Content Strategist,Senior Level,9489,14.6,12.5,19.4,Hybrid,3.9,4.3,6.2,6.6,True,4.7,0,Senior Career (40-49)
3723,45,Male,Single,High School,Customer Support,Customer Success Manager,Mid Level,3327,13.7,1.2,2.1,Onsite,4.8,2.1,7.7,7.0,True,5.8,0,Senior Career (40-49)
3724,40,Male,Married,Masters,Engineering,Software Engineer,Mid Level,9950,15.2,9.2,14.0,Remote,7.7,3.0,8.1,6.3,True,3.9,0,Senior Career (40-49)
3725,42,Male,Married,Bachelors,Marketing,Marketing Specialist,Mid Level,5445,12.0,3.8,4.6,Onsite,6.2,2.4,7.4,6.3,True,3.4,0,Senior Career (40-49)
3726,33,Male,Single,Bachelors,Operations,Operations Analyst,Associate,4203,13.8,2.3,11.5,Onsite,4.3,3.4,6.3,6.9,True,4.3,0,Mid Career (30-39)
3727,25,Male,Married,Bachelors,Finance,Accountant,Mid Level,4610,12.9,4.0,5.0,Hybrid,1.4,4.7,5.3,7.9,False,7.3,0,Early Career (21-29)
3728,61,Male,Single,Bachelors,Sales,Sales Development Rep,Management,9148,8.9,12.2,11.5,Onsite,9.6,4.8,6.3,5.6,False,3.8,1,Pre-Retirement (50-64)
3729,40,Female,Divorced,Masters,Engineering,Data Engineer,Mid Level,7583,6.3,5.3,13.3,Onsite,10.7,5.0,4.3,5.1,True,3.7,1,Senior Career (40-49)
3730,33,Female,Single,Bachelors,Sales,Sales Manager,Senior Level,8901,14.4,12.0,13.0,Hybrid,9.0,4.7,5.1,5.9,False,6.1,0,Mid Career (30-39)
3731,46,Male,Married,Masters,Engineering,Software Engineer,Management,13316,8.4,10.7,16.9,Hybrid,4.2,2.9,6.3,5.7,True,3.8,0,Senior Career (40-49)
3732,28,Female,Single,Bachelors,Engineering,Data Engineer,Entry Level,4512,13.2,0.6,8.0,Hybrid,0.6,2.1,6.1,6.4,True,6.2,1,Early Career (21-29)
3733,38,Female,Married,Bachelors,Customer Support,Support Team Lead,Management,7752,12.0,13.6,18.0,Hybrid,18.7,3.7,6.6,5.3,False,5.3,0,Mid Career (30-39)
3734,56,Male,Single,PhD,Engineering,Data Engineer,Management,18879,10.8,12.3,17.6,Remote,2.1,1.9,5.7,7.4,True,2.5,1,Pre-Retirement (50-64)
3735,44,Male,Single,Masters,Customer Support,Support Team Lead,Senior Level,6864,14.2,7.2,18.4,Hybrid,6.1,5.5,5.3,6.9,True,7.9,0,Senior Career (40-49)
3736,38,Male,Married,PhD,Engineering,QA Engineer,Associate,7163,9.6,2.2,13.7,Hybrid,7.9,5.8,6.2,4.3,True,4.0,0,Mid Career (30-39)
3737,32,Female,Married,Bachelors,Engineering,QA Engineer,Associate,7472,9.2,3.3,9.4,Remote,8.3,5.1,5.5,6.2,False,5.7,1,Mid Career (30-39)
3738,38,Male,Single,Masters,Engineering,Engineering Manager,Mid Level,7631,15.4,4.0,11.1,Onsite,11.0,5.4,6.7,4.8,True,4.3,0,Mid Career (30-39)
3739,38,Male,Single,Bachelors,Sales,Sales Manager,Mid Level,7782,9.6,2.7,12.9,Remote,5.7,3.7,7.3,5.9,False,5.7,0,Mid Career (30-39)
3740,35,Female,Single,Bachelors,Human Resources,HR Manager,Mid Level,4842,17.0,5.6,10.8,Hybrid,6.7,2.7,5.6,6.2,False,4.2,0,Mid Career (30-39)
3741,40,Female,Married,Bachelors,Marketing,Growth Manager,Senior Level,9446,8.2,13.1,17.0,Hybrid,9.4,5.3,4.2,6.7,False,7.1,0,Senior Career (40-49)
3742,36,Female,Married,Bachelors,Customer Support,Support Team Lead,Senior Level,8176,14.9,13.5,16.0,Hybrid,4.3,3.3,9.8,6.0,True,3.9,0,Mid Career (30-39)
3743,33,Female,Single,High School,Finance,Accountant,Mid Level,5623,12.3,9.0,13.0,Onsite,7.8,3.1,5.8,7.4,True,5.8,1,Mid Career (30-39)
3744,50,Male,Married,Bachelors,Sales,Sales Manager,Senior Level,9532,12.1,12.3,20.0,Hybrid,4.2,3.6,8.3,7.6,True,6.6,0,Pre-Retirement (50-64)
3745,25,Male,Married,High School,Marketing,Content Strategist,Entry Level,2930,5.4,4.0,5.0,Onsite,12.4,9.1,2.1,3.6,False,8.6,1,Early Career (21-29)
3746,37,Female,Married,High School,Engineering,Software Engineer,Associate,6267,9.4,6.5,11.5,Remote,6.9,3.8,6.0,6.7,False,5.1,1,Mid Career (30-39)
3747,30,Male,Married,Masters,Operations,Operations Manager,Associate,5589,17.0,4.0,7.3,Remote,2.8,3.5,8.7,6.9,False,9.5,0,Mid Career (30-39)
3748,33,Male,Single,Masters,Marketing,Marketing Specialist,Mid Level,8606,11.7,8.7,12.7,Onsite,2.2,3.9,6.5,7.5,False,5.0,0,Mid Career (30-39)
3749,37,Male,Single,Bachelors,Finance,Finance Manager,Mid Level,7521,18.8,9.7,15.2,Hybrid,14.1,6.1,6.5,6.1,True,5.0,0,Mid Career (30-39)
3750,28,Male,Married,Bachelors,Engineering,QA Engineer,Senior Level,9078,8.0,7.0,8.0,Hybrid,1.1,4.3,6.7,6.8,True,4.9,0,Early Career (21-29)
3751,42,Male,Single,PhD,Customer Support,Customer Success Manager,Senior Level,6565,10.4,9.2,18.4,Hybrid,7.3,4.5,4.6,4.9,False,7.4,0,Senior Career (40-49)
3752,44,Male,Married,High School,Customer Support,Support Specialist,Mid Level,4216,13.1,12.0,19.7,Hybrid,5.2,4.1,7.0,8.6,True,4.3,0,Senior Career (40-49)
3753,22,Female,Married,PhD,Operations,Operations Analyst,Entry Level,4171,12.7,1.0,2.0,Onsite,3.3,4.2,5.2,5.4,True,4.7,0,Early Career (21-29)
3754,36,Female,Married,Bachelors,Engineering,Data Engineer,Mid Level,10118,8.7,10.1,14.2,Remote,2.7,2.8,7.9,6.8,True,3.9,0,Mid Career (30-39)
3755,37,Male,Single,Bachelors,Sales,Account Executive,Mid Level,6769,11.2,4.7,9.3,Remote,7.3,6.9,3.9,4.7,False,4.5,0,Mid Career (30-39)
3756,41,Male,Divorced,Bachelors,Engineering,Engineering Manager,Senior Level,8126,17.4,5.8,8.0,Hybrid,7.1,3.4,8.5,6.2,True,3.3,0,Senior Career (40-49)
3757,29,Male,Divorced,Bachelors,Sales,Account Executive,Associate,5985,15.2,5.0,9.0,Onsite,6.6,5.7,6.9,5.7,False,5.9,0,Early Career (21-29)
3758,29,Male,Single,Bachelors,Engineering,Data Engineer,Entry Level,3840,13.9,2.6,9.0,Onsite,7.6,4.0,7.8,7.2,False,3.1,1,Early Career (21-29)
3759,22,Male,Married,PhD,Engineering,Software Engineer,Entry Level,4248,14.8,1.0,2.0,Remote,3.2,3.4,6.0,6.5,False,5.5,0,Early Career (21-29)
3760,37,Male,Single,Bachelors,Marketing,Marketing Specialist,Associate,3854,13.9,5.1,11.5,Onsite,1.9,3.5,6.9,6.7,False,5.6,0,Mid Career (30-39)
3761,38,Female,Married,Bachelors,Customer Support,Support Specialist,Mid Level,4617,7.9,5.5,11.7,Remote,9.5,6.5,6.2,6.4,False,6.8,0,Mid Career (30-39)
3762,40,Male,Married,Bachelors,Customer Support,Customer Success Manager,Mid Level,6034,15.2,8.8,16.0,Hybrid,6.8,3.9,5.3,5.7,False,4.0,0,Senior Career (40-49)
3763,32,Non-binary,Single,Bachelors,Finance,Financial Analyst,Associate,4923,9.1,5.2,7.4,Hybrid,3.1,1.3,6.6,5.9,False,4.9,0,Mid Career (30-39)
3764,34,Male,Married,Bachelors,Engineering,Data Engineer,Entry Level,2620,12.0,2.7,9.9,Onsite,2.5,4.9,5.7,6.3,True,3.0,0,Mid Career (30-39)
3765,42,Male,Married,Bachelors,Marketing,Marketing Specialist,Mid Level,8855,13.9,5.3,14.3,Hybrid,14.2,4.0,8.0,3.2,False,3.1,0,Senior Career (40-49)
3766,43,Female,Married,Masters,Research & Development,Product Researcher,Senior Level,11310,9.0,11.4,16.9,Onsite,6.2,4.6,6.4,6.7,True,1.3,0,Senior Career (40-49)
3767,26,Female,Married,High School,Engineering,Engineering Manager,Mid Level,5103,11.1,5.0,6.0,Onsite,1.1,4.3,5.6,6.6,True,4.5,1,Early Career (21-29)
3768,34,Female,Divorced,Masters,Engineering,QA Engineer,Associate,6234,10.0,3.3,10.6,Hybrid,9.2,4.1,6.5,7.0,False,1.0,1,Mid Career (30-39)
3769,30,Female,Single,Bachelors,Sales,Sales Development Rep,Associate,5430,17.0,3.7,10.0,Onsite,11.1,7.0,3.5,4.8,False,6.1,0,Mid Career (30-39)
3770,38,Male,Married,Bachelors,Marketing,Marketing Specialist,Senior Level,5950,3.0,9.9,15.0,Remote,10.0,3.1,7.8,6.7,True,1.0,0,Mid Career (30-39)
3771,30,Female,Single,Bachelors,Research & Development,Research Scientist,Associate,5519,8.5,1.1,6.9,Onsite,6.9,3.5,7.0,4.9,False,5.0,0,Mid Career (30-39)
3772,23,Male,Single,Masters,Research & Development,Research Scientist,Entry Level,4297,10.2,2.0,3.0,Remote,3.0,1.9,7.8,5.6,True,2.1,0,Early Career (21-29)
3773,38,Female,Married,Masters,Engineering,Software Engineer,Senior Level,9979,14.3,5.7,12.2,Hybrid,5.0,2.1,9.0,5.9,True,2.1,0,Mid Career (30-39)
3774,47,Male,Single,Masters,Finance,Finance Manager,Associate,5233,9.8,0.0,6.6,Hybrid,10.8,7.7,3.9,5.2,False,6.4,0,Senior Career (40-49)
3775,42,Female,Single,Masters,Sales,Sales Manager,Management,10515,16.3,12.2,17.3,Hybrid,9.5,3.0,8.3,6.7,True,5.8,0,Senior Career (40-49)
3776,39,Female,Single,Masters,Operations,Program Manager,Mid Level,5630,10.2,10.0,14.2,Onsite,4.2,3.9,6.1,6.7,False,2.9,0,Mid Career (30-39)
3777,29,Female,Single,Masters,Customer Support,Support Specialist,Mid Level,4260,13.1,4.0,9.0,Hybrid,4.2,4.7,6.8,9.0,False,9.2,0,Early Career (21-29)
3778,31,Female,Single,Masters,Operations,Program Manager,Mid Level,6984,10.4,8.3,9.4,Remote,1.2,2.0,6.6,7.5,False,4.8,0,Mid Career (30-39)
3779,32,Non-binary,Single,Masters,Marketing,Growth Manager,Mid Level,7860,7.3,7.6,12.0,Onsite,7.4,3.5,5.7,6.2,False,7.1,1,Mid Career (30-39)
3780,37,Male,Single,Bachelors,Engineering,Engineering Manager,Mid Level,10503,6.1,8.2,15.8,Hybrid,0.6,1.6,8.7,6.7,True,2.2,0,Mid Career (30-39)
3781,28,Male,Married,Bachelors,Research & Development,Product Researcher,Associate,6995,13.7,6.2,7.8,Remote,5.5,1.1,9.5,6.6,True,1.0,0,Early Career (21-29)
3782,40,Male,Single,Bachelors,Research & Development,Research Scientist,Mid Level,6204,11.9,8.4,12.5,Remote,1.2,4.0,7.2,7.4,False,4.6,0,Senior Career (40-49)
3783,22,Female,Married,Masters,Finance,Finance Manager,Associate,4951,9.4,1.0,2.0,Onsite,6.8,4.4,7.0,4.5,False,5.6,0,Early Career (21-29)
3784,40,Male,Single,Bachelors,Customer Support,Customer Success Manager,Mid Level,4581,5.8,5.5,7.9,Hybrid,6.2,6.0,5.9,3.8,False,5.2,1,Senior Career (40-49)
3785,26,Female,Single,Masters,Sales,Sales Manager,Associate,3989,7.4,5.0,6.0,Remote,6.6,4.5,4.2,6.6,False,2.7,1,Early Career (21-29)
3786,32,Female,Married,Bachelors,Sales,Sales Manager,Associate,5765,15.1,4.6,10.0,Onsite,7.7,4.3,4.8,5.9,False,4.4,0,Mid Career (30-39)
3787,41,Male,Married,Bachelors,Research & Development,Research Scientist,Senior Level,8941,13.3,7.2,11.3,Hybrid,3.3,3.1,8.7,6.0,True,3.3,0,Senior Career (40-49)
3788,37,Female,Married,Bachelors,Sales,Sales Manager,Mid Level,6632,11.6,8.1,10.9,Onsite,8.7,5.5,5.5,5.4,False,9.2,0,Mid Career (30-39)
3789,38,Female,Single,Masters,Marketing,Growth Manager,Senior Level,8091,14.5,11.5,18.0,Hybrid,2.4,4.1,6.8,6.6,False,3.8,0,Mid Career (30-39)
3790,33,Male,Married,Masters,Sales,Account Executive,Associate,5144,19.1,7.4,9.9,Onsite,5.9,3.7,8.1,4.9,False,6.6,0,Mid Career (30-39)
3791,38,Male,Married,Bachelors,Engineering,Data Engineer,Mid Level,6968,15.2,5.3,8.4,Onsite,2.4,6.2,8.0,5.3,True,4.5,0,Mid Career (30-39)
3792,56,Female,Single,Masters,Sales,Account Executive,Mid Level,6472,2.9,5.9,16.0,Hybrid,9.7,6.2,1.2,5.3,True,5.4,1,Pre-Retirement (50-64)
3793,35,Male,Single,Masters,Operations,Operations Analyst,Associate,5967,9.4,6.5,11.8,Hybrid,10.4,5.5,6.0,5.8,False,6.6,0,Mid Career (30-39)
3794,35,Female,Married,Bachelors,Operations,Program Manager,Senior Level,8398,13.9,13.2,15.0,Onsite,7.8,4.3,9.2,5.0,False,5.2,0,Mid Career (30-39)
3795,34,Male,Married,Masters,Engineering,Data Engineer,Associate,7123,9.7,8.6,10.0,Hybrid,6.3,4.1,6.6,3.7,True,3.9,0,Mid Career (30-39)
3796,40,Male,Married,Masters,Sales,Sales Manager,Mid Level,9257,10.7,9.3,17.3,Hybrid,10.7,5.0,7.4,4.9,True,6.5,0,Senior Career (40-49)
3797,40,Male,Single,Bachelors,Customer Support,Customer Success Manager,Senior Level,6575,6.0,13.9,20.0,Remote,10.8,2.9,6.1,5.9,False,5.3,0,Senior Career (40-49)
3798,27,Male,Single,High School,Customer Support,Support Specialist,Associate,2335,11.8,6.0,7.0,Onsite,2.2,4.0,7.2,6.8,False,6.7,1,Early Career (21-29)
3799,33,Female,Married,Bachelors,Sales,Sales Development Rep,Associate,7304,9.4,3.6,9.6,Hybrid,3.2,4.7,6.7,5.4,False,6.1,1,Mid Career (30-39)
3800,38,Female,Married,Bachelors,Customer Support,Support Specialist,Management,5842,12.1,9.6,17.5,Hybrid,17.7,5.3,4.0,3.0,False,6.4,1,Mid Career (30-39)
3801,57,Female,Single,PhD,Operations,Program Manager,Management,12558,8.3,9.7,15.8,Hybrid,4.1,5.6,5.8,7.2,False,2.6,1,Pre-Retirement (50-64)
3802,21,Female,Married,High School,Sales,Account Executive,Associate,3691,12.4,0.0,1.0,Onsite,8.0,5.3,4.5,6.4,True,7.3,0,Early Career (21-29)
3803,42,Male,Married,Bachelors,Human Resources,HR Business Partner,Associate,3294,13.6,0.0,0.4,Remote,17.5,9.1,3.1,3.2,False,7.0,1,Senior Career (40-49)
3804,37,Male,Married,Bachelors,Engineering,Data Engineer,Mid Level,8259,13.1,4.9,9.8,Remote,5.0,3.4,8.8,7.2,True,4.4,0,Mid Career (30-39)
3806,34,Female,Married,PhD,Engineering,Software Engineer,Mid Level,8790,12.4,8.2,10.4,Hybrid,2.5,2.6,8.1,5.2,True,4.0,0,Mid Career (30-39)
3807,29,Male,Single,Masters,Human Resources,HR Manager,Mid Level,5763,13.9,5.9,9.0,Onsite,3.5,1.8,8.2,9.4,True,2.2,0,Early Career (21-29)
3808,30,Female,Divorced,Masters,Operations,Program Manager,Associate,5402,14.4,6.6,10.0,Hybrid,2.8,5.2,6.3,6.3,True,6.5,0,Mid Career (30-39)
3809,39,Female,Married,Bachelors,Customer Support,Customer Success Manager,Management,7019,12.7,8.9,9.1,Hybrid,9.3,5.4,4.6,5.6,True,6.2,1,Mid Career (30-39)
3810,39,Male,Married,Masters,Customer Support,Support Team Lead,Senior Level,5832,7.7,11.3,18.8,Remote,2.3,2.8,8.2,7.7,False,7.7,0,Mid Career (30-39)
3811,47,Female,Married,Bachelors,Engineering,Data Engineer,Senior Level,10111,12.0,7.3,14.6,Onsite,2.8,4.2,5.1,6.2,True,4.1,0,Senior Career (40-49)
3812,36,Male,Married,Bachelors,Customer Support,Support Team Lead,Associate,4055,10.1,5.6,9.9,Remote,4.9,2.8,6.4,7.9,True,7.1,0,Mid Career (30-39)
3813,33,Male,Single,PhD,Engineering,Software Engineer,Entry Level,4684,11.4,1.9,13.0,Hybrid,6.8,4.3,6.4,6.4,True,8.4,0,Mid Career (30-39)
3814,38,Female,Single,Bachelors,Engineering,Software Engineer,Associate,6230,7.1,6.2,15.2,Onsite,9.7,5.7,4.6,6.0,True,4.2,0,Mid Career (30-39)
3815,47,Female,Single,Masters,Sales,Sales Manager,Management,11768,13.0,9.6,16.6,Hybrid,3.4,3.9,5.6,5.8,False,4.4,0,Senior Career (40-49)
3816,43,Male,Married,Bachelors,Sales,Account Executive,Associate,5056,12.9,3.4,10.8,Remote,6.6,5.8,5.7,6.4,False,6.3,0,Senior Career (40-49)
3817,34,Female,Married,High School,Customer Support,Support Specialist,Senior Level,5960,8.7,5.3,12.4,Hybrid,8.9,3.3,6.8,5.0,True,6.4,0,Mid Career (30-39)
3818,40,Female,Married,Bachelors,Sales,Sales Development Rep,Management,13356,8.5,12.4,18.2,Onsite,8.1,4.2,7.5,6.0,True,5.6,0,Senior Career (40-49)
3819,46,Female,Married,Bachelors,Sales,Account Executive,Associate,5373,10.9,4.0,10.7,Remote,9.2,5.4,6.0,6.6,False,7.0,0,Senior Career (40-49)
3820,21,Female,Single,Bachelors,Human Resources,HR Business Partner,Associate,3178,15.0,0.0,1.0,Hybrid,5.9,3.6,6.3,6.3,True,5.2,0,Early Career (21-29)
3821,26,Male,Single,Masters,Research & Development,Product Researcher,Associate,4775,13.6,1.2,2.8,Onsite,0.2,4.3,5.9,7.4,True,5.1,0,Early Career (21-29)
3822,28,Female,Single,Bachelors,Sales,Account Executive,Associate,4649,11.0,6.5,8.0,Hybrid,10.3,2.7,6.1,5.4,True,3.1,0,Early Career (21-29)
3823,29,Male,Married,Bachelors,Customer Support,Support Team Lead,Associate,4579,10.6,5.6,9.0,Hybrid,3.2,3.9,6.3,6.3,True,7.4,0,Early Career (21-29)
3824,44,Female,Single,Bachelors,Operations,Program Manager,Senior Level,7447,12.3,8.0,14.7,Onsite,5.6,2.7,8.9,6.7,True,4.2,0,Senior Career (40-49)
3825,38,Male,Married,Masters,Marketing,Marketing Specialist,Mid Level,7386,13.1,6.0,9.8,Onsite,2.9,2.0,9.1,8.0,True,4.4,0,Mid Career (30-39)
3826,48,Male,Single,Bachelors,Operations,Program Manager,Management,13727,11.2,14.2,22.8,Onsite,14.9,5.4,6.6,4.7,False,1.0,0,Senior Career (40-49)
3827,31,Male,Single,Bachelors,Marketing,Marketing Specialist,Associate,3880,13.2,5.0,7.1,Remote,4.6,3.6,5.2,8.8,True,4.9,0,Mid Career (30-39)
3828,34,Female,Single,Masters,Operations,Operations Manager,Mid Level,6576,7.5,6.3,14.0,Remote,2.4,2.3,7.5,8.8,False,4.7,0,Mid Career (30-39)
3829,34,Female,Single,Bachelors,Sales,Sales Development Rep,Senior Level,7748,12.1,11.5,14.0,Hybrid,7.3,3.7,6.1,6.3,False,4.2,1,Mid Career (30-39)
3830,31,Female,Married,Masters,Marketing,Content Strategist,Entry Level,2796,12.7,4.3,11.0,Onsite,9.6,3.3,6.8,7.4,False,2.7,0,Mid Career (30-39)
3831,37,Female,Married,Masters,Engineering,Software Engineer,Entry Level,3926,16.1,4.7,12.6,Remote,6.9,4.9,4.0,6.3,True,4.1,1,Mid Career (30-39)
3832,40,Male,Married,Masters,Sales,Sales Development Rep,Associate,6051,5.5,8.4,13.0,Hybrid,5.2,4.1,4.8,6.9,False,7.2,0,Senior Career (40-49)
3833,42,Male,Married,Bachelors,Research & Development,Product Researcher,Mid Level,10095,9.7,6.8,15.1,Hybrid,3.4,2.4,4.3,6.9,False,5.6,0,Senior Career (40-49)
3834,42,Female,Single,Masters,Finance,Finance Manager,Senior Level,11141,16.3,11.4,20.1,Hybrid,6.1,3.1,7.8,6.4,True,4.8,0,Senior Career (40-49)
3835,39,Female,Divorced,Bachelors,Finance,Financial Analyst,Associate,5050,12.1,6.0,13.1,Onsite,7.1,4.0,5.4,6.6,True,4.5,0,Mid Career (30-39)
3836,41,Female,Single,Masters,Sales,Account Executive,Management,9843,11.2,10.0,18.5,Hybrid,4.9,2.8,6.0,6.4,True,4.3,0,Senior Career (40-49)
3837,31,Male,Single,Masters,Finance,Finance Manager,Mid Level,7661,11.3,10.0,11.0,Hybrid,5.4,1.9,8.1,7.0,True,6.5,0,Mid Career (30-39)
3838,55,Female,Married,Masters,Engineering,Software Engineer,Senior Level,10166,12.0,6.6,9.7,Onsite,1.5,2.0,9.3,6.0,True,2.9,0,Pre-Retirement (50-64)
3839,30,Male,Married,Bachelors,Sales,Sales Manager,Associate,6458,17.2,0.0,9.6,Onsite,6.7,3.8,8.6,4.6,True,7.6,1,Mid Career (30-39)
3840,31,Male,Single,High School,Research & Development,Product Researcher,Associate,4023,9.9,4.4,11.0,Onsite,9.6,5.5,6.8,5.2,True,2.8,0,Mid Career (30-39)
3841,43,Female,Single,Bachelors,Operations,Program Manager,Associate,5488,4.5,3.6,6.3,Hybrid,17.6,5.5,6.7,4.5,True,4.2,0,Senior Career (40-49)
3842,40,Male,Married,PhD,Sales,Account Executive,Mid Level,7520,16.3,7.8,10.0,Onsite,9.6,5.5,7.1,5.7,False,8.0,0,Senior Career (40-49)
3843,33,Female,Married,Masters,Human Resources,Recruiter,Associate,5111,9.6,6.0,13.0,Hybrid,3.4,4.8,4.2,5.0,False,3.0,1,Mid Career (30-39)
3844,38,Male,Married,Bachelors,Sales,Account Executive,Entry Level,4235,11.9,3.7,14.6,Hybrid,4.0,2.0,6.7,7.8,True,6.0,0,Mid Career (30-39)
3845,27,Male,Married,Masters,Operations,Program Manager,Associate,3770,7.6,1.1,7.0,Onsite,3.8,3.1,9.5,7.0,True,6.0,0,Early Career (21-29)
3846,42,Male,Married,Masters,Sales,Account Executive,Mid Level,5886,14.0,6.9,11.3,Remote,6.7,4.2,7.8,6.6,True,7.5,0,Senior Career (40-49)
3847,36,Female,Married,Bachelors,Customer Support,Support Team Lead,Associate,4006,11.1,5.3,13.2,Onsite,10.8,8.0,4.8,4.9,True,5.9,0,Mid Career (30-39)
3848,55,Male,Married,High School,Research & Development,R&D Manager,Senior Level,10035,7.7,8.4,18.2,Onsite,3.5,3.6,6.9,6.2,True,1.1,0,Pre-Retirement (50-64)
3849,47,Female,Married,Bachelors,Operations,Operations Manager,Senior Level,7185,11.2,8.3,14.5,Hybrid,7.6,4.2,6.3,5.8,False,3.4,0,Senior Career (40-49)
3850,42,Male,Single,PhD,Engineering,Data Engineer,Senior Level,12563,17.5,11.5,11.5,Onsite,1.5,2.4,6.9,5.7,True,4.6,0,Senior Career (40-49)
3851,46,Male,Divorced,Masters,Sales,Sales Manager,Senior Level,6154,13.6,6.1,10.7,Onsite,29.2,7.1,6.5,3.8,False,2.7,1,Senior Career (40-49)
3852,41,Female,Married,High School,Sales,Account Executive,Management,8153,14.4,12.3,21.0,Onsite,6.3,2.8,5.5,7.0,False,4.2,1,Senior Career (40-49)
3854,31,Male,Married,Bachelors,Engineering,QA Engineer,Associate,6314,6.3,6.4,10.1,Hybrid,6.0,4.0,8.4,6.5,True,4.7,0,Mid Career (30-39)
3855,37,Female,Married,Masters,Finance,Financial Analyst,Entry Level,3999,7.0,3.9,5.6,Onsite,6.2,6.2,4.1,6.5,False,6.7,0,Mid Career (30-39)
3856,23,Male,Married,Bachelors,Sales,Account Executive,Associate,4887,13.2,2.0,3.0,Onsite,7.8,4.2,7.8,5.7,False,4.2,0,Early Career (21-29)
3857,41,Female,Married,Masters,Engineering,Engineering Manager,Management,17969,9.3,8.6,20.2,Hybrid,4.5,4.4,7.1,6.2,True,1.0,0,Senior Career (40-49)
3858,42,Male,Divorced,Masters,Research & Development,Research Scientist,Associate,6805,18.7,3.9,13.0,Onsite,9.5,4.7,6.4,3.1,True,1.4,1,Senior Career (40-49)
3859,30,Male,Married,Masters,Engineering,Software Engineer,Senior Level,12100,14.0,9.0,10.0,Onsite,4.0,4.4,6.2,7.6,True,1.0,0,Mid Career (30-39)
3860,34,Male,Single,Bachelors,Research & Development,R&D Manager,Mid Level,5970,15.3,10.2,9.8,Hybrid,8.5,1.7,7.0,6.6,False,3.8,0,Mid Career (30-39)
3861,43,Male,Married,PhD,Engineering,Engineering Manager,Senior Level,14409,12.4,8.6,19.7,Hybrid,3.3,3.6,6.5,6.5,True,3.9,0,Senior Career (40-49)
3862,49,Female,Single,PhD,Marketing,Content Strategist,Senior Level,9349,6.6,9.4,14.5,Onsite,4.6,4.7,6.4,5.3,True,4.2,1,Senior Career (40-49)
3863,40,Female,Married,Bachelors,Marketing,Growth Manager,Senior Level,7309,7.3,9.1,15.4,Hybrid,6.0,5.7,5.7,5.6,True,5.8,0,Senior Career (40-49)
3864,32,Female,Single,Bachelors,Operations,Operations Analyst,Associate,4049,12.9,7.9,12.0,Onsite,12.5,5.5,6.3,5.6,False,5.3,0,Mid Career (30-39)
3865,25,Female,Divorced,Bachelors,Customer Support,Support Team Lead,Associate,2484,21.5,4.0,5.0,Onsite,9.4,3.9,6.4,6.2,True,7.7,0,Early Career (21-29)
3866,26,Female,Married,Bachelors,Sales,Sales Development Rep,Entry Level,3987,10.3,4.7,6.0,Onsite,6.6,2.6,7.9,5.9,False,6.3,0,Early Career (21-29)
3867,33,Female,Divorced,Bachelors,Operations,Operations Manager,Mid Level,5411,17.8,10.5,13.0,Hybrid,0.8,1.0,9.9,8.3,True,5.8,0,Mid Career (30-39)
3868,32,Male,Married,Masters,Engineering,Data Engineer,Associate,7208,13.4,5.4,12.0,Onsite,3.8,4.0,5.9,6.0,True,3.9,0,Mid Career (30-39)
3870,34,Male,Married,Bachelors,Sales,Sales Manager,Mid Level,7259,10.6,7.4,10.0,Hybrid,13.9,6.3,5.0,4.9,True,4.5,0,Mid Career (30-39)
3871,52,Male,Married,Bachelors,Sales,Sales Development Rep,Management,9978,15.9,12.9,14.3,Hybrid,8.5,4.6,9.1,5.0,False,4.3,0,Pre-Retirement (50-64)
3872,45,Female,Married,Bachelors,Sales,Account Executive,Senior Level,8205,14.0,10.7,15.2,Remote,3.8,2.2,6.8,6.8,True,3.8,0,Senior Career (40-49)
3873,48,Male,Married,Bachelors,Sales,Sales Development Rep,Mid Level,8030,12.2,9.1,13.1,Onsite,4.7,4.4,7.2,4.7,True,7.6,0,Senior Career (40-49)
3874,48,Female,Married,Masters,Finance,Accountant,Management,11868,11.1,13.2,18.6,Hybrid,2.8,3.1,5.1,6.3,False,5.1,0,Senior Career (40-49)
3875,37,Male,Married,High School,Engineering,Software Engineer,Mid Level,5753,4.6,8.1,14.3,Onsite,0.3,2.4,6.3,6.8,False,4.6,0,Mid Career (30-39)
3876,44,Female,Single,Masters,Sales,Account Executive,Management,11358,15.4,9.6,17.8,Hybrid,3.2,1.9,9.1,6.7,False,3.9,0,Senior Career (40-49)
3877,35,Female,Single,High School,Sales,Sales Manager,Senior Level,7032,7.7,10.7,15.0,Hybrid,6.4,5.8,5.4,6.2,True,5.4,0,Mid Career (30-39)
3878,37,Female,Single,PhD,Research & Development,R&D Manager,Mid Level,9418,15.0,4.5,9.8,Onsite,17.6,7.4,4.3,4.5,True,4.3,0,Mid Career (30-39)
3879,36,Female,Married,PhD,Engineering,Engineering Manager,Mid Level,7569,10.0,5.7,7.8,Remote,4.0,1.3,10.0,7.9,True,2.6,0,Mid Career (30-39)
3881,36,Female,Single,Masters,Engineering,Engineering Manager,Mid Level,9043,9.1,12.1,16.0,Hybrid,3.6,3.0,7.3,7.1,False,1.0,0,Mid Career (30-39)
3882,32,Male,Divorced,High School,Operations,Operations Manager,Associate,4433,6.3,6.1,12.0,Hybrid,7.5,5.0,4.7,5.7,True,5.8,0,Mid Career (30-39)
3883,55,Female,Married,Masters,Engineering,Engineering Manager,Management,15419,16.8,10.8,21.5,Remote,2.6,1.7,8.9,7.1,True,3.4,0,Pre-Retirement (50-64)
3884,62,Male,Divorced,Bachelors,Finance,Finance Manager,Management,10130,14.7,10.4,15.7,Hybrid,6.1,3.6,7.9,6.4,False,2.8,0,Pre-Retirement (50-64)
3885,50,Female,Married,Bachelors,Operations,Program Manager,Senior Level,7453,11.8,7.8,11.2,Onsite,8.3,4.4,8.6,6.8,True,4.9,0,Pre-Retirement (50-64)
3886,32,Male,Single,Bachelors,Engineering,Engineering Manager,Mid Level,8880,14.8,11.0,12.0,Hybrid,7.4,3.0,7.8,6.4,False,4.4,0,Mid Career (30-39)
3887,34,Male,Married,Bachelors,Customer Support,Support Specialist,Associate,3258,12.7,7.2,6.7,Onsite,3.7,3.7,7.6,7.3,True,10.0,0,Mid Career (30-39)
3888,29,Male,Married,Masters,Research & Development,Product Researcher,Associate,6732,12.8,6.6,9.0,Hybrid,6.7,4.0,4.0,4.5,True,3.7,1,Early Career (21-29)
3889,21,Male,Single,Masters,Engineering,Software Engineer,Associate,7163,10.7,0.0,1.0,Onsite,5.9,3.7,6.4,6.7,True,5.1,0,Early Career (21-29)
3891,24,Female,Single,Bachelors,Human Resources,HR Manager,Associate,5783,11.2,3.0,4.0,Onsite,6.3,5.2,3.6,5.2,False,6.4,1,Early Career (21-29)
3892,48,Male,Married,Masters,Sales,Sales Manager,Management,10226,18.2,9.6,15.6,Remote,7.6,2.6,8.9,6.1,False,4.8,0,Senior Career (40-49)
3893,42,Female,Single,Bachelors,Customer Support,Support Team Lead,Management,8119,10.5,9.7,13.1,Onsite,5.9,5.5,7.6,6.5,False,6.4,1,Senior Career (40-49)
3894,33,Male,Single,High School,Research & Development,Research Scientist,Associate,5300,14.1,3.2,13.0,Onsite,4.9,2.6,9.0,6.1,True,5.3,0,Mid Career (30-39)
3895,26,Female,Divorced,Bachelors,Marketing,Content Strategist,Associate,4377,16.4,3.8,6.0,Remote,4.0,3.9,7.5,7.5,False,7.1,0,Early Career (21-29)
3896,31,Female,Married,Masters,Operations,Operations Analyst,Mid Level,5531,15.8,8.8,11.0,Onsite,1.7,2.8,8.4,7.3,False,4.7,0,Mid Career (30-39)
3897,21,Male,Divorced,Bachelors,Engineering,Software Engineer,Associate,4732,7.8,0.0,1.0,Hybrid,5.6,1.0,10.0,6.1,True,4.3,0,Early Career (21-29)
3899,49,Female,Married,PhD,Engineering,Engineering Manager,Management,12476,5.2,11.6,16.8,Hybrid,7.2,5.7,3.4,5.4,True,2.3,0,Senior Career (40-49)
3900,26,Female,Single,Bachelors,Sales,Account Executive,Entry Level,2735,10.8,2.6,6.0,Hybrid,11.9,6.4,4.8,4.7,True,5.0,0,Early Career (21-29)
3901,21,Male,Married,Masters,Research & Development,Product Researcher,Mid Level,7937,14.3,0.0,1.0,Onsite,18.4,7.6,6.7,6.4,True,3.0,1,Early Career (21-29)
3903,49,Male,Divorced,Bachelors,Customer Support,Support Specialist,Senior Level,6651,13.8,7.7,12.2,Onsite,16.4,5.5,6.6,4.1,True,4.4,0,Senior Career (40-49)
3904,28,Male,Married,Masters,Engineering,QA Engineer,Associate,5594,10.3,7.0,8.0,Remote,9.6,4.5,7.5,7.9,True,3.8,0,Early Career (21-29)
3905,33,Male,Single,Bachelors,Customer Support,Support Specialist,Entry Level,3431,13.5,1.4,12.1,Remote,8.7,3.8,5.7,5.9,False,8.0,1,Mid Career (30-39)
3906,30,Female,Divorced,Bachelors,Engineering,Data Engineer,Associate,6072,13.0,6.4,9.1,Hybrid,4.2,2.9,6.0,6.6,False,2.5,0,Mid Career (30-39)
3907,51,Female,Married,Masters,Engineering,Engineering Manager,Management,18297,8.1,8.3,20.5,Onsite,7.0,3.3,10.0,6.3,True,2.1,0,Pre-Retirement (50-64)
3908,39,Female,Married,Bachelors,Engineering,QA Engineer,Mid Level,11246,10.5,9.5,14.5,Remote,9.9,4.7,7.4,4.3,True,5.7,0,Mid Career (30-39)
3909,33,Male,Married,PhD,Operations,Operations Manager,Mid Level,6462,11.5,8.3,13.0,Onsite,4.2,3.3,6.4,5.8,True,1.2,1,Mid Career (30-39)
3910,37,Male,Single,PhD,Sales,Sales Manager,Management,11522,3.4,8.4,14.2,Hybrid,4.6,4.3,7.2,5.7,False,6.1,0,Mid Career (30-39)
3911,48,Male,Single,Bachelors,Engineering,Engineering Manager,Senior Level,10037,8.3,10.0,16.8,Onsite,4.1,2.4,5.5,8.0,True,5.0,0,Senior Career (40-49)
3912,49,Male,Married,Bachelors,Operations,Operations Manager,Management,9011,14.1,11.2,17.4,Onsite,11.9,3.6,6.4,5.1,True,5.3,0,Senior Career (40-49)
3913,52,Male,Single,Bachelors,Finance,Accountant,Management,11403,12.8,15.2,15.6,Hybrid,3.2,2.9,7.2,7.6,False,4.9,0,Pre-Retirement (50-64)
3914,30,Male,Single,Masters,Engineering,Data Engineer,Associate,6626,14.4,2.3,7.2,Remote,4.5,3.6,8.2,6.7,True,4.0,0,Mid Career (30-39)
3915,35,Female,Single,Bachelors,Human Resources,HR Business Partner,Mid Level,6220,16.1,8.1,9.0,Hybrid,7.0,5.2,5.2,5.1,False,5.0,0,Mid Career (30-39)
3916,51,Female,Single,PhD,Marketing,Growth Manager,Senior Level,14183,8.9,6.3,13.4,Hybrid,2.5,3.6,4.8,7.6,True,3.7,0,Pre-Retirement (50-64)
3917,21,Male,Single,Bachelors,Customer Support,Customer Success Manager,Mid Level,4135,10.8,0.0,1.0,Onsite,13.3,6.8,5.5,4.4,False,3.9,1,Early Career (21-29)
3918,44,Male,Single,Masters,Customer Support,Support Specialist,Senior Level,6229,10.7,8.7,15.4,Hybrid,4.4,5.2,6.2,6.0,True,4.6,0,Senior Career (40-49)
3919,43,Female,Married,Bachelors,Sales,Sales Development Rep,Mid Level,6647,14.4,9.2,14.1,Onsite,6.5,5.4,5.5,6.7,False,4.4,0,Senior Career (40-49)
3920,33,Female,Married,Masters,Human Resources,Recruiter,Associate,5356,9.3,4.4,12.1,Hybrid,3.2,5.1,7.3,7.3,False,5.1,1,Mid Career (30-39)
3921,46,Male,Divorced,Bachelors,Sales,Sales Manager,Management,11017,9.6,14.6,22.6,Onsite,12.8,6.4,6.5,4.9,False,3.8,0,Senior Career (40-49)
3922,34,Female,Single,Bachelors,Engineering,Software Engineer,Associate,6412,10.2,2.5,12.5,Hybrid,9.1,4.4,5.2,2.5,False,3.8,1,Mid Career (30-39)
3923,39,Male,Single,Bachelors,Operations,Operations Analyst,Mid Level,8713,12.1,6.7,17.1,Hybrid,2.4,3.6,7.4,7.5,False,7.1,0,Mid Career (30-39)
3924,46,Female,Single,Masters,Operations,Operations Manager,Senior Level,7729,13.8,8.7,18.8,Remote,5.0,3.0,8.6,7.7,True,5.5,0,Senior Career (40-49)
3925,23,Female,Married,Bachelors,Engineering,QA Engineer,Associate,5298,13.1,2.0,3.0,Hybrid,5.4,2.3,7.0,6.9,True,4.0,0,Early Career (21-29)
3926,30,Male,Married,Masters,Customer Support,Support Specialist,Mid Level,5464,14.1,6.3,10.0,Hybrid,7.2,4.5,6.3,8.4,False,8.3,0,Mid Career (30-39)
3927,52,Male,Single,PhD,Customer Support,Support Specialist,Mid Level,7027,15.0,9.3,12.3,Hybrid,5.0,3.7,7.3,7.5,True,6.6,0,Pre-Retirement (50-64)
3928,21,Male,Married,Masters,Sales,Sales Development Rep,Entry Level,4062,13.8,0.0,1.0,Hybrid,3.4,2.2,7.7,6.4,False,5.0,0,Early Career (21-29)
3929,36,Female,Married,Bachelors,Sales,Sales Manager,Associate,5486,19.1,3.1,11.7,Hybrid,8.1,5.7,3.8,5.7,True,5.5,1,Mid Career (30-39)
3930,43,Male,Single,Masters,Engineering,Engineering Manager,Senior Level,9284,15.5,11.4,17.8,Hybrid,3.9,2.6,7.6,6.8,True,6.0,0,Senior Career (40-49)
3931,36,Male,Married,Bachelors,Operations,Program Manager,Mid Level,5321,14.6,9.5,16.0,Hybrid,1.3,3.8,8.7,6.4,False,4.3,0,Mid Career (30-39)
3932,21,Female,Married,Bachelors,Engineering,QA Engineer,Associate,5074,10.5,0.0,1.0,Hybrid,6.9,2.0,8.5,7.0,False,4.4,0,Early Career (21-29)
3933,49,Female,Married,Bachelors,Customer Support,Support Team Lead,Management,6767,15.0,7.3,12.8,Remote,6.5,1.7,9.5,7.5,True,4.9,0,Senior Career (40-49)
3934,36,Female,Divorced,Bachelors,Sales,Sales Manager,Mid Level,6649,13.0,8.8,16.0,Onsite,6.2,4.4,5.9,8.2,False,4.7,0,Mid Career (30-39)
3935,31,Female,Single,Bachelors,Engineering,Data Engineer,Associate,5315,11.0,6.2,11.0,Remote,7.8,3.5,6.6,5.0,True,2.1,0,Mid Career (30-39)
3936,42,Male,Married,Bachelors,Research & Development,R&D Manager,Senior Level,6311,12.3,8.4,11.6,Hybrid,5.7,3.5,6.6,5.6,True,3.0,0,Senior Career (40-49)
3937,46,Female,Married,Masters,Customer Support,Customer Success Manager,Management,11143,6.0,14.1,20.1,Hybrid,6.0,6.2,5.9,5.0,True,5.8,0,Senior Career (40-49)
3938,51,Male,Married,High School,Sales,Account Executive,Senior Level,7235,10.9,11.2,19.2,Hybrid,6.5,4.6,7.2,5.3,False,6.3,0,Pre-Retirement (50-64)
3939,36,Non-binary,Married,Masters,Engineering,Data Engineer,Entry Level,5390,13.7,2.4,13.7,Hybrid,8.7,2.1,7.7,7.2,False,4.9,0,Mid Career (30-39)
3940,47,Male,Single,Masters,Operations,Program Manager,Senior Level,8316,17.4,10.2,15.4,Onsite,1.6,1.7,9.3,5.8,True,4.5,0,Senior Career (40-49)
3941,40,Non-binary,Single,Masters,Finance,Finance Manager,Management,10954,9.5,11.4,13.7,Hybrid,2.0,4.6,7.0,6.4,False,4.5,0,Senior Career (40-49)
3942,43,Female,Single,High School,Customer Support,Customer Success Manager,Mid Level,3761,9.8,5.6,11.6,Onsite,3.5,1.5,5.7,8.2,False,10.0,0,Senior Career (40-49)
3943,42,Male,Married,PhD,Finance,Financial Analyst,Mid Level,6977,14.2,6.3,9.8,Remote,2.2,1.6,8.1,8.5,False,8.0,0,Senior Career (40-49)
3944,43,Male,Married,Bachelors,Sales,Account Executive,Senior Level,9312,12.0,11.8,21.9,Hybrid,8.5,6.6,6.5,4.8,False,6.3,0,Senior Career (40-49)
3946,38,Male,Married,Masters,Sales,Sales Development Rep,Associate,5112,6.5,8.4,11.1,Hybrid,5.5,4.5,7.6,5.4,False,5.0,0,Mid Career (30-39)
3947,35,Female,Single,Bachelors,Engineering,Software Engineer,Associate,6504,11.3,5.7,11.0,Onsite,5.9,4.1,7.0,5.5,True,4.9,0,Mid Career (30-39)
3948,28,Female,Single,High School,Sales,Account Executive,Mid Level,5679,12.8,6.5,8.0,Remote,9.3,5.4,6.0,6.5,True,3.6,1,Early Career (21-29)
3949,41,Female,Married,Bachelors,Operations,Operations Manager,Senior Level,6078,12.3,8.2,9.9,Onsite,7.0,4.0,6.7,7.2,False,4.2,1,Senior Career (40-49)
3951,30,Male,Single,Masters,Customer Support,Customer Success Manager,Mid Level,5955,13.4,6.3,10.0,Onsite,11.5,6.9,5.3,4.6,True,9.6,1,Mid Career (30-39)
3952,35,Female,Married,Bachelors,Engineering,Data Engineer,Entry Level,3301,17.2,0.0,4.3,Hybrid,8.9,3.7,5.1,5.4,True,4.6,0,Mid Career (30-39)
3953,39,Female,Single,Masters,Operations,Program Manager,Senior Level,6010,1.7,8.9,13.9,Onsite,4.3,5.0,5.4,5.0,True,4.5,1,Mid Career (30-39)
3954,40,Male,Married,Masters,Engineering,Software Engineer,Associate,8398,11.8,10.3,15.9,Onsite,1.1,5.1,5.5,6.4,True,5.9,0,Senior Career (40-49)
3955,28,Female,Single,Masters,Customer Support,Customer Success Manager,Associate,2868,14.8,7.0,8.0,Hybrid,13.1,6.2,4.9,5.0,False,6.9,0,Early Career (21-29)
3956,32,Male,Single,Masters,Engineering,Data Engineer,Associate,7063,11.1,6.5,11.2,Hybrid,12.0,5.9,7.4,4.3,True,7.2,0,Mid Career (30-39)
3957,34,Male,Single,Masters,Marketing,Marketing Specialist,Mid Level,5427,7.4,8.5,14.0,Onsite,3.4,3.4,6.3,6.8,False,7.1,0,Mid Career (30-39)
3958,38,Female,Single,Bachelors,Engineering,QA Engineer,Entry Level,4523,13.7,6.6,9.8,Remote,11.5,6.5,6.9,4.5,False,2.0,0,Mid Career (30-39)
3959,35,Male,Single,Bachelors,Marketing,Marketing Specialist,Senior Level,6219,14.8,12.9,15.0,Hybrid,5.0,3.1,6.9,6.4,False,3.7,0,Mid Career (30-39)
3960,31,Male,Single,Bachelors,Research & Development,Research Scientist,Associate,6607,14.8,5.2,11.0,Hybrid,7.9,5.8,5.2,7.0,False,3.2,0,Mid Career (30-39)
3961,21,Female,Married,High School,Customer Support,Support Specialist,Entry Level,1500,18.3,0.0,1.0,Hybrid,2.6,2.8,4.9,7.8,False,5.8,0,Early Career (21-29)
3962,29,Male,Married,High School,Sales,Account Executive,Associate,3724,3.0,6.6,9.0,Hybrid,13.4,5.2,2.9,6.1,True,4.6,0,Early Career (21-29)
3963,42,Male,Single,Bachelors,Engineering,Data Engineer,Mid Level,7767,14.0,5.3,9.3,Remote,4.4,2.5,7.6,5.6,True,2.9,0,Senior Career (40-49)
3964,36,Male,Married,Masters,Finance,Financial Analyst,Senior Level,7269,8.7,8.4,14.5,Hybrid,5.1,5.2,5.3,7.0,True,6.1,0,Mid Career (30-39)
3966,35,Male,Single,Bachelors,Customer Support,Support Specialist,Associate,4115,6.8,7.1,15.0,Hybrid,2.1,3.0,5.6,6.7,False,9.8,0,Mid Career (30-39)
3967,45,Male,Married,Masters,Operations,Program Manager,Management,10664,9.3,10.9,14.1,Onsite,4.5,5.3,6.3,5.8,True,5.0,1,Senior Career (40-49)
3968,43,Male,Married,Masters,Customer Support,Customer Success Manager,Management,7141,3.5,7.3,10.0,Onsite,4.8,4.0,5.4,6.6,False,2.8,0,Senior Career (40-49)
3969,31,Female,Single,High School,Operations,Operations Analyst,Entry Level,2214,14.2,6.5,9.7,Hybrid,5.6,4.6,5.2,5.6,True,4.7,1,Mid Career (30-39)
3970,31,Male,Married,Bachelors,Sales,Sales Manager,Mid Level,7626,12.1,4.8,9.4,Hybrid,5.8,3.6,5.0,6.2,True,6.8,0,Mid Career (30-39)
3971,21,Male,Single,Bachelors,Research & Development,Research Scientist,Associate,4358,11.8,0.0,1.0,Hybrid,15.3,7.1,6.1,6.5,True,2.5,0,Early Career (21-29)
3972,27,Male,Single,Masters,Engineering,QA Engineer,Associate,6777,0.3,6.0,7.0,Hybrid,4.5,3.8,5.5,7.7,True,4.6,0,Early Career (21-29)
3973,41,Male,Single,Bachelors,Marketing,Marketing Specialist,Associate,4640,12.1,4.1,6.2,Hybrid,2.4,2.1,8.4,8.1,True,7.1,0,Senior Career (40-49)
3974,53,Male,Single,Bachelors,Finance,Finance Manager,Senior Level,7674,12.6,10.9,12.9,Onsite,11.0,4.3,6.1,4.7,True,3.4,0,Pre-Retirement (50-64)
3975,42,Female,Single,Bachelors,Finance,Accountant,Senior Level,9060,13.6,8.0,14.0,Hybrid,4.5,3.3,6.0,6.2,True,3.7,0,Senior Career (40-49)
3976,45,Female,Married,Masters,Operations,Operations Analyst,Management,10168,17.4,13.0,19.3,Hybrid,4.8,3.9,5.1,5.9,True,2.3,0,Senior Career (40-49)
3977,31,Female,Married,Bachelors,Human Resources,Recruiter,Senior Level,7868,10.1,10.0,11.0,Hybrid,3.6,1.8,7.4,6.1,True,3.5,0,Mid Career (30-39)
3978,24,Male,Single,Bachelors,Engineering,QA Engineer,Mid Level,6825,19.1,3.0,4.0,Onsite,3.3,3.5,7.8,7.2,True,3.8,0,Early Career (21-29)
3979,31,Male,Married,High School,Customer Support,Customer Success Manager,Associate,3562,8.1,10.0,11.0,Remote,18.8,6.9,4.3,4.8,True,5.7,1,Mid Career (30-39)
3980,42,Male,Single,Bachelors,Operations,Operations Manager,Senior Level,8813,13.0,6.9,11.8,Hybrid,5.0,2.9,5.5,5.1,True,2.9,0,Senior Career (40-49)
3981,47,Male,Divorced,Bachelors,Engineering,Engineering Manager,Senior Level,14196,16.4,7.2,17.5,Onsite,7.0,4.3,5.9,5.7,False,5.6,0,Senior Career (40-49)
3982,44,Female,Married,Masters,Finance,Finance Manager,Management,11260,10.6,11.1,19.9,Hybrid,3.5,4.0,7.6,5.9,True,5.5,0,Senior Career (40-49)
3983,32,Male,Single,Masters,Engineering,Data Engineer,Associate,6409,11.7,5.5,8.2,Onsite,15.0,5.6,5.4,5.4,False,3.6,0,Mid Career (30-39)
3984,49,Female,Married,Bachelors,Marketing,Marketing Specialist,Management,9504,13.3,11.9,19.8,Onsite,8.2,3.9,8.4,4.8,True,5.5,0,Senior Career (40-49)
3985,21,Male,Single,PhD,Marketing,Content Strategist,Associate,5669,15.5,0.0,1.0,Remote,15.0,3.6,7.7,5.3,False,5.2,0,Early Career (21-29)
3986,29,Male,Single,Bachelors,Engineering,Software Engineer,Mid Level,7478,10.0,5.5,9.0,Onsite,3.8,4.9,5.5,5.7,True,4.2,0,Early Career (21-29)
3987,33,Female,Divorced,Masters,Sales,Sales Development Rep,Associate,5860,13.5,6.6,5.9,Hybrid,12.7,5.2,6.5,6.2,False,5.0,0,Mid Career (30-39)
3988,37,Male,Married,Bachelors,Sales,Sales Development Rep,Entry Level,3245,14.5,1.7,6.7,Onsite,11.9,6.1,4.9,4.9,False,8.2,1,Mid Career (30-39)
3989,48,Male,Married,Masters,Operations,Operations Manager,Mid Level,7714,15.6,6.9,10.6,Onsite,3.5,2.8,6.5,6.7,True,3.7,0,Senior Career (40-49)
3990,38,Female,Married,High School,Engineering,Software Engineer,Entry Level,2649,11.3,4.7,8.6,Hybrid,3.1,3.3,6.9,7.3,True,4.4,0,Mid Career (30-39)
3991,25,Male,Married,Masters,Sales,Account Executive,Entry Level,4247,12.6,3.8,5.0,Hybrid,6.5,2.6,6.7,6.1,False,5.1,0,Early Career (21-29)
3992,38,Male,Single,Masters,Engineering,Engineering Manager,Management,14984,5.1,10.4,17.8,Remote,1.4,2.3,8.5,8.2,True,3.9,0,Mid Career (30-39)
3993,35,Male,Single,Bachelors,Finance,Accountant,Mid Level,5814,11.4,6.5,10.7,Remote,14.2,7.9,5.6,3.4,True,5.4,0,Mid Career (30-39)
3994,41,Male,Married,Masters,Customer Support,Support Specialist,Entry Level,3592,8.8,4.1,13.7,Remote,14.0,6.1,7.7,5.1,True,7.6,0,Senior Career (40-49)
3995,34,Male,Single,PhD,Human Resources,HR Manager,Mid Level,6368,9.0,4.3,8.3,Onsite,3.2,3.5,7.5,5.5,False,3.3,0,Mid Career (30-39)
3996,31,Male,Single,Masters,Research & Development,Product Researcher,Associate,5601,12.5,5.3,9.8,Remote,2.2,1.0,9.5,6.8,True,2.7,0,Mid Career (30-39)
3997,42,Male,Married,High School,Finance,Financial Analyst,Mid Level,5063,12.1,11.1,21.9,Onsite,2.8,3.6,4.8,7.5,False,6.7,0,Senior Career (40-49)
3998,46,Female,Married,Bachelors,Customer Support,Customer Success Manager,Mid Level,4654,11.0,8.4,18.8,Hybrid,3.8,3.8,7.2,6.2,True,7.3,0,Senior Career (40-49)
3999,33,Male,Divorced,PhD,Marketing,Marketing Specialist,Senior Level,7799,14.8,12.0,13.0,Hybrid,4.8,5.0,7.9,6.5,False,7.0,0,Mid Career (30-39)
4000,41,Female,Single,Masters,Customer Support,Customer Success Manager,Associate,3266,15.1,1.1,4.8,Hybrid,21.4,6.3,4.9,3.5,True,4.9,0,Senior Career (40-49)
4001,38,Female,Single,Masters,Engineering,Software Engineer,Mid Level,9204,7.3,8.7,15.8,Hybrid,1.4,5.3,3.7,5.8,False,4.4,0,Mid Career (30-39)
4002,40,Female,Single,Bachelors,Marketing,Content Strategist,Mid Level,8322,10.5,5.0,8.3,Onsite,4.6,4.4,6.6,7.3,False,3.7,0,Senior Career (40-49)
4003,36,Female,Married,Bachelors,Sales,Sales Manager,Associate,6345,15.3,7.2,12.3,Hybrid,9.9,4.8,7.7,5.0,False,7.9,0,Mid Career (30-39)
4004,39,Male,Single,Bachelors,Engineering,Data Engineer,Senior Level,9132,9.2,7.4,11.3,Hybrid,1.5,2.5,5.5,6.9,True,4.3,0,Mid Career (30-39)
4005,21,Male,Married,Masters,Human Resources,HR Manager,Associate,3738,12.4,0.0,1.0,Onsite,0.7,3.2,6.7,6.6,True,7.0,0,Early Career (21-29)
4006,40,Female,Married,Bachelors,Engineering,QA Engineer,Associate,5852,8.9,4.4,13.9,Onsite,10.3,4.2,6.1,5.3,False,3.7,0,Senior Career (40-49)
4007,38,Male,Single,Masters,Customer Support,Support Team Lead,Mid Level,4347,6.2,5.7,8.6,Onsite,13.1,5.7,5.0,6.2,True,7.2,1,Mid Career (30-39)
4008,31,Male,Married,Bachelors,Sales,Account Executive,Associate,7149,18.1,6.3,11.0,Hybrid,12.5,5.9,5.6,4.8,False,4.8,1,Mid Career (30-39)
4009,52,Female,Married,Bachelors,Engineering,QA Engineer,Management,8166,12.9,11.5,15.9,Onsite,5.7,4.2,6.9,9.1,True,3.7,0,Pre-Retirement (50-64)
4011,30,Female,Single,High School,Sales,Sales Manager,Mid Level,5497,12.7,7.5,10.0,Hybrid,2.9,4.4,5.2,5.7,False,5.8,0,Mid Career (30-39)
4012,40,Male,Married,Bachelors,Sales,Sales Manager,Associate,5233,11.5,1.9,5.3,Onsite,4.0,5.1,6.3,6.3,False,5.8,0,Senior Career (40-49)
4013,39,Female,Single,Bachelors,Engineering,Engineering Manager,Senior Level,10281,14.7,11.8,13.4,Hybrid,9.8,4.6,8.1,4.6,True,3.8,0,Mid Career (30-39)
4014,31,Female,Married,High School,Engineering,Software Engineer,Mid Level,6724,10.6,4.6,8.2,Remote,4.6,1.2,7.9,6.2,True,5.0,0,Mid Career (30-39)
4015,50,Female,Single,Masters,Human Resources,HR Business Partner,Senior Level,10557,12.6,7.1,12.5,Remote,8.1,3.5,5.3,6.9,True,3.4,0,Pre-Retirement (50-64)
4016,23,Female,Married,Masters,Engineering,Software Engineer,Associate,5920,12.2,2.0,3.0,Onsite,8.2,5.0,6.3,6.0,True,4.0,1,Early Career (21-29)
4017,55,Male,Married,PhD,Sales,Account Executive,Management,12252,5.3,9.1,24.4,Onsite,5.9,5.3,6.2,6.1,True,5.5,1,Pre-Retirement (50-64)
4018,45,Female,Married,High School,Operations,Operations Manager,Management,7372,8.0,11.4,21.1,Onsite,2.0,4.0,5.0,7.1,True,6.3,0,Senior Career (40-49)
4019,31,Male,Married,Bachelors,Operations,Operations Manager,Associate,3662,7.1,10.0,11.0,Hybrid,14.0,4.5,6.7,4.1,False,6.4,0,Mid Career (30-39)
4021,27,Male,Married,Bachelors,Sales,Sales Development Rep,Mid Level,8373,8.7,6.0,7.0,Onsite,4.1,1.1,7.9,6.9,False,7.1,0,Early Career (21-29)
4022,46,Male,Married,Bachelors,Sales,Sales Manager,Management,12902,13.5,13.8,18.6,Hybrid,15.8,6.8,7.1,6.1,False,5.3,0,Senior Career (40-49)
4023,27,Female,Single,Bachelors,Sales,Sales Development Rep,Mid Level,5181,11.8,6.0,7.0,Hybrid,2.8,2.3,8.6,7.7,True,5.5,0,Early Career (21-29)
4024,48,Female,Married,Bachelors,Research & Development,Research Scientist,Senior Level,9798,15.2,6.6,9.9,Hybrid,5.8,1.6,10.0,6.2,False,3.2,0,Senior Career (40-49)
4026,38,Male,Single,Masters,Customer Support,Support Team Lead,Senior Level,6968,16.3,10.4,11.1,Onsite,2.6,2.9,6.2,6.1,False,4.0,0,Mid Career (30-39)
4027,44,Male,Married,Masters,Sales,Sales Manager,Mid Level,7934,14.7,5.9,12.4,Hybrid,13.8,6.7,5.3,4.9,True,2.6,0,Senior Career (40-49)
4028,21,Male,Single,Masters,Customer Support,Support Specialist,Associate,3649,14.8,0.0,1.0,Onsite,9.3,5.5,6.9,6.5,False,10.0,0,Early Career (21-29)
4029,34,Male,Single,Masters,Research & Development,R&D Manager,Mid Level,9166,8.1,12.7,14.0,Hybrid,6.9,3.5,7.0,6.4,True,3.5,0,Mid Career (30-39)
4030,37,Female,Single,Bachelors,Finance,Accountant,Mid Level,8525,10.7,2.8,4.0,Hybrid,2.4,3.4,5.9,6.8,False,3.9,0,Mid Career (30-39)
4031,41,Male,Married,Masters,Customer Support,Support Team Lead,Mid Level,5611,11.5,7.6,11.3,Onsite,5.4,5.2,4.2,6.8,True,3.5,0,Senior Career (40-49)
4032,37,Male,Married,Bachelors,Customer Support,Support Team Lead,Senior Level,6233,6.7,7.8,12.6,Hybrid,5.6,2.8,7.3,6.8,True,6.6,0,Mid Career (30-39)
4033,24,Male,Single,Bachelors,Sales,Sales Development Rep,Entry Level,2548,14.9,3.0,4.0,Hybrid,12.5,5.2,5.5,4.0,True,4.7,0,Early Career (21-29)
4034,44,Male,Single,Masters,Engineering,Engineering Manager,Senior Level,12363,7.4,10.1,13.3,Remote,4.4,3.0,5.9,6.5,True,3.9,1,Senior Career (40-49)
4035,39,Female,Single,Bachelors,Research & Development,Product Researcher,Entry Level,4412,16.6,4.0,11.7,Remote,7.2,4.1,5.8,7.1,False,3.5,0,Mid Career (30-39)
4036,34,Male,Married,Bachelors,Operations,Operations Analyst,Entry Level,2874,15.6,0.1,13.2,Onsite,3.3,2.8,7.0,6.0,False,7.6,0,Mid Career (30-39)
4037,40,Male,Married,Bachelors,Customer Support,Support Team Lead,Senior Level,6059,10.0,5.2,13.0,Hybrid,3.7,5.2,4.7,7.4,False,9.1,1,Senior Career (40-49)
4038,28,Female,Married,Bachelors,Engineering,QA Engineer,Entry Level,4225,17.4,4.2,8.0,Hybrid,1.6,4.7,4.1,7.8,True,3.3,0,Early Career (21-29)
4039,47,Male,Single,Bachelors,Operations,Program Manager,Management,9812,13.9,13.4,15.5,Hybrid,0.9,2.1,7.1,7.4,True,4.8,0,Senior Career (40-49)
4040,39,Female,Single,Bachelors,Operations,Program Manager,Associate,4846,9.1,2.6,11.1,Remote,2.4,1.8,5.8,8.5,True,4.1,0,Mid Career (30-39)
4041,26,Non-binary,Single,Bachelors,Operations,Program Manager,Associate,3864,8.1,1.9,6.0,Onsite,3.3,2.4,7.7,6.5,True,4.3,0,Early Career (21-29)
4042,43,Female,Divorced,Bachelors,Research & Development,R&D Manager,Mid Level,9342,11.3,4.7,10.1,Hybrid,7.5,4.0,4.5,5.8,True,5.2,0,Senior Career (40-49)
4043,21,Female,Single,Bachelors,Research & Development,R&D Manager,Associate,6123,14.6,0.0,1.0,Hybrid,0.7,3.8,6.9,5.0,True,6.0,0,Early Career (21-29)
4044,32,Female,Single,PhD,Customer Support,Customer Success Manager,Associate,3898,18.5,3.6,8.4,Remote,9.9,3.9,7.6,5.1,False,5.9,0,Mid Career (30-39)
4045,37,Male,Single,Bachelors,Sales,Sales Manager,Mid Level,6659,14.2,4.7,15.5,Hybrid,4.8,3.7,8.7,6.7,True,6.3,1,Mid Career (30-39)
4047,45,Female,Divorced,Masters,Marketing,Growth Manager,Senior Level,9454,12.3,11.4,23.1,Onsite,11.3,4.2,6.0,4.5,True,4.0,0,Senior Career (40-49)
4048,35,Male,Single,Bachelors,Engineering,QA Engineer,Mid Level,9228,9.9,7.9,15.0,Hybrid,2.3,3.4,5.9,7.4,True,4.8,1,Mid Career (30-39)
4049,27,Male,Married,Bachelors,Finance,Financial Analyst,Entry Level,4596,11.0,6.0,7.0,Hybrid,6.7,4.7,7.3,6.9,True,6.8,0,Early Career (21-29)
4050,31,Female,Married,Bachelors,Sales,Account Executive,Associate,6183,12.6,10.0,11.0,Onsite,3.5,1.5,8.5,6.6,True,5.3,0,Mid Career (30-39)
4051,31,Female,Single,Masters,Engineering,Data Engineer,Entry Level,5842,10.9,5.7,10.6,Onsite,5.3,2.4,6.5,6.2,True,4.3,0,Mid Career (30-39)
4052,29,Male,Married,Bachelors,Research & Development,Product Researcher,Associate,5858,8.4,5.5,9.0,Onsite,4.0,5.3,4.0,6.8,True,4.6,0,Early Career (21-29)
4053,41,Male,Married,Masters,Sales,Sales Manager,Senior Level,9971,9.3,14.3,21.0,Hybrid,5.5,4.9,5.6,6.2,True,4.4,0,Senior Career (40-49)
4054,46,Male,Single,High School,Customer Support,Customer Success Manager,Senior Level,7476,10.2,9.9,20.4,Onsite,5.8,2.5,8.8,7.8,False,5.0,0,Senior Career (40-49)
4055,38,Male,Single,Bachelors,Human Resources,Recruiter,Associate,4932,10.0,8.7,11.8,Hybrid,3.6,3.3,6.4,4.5,False,2.2,1,Mid Career (30-39)
4056,58,Male,Single,Masters,Sales,Sales Manager,Management,11033,11.5,11.0,19.7,Remote,9.0,3.7,8.8,5.1,True,1.0,0,Pre-Retirement (50-64)
4057,37,Male,Single,Bachelors,Engineering,Engineering Manager,Mid Level,8541,11.3,8.6,17.0,Remote,5.0,3.7,5.4,5.0,True,4.9,1,Mid Career (30-39)
4058,31,Female,Single,Masters,Operations,Program Manager,Mid Level,6925,14.0,5.4,11.0,Onsite,11.6,5.5,6.9,6.7,False,5.5,0,Mid Career (30-39)
4059,27,Male,Divorced,Bachelors,Engineering,Engineering Manager,Mid Level,7383,13.9,6.0,7.0,Remote,5.6,4.2,7.0,6.3,False,3.2,0,Early Career (21-29)
4060,21,Male,Married,Bachelors,Research & Development,Product Researcher,Entry Level,3688,11.5,0.0,1.0,Onsite,11.5,3.5,6.2,5.5,True,3.4,1,Early Career (21-29)
4061,29,Male,Single,Bachelors,Customer Support,Support Specialist,Entry Level,2195,10.6,1.8,9.0,Hybrid,3.6,2.6,7.4,7.7,False,7.7,0,Early Career (21-29)
4062,36,Male,Married,High School,Human Resources,HR Manager,Associate,4986,12.6,8.0,11.1,Remote,15.6,3.4,8.6,4.4,False,7.4,0,Mid Career (30-39)
4063,51,Male,Single,PhD,Operations,Operations Manager,Management,14445,6.8,13.7,28.7,Hybrid,3.3,3.6,7.1,5.3,False,3.5,0,Pre-Retirement (50-64)
4064,28,Male,Single,Bachelors,Engineering,Engineering Manager,Mid Level,9403,10.1,7.0,7.1,Hybrid,5.4,3.8,4.7,6.2,True,4.2,0,Early Career (21-29)
4065,47,Male,Married,Masters,Marketing,Content Strategist,Management,10746,11.0,8.0,10.8,Remote,3.1,2.2,8.6,7.8,True,7.8,0,Senior Career (40-49)
4066,37,Male,Married,Bachelors,Operations,Operations Analyst,Associate,4189,6.4,1.4,7.6,Remote,5.8,2.7,7.5,6.9,False,8.4,1,Mid Career (30-39)
4067,37,Female,Married,Bachelors,Engineering,QA Engineer,Senior Level,10198,6.5,10.1,15.8,Onsite,15.6,7.5,4.8,3.6,True,2.9,1,Mid Career (30-39)
4068,33,Female,Married,Bachelors,Sales,Account Executive,Mid Level,7840,8.9,7.6,10.2,Onsite,2.7,4.8,5.4,5.9,True,3.9,0,Mid Career (30-39)
4069,42,Female,Married,Bachelors,Research & Development,Product Researcher,Mid Level,10255,6.8,7.1,11.4,Onsite,7.6,5.3,7.1,6.0,False,5.0,0,Senior Career (40-49)
4070,45,Female,Divorced,PhD,Sales,Sales Development Rep,Senior Level,12774,9.5,10.5,20.0,Remote,3.9,1.0,9.1,7.1,False,4.5,0,Senior Career (40-49)
4071,34,Male,Single,Bachelors,Engineering,Engineering Manager,Associate,4482,11.6,2.8,6.3,Onsite,4.8,3.3,5.4,5.9,False,5.0,0,Mid Career (30-39)
4072,35,Male,Single,Bachelors,Sales,Sales Manager,Senior Level,7951,17.1,9.0,13.8,Remote,13.5,4.8,7.2,5.7,True,3.7,0,Mid Career (30-39)
4073,40,Male,Single,Masters,Engineering,Software Engineer,Associate,8194,12.2,7.3,15.3,Hybrid,4.1,7.5,3.1,6.9,True,5.2,1,Senior Career (40-49)
4074,32,Female,Single,Masters,Engineering,Software Engineer,Entry Level,6452,15.4,0.0,9.7,Onsite,1.3,2.2,8.6,8.0,True,2.8,0,Mid Career (30-39)
4075,37,Male,Married,Masters,Research & Development,Product Researcher,Mid Level,7945,13.4,9.2,15.1,Onsite,6.8,4.9,7.1,5.8,True,3.3,0,Mid Career (30-39)
4076,45,Female,Married,High School,Sales,Sales Development Rep,Management,8749,14.9,7.2,16.7,Onsite,9.6,6.0,5.5,4.5,False,1.6,0,Senior Career (40-49)
4077,42,Male,Married,Bachelors,Marketing,Growth Manager,Senior Level,6997,11.2,12.0,21.5,Hybrid,3.1,2.9,8.2,6.2,True,7.3,1,Senior Career (40-49)
4078,36,Male,Married,Masters,Engineering,Engineering Manager,Associate,4925,9.5,1.2,15.3,Onsite,1.3,2.7,5.9,6.8,True,7.6,0,Mid Career (30-39)
4079,45,Male,Single,High School,Sales,Account Executive,Mid Level,5611,12.5,9.1,18.3,Onsite,27.4,6.1,7.1,3.6,False,6.0,1,Senior Career (40-49)
4080,21,Male,Married,Bachelors,Engineering,Data Engineer,Associate,5520,12.9,0.0,1.0,Remote,2.4,2.1,10.0,6.5,True,4.8,0,Early Career (21-29)
4081,31,Female,Divorced,Bachelors,Engineering,Engineering Manager,Associate,5119,13.5,5.1,8.7,Onsite,9.7,2.9,7.2,8.3,True,5.3,0,Mid Career (30-39)
4082,42,Male,Single,PhD,Human Resources,HR Business Partner,Management,11585,15.3,10.1,14.5,Remote,9.8,3.7,6.9,6.5,True,5.9,0,Senior Career (40-49)
4083,42,Male,Divorced,Bachelors,Customer Support,Support Specialist,Associate,3387,14.5,7.4,16.1,Hybrid,7.4,3.1,7.5,7.0,True,3.3,0,Senior Career (40-49)
4084,35,Male,Single,Bachelors,Engineering,Data Engineer,Associate,5423,9.0,2.0,4.2,Hybrid,2.5,3.1,6.8,6.6,True,4.0,0,Mid Career (30-39)
4085,22,Female,Single,Masters,Human Resources,HR Business Partner,Entry Level,4241,15.7,1.0,2.0,Onsite,1.1,2.7,9.5,7.0,False,5.5,0,Early Career (21-29)
4086,39,Female,Married,Bachelors,Sales,Account Executive,Associate,4735,11.0,8.1,13.4,Hybrid,5.6,3.7,7.9,6.0,True,6.0,0,Mid Career (30-39)
4087,42,Non-binary,Married,Bachelors,Finance,Accountant,Associate,6216,10.4,4.3,10.3,Onsite,8.3,4.0,7.1,4.0,False,4.3,0,Senior Career (40-49)
4088,33,Male,Divorced,PhD,Customer Support,Customer Success Manager,Mid Level,6157,15.7,6.1,11.2,Onsite,4.8,5.8,4.2,7.4,True,5.8,0,Mid Career (30-39)
4089,45,Male,Single,Masters,Engineering,Data Engineer,Senior Level,13691,11.6,12.1,21.6,Onsite,3.2,6.2,5.0,6.8,False,5.5,0,Senior Career (40-49)
4090,41,Female,Single,High School,Finance,Accountant,Senior Level,6600,15.4,6.9,13.8,Remote,1.5,3.1,5.5,6.1,True,6.2,0,Senior Career (40-49)
4091,44,Female,Married,Masters,Customer Support,Support Team Lead,Associate,4319,7.3,6.2,10.5,Remote,4.2,2.9,7.8,7.1,True,6.5,0,Senior Career (40-49)
4092,36,Male,Married,High School,Finance,Finance Manager,Mid Level,6044,12.2,2.5,7.2,Onsite,2.7,2.0,8.1,8.2,True,1.3,0,Mid Career (30-39)
4093,34,Female,Married,High School,Sales,Sales Manager,Associate,5701,11.9,10.0,13.8,Remote,8.5,1.8,6.2,6.7,True,3.4,0,Mid Career (30-39)
4094,35,Male,Married,Masters,Engineering,Software Engineer,Associate,6108,11.2,7.0,11.7,Remote,1.9,1.6,7.5,7.0,True,4.2,0,Mid Career (30-39)
4095,42,Male,Married,Bachelors,Human Resources,HR Business Partner,Senior Level,7918,14.0,11.5,15.9,Hybrid,23.4,6.5,6.0,3.1,True,2.8,0,Senior Career (40-49)
4096,59,Male,Divorced,PhD,Marketing,Growth Manager,Management,13055,9.6,10.3,14.6,Onsite,4.2,2.1,8.4,8.2,True,2.7,0,Pre-Retirement (50-64)
4097,32,Female,Single,Masters,Sales,Sales Manager,Associate,5370,8.5,3.0,8.5,Hybrid,10.8,5.3,5.7,4.8,True,3.2,0,Mid Career (30-39)
4098,33,Female,Single,Bachelors,Sales,Sales Development Rep,Associate,5259,8.0,8.0,13.0,Hybrid,9.0,4.5,5.7,4.4,True,2.8,1,Mid Career (30-39)
4099,28,Female,Married,Bachelors,Engineering,Data Engineer,Entry Level,4847,12.6,1.8,8.0,Remote,5.9,5.7,6.6,7.3,False,3.6,0,Early Career (21-29)
4100,50,Female,Divorced,Masters,Sales,Sales Manager,Management,10712,12.8,7.6,10.7,Hybrid,4.6,5.7,4.9,5.4,False,6.1,0,Pre-Retirement (50-64)
4101,31,Female,Single,Bachelors,Human Resources,HR Business Partner,Entry Level,2917,11.0,1.8,7.1,Onsite,22.6,7.6,5.5,4.9,True,5.2,1,Mid Career (30-39)
4102,33,Male,Single,Masters,Research & Development,Product Researcher,Associate,8631,14.4,5.8,11.0,Hybrid,6.1,3.1,8.2,6.4,True,1.0,0,Mid Career (30-39)
4103,37,Female,Single,Masters,Customer Support,Customer Success Manager,Senior Level,6186,6.8,7.3,11.9,Hybrid,9.7,5.4,3.5,4.4,False,6.3,1,Mid Career (30-39)
4104,29,Female,Married,Masters,Sales,Sales Manager,Associate,5762,12.4,6.1,9.0,Remote,4.4,3.3,5.1,5.5,False,5.5,0,Early Career (21-29)
4105,30,Male,Single,Bachelors,Customer Support,Support Team Lead,Associate,4844,8.7,6.3,10.0,Hybrid,3.3,2.0,9.0,6.6,False,8.5,0,Mid Career (30-39)
4106,30,Female,Single,Bachelors,Sales,Sales Manager,Senior Level,8135,10.5,9.0,10.0,Onsite,6.9,3.6,6.6,6.6,True,4.9,0,Mid Career (30-39)
4107,44,Male,Single,Bachelors,Sales,Account Executive,Mid Level,6168,14.8,8.1,16.0,Onsite,4.1,1.2,7.7,7.6,False,6.6,0,Senior Career (40-49)
4108,40,Male,Single,Masters,Marketing,Marketing Specialist,Associate,4423,12.2,2.4,7.8,Hybrid,2.7,4.9,7.2,5.7,False,9.1,1,Senior Career (40-49)
4109,48,Female,Married,Bachelors,Sales,Sales Manager,Management,10309,10.4,8.9,14.4,Onsite,14.8,5.8,6.9,5.4,True,4.2,0,Senior Career (40-49)
4110,33,Male,Divorced,Bachelors,Sales,Sales Manager,Senior Level,8837,9.3,12.0,13.0,Hybrid,13.3,4.0,8.1,4.9,True,4.0,0,Mid Career (30-39)
4111,46,Male,Single,Bachelors,Customer Support,Support Specialist,Management,11379,8.8,11.0,17.4,Onsite,4.9,4.3,5.1,4.8,True,5.8,0,Senior Career (40-49)
4112,50,Male,Married,Masters,Human Resources,HR Business Partner,Mid Level,6300,6.1,4.3,10.6,Remote,8.7,4.1,6.9,5.8,True,6.1,1,Pre-Retirement (50-64)
4113,21,Female,Single,Bachelors,Research & Development,Product Researcher,Entry Level,3929,14.7,0.0,1.0,Remote,4.9,2.1,7.3,7.2,False,1.8,0,Early Career (21-29)
4114,34,Female,Single,PhD,Finance,Financial Analyst,Senior Level,9067,9.3,7.7,14.0,Onsite,11.0,5.1,6.4,5.5,True,5.5,0,Mid Career (30-39)
4115,44,Male,Married,Masters,Research & Development,Product Researcher,Senior Level,10724,14.6,9.6,16.8,Onsite,7.1,4.2,6.8,4.3,True,3.9,0,Senior Career (40-49)
4116,27,Female,Married,Bachelors,Marketing,Content Strategist,Associate,5543,13.7,3.3,7.0,Onsite,19.2,7.0,5.8,4.5,False,1.8,0,Early Career (21-29)
4117,32,Female,Single,Bachelors,Human Resources,HR Manager,Mid Level,6629,13.0,9.3,12.0,Onsite,7.0,5.2,4.4,5.6,False,3.6,0,Mid Career (30-39)
4118,42,Female,Divorced,Bachelors,Research & Development,Product Researcher,Mid Level,7268,11.2,8.6,15.4,Hybrid,9.8,4.6,7.0,7.7,True,3.4,0,Senior Career (40-49)
4119,35,Female,Single,Masters,Customer Support,Support Specialist,Entry Level,2673,13.0,7.5,15.0,Hybrid,9.3,6.8,3.6,4.4,False,6.5,1,Mid Career (30-39)
4121,38,Female,Single,Bachelors,Sales,Sales Manager,Senior Level,7417,11.2,7.7,13.8,Hybrid,7.8,5.3,6.5,6.5,True,4.8,0,Mid Career (30-39)
4123,34,Female,Single,Masters,Human Resources,HR Business Partner,Associate,6093,13.3,2.4,10.0,Hybrid,10.4,4.6,6.4,6.0,False,7.6,0,Mid Career (30-39)
4124,33,Female,Single,Masters,Engineering,Engineering Manager,Mid Level,7447,18.4,8.6,13.0,Hybrid,10.9,4.1,8.0,6.5,False,2.7,0,Mid Career (30-39)
4125,30,Female,Married,Masters,Research & Development,R&D Manager,Associate,7275,7.3,5.6,10.0,Hybrid,6.8,2.5,6.0,5.8,True,3.4,0,Mid Career (30-39)
4126,37,Male,Married,Bachelors,Marketing,Marketing Specialist,Senior Level,7415,11.8,10.4,13.2,Hybrid,5.2,3.8,9.3,5.5,True,6.1,0,Mid Career (30-39)
4127,36,Male,Married,Bachelors,Engineering,QA Engineer,Associate,4824,4.5,9.7,13.5,Remote,7.9,3.0,5.4,6.3,True,3.6,0,Mid Career (30-39)
4128,27,Female,Married,Bachelors,Operations,Operations Analyst,Associate,3993,16.2,6.0,7.0,Hybrid,8.8,5.3,5.6,5.4,False,4.3,0,Early Career (21-29)
4129,49,Female,Single,Masters,Customer Support,Support Specialist,Management,10078,9.4,15.6,19.3,Onsite,10.5,6.4,8.4,6.1,True,5.1,0,Senior Career (40-49)
4130,28,Male,Single,Bachelors,Sales,Sales Development Rep,Mid Level,5877,16.9,7.0,8.0,Hybrid,9.1,4.1,5.5,5.2,False,4.8,0,Early Career (21-29)
4131,48,Male,Married,Masters,Operations,Operations Manager,Management,9876,11.1,10.7,17.1,Hybrid,2.5,1.0,8.4,7.2,False,4.8,0,Senior Career (40-49)
4132,44,Female,Single,Bachelors,Engineering,Software Engineer,Mid Level,7155,7.1,6.5,9.8,Hybrid,9.7,2.6,7.8,6.2,True,4.4,0,Senior Career (40-49)
4133,39,Male,Divorced,Bachelors,Customer Support,Customer Success Manager,Senior Level,5491,7.6,11.5,19.0,Hybrid,4.3,2.7,6.1,7.5,False,4.8,0,Mid Career (30-39)
4134,41,Male,Divorced,Masters,Marketing,Growth Manager,Senior Level,8054,11.4,5.3,10.7,Onsite,2.3,3.7,7.3,6.4,False,6.5,0,Senior Career (40-49)
4135,35,Male,Divorced,Bachelors,Sales,Sales Manager,Mid Level,7091,12.8,9.4,15.0,Hybrid,11.6,6.6,5.6,4.3,True,5.3,0,Mid Career (30-39)
4136,32,Female,Married,Bachelors,Engineering,Data Engineer,Mid Level,8129,12.4,9.0,12.0,Hybrid,11.5,3.9,9.9,5.1,True,1.3,0,Mid Career (30-39)
4137,33,Female,Married,High School,Sales,Account Executive,Mid Level,4340,12.9,3.3,10.0,Onsite,4.1,6.0,5.8,6.5,True,4.8,0,Mid Career (30-39)
4138,41,Male,Married,Bachelors,Engineering,Data Engineer,Senior Level,8586,11.7,6.8,11.8,Hybrid,3.1,3.2,6.1,7.7,False,5.2,0,Senior Career (40-49)
4139,31,Female,Single,Bachelors,Sales,Account Executive,Entry Level,3931,16.6,3.1,7.2,Hybrid,7.5,5.6,3.6,6.6,True,7.3,0,Mid Career (30-39)
4140,32,Female,Single,High School,Human Resources,HR Business Partner,Associate,3660,20.7,1.5,8.3,Onsite,8.7,5.3,5.9,6.1,True,4.7,0,Mid Career (30-39)
4141,41,Male,Divorced,Bachelors,Operations,Operations Manager,Management,11468,9.6,12.8,19.9,Onsite,0.9,3.8,5.9,7.3,True,6.9,0,Senior Career (40-49)
4142,33,Female,Married,Masters,Sales,Sales Manager,Mid Level,7001,12.9,5.1,12.4,Onsite,7.8,3.7,8.8,7.1,True,4.7,0,Mid Career (30-39)
4143,33,Male,Married,Bachelors,Finance,Accountant,Entry Level,3915,10.1,4.1,6.6,Onsite,4.2,4.5,4.5,4.8,True,3.4,0,Mid Career (30-39)
4144,31,Male,Single,Bachelors,Marketing,Growth Manager,Mid Level,7247,17.6,9.3,11.0,Onsite,5.2,3.8,8.2,6.3,False,8.0,0,Mid Career (30-39)
4145,44,Male,Single,Masters,Operations,Operations Analyst,Management,9611,3.8,9.8,15.1,Hybrid,8.7,5.9,4.5,5.9,True,4.2,1,Senior Career (40-49)
4146,21,Female,Single,Masters,Finance,Financial Analyst,Entry Level,3744,11.1,0.0,1.0,Remote,4.7,4.0,5.5,7.1,False,4.9,1,Early Career (21-29)
4147,41,Female,Married,Bachelors,Sales,Sales Development Rep,Mid Level,5644,8.4,2.8,10.4,Hybrid,4.7,4.0,7.4,7.3,False,6.5,1,Senior Career (40-49)
4148,56,Female,Single,PhD,Finance,Finance Manager,Management,11183,9.7,9.2,14.1,Hybrid,8.9,5.3,5.3,6.3,False,4.2,0,Pre-Retirement (50-64)
4149,37,Male,Divorced,Bachelors,Sales,Sales Manager,Mid Level,6884,10.9,9.4,16.3,Hybrid,4.8,1.7,7.0,7.1,True,5.3,0,Mid Career (30-39)
4150,41,Male,Single,Bachelors,Customer Support,Customer Success Manager,Mid Level,5402,8.7,4.5,12.7,Onsite,8.0,6.7,3.8,4.7,True,7.5,0,Senior Career (40-49)
4151,30,Male,Married,Masters,Customer Support,Customer Success Manager,Mid Level,5261,9.9,5.1,8.2,Onsite,3.7,4.3,4.7,6.2,False,3.4,0,Mid Career (30-39)
4152,33,Female,Married,Bachelors,Engineering,Software Engineer,Senior Level,7475,10.9,11.0,13.0,Hybrid,8.5,4.1,5.8,7.3,True,4.2,0,Mid Career (30-39)
4153,43,Female,Divorced,Masters,Operations,Operations Analyst,Entry Level,2902,5.8,4.8,11.1,Hybrid,6.6,7.3,3.2,5.9,False,7.1,0,Senior Career (40-49)
4154,43,Female,Married,High School,Engineering,Engineering Manager,Senior Level,9397,3.7,9.0,18.9,Onsite,8.0,6.5,4.1,4.2,False,4.3,1,Senior Career (40-49)
4155,23,Female,Single,Masters,Finance,Accountant,Entry Level,3543,15.4,2.0,3.0,Remote,10.5,1.9,9.6,6.2,True,2.4,0,Early Career (21-29)
4156,29,Female,Married,High School,Research & Development,Product Researcher,Mid Level,7352,11.3,7.2,9.0,Hybrid,7.9,5.9,5.6,5.7,True,1.6,0,Early Career (21-29)
4157,48,Female,Married,Masters,Operations,Operations Manager,Senior Level,6940,7.8,9.9,16.8,Onsite,13.2,6.0,4.1,4.8,True,4.0,0,Senior Career (40-49)
4158,21,Female,Single,Bachelors,Marketing,Marketing Specialist,Entry Level,3290,9.9,0.0,1.0,Hybrid,3.8,5.1,5.9,6.5,True,4.6,0,Early Career (21-29)
4159,31,Male,Divorced,Bachelors,Sales,Sales Development Rep,Entry Level,2820,11.7,6.6,9.0,Hybrid,4.8,3.4,6.2,5.6,True,3.9,0,Mid Career (30-39)
4160,37,Male,Married,Bachelors,Research & Development,Product Researcher,Associate,8774,11.4,9.8,14.9,Onsite,1.3,5.1,6.2,6.6,True,3.8,0,Mid Career (30-39)
4161,30,Female,Married,High School,Sales,Sales Development Rep,Entry Level,3628,14.8,3.8,9.9,Onsite,10.6,3.9,6.7,5.0,False,3.6,0,Mid Career (30-39)
4162,22,Male,Married,Masters,Sales,Sales Manager,Senior Level,7477,10.0,1.0,2.0,Hybrid,4.8,6.0,6.4,6.4,False,8.8,0,Early Career (21-29)
4163,32,Female,Married,Bachelors,Marketing,Content Strategist,Entry Level,3577,10.9,6.4,12.0,Onsite,2.7,3.8,6.2,6.5,False,5.6,0,Mid Career (30-39)
4164,35,Male,Married,Bachelors,Operations,Operations Analyst,Associate,4356,13.1,7.1,12.2,Hybrid,3.8,3.8,7.8,6.4,False,5.6,0,Mid Career (30-39)
4165,35,Female,Single,PhD,Engineering,Data Engineer,Associate,6790,15.1,1.8,6.3,Hybrid,1.9,2.0,7.6,7.7,True,3.5,0,Mid Career (30-39)
4166,29,Male,Divorced,Bachelors,Engineering,Data Engineer,Associate,4620,17.2,5.8,9.0,Hybrid,11.9,4.3,8.1,4.7,True,3.8,0,Early Career (21-29)
4167,33,Female,Divorced,Bachelors,Human Resources,HR Manager,Mid Level,7644,13.5,6.4,8.5,Onsite,6.5,4.1,5.4,3.8,False,2.6,1,Mid Career (30-39)
4168,52,Female,Married,Bachelors,Engineering,QA Engineer,Mid Level,7791,9.3,7.7,15.0,Hybrid,3.9,4.0,7.0,5.4,True,2.4,0,Pre-Retirement (50-64)
4169,31,Female,Single,Bachelors,Marketing,Marketing Specialist,Associate,6628,12.1,1.3,3.5,Onsite,1.0,4.6,7.5,5.0,False,9.4,0,Mid Career (30-39)
4170,34,Female,Married,Bachelors,Finance,Financial Analyst,Associate,4513,4.4,10.3,14.0,Hybrid,13.3,6.2,6.5,3.7,True,4.5,1,Mid Career (30-39)
4171,41,Male,Divorced,Bachelors,Engineering,Software Engineer,Associate,6099,12.0,5.3,7.9,Onsite,8.7,5.7,2.9,4.3,False,5.6,0,Senior Career (40-49)
4172,22,Male,Married,High School,Engineering,Engineering Manager,Associate,5148,6.8,1.0,2.0,Onsite,2.9,2.8,6.6,6.1,True,4.3,0,Early Career (21-29)
4173,35,Female,Divorced,Bachelors,Finance,Financial Analyst,Mid Level,5715,12.7,10.1,14.7,Remote,9.7,5.5,2.2,6.9,False,5.7,0,Mid Career (30-39)
4176,32,Female,Single,Bachelors,Research & Development,Research Scientist,Entry Level,3423,19.2,2.6,5.1,Onsite,5.9,5.8,7.4,4.9,True,4.1,0,Mid Career (30-39)
4177,36,Male,Single,Bachelors,Finance,Accountant,Associate,4242,14.5,1.5,0.5,Onsite,13.1,5.5,6.4,3.2,True,5.1,0,Mid Career (30-39)
4179,44,Female,Single,Masters,Engineering,QA Engineer,Mid Level,8439,18.2,4.7,8.0,Hybrid,12.5,7.0,5.9,4.1,True,3.0,0,Senior Career (40-49)
4180,44,Male,Married,Bachelors,Finance,Financial Analyst,Mid Level,6693,12.5,5.1,9.9,Hybrid,0.7,1.5,8.3,7.6,False,4.5,0,Senior Career (40-49)
4181,37,Male,Married,Masters,Human Resources,HR Manager,Senior Level,7886,9.1,11.5,17.0,Remote,2.9,1.9,6.8,7.1,False,2.8,0,Mid Career (30-39)
4182,45,Male,Single,High School,Engineering,Engineering Manager,Senior Level,9103,9.6,5.6,14.5,Hybrid,4.8,4.7,8.0,7.4,True,6.8,0,Senior Career (40-49)
4183,45,Female,Married,Bachelors,Engineering,Data Engineer,Mid Level,6516,17.8,9.0,16.7,Onsite,1.0,1.1,7.6,7.7,True,4.5,0,Senior Career (40-49)
4184,39,Male,Married,Masters,Sales,Sales Development Rep,Mid Level,6270,14.5,6.3,15.3,Onsite,6.0,3.4,8.1,6.6,True,3.7,1,Mid Career (30-39)
4185,39,Male,Divorced,Bachelors,Customer Support,Support Team Lead,Mid Level,5045,10.9,6.4,14.5,Remote,5.3,1.2,9.4,6.8,True,6.1,0,Mid Career (30-39)
4186,33,Female,Single,PhD,Customer Support,Support Team Lead,Senior Level,5080,7.7,9.9,13.0,Remote,11.1,6.0,5.2,4.8,True,7.5,1,Mid Career (30-39)
4187,60,Male,Married,Masters,Customer Support,Support Team Lead,Management,8602,10.6,12.2,17.7,Hybrid,23.0,9.3,2.5,3.0,False,6.5,0,Pre-Retirement (50-64)
4188,47,Male,Single,Bachelors,Operations,Program Manager,Management,7689,8.8,8.9,12.4,Remote,5.5,5.0,5.9,4.8,False,4.9,1,Senior Career (40-49)
4189,36,Female,Single,High School,Customer Support,Customer Success Manager,Mid Level,5833,6.7,10.4,16.0,Onsite,4.6,3.8,6.2,5.7,True,3.9,0,Mid Career (30-39)
4190,40,Female,Single,Bachelors,Research & Development,R&D Manager,Associate,6073,14.8,2.9,12.9,Hybrid,0.8,3.6,6.7,6.6,False,2.4,0,Senior Career (40-49)
4191,43,Female,Single,High School,Customer Support,Support Team Lead,Senior Level,4991,12.6,7.1,13.5,Hybrid,8.7,6.3,5.0,3.0,False,4.9,0,Senior Career (40-49)
4192,47,Male,Single,Masters,Engineering,Engineering Manager,Senior Level,12673,8.3,9.1,15.2,Onsite,6.5,4.5,7.1,5.9,True,1.0,0,Senior Career (40-49)
4193,46,Male,Married,Masters,Engineering,Software Engineer,Senior Level,9858,7.4,11.5,15.7,Onsite,7.9,3.1,7.4,6.0,True,1.2,0,Senior Career (40-49)
4194,36,Female,Married,Bachelors,Customer Support,Support Team Lead,Mid Level,5669,16.6,7.3,15.1,Onsite,8.2,5.3,6.0,5.3,False,5.2,0,Mid Career (30-39)
4195,38,Female,Divorced,Bachelors,Research & Development,R&D Manager,Mid Level,10580,11.6,8.6,15.7,Remote,1.9,4.2,6.5,8.6,False,2.0,0,Mid Career (30-39)
4196,39,Male,Single,Bachelors,Sales,Sales Manager,Senior Level,7791,6.1,3.8,10.0,Onsite,5.0,5.1,6.8,6.4,False,5.9,0,Mid Career (30-39)
4197,45,Female,Single,Bachelors,Finance,Finance Manager,Management,9350,11.5,15.6,25.0,Hybrid,6.0,1.8,8.4,6.0,False,3.6,0,Senior Career (40-49)
4198,49,Female,Single,Masters,Engineering,Engineering Manager,Management,21609,7.6,12.8,27.9,Hybrid,11.3,6.7,6.2,5.4,True,2.9,1,Senior Career (40-49)
4199,27,Female,Married,Masters,Finance,Financial Analyst,Entry Level,4623,11.6,4.6,7.0,Remote,6.7,2.5,5.1,4.9,True,4.2,0,Early Career (21-29)
4200,38,Female,Single,High School,Engineering,Engineering Manager,Mid Level,6466,7.5,7.3,17.1,Hybrid,13.0,4.6,7.0,6.3,True,4.7,0,Mid Career (30-39)
4201,36,Male,Single,High School,Engineering,Engineering Manager,Associate,4650,12.3,0.0,6.4,Hybrid,4.6,3.6,4.0,6.7,True,1.0,1,Mid Career (30-39)
4202,44,Male,Married,Bachelors,Customer Support,Support Team Lead,Associate,4806,2.2,4.1,19.5,Onsite,6.9,3.4,5.0,6.0,False,4.7,0,Senior Career (40-49)
4203,39,Male,Married,Bachelors,Finance,Accountant,Senior Level,11575,11.9,11.2,17.3,Hybrid,4.5,6.3,4.2,5.6,False,6.3,1,Mid Career (30-39)
4204,28,Female,Married,Bachelors,Operations,Operations Analyst,Entry Level,3152,5.4,5.2,8.0,Hybrid,1.9,3.1,6.4,7.4,True,6.0,1,Early Career (21-29)
4205,36,Female,Married,Bachelors,Sales,Account Executive,Entry Level,4185,8.1,3.3,9.4,Hybrid,4.1,2.3,8.3,7.4,False,3.8,0,Mid Career (30-39)
4206,39,Female,Divorced,Bachelors,Customer Support,Support Specialist,Management,6540,17.9,15.1,19.0,Hybrid,9.1,4.5,6.3,5.3,False,9.2,1,Mid Career (30-39)
4207,39,Female,Single,Masters,Sales,Sales Development Rep,Senior Level,9442,12.5,12.7,16.3,Hybrid,10.3,5.3,6.0,3.2,True,3.0,0,Mid Career (30-39)
4208,39,Male,Married,Bachelors,Engineering,Data Engineer,Senior Level,10183,12.6,11.5,14.7,Onsite,17.5,4.1,8.0,4.5,False,4.3,0,Mid Career (30-39)
4209,26,Male,Married,Bachelors,Engineering,Software Engineer,Mid Level,6429,7.0,5.0,6.0,Hybrid,2.6,3.9,5.5,5.8,True,4.0,0,Early Career (21-29)
4210,33,Female,Single,Masters,Engineering,Software Engineer,Associate,6351,12.8,3.9,9.4,Onsite,1.8,4.0,5.6,7.9,False,3.6,0,Mid Career (30-39)
4211,33,Female,Married,Masters,Operations,Operations Manager,Associate,4149,4.8,9.0,13.0,Hybrid,7.6,6.4,1.6,5.0,False,4.4,0,Mid Career (30-39)
4212,59,Male,Single,PhD,Research & Development,Product Researcher,Senior Level,7246,11.3,12.8,17.3,Onsite,0.9,2.6,6.0,7.5,True,3.1,0,Pre-Retirement (50-64)
4213,36,Male,Single,Bachelors,Marketing,Growth Manager,Associate,4829,15.6,6.3,11.4,Hybrid,1.9,3.3,7.2,7.3,True,7.5,0,Mid Career (30-39)
4214,46,Male,Married,Bachelors,Engineering,Software Engineer,Mid Level,8942,11.9,5.8,10.6,Remote,8.5,4.0,3.7,6.7,True,2.1,0,Senior Career (40-49)
4216,36,Female,Single,Masters,Operations,Program Manager,Mid Level,7289,15.6,9.5,14.0,Hybrid,2.1,3.5,8.1,5.3,False,5.5,0,Mid Career (30-39)
4217,35,Female,Married,Bachelors,Engineering,Software Engineer,Associate,5902,7.2,6.2,13.0,Remote,3.5,3.7,5.7,5.7,True,6.1,0,Mid Career (30-39)
4218,40,Male,Single,PhD,Operations,Operations Analyst,Senior Level,11367,12.1,11.8,17.5,Hybrid,18.3,5.1,9.0,4.9,True,4.1,0,Senior Career (40-49)
4220,37,Male,Married,Bachelors,Operations,Program Manager,Associate,3565,12.1,0.0,5.2,Onsite,6.1,5.0,5.9,5.3,False,5.5,0,Mid Career (30-39)
4221,33,Male,Married,Masters,Finance,Financial Analyst,Entry Level,5559,9.5,5.5,13.0,Hybrid,5.6,2.6,5.5,7.1,False,8.4,0,Mid Career (30-39)
4222,43,Male,Married,High School,Marketing,Marketing Specialist,Management,7663,13.4,9.8,10.0,Hybrid,4.5,2.6,8.0,4.6,False,3.6,0,Senior Career (40-49)
4223,49,Male,Single,High School,Engineering,Engineering Manager,Senior Level,7394,12.6,9.9,15.2,Remote,4.7,1.0,9.9,6.1,True,3.9,0,Senior Career (40-49)
4224,21,Female,Married,Masters,Finance,Accountant,Entry Level,3352,10.1,0.0,1.0,Onsite,7.9,6.3,6.0,4.9,True,7.8,0,Early Career (21-29)
4225,30,Female,Single,Bachelors,Operations,Operations Analyst,Associate,4043,10.5,6.4,10.0,Hybrid,4.4,4.8,5.7,6.7,True,6.6,0,Mid Career (30-39)
4226,44,Male,Single,Bachelors,Engineering,Software Engineer,Senior Level,10356,6.9,11.4,15.3,Hybrid,7.2,4.6,8.0,5.1,True,3.0,0,Senior Career (40-49)
4227,28,Female,Single,Bachelors,Sales,Account Executive,Entry Level,3401,5.3,5.1,8.0,Onsite,4.4,2.4,8.5,6.5,False,7.4,0,Early Career (21-29)
4228,37,Female,Single,Masters,Operations,Operations Manager,Mid Level,5996,13.1,8.0,13.3,Onsite,13.1,7.5,6.7,4.8,False,3.3,0,Mid Career (30-39)
4229,34,Male,Single,Bachelors,Engineering,Data Engineer,Associate,5616,9.9,6.9,13.1,Hybrid,4.2,2.9,9.6,5.6,True,1.7,0,Mid Career (30-39)
4230,33,Female,Married,Bachelors,Operations,Program Manager,Mid Level,6962,10.2,9.5,13.0,Remote,2.5,4.3,4.8,6.1,False,4.5,0,Mid Career (30-39)
4232,39,Female,Married,Bachelors,Operations,Operations Analyst,Associate,5347,10.5,4.1,11.4,Remote,0.6,3.5,7.3,7.7,False,4.6,0,Mid Career (30-39)
4233,39,Female,Married,Bachelors,Research & Development,R&D Manager,Senior Level,12328,13.0,10.2,17.4,Hybrid,1.0,3.4,7.0,6.8,True,7.0,0,Mid Career (30-39)
4234,46,Female,Single,Bachelors,Engineering,Data Engineer,Management,13901,11.2,14.8,17.7,Onsite,3.2,4.5,5.5,5.9,True,4.5,0,Senior Career (40-49)
4235,40,Male,Single,Bachelors,Research & Development,Product Researcher,Associate,7589,10.7,7.1,13.5,Onsite,10.4,1.6,8.0,5.8,True,1.7,0,Senior Career (40-49)
4236,39,Male,Married,Masters,Customer Support,Support Specialist,Entry Level,3442,14.1,6.6,14.9,Remote,8.9,2.4,6.0,6.9,False,5.0,0,Mid Career (30-39)
4237,33,Male,Divorced,Bachelors,Marketing,Marketing Specialist,Associate,5279,9.7,6.7,8.1,Hybrid,9.5,5.1,4.9,7.8,True,6.6,0,Mid Career (30-39)
4238,44,Female,Divorced,Bachelors,Engineering,QA Engineer,Associate,6732,9.2,6.5,12.5,Hybrid,15.0,4.7,7.6,4.8,True,4.1,0,Senior Career (40-49)
4239,37,Female,Single,PhD,Customer Support,Support Specialist,Entry Level,3164,12.4,3.3,11.8,Onsite,3.1,2.5,8.6,6.0,True,6.9,0,Mid Career (30-39)
4240,27,Male,Married,Masters,Finance,Financial Analyst,Entry Level,4396,11.2,3.0,5.1,Remote,9.9,5.1,6.7,6.8,False,5.2,0,Early Career (21-29)
4241,36,Female,Single,Bachelors,Sales,Account Executive,Associate,4166,13.8,10.9,16.0,Hybrid,9.8,4.5,8.0,7.5,False,6.3,0,Mid Career (30-39)
4242,36,Male,Married,High School,Engineering,Engineering Manager,Mid Level,8174,11.4,7.2,10.7,Remote,9.8,3.4,8.9,5.4,False,5.5,0,Mid Career (30-39)
4243,21,Female,Single,Bachelors,Sales,Sales Development Rep,Entry Level,3126,14.6,0.0,1.0,Remote,8.0,3.6,4.6,7.2,True,6.0,1,Early Career (21-29)
4244,50,Female,Single,PhD,Engineering,Software Engineer,Mid Level,12161,15.6,7.4,16.7,Onsite,0.9,4.3,7.9,6.1,True,7.5,0,Pre-Retirement (50-64)
4245,45,Male,Single,Bachelors,Marketing,Marketing Specialist,Mid Level,6879,15.3,4.5,9.9,Remote,5.9,2.8,7.7,5.3,True,5.3,0,Senior Career (40-49)
4246,34,Female,Married,Bachelors,Engineering,QA Engineer,Entry Level,3421,6.8,3.4,7.8,Onsite,25.8,6.5,3.9,2.7,True,4.1,1,Mid Career (30-39)
4247,46,Male,Married,High School,Operations,Operations Manager,Management,8984,12.9,15.3,21.7,Onsite,3.4,3.7,6.5,5.2,False,2.7,0,Senior Career (40-49)
4248,44,Male,Married,Masters,Finance,Accountant,Associate,7168,17.4,7.9,14.4,Hybrid,7.9,2.5,8.1,7.5,False,5.1,1,Senior Career (40-49)
4249,43,Female,Single,Bachelors,Engineering,QA Engineer,Associate,6680,11.7,1.6,6.8,Onsite,7.1,3.7,8.2,8.1,False,5.3,0,Senior Career (40-49)
4250,31,Male,Married,Masters,Finance,Financial Analyst,Associate,4808,14.6,0.5,6.5,Onsite,2.0,3.6,7.2,7.3,False,8.6,0,Mid Career (30-39)
4251,25,Male,Married,Masters,Engineering,Software Engineer,Entry Level,5291,8.0,3.1,5.0,Hybrid,16.7,8.1,4.8,3.1,True,2.3,0,Early Career (21-29)
4252,37,Female,Married,Masters,Engineering,Engineering Manager,Mid Level,9352,6.5,6.1,17.0,Onsite,7.0,2.5,7.6,6.5,False,7.4,0,Mid Career (30-39)
4253,37,Female,Single,Masters,Sales,Sales Manager,Mid Level,5657,13.1,2.2,5.3,Hybrid,4.6,1.6,9.7,6.3,True,7.0,0,Mid Career (30-39)
4254,27,Female,Married,Masters,Engineering,Software Engineer,Associate,5885,13.7,1.5,4.5,Hybrid,7.7,4.2,6.3,6.4,True,3.7,0,Early Career (21-29)
4255,35,Male,Married,Masters,Marketing,Growth Manager,Associate,6977,10.6,1.4,4.3,Onsite,5.1,4.7,6.7,6.0,True,5.9,0,Mid Career (30-39)
4256,32,Male,Married,Masters,Human Resources,HR Manager,Associate,5634,11.1,2.3,9.5,Hybrid,1.8,4.6,5.6,7.4,False,4.8,0,Mid Career (30-39)
4257,41,Female,Single,Bachelors,Marketing,Growth Manager,Mid Level,6509,11.0,9.5,18.2,Hybrid,4.7,4.3,7.5,5.5,False,6.8,0,Senior Career (40-49)
4258,32,Male,Single,PhD,Human Resources,Recruiter,Mid Level,6634,8.8,4.7,11.2,Hybrid,2.7,3.0,9.2,6.9,True,5.6,0,Mid Career (30-39)
4259,35,Female,Married,Bachelors,Customer Support,Customer Success Manager,Senior Level,6360,11.2,7.2,14.6,Hybrid,10.7,3.8,5.6,4.8,True,5.0,1,Mid Career (30-39)
4260,49,Male,Divorced,Bachelors,Research & Development,R&D Manager,Management,10743,11.4,10.0,20.0,Remote,5.7,2.9,4.7,6.7,True,2.5,0,Senior Career (40-49)
4261,53,Male,Married,Bachelors,Engineering,QA Engineer,Management,10708,13.2,9.7,14.1,Hybrid,3.0,3.8,4.2,6.0,True,2.5,1,Pre-Retirement (50-64)
4262,23,Male,Single,Bachelors,Finance,Financial Analyst,Associate,5989,15.5,2.0,3.0,Remote,1.1,2.2,7.6,7.7,True,7.3,0,Early Career (21-29)
4263,35,Female,Married,Bachelors,Engineering,Software Engineer,Entry Level,4669,10.5,2.6,5.6,Remote,10.7,4.7,6.5,5.7,True,4.5,0,Mid Career (30-39)
4264,47,Female,Married,Masters,Marketing,Growth Manager,Mid Level,7695,7.3,11.1,17.6,Hybrid,7.5,5.7,6.0,6.1,True,5.9,0,Senior Career (40-49)
4265,40,Female,Married,Bachelors,Sales,Sales Development Rep,Mid Level,6070,14.3,10.9,20.0,Onsite,9.8,2.8,8.2,6.5,False,1.5,0,Senior Career (40-49)
4266,34,Female,Married,Bachelors,Engineering,QA Engineer,Mid Level,8681,11.4,4.9,10.7,Hybrid,3.7,3.7,7.7,7.9,False,6.3,0,Mid Career (30-39)
4267,43,Female,Divorced,Bachelors,Research & Development,R&D Manager,Senior Level,9175,13.2,10.3,23.0,Hybrid,3.7,1.0,8.6,7.1,True,5.1,0,Senior Career (40-49)
4268,37,Female,Married,Bachelors,Sales,Account Executive,Associate,5017,6.9,6.1,5.9,Hybrid,12.0,5.6,5.3,6.3,False,6.8,1,Mid Career (30-39)
4269,32,Female,Married,Bachelors,Marketing,Growth Manager,Mid Level,6267,15.1,8.3,12.0,Remote,10.6,1.6,9.8,7.0,True,4.9,0,Mid Career (30-39)
4270,54,Male,Married,Masters,Operations,Operations Manager,Management,9976,11.1,10.8,19.8,Hybrid,4.7,2.4,5.1,6.3,True,1.5,0,Pre-Retirement (50-64)
4271,55,Female,Single,PhD,Finance,Financial Analyst,Management,10452,12.3,8.9,15.8,Remote,2.4,3.3,6.3,7.7,False,6.1,0,Pre-Retirement (50-64)
4272,42,Male,Married,High School,Customer Support,Customer Success Manager,Mid Level,5866,13.4,9.1,14.2,Hybrid,9.4,5.0,5.7,6.2,True,4.3,0,Senior Career (40-49)
4273,39,Male,Married,Masters,Engineering,Engineering Manager,Associate,6000,6.1,11.4,17.2,Hybrid,1.1,2.1,4.9,6.7,True,4.3,0,Mid Career (30-39)
4274,50,Male,Single,Bachelors,Engineering,Engineering Manager,Mid Level,8011,15.0,8.7,12.4,Hybrid,3.0,1.3,7.2,5.6,True,3.2,0,Pre-Retirement (50-64)
4275,27,Female,Divorced,High School,Engineering,Software Engineer,Associate,4170,12.6,3.4,7.0,Hybrid,2.2,4.5,6.2,6.7,True,3.6,0,Early Career (21-29)
4276,21,Male,Single,Bachelors,Finance,Financial Analyst,Associate,4802,15.2,0.0,1.0,Hybrid,3.3,1.0,8.1,6.9,True,8.6,0,Early Career (21-29)
4277,31,Male,Single,Masters,Finance,Financial Analyst,Entry Level,3116,10.4,1.0,6.1,Onsite,4.4,2.4,5.2,5.3,True,7.1,0,Mid Career (30-39)
4278,42,Female,Divorced,Masters,Engineering,QA Engineer,Senior Level,12849,9.1,12.0,22.0,Onsite,4.7,2.5,7.6,6.4,False,3.8,0,Senior Career (40-49)
4279,48,Female,Married,Bachelors,Engineering,Software Engineer,Management,12036,11.0,8.0,14.6,Hybrid,2.1,2.8,6.6,6.6,True,1.0,0,Senior Career (40-49)
4280,21,Male,Married,High School,Human Resources,Recruiter,Entry Level,2846,17.4,0.0,1.0,Onsite,1.8,5.7,6.3,3.6,False,7.1,0,Early Career (21-29)
4281,50,Female,Married,Masters,Customer Support,Customer Success Manager,Management,8793,12.5,9.8,16.9,Hybrid,3.6,3.4,8.8,5.1,False,8.9,0,Pre-Retirement (50-64)
4282,42,Male,Married,Bachelors,Engineering,Data Engineer,Management,16547,10.1,11.8,16.3,Hybrid,9.3,3.0,5.0,5.4,True,3.1,0,Senior Career (40-49)
4283,38,Male,Single,Bachelors,Sales,Sales Development Rep,Mid Level,5890,7.5,11.1,18.0,Hybrid,9.4,3.9,6.9,6.7,False,6.0,0,Mid Career (30-39)
4284,36,Male,Single,High School,Customer Support,Support Specialist,Senior Level,5543,17.3,11.7,16.0,Hybrid,13.4,8.2,4.6,5.2,False,4.9,1,Mid Career (30-39)
4285,36,Male,Married,High School,Customer Support,Support Specialist,Mid Level,4195,11.7,5.9,16.0,Hybrid,13.1,3.0,6.3,5.4,True,4.2,0,Mid Career (30-39)
4286,35,Male,Single,Bachelors,Finance,Financial Analyst,Associate,5319,11.3,5.9,15.0,Onsite,3.2,3.2,7.6,6.5,True,2.5,1,Mid Career (30-39)
4287,55,Female,Single,Bachelors,Operations,Operations Manager,Management,10396,11.5,12.8,14.0,Onsite,2.5,1.0,10.0,7.4,False,4.0,0,Pre-Retirement (50-64)
4288,31,Male,Single,Masters,Sales,Sales Manager,Associate,5308,8.4,7.1,11.0,Hybrid,8.2,6.4,4.8,5.9,True,6.6,1,Mid Career (30-39)
4289,41,Female,Married,Bachelors,Operations,Operations Analyst,Associate,4667,15.6,1.2,8.1,Onsite,11.4,7.7,5.7,3.8,True,8.3,0,Senior Career (40-49)
4290,42,Male,Single,Bachelors,Engineering,Software Engineer,Mid Level,9063,10.2,9.8,13.7,Hybrid,4.7,5.9,4.4,6.2,True,3.7,0,Senior Career (40-49)
4291,26,Male,Single,Bachelors,Engineering,Software Engineer,Entry Level,5075,10.0,5.0,6.0,Hybrid,2.8,5.9,4.8,5.6,True,4.4,0,Early Career (21-29)
4292,21,Female,Married,High School,Human Resources,HR Business Partner,Associate,2893,12.0,0.0,1.0,Hybrid,3.4,2.5,8.8,7.1,False,6.1,0,Early Career (21-29)
4293,38,Male,Single,High School,Customer Support,Support Team Lead,Senior Level,5520,13.6,10.4,17.7,Hybrid,2.8,1.9,9.2,8.2,False,5.5,0,Mid Career (30-39)
4294,25,Male,Married,Bachelors,Customer Support,Support Specialist,Entry Level,2363,6.8,2.1,5.0,Hybrid,3.4,3.5,6.5,8.2,True,6.5,0,Early Career (21-29)
4295,42,Male,Married,High School,Marketing,Content Strategist,Mid Level,6774,12.2,6.5,11.0,Onsite,6.6,5.9,6.5,6.2,True,5.2,0,Senior Career (40-49)
4296,44,Non-binary,Single,High School,Human Resources,Recruiter,Senior Level,6319,18.4,7.2,9.0,Hybrid,2.9,2.3,6.9,7.0,False,4.0,0,Senior Career (40-49)
4297,31,Female,Married,Masters,Research & Development,Research Scientist,Associate,6290,6.5,8.4,11.0,Hybrid,3.8,2.4,6.6,7.1,True,3.1,0,Mid Career (30-39)
4298,42,Male,Married,Bachelors,Customer Support,Support Specialist,Senior Level,6269,10.4,13.8,16.9,Remote,4.8,1.5,7.0,7.0,False,5.5,0,Senior Career (40-49)
4299,31,Male,Married,Bachelors,Marketing,Growth Manager,Mid Level,5400,13.4,6.2,11.0,Hybrid,4.0,4.5,6.1,5.8,True,5.6,1,Mid Career (30-39)
4300,22,Male,Single,Masters,Sales,Account Executive,Entry Level,3276,13.0,1.0,2.0,Onsite,6.2,3.8,7.8,5.8,True,2.7,0,Early Career (21-29)
4301,51,Male,Married,Masters,Engineering,Engineering Manager,Mid Level,7676,8.2,8.9,17.5,Onsite,7.0,7.4,3.4,4.7,False,4.3,0,Pre-Retirement (50-64)
4302,34,Male,Single,Masters,Sales,Account Executive,Associate,4913,9.9,2.3,5.9,Onsite,13.9,6.4,4.9,4.0,False,5.1,1,Mid Career (30-39)
4304,25,Male,Single,PhD,Engineering,QA Engineer,Associate,8250,8.2,4.0,5.0,Onsite,18.6,5.7,3.4,5.2,True,2.4,1,Early Career (21-29)
4305,23,Male,Married,Bachelors,Marketing,Growth Manager,Mid Level,5582,12.5,2.0,3.0,Hybrid,9.3,5.0,8.4,6.1,False,7.4,0,Early Career (21-29)
4306,29,Female,Divorced,Masters,Sales,Sales Manager,Associate,6281,11.6,6.1,9.0,Remote,6.9,1.3,9.2,7.0,True,5.5,0,Early Career (21-29)
4307,39,Male,Single,Masters,Sales,Sales Development Rep,Mid Level,8879,5.1,8.5,15.5,Onsite,12.5,4.5,6.9,5.9,False,7.8,1,Mid Career (30-39)
4308,51,Female,Married,Bachelors,Marketing,Growth Manager,Management,9494,15.8,9.6,17.4,Onsite,2.6,1.8,8.5,8.1,True,2.5,0,Pre-Retirement (50-64)
4309,37,Female,Married,Bachelors,Sales,Account Executive,Associate,4414,9.6,6.7,6.0,Remote,16.0,4.2,5.5,5.1,False,5.5,1,Mid Career (30-39)
4310,26,Male,Single,Masters,Research & Development,Research Scientist,Entry Level,6416,12.6,5.0,6.0,Hybrid,7.5,3.6,7.0,6.2,True,4.9,0,Early Career (21-29)
4311,52,Female,Married,Bachelors,Engineering,Software Engineer,Management,11632,6.4,12.5,19.2,Hybrid,1.4,3.1,7.2,8.3,True,4.5,0,Pre-Retirement (50-64)
4312,32,Female,Single,Bachelors,Engineering,QA Engineer,Mid Level,7331,11.4,6.7,12.0,Hybrid,6.3,4.8,5.4,6.8,True,1.9,0,Mid Career (30-39)
4313,43,Female,Single,Masters,Customer Support,Support Specialist,Senior Level,6863,9.4,11.6,14.0,Remote,6.8,2.4,6.4,5.8,True,4.2,0,Senior Career (40-49)
4314,22,Male,Married,Bachelors,Sales,Sales Manager,Associate,4293,15.6,1.0,2.0,Remote,14.8,7.7,3.0,3.4,False,6.9,0,Early Career (21-29)
4315,33,Female,Married,Bachelors,Engineering,Engineering Manager,Associate,4959,16.3,4.5,8.8,Hybrid,5.9,3.6,7.9,4.0,False,3.0,0,Mid Career (30-39)
4316,50,Female,Married,Bachelors,Customer Support,Support Specialist,Management,8214,8.9,14.0,21.5,Remote,8.0,4.8,6.1,5.9,True,9.2,1,Pre-Retirement (50-64)
4317,40,Male,Married,Masters,Customer Support,Support Team Lead,Management,9417,9.1,9.9,14.7,Remote,3.1,3.0,4.1,6.7,False,4.6,0,Senior Career (40-49)
4318,35,Female,Single,High School,Engineering,Engineering Manager,Associate,5885,11.6,6.9,15.0,Remote,8.8,4.2,6.5,5.9,True,3.9,0,Mid Career (30-39)
4319,45,Female,Single,PhD,Research & Development,Product Researcher,Associate,6122,10.6,2.6,10.3,Onsite,3.7,2.8,6.6,6.2,True,5.4,0,Senior Career (40-49)
4320,38,Female,Married,Bachelors,Sales,Sales Manager,Senior Level,8829,11.3,11.6,17.9,Hybrid,20.2,5.6,6.2,4.1,False,4.4,0,Mid Career (30-39)
4321,21,Male,Married,Bachelors,Customer Support,Support Specialist,Entry Level,3370,9.7,0.0,1.0,Onsite,2.6,4.5,5.1,6.2,False,7.9,0,Early Career (21-29)
4322,43,Male,Married,PhD,Customer Support,Support Specialist,Management,7758,16.2,6.9,12.4,Hybrid,16.4,6.6,4.8,4.9,True,8.2,0,Senior Career (40-49)
4323,51,Female,Single,Masters,Sales,Account Executive,Senior Level,11700,13.0,11.1,15.0,Hybrid,3.9,2.1,8.9,6.7,False,3.3,0,Pre-Retirement (50-64)
4324,39,Female,Married,Masters,Marketing,Growth Manager,Senior Level,10884,10.7,7.5,19.0,Hybrid,5.3,3.7,8.4,5.4,True,6.5,0,Mid Career (30-39)
4325,38,Female,Single,Masters,Sales,Account Executive,Associate,4677,17.8,5.2,11.5,Remote,10.5,5.6,6.8,3.9,True,4.4,0,Mid Career (30-39)
4326,41,Male,Single,High School,Marketing,Content Strategist,Mid Level,5582,8.4,5.9,13.9,Hybrid,13.8,2.7,7.0,4.2,False,7.4,0,Senior Career (40-49)
4327,24,Female,Divorced,Bachelors,Engineering,QA Engineer,Associate,5625,12.2,3.0,4.0,Hybrid,6.8,5.3,7.9,6.5,True,1.7,0,Early Career (21-29)
4328,41,Female,Married,High School,Sales,Account Executive,Mid Level,6359,3.4,4.9,11.7,Remote,2.6,3.8,7.3,8.2,True,2.6,0,Senior Career (40-49)
4329,26,Male,Married,PhD,Engineering,QA Engineer,Entry Level,4280,9.7,2.6,6.0,Remote,6.3,4.0,4.8,5.9,True,6.0,0,Early Career (21-29)
4330,29,Male,Married,Masters,Engineering,Software Engineer,Entry Level,4971,10.3,5.5,7.1,Hybrid,3.5,3.9,5.0,7.5,True,3.7,0,Early Career (21-29)
4331,45,Male,Divorced,Bachelors,Customer Support,Support Specialist,Mid Level,4659,8.9,7.9,10.6,Hybrid,8.6,4.0,3.9,6.5,False,5.9,0,Senior Career (40-49)
4332,34,Male,Single,High School,Marketing,Growth Manager,Associate,3559,8.2,4.7,14.0,Remote,4.3,3.2,7.0,5.2,False,6.6,1,Mid Career (30-39)
4333,29,Male,Single,Bachelors,Engineering,Engineering Manager,Mid Level,9442,6.4,8.0,9.0,Hybrid,2.1,4.6,5.0,6.0,True,4.2,0,Early Career (21-29)
4334,35,Female,Married,High School,Engineering,Data Engineer,Senior Level,12085,13.3,8.1,10.1,Remote,5.8,2.5,8.3,7.8,True,4.6,0,Mid Career (30-39)
4335,35,Male,Married,Bachelors,Human Resources,HR Business Partner,Associate,5098,12.3,9.0,15.0,Hybrid,2.0,2.9,9.5,6.4,False,3.4,0,Mid Career (30-39)
4336,22,Female,Married,High School,Operations,Operations Analyst,Entry Level,2448,9.7,1.0,0.5,Remote,8.4,5.0,7.1,5.5,False,5.0,0,Early Career (21-29)
4337,27,Male,Divorced,High School,Engineering,Engineering Manager,Mid Level,5702,8.6,5.1,7.0,Onsite,12.4,6.7,3.6,5.7,False,3.7,1,Early Career (21-29)
4338,38,Female,Divorced,Bachelors,Sales,Sales Manager,Mid Level,6706,11.7,9.9,13.8,Hybrid,6.1,1.8,6.9,5.8,True,6.0,0,Mid Career (30-39)
4339,48,Male,Married,Masters,Finance,Accountant,Senior Level,8779,9.6,11.0,14.0,Hybrid,3.4,2.2,8.0,7.0,False,5.6,0,Senior Career (40-49)
4340,30,Female,Single,Bachelors,Finance,Accountant,Associate,4067,12.3,3.1,6.8,Hybrid,8.7,4.9,6.1,6.0,False,4.3,0,Mid Career (30-39)
4341,25,Male,Single,Bachelors,Engineering,Engineering Manager,Associate,6891,10.2,4.0,5.0,Hybrid,3.4,3.6,8.5,7.6,True,4.8,0,Early Career (21-29)
4342,40,Male,Single,Bachelors,Marketing,Growth Manager,Senior Level,8006,10.2,10.6,16.1,Remote,4.9,2.0,8.4,8.0,False,3.8,0,Senior Career (40-49)
4343,57,Non-binary,Single,Masters,Marketing,Growth Manager,Management,8980,10.0,12.6,14.1,Hybrid,5.1,3.3,7.6,8.2,False,4.6,0,Pre-Retirement (50-64)
4344,25,Male,Divorced,Bachelors,Sales,Sales Development Rep,Entry Level,3595,16.3,0.0,4.1,Onsite,2.8,3.7,8.4,7.6,False,5.6,0,Early Career (21-29)
4345,42,Male,Divorced,Masters,Operations,Operations Analyst,Mid Level,5346,15.8,5.7,8.7,Hybrid,5.3,4.0,6.5,4.9,False,5.7,0,Senior Career (40-49)
4346,36,Male,Divorced,Masters,Finance,Financial Analyst,Associate,5984,21.1,7.3,14.9,Onsite,7.3,4.1,8.0,6.8,True,6.3,1,Mid Career (30-39)
4347,43,Female,Single,Masters,Human Resources,HR Manager,Senior Level,9282,6.9,8.9,14.3,Hybrid,15.8,7.9,1.8,2.8,False,4.2,0,Senior Career (40-49)
4348,31,Male,Single,Masters,Human Resources,HR Business Partner,Entry Level,3451,8.6,1.3,5.5,Onsite,2.7,2.2,6.8,8.2,True,6.3,0,Mid Career (30-39)
4349,48,Female,Married,Bachelors,Customer Support,Customer Success Manager,Senior Level,6098,13.5,9.3,20.0,Onsite,3.9,4.8,6.5,6.7,False,4.6,0,Senior Career (40-49)
4350,46,Female,Married,PhD,Engineering,Engineering Manager,Senior Level,12903,10.5,14.0,23.1,Onsite,8.1,4.3,6.1,5.6,True,1.0,0,Senior Career (40-49)
4351,39,Male,Divorced,Bachelors,Customer Support,Support Team Lead,Associate,3591,7.4,3.5,8.3,Hybrid,5.1,5.7,6.2,6.0,False,4.9,0,Mid Career (30-39)
4352,51,Male,Married,Masters,Marketing,Growth Manager,Mid Level,5770,11.7,7.4,11.1,Hybrid,2.1,3.7,5.0,9.1,True,4.9,0,Pre-Retirement (50-64)
4353,39,Female,Married,PhD,Sales,Sales Development Rep,Senior Level,11806,14.1,13.7,16.0,Hybrid,9.7,5.6,6.0,4.9,True,5.3,0,Mid Career (30-39)
4354,45,Female,Single,Bachelors,Operations,Operations Analyst,Mid Level,7390,12.1,6.1,15.7,Hybrid,3.4,3.3,5.2,6.7,False,2.7,0,Senior Career (40-49)
4355,43,Male,Single,Bachelors,Customer Support,Customer Success Manager,Senior Level,5708,13.2,10.0,12.4,Onsite,4.0,3.8,6.9,6.3,True,4.1,0,Senior Career (40-49)
4356,37,Male,Married,Masters,Finance,Financial Analyst,Mid Level,7140,11.2,1.6,7.4,Hybrid,7.5,4.0,6.9,5.0,False,5.5,1,Mid Career (30-39)
4357,30,Female,Married,Bachelors,Research & Development,Product Researcher,Entry Level,4348,9.7,9.0,10.0,Remote,7.8,3.8,7.1,6.2,False,5.2,0,Mid Career (30-39)
4358,47,Male,Single,Masters,Engineering,Data Engineer,Senior Level,9146,11.9,11.0,17.0,Remote,2.7,3.1,4.5,6.0,True,3.8,0,Senior Career (40-49)
4359,39,Male,Single,High School,Engineering,Software Engineer,Associate,6534,14.6,2.9,8.5,Hybrid,8.3,3.9,8.8,7.8,True,2.4,0,Mid Career (30-39)
4360,30,Female,Married,Bachelors,Finance,Financial Analyst,Associate,4798,11.8,1.8,9.9,Hybrid,19.5,6.9,4.8,2.5,True,6.2,0,Mid Career (30-39)
4361,34,Female,Married,Bachelors,Marketing,Content Strategist,Associate,4989,13.4,8.4,14.0,Hybrid,6.1,4.0,5.6,5.0,True,7.3,0,Mid Career (30-39)
4362,42,Female,Single,Masters,Engineering,Data Engineer,Mid Level,12529,6.8,11.7,16.5,Onsite,18.9,7.2,7.0,2.7,False,3.4,1,Senior Career (40-49)
4363,54,Female,Married,High School,Customer Support,Support Specialist,Senior Level,4697,8.0,10.0,14.0,Hybrid,11.3,5.0,5.4,6.1,False,6.5,0,Pre-Retirement (50-64)
4364,28,Female,Single,PhD,Customer Support,Support Team Lead,Senior Level,6679,1.6,4.9,8.0,Onsite,2.7,3.1,8.0,6.3,True,5.4,0,Early Career (21-29)
4365,48,Male,Single,High School,Marketing,Marketing Specialist,Senior Level,8047,9.7,11.6,17.6,Onsite,1.2,2.7,7.3,9.5,True,4.2,0,Senior Career (40-49)
4366,30,Female,Single,Masters,Sales,Sales Development Rep,Associate,6203,13.2,8.0,10.0,Onsite,3.9,4.5,6.0,6.1,False,6.7,0,Mid Career (30-39)
4367,29,Male,Single,Bachelors,Engineering,QA Engineer,Entry Level,5273,10.6,2.3,9.0,Remote,3.1,2.2,8.7,7.8,True,4.3,0,Early Career (21-29)
4368,23,Female,Married,Bachelors,Customer Support,Support Specialist,Entry Level,2687,15.3,2.0,3.0,Hybrid,7.1,3.1,6.8,6.2,False,7.8,0,Early Career (21-29)
4369,43,Female,Married,Bachelors,Research & Development,R&D Manager,Associate,6671,10.9,5.2,11.0,Hybrid,2.6,4.3,4.7,5.2,True,4.0,1,Senior Career (40-49)
4370,37,Female,Married,Bachelors,Operations,Program Manager,Mid Level,5135,7.2,5.5,14.3,Hybrid,3.6,2.8,5.9,8.7,False,7.3,0,Mid Career (30-39)
4371,45,Male,Single,Masters,Sales,Account Executive,Senior Level,9551,17.8,5.4,10.4,Hybrid,6.5,4.2,8.1,5.2,False,4.1,0,Senior Career (40-49)
4372,36,Male,Single,PhD,Engineering,Engineering Manager,Associate,6396,15.2,0.8,8.6,Remote,4.1,2.1,9.0,8.0,True,2.8,0,Mid Career (30-39)
4373,42,Male,Married,Masters,Sales,Sales Manager,Senior Level,8779,9.4,10.0,16.5,Onsite,3.5,1.6,8.2,6.0,True,4.6,0,Senior Career (40-49)
4374,36,Female,Single,Masters,Engineering,QA Engineer,Associate,6685,15.1,2.6,12.7,Remote,4.6,1.6,7.9,7.3,True,2.3,0,Mid Career (30-39)
4375,32,Male,Married,High School,Research & Development,R&D Manager,Associate,6463,5.9,6.7,12.0,Remote,9.1,5.3,6.4,5.4,True,3.3,0,Mid Career (30-39)
4376,43,Female,Single,Masters,Engineering,QA Engineer,Senior Level,10583,7.3,14.1,20.0,Hybrid,12.4,4.7,5.7,5.2,True,5.0,1,Senior Career (40-49)
4377,26,Female,Single,Masters,Engineering,QA Engineer,Associate,5460,9.3,4.5,6.0,Remote,10.7,3.6,6.6,8.7,True,1.9,1,Early Career (21-29)
4378,42,Male,Married,Bachelors,Engineering,Engineering Manager,Senior Level,9336,15.7,5.3,15.8,Onsite,1.5,2.0,7.1,7.5,False,5.1,0,Senior Career (40-49)
4379,46,Female,Single,Bachelors,Human Resources,Recruiter,Mid Level,5053,8.1,10.6,17.2,Onsite,18.3,7.9,3.8,4.7,True,7.0,0,Senior Career (40-49)
4380,32,Female,Divorced,Bachelors,Marketing,Growth Manager,Mid Level,7483,9.9,9.1,12.0,Remote,8.9,6.0,3.6,5.1,True,6.5,1,Mid Career (30-39)
4381,42,Male,Single,Bachelors,Sales,Account Executive,Associate,6047,11.8,8.4,17.2,Remote,21.8,4.1,7.6,3.3,False,6.0,0,Senior Career (40-49)
4382,36,Male,Divorced,Bachelors,Sales,Account Executive,Associate,5574,13.2,4.7,15.4,Hybrid,9.4,3.8,7.6,4.7,False,3.4,0,Mid Career (30-39)
4383,27,Female,Divorced,Bachelors,Engineering,Software Engineer,Associate,5727,10.8,3.9,7.0,Hybrid,3.7,2.3,7.4,6.9,False,4.6,0,Early Career (21-29)
4384,36,Male,Single,Bachelors,Marketing,Growth Manager,Mid Level,6290,10.1,9.2,8.2,Remote,8.4,4.1,4.6,6.0,True,2.8,0,Mid Career (30-39)
4385,32,Male,Single,PhD,Engineering,QA Engineer,Senior Level,14868,13.1,11.0,12.0,Onsite,5.8,4.9,8.0,7.2,True,3.1,0,Mid Career (30-39)
4386,39,Female,Divorced,Masters,Research & Development,Product Researcher,Mid Level,8525,11.0,8.2,19.0,Hybrid,2.1,2.1,6.1,6.8,True,5.4,1,Mid Career (30-39)
4387,36,Male,Single,Masters,Customer Support,Customer Success Manager,Mid Level,7662,3.0,4.1,9.4,Hybrid,11.5,4.3,7.6,4.0,True,2.9,1,Mid Career (30-39)
4388,36,Female,Married,Masters,Sales,Sales Manager,Mid Level,10213,11.3,8.0,11.4,Hybrid,10.8,6.7,4.0,5.1,True,5.9,0,Mid Career (30-39)
4389,42,Female,Single,Bachelors,Operations,Program Manager,Associate,5587,14.0,4.6,14.0,Remote,3.1,2.0,6.8,7.3,False,4.6,0,Senior Career (40-49)
4390,48,Male,Married,Bachelors,Sales,Sales Manager,Senior Level,7176,8.8,11.5,15.1,Remote,2.3,3.5,6.0,6.3,True,6.1,0,Senior Career (40-49)
4391,38,Male,Single,Masters,Engineering,Data Engineer,Mid Level,10741,20.0,5.7,15.6,Onsite,16.8,5.3,5.8,5.1,True,5.3,1,Mid Career (30-39)
4392,49,Female,Divorced,Bachelors,Engineering,Engineering Manager,Management,12040,14.9,14.3,22.4,Remote,9.1,2.2,8.0,5.6,True,1.0,0,Senior Career (40-49)
4393,30,Female,Single,Bachelors,Marketing,Marketing Specialist,Mid Level,5214,5.8,1.9,10.0,Remote,19.1,3.6,5.6,5.5,True,5.3,0,Mid Career (30-39)
4394,35,Male,Married,Masters,Engineering,Data Engineer,Associate,7491,10.0,5.9,11.6,Remote,10.9,3.5,6.9,6.9,True,3.3,0,Mid Career (30-39)
4395,48,Female,Single,Masters,Customer Support,Support Team Lead,Management,10229,14.2,8.4,13.7,Hybrid,2.1,4.2,7.3,7.1,False,4.9,0,Senior Career (40-49)
4396,34,Female,Single,Bachelors,Operations,Operations Analyst,Entry Level,3974,11.6,0.9,1.5,Hybrid,7.7,3.0,7.5,5.2,False,6.2,0,Mid Career (30-39)
4397,31,Female,Married,Bachelors,Research & Development,Product Researcher,Associate,4821,11.2,6.2,11.0,Hybrid,7.7,3.3,7.9,6.6,True,3.1,1,Mid Career (30-39)
4398,28,Male,Single,Bachelors,Research & Development,Product Researcher,Entry Level,4788,11.5,3.4,8.0,Hybrid,6.4,3.1,6.9,7.6,True,4.4,0,Early Career (21-29)
4399,40,Male,Married,Bachelors,Sales,Sales Development Rep,Mid Level,7450,11.1,5.5,15.2,Onsite,4.9,4.8,6.3,5.3,True,6.1,0,Senior Career (40-49)
4400,38,Female,Married,Masters,Customer Support,Customer Success Manager,Associate,4177,8.1,2.8,6.9,Onsite,2.3,4.2,5.4,7.3,False,8.0,0,Mid Career (30-39)
4401,30,Male,Divorced,Bachelors,Finance,Financial Analyst,Mid Level,6347,13.6,5.4,10.0,Hybrid,1.1,3.0,7.6,7.9,True,6.0,0,Mid Career (30-39)
4402,45,Female,Married,Masters,Engineering,Software Engineer,Associate,5656,5.3,6.4,11.9,Hybrid,4.0,2.7,7.6,6.3,True,4.4,0,Senior Career (40-49)
4403,36,Female,Divorced,Bachelors,Marketing,Growth Manager,Associate,5907,12.8,1.7,5.2,Hybrid,14.7,5.5,6.8,4.3,True,6.6,1,Mid Career (30-39)
4404,31,Female,Single,Bachelors,Engineering,Data Engineer,Senior Level,10071,13.0,5.4,11.0,Onsite,1.3,3.4,9.5,7.7,True,1.6,0,Mid Career (30-39)
4405,37,Female,Married,Masters,Engineering,Data Engineer,Associate,5095,8.8,7.5,11.1,Onsite,4.1,3.2,6.4,6.1,True,6.4,0,Mid Career (30-39)
4406,31,Male,Divorced,Bachelors,Operations,Operations Analyst,Associate,5055,9.8,10.0,11.0,Onsite,10.1,6.5,7.1,6.4,True,4.6,0,Mid Career (30-39)
4407,32,Male,Married,Bachelors,Finance,Financial Analyst,Senior Level,8580,15.1,7.3,9.4,Hybrid,6.7,3.8,8.9,6.1,False,6.2,0,Mid Career (30-39)
4408,36,Non-binary,Married,Bachelors,Sales,Sales Development Rep,Entry Level,3630,12.4,2.4,5.1,Onsite,17.2,7.3,3.3,3.5,True,7.4,1,Mid Career (30-39)
4409,39,Male,Married,Masters,Finance,Financial Analyst,Senior Level,10406,8.7,4.8,12.5,Remote,2.3,4.0,5.3,6.0,False,5.6,0,Mid Career (30-39)
4410,56,Female,Single,Bachelors,Engineering,Engineering Manager,Management,11061,10.6,10.6,30.4,Remote,8.3,6.2,5.2,5.5,True,5.9,0,Pre-Retirement (50-64)
4411,33,Female,Divorced,Bachelors,Human Resources,Recruiter,Associate,6307,10.4,4.4,11.5,Hybrid,8.4,3.0,8.1,6.6,False,7.8,0,Mid Career (30-39)
4412,43,Male,Single,Bachelors,Sales,Account Executive,Associate,7563,15.6,6.6,7.0,Hybrid,7.3,2.3,6.6,7.1,False,3.8,0,Senior Career (40-49)
4413,43,Male,Single,Bachelors,Engineering,Software Engineer,Mid Level,8397,18.3,5.7,13.6,Remote,3.4,1.2,10.0,5.0,True,7.5,0,Senior Career (40-49)
4414,23,Male,Single,High School,Customer Support,Customer Success Manager,Associate,3754,9.9,2.0,3.0,Hybrid,17.3,7.9,2.8,6.1,False,5.7,1,Early Career (21-29)
4415,35,Male,Married,PhD,Research & Development,R&D Manager,Associate,6102,7.7,2.9,7.6,Hybrid,8.4,4.4,4.4,5.6,True,4.5,1,Mid Career (30-39)
4416,35,Female,Married,Bachelors,Sales,Sales Development Rep,Senior Level,8259,13.3,12.5,15.0,Onsite,8.1,4.3,7.3,5.4,True,4.8,0,Mid Career (30-39)
4417,33,Female,Single,High School,Sales,Sales Development Rep,Entry Level,2641,6.2,2.1,13.0,Remote,9.1,4.7,4.6,7.0,True,2.8,1,Mid Career (30-39)
4418,49,Female,Married,Bachelors,Engineering,Data Engineer,Mid Level,9242,16.8,6.6,12.8,Remote,6.0,4.6,7.7,5.9,True,4.5,0,Senior Career (40-49)
4419,50,Male,Married,High School,Marketing,Marketing Specialist,Senior Level,7201,8.5,9.2,15.4,Hybrid,2.3,4.3,5.8,6.9,False,5.5,0,Pre-Retirement (50-64)
4420,36,Male,Married,Bachelors,Operations,Operations Manager,Mid Level,7072,6.4,7.2,13.6,Onsite,6.1,4.1,5.2,6.0,True,5.6,0,Mid Career (30-39)
4421,25,Male,Married,Bachelors,Engineering,Engineering Manager,Associate,5589,15.2,4.0,5.0,Hybrid,1.3,3.2,7.0,6.1,True,3.9,0,Early Career (21-29)
4422,46,Male,Single,High School,Research & Development,R&D Manager,Mid Level,6509,9.5,6.3,16.5,Remote,4.0,2.5,7.0,6.8,False,5.4,0,Senior Career (40-49)
4423,41,Female,Single,Bachelors,Finance,Financial Analyst,Mid Level,8531,15.0,9.5,15.9,Hybrid,5.7,2.2,9.2,7.6,True,5.1,0,Senior Career (40-49)
4424,41,Male,Married,Bachelors,Research & Development,R&D Manager,Management,13499,10.4,9.2,20.5,Remote,6.4,6.0,5.2,6.0,False,3.1,0,Senior Career (40-49)
4425,26,Female,Married,Bachelors,Research & Development,Research Scientist,Entry Level,3329,4.5,5.0,5.7,Hybrid,2.1,2.7,9.2,6.8,True,3.9,0,Early Career (21-29)
4426,34,Male,Single,Masters,Operations,Operations Manager,Mid Level,7013,11.8,7.8,14.0,Hybrid,4.2,1.0,8.1,6.2,False,6.6,0,Mid Career (30-39)
4427,54,Female,Divorced,Masters,Engineering,Engineering Manager,Management,13125,10.9,4.1,12.4,Hybrid,1.8,2.5,7.9,8.6,True,3.8,0,Pre-Retirement (50-64)
4428,42,Male,Single,Bachelors,Finance,Financial Analyst,Management,10720,11.3,8.6,17.6,Remote,2.3,3.6,6.6,8.3,True,4.7,0,Senior Career (40-49)
4429,27,Female,Divorced,Bachelors,Sales,Account Executive,Entry Level,3600,11.4,6.0,7.0,Onsite,13.6,3.5,7.2,5.2,False,6.8,1,Early Career (21-29)
4430,48,Male,Divorced,Bachelors,Marketing,Growth Manager,Management,10589,14.3,14.4,16.6,Hybrid,4.1,3.1,7.7,6.9,True,6.2,0,Senior Career (40-49)
4431,44,Female,Single,Bachelors,Sales,Sales Development Rep,Associate,5080,10.9,2.5,8.8,Hybrid,3.1,3.6,6.2,6.3,True,7.2,1,Senior Career (40-49)
4432,41,Female,Single,Bachelors,Engineering,QA Engineer,Associate,6321,7.1,9.5,18.2,Hybrid,8.3,3.2,5.9,5.5,True,1.4,0,Senior Career (40-49)
4433,35,Female,Single,Bachelors,Sales,Sales Manager,Mid Level,7421,12.6,7.7,15.0,Hybrid,6.8,5.2,5.6,3.0,True,7.4,1,Mid Career (30-39)
4434,51,Male,Married,Bachelors,Engineering,Engineering Manager,Management,15950,12.1,12.3,17.6,Onsite,6.6,5.5,8.3,5.6,True,1.0,0,Pre-Retirement (50-64)
4435,25,Female,Single,Masters,Research & Development,Research Scientist,Entry Level,3444,13.2,1.2,5.0,Hybrid,3.7,3.6,5.7,6.3,False,3.1,1,Early Career (21-29)
4437,55,Male,Married,High School,Engineering,Data Engineer,Senior Level,8891,12.9,7.8,14.7,Remote,0.7,1.4,7.2,8.4,True,3.7,0,Pre-Retirement (50-64)
4438,41,Female,Married,Bachelors,Sales,Sales Manager,Associate,4491,1.9,5.4,12.5,Hybrid,6.8,3.0,5.0,7.0,True,6.4,0,Senior Career (40-49)
4439,43,Female,Married,High School,Operations,Program Manager,Senior Level,6347,9.1,8.0,10.8,Hybrid,13.1,8.0,3.5,4.2,True,4.8,1,Senior Career (40-49)
4440,48,Male,Married,High School,Research & Development,R&D Manager,Management,10704,18.6,15.2,26.0,Hybrid,11.6,3.8,8.1,3.7,True,1.9,0,Senior Career (40-49)
4441,49,Female,Married,Bachelors,Sales,Sales Manager,Senior Level,9633,5.2,8.2,13.0,Hybrid,18.3,5.0,4.7,2.7,True,6.5,0,Senior Career (40-49)
4442,39,Male,Married,Masters,Sales,Account Executive,Senior Level,9732,12.6,10.8,13.7,Hybrid,6.8,4.5,6.6,5.3,True,5.6,1,Mid Career (30-39)
4443,25,Female,Married,PhD,Engineering,Software Engineer,Entry Level,5831,12.5,4.0,5.0,Remote,10.2,2.8,8.2,6.3,False,5.9,0,Early Career (21-29)
4444,46,Female,Single,Bachelors,Research & Development,Product Researcher,Mid Level,9699,12.4,12.9,18.8,Remote,3.4,1.0,8.4,7.5,True,7.5,0,Senior Career (40-49)
4445,27,Male,Divorced,Bachelors,Engineering,Engineering Manager,Mid Level,8490,12.9,5.0,7.0,Hybrid,6.4,3.8,5.8,7.2,True,4.8,0,Early Career (21-29)
4447,41,Female,Married,Bachelors,Engineering,QA Engineer,Associate,6864,10.5,2.4,10.9,Remote,5.3,1.5,7.3,8.4,True,4.2,0,Senior Career (40-49)
4448,21,Female,Married,PhD,Operations,Operations Analyst,Associate,4386,16.5,0.0,1.0,Remote,4.5,5.3,7.0,7.7,False,4.7,0,Early Career (21-29)
4449,38,Male,Single,Bachelors,Engineering,Data Engineer,Associate,9348,9.5,7.2,18.0,Remote,6.6,2.7,8.0,6.7,True,6.9,0,Mid Career (30-39)
4450,41,Male,Single,Bachelors,Customer Support,Support Specialist,Senior Level,6787,14.8,7.1,17.6,Remote,9.4,4.1,8.1,6.1,False,4.6,0,Senior Career (40-49)
4451,29,Male,Married,Bachelors,Operations,Program Manager,Associate,3766,3.1,5.9,9.0,Onsite,9.0,5.8,3.6,7.2,True,6.0,1,Early Career (21-29)
4452,31,Male,Married,Masters,Customer Support,Support Team Lead,Associate,5502,14.4,6.8,11.0,Hybrid,1.9,2.5,6.1,5.7,True,8.8,0,Mid Career (30-39)
4453,40,Male,Divorced,Bachelors,Engineering,QA Engineer,Mid Level,8893,5.7,10.6,17.8,Hybrid,6.9,3.3,7.5,4.8,False,5.5,0,Senior Career (40-49)
4454,30,Male,Married,Bachelors,Operations,Program Manager,Senior Level,7512,5.9,9.0,10.0,Onsite,13.3,5.2,6.5,5.5,True,3.4,0,Mid Career (30-39)
4455,34,Male,Divorced,Bachelors,Research & Development,Research Scientist,Associate,4910,10.8,6.1,13.8,Hybrid,2.9,4.1,4.8,6.5,True,4.1,0,Mid Career (30-39)
4456,36,Female,Divorced,Bachelors,Customer Support,Support Team Lead,Management,7033,9.8,11.7,16.0,Remote,3.1,4.9,6.6,7.0,True,8.1,0,Mid Career (30-39)
4457,28,Male,Married,Bachelors,Engineering,Software Engineer,Associate,5294,9.6,0.9,8.0,Hybrid,4.5,5.4,5.5,4.1,False,3.0,0,Early Career (21-29)
4458,24,Female,Married,Masters,Engineering,Data Engineer,Entry Level,3682,10.5,1.3,4.0,Remote,9.0,4.1,5.9,4.9,True,3.1,0,Early Career (21-29)
4459,42,Male,Married,Bachelors,Marketing,Marketing Specialist,Mid Level,5355,8.3,5.9,7.6,Hybrid,4.4,2.7,8.3,7.3,False,4.5,0,Senior Career (40-49)
4460,36,Female,Married,Bachelors,Engineering,QA Engineer,Entry Level,3875,7.2,2.1,11.4,Remote,2.1,1.0,6.9,8.3,True,2.3,0,Mid Career (30-39)
4461,35,Female,Single,High School,Engineering,QA Engineer,Associate,5105,10.3,6.2,9.9,Hybrid,10.4,4.7,5.2,4.0,True,7.4,0,Mid Career (30-39)
4462,28,Male,Married,Bachelors,Engineering,Data Engineer,Mid Level,10236,11.7,7.0,8.0,Hybrid,6.3,3.4,8.1,6.0,False,3.8,0,Early Career (21-29)
4463,39,Male,Single,High School,Sales,Sales Development Rep,Entry Level,4030,15.2,1.8,7.3,Onsite,13.7,4.7,9.7,4.5,False,6.3,0,Mid Career (30-39)
4464,44,Female,Married,Bachelors,Operations,Program Manager,Senior Level,9246,13.0,13.0,20.0,Hybrid,22.4,3.9,8.7,4.6,False,7.9,0,Senior Career (40-49)
4465,46,Female,Single,Bachelors,Engineering,Data Engineer,Mid Level,7424,17.0,8.3,17.4,Hybrid,4.2,3.8,5.6,5.7,True,3.0,0,Senior Career (40-49)
4466,26,Female,Married,Bachelors,Engineering,Engineering Manager,Associate,6062,10.0,4.9,6.0,Hybrid,12.0,6.8,6.7,6.0,True,7.0,0,Early Career (21-29)
4467,28,Male,Single,Masters,Engineering,Software Engineer,Entry Level,5971,9.8,5.8,8.0,Onsite,4.4,3.1,4.9,6.4,True,7.6,0,Early Career (21-29)
4468,24,Male,Single,Bachelors,Customer Support,Support Team Lead,Mid Level,5489,18.4,3.0,4.0,Onsite,13.6,7.2,5.6,4.2,False,7.3,0,Early Career (21-29)
4469,53,Male,Married,Masters,Engineering,Engineering Manager,Management,11542,11.2,14.0,14.5,Hybrid,19.6,5.1,6.7,1.7,False,3.5,0,Pre-Retirement (50-64)
4470,42,Female,Single,High School,Engineering,Engineering Manager,Management,12535,17.8,10.4,17.4,Remote,4.2,2.9,7.5,6.9,True,4.6,0,Senior Career (40-49)
4471,51,Male,Single,Bachelors,Customer Support,Support Specialist,Senior Level,6033,12.3,10.3,13.6,Hybrid,7.8,4.1,4.3,5.2,True,3.7,0,Pre-Retirement (50-64)
4472,34,Male,Divorced,Masters,Operations,Operations Manager,Mid Level,6732,11.5,9.1,14.0,Hybrid,4.3,3.9,7.0,4.9,False,5.0,0,Mid Career (30-39)
4473,28,Male,Married,Masters,Engineering,QA Engineer,Mid Level,8455,9.4,4.8,8.0,Hybrid,3.2,3.1,7.2,8.3,True,3.8,0,Early Career (21-29)
4474,42,Male,Divorced,Masters,Sales,Sales Manager,Mid Level,7621,10.6,8.9,16.1,Onsite,8.7,3.7,5.1,4.7,True,4.7,0,Senior Career (40-49)
4475,40,Male,Married,Bachelors,Research & Development,Product Researcher,Associate,5542,8.4,4.4,11.2,Onsite,3.9,3.9,8.4,7.5,True,2.6,0,Senior Career (40-49)
4476,21,Male,Single,Masters,Engineering,QA Engineer,Entry Level,3624,12.2,0.0,1.0,Hybrid,1.5,2.6,8.5,6.8,True,3.0,0,Early Career (21-29)
4477,40,Male,Married,Bachelors,Customer Support,Customer Success Manager,Management,8395,19.5,12.0,14.9,Onsite,4.1,3.5,7.4,5.3,True,4.6,0,Senior Career (40-49)
4478,36,Female,Married,Bachelors,Marketing,Growth Manager,Mid Level,6274,10.6,3.9,8.0,Hybrid,12.1,6.5,2.3,5.2,True,4.1,1,Mid Career (30-39)
4479,46,Female,Married,Masters,Operations,Program Manager,Management,12218,12.2,13.6,20.1,Hybrid,1.2,2.7,4.4,9.1,False,4.6,0,Senior Career (40-49)
4480,32,Female,Single,Masters,Sales,Sales Development Rep,Associate,5791,4.9,4.9,12.0,Hybrid,24.6,8.5,4.0,1.0,True,6.7,1,Mid Career (30-39)
4481,42,Female,Married,Masters,Sales,Sales Manager,Senior Level,10599,16.4,10.5,20.2,Onsite,13.4,6.7,7.3,6.0,False,4.3,0,Senior Career (40-49)
4482,26,Female,Single,Bachelors,Engineering,Data Engineer,Entry Level,3600,11.2,3.1,6.0,Onsite,5.1,1.8,7.7,6.1,True,6.0,0,Early Career (21-29)
4483,49,Male,Divorced,Masters,Operations,Program Manager,Management,8192,13.0,9.3,16.3,Hybrid,5.2,5.2,6.5,5.9,True,4.7,0,Senior Career (40-49)
4484,43,Male,Married,Bachelors,Research & Development,Research Scientist,Management,9235,7.8,14.4,18.7,Hybrid,1.5,3.6,4.6,7.1,True,1.0,0,Senior Career (40-49)
4485,41,Female,Divorced,Masters,Sales,Sales Development Rep,Mid Level,7650,6.0,5.4,12.3,Onsite,5.2,6.1,4.8,4.7,False,2.0,0,Senior Career (40-49)
4486,36,Male,Single,High School,Sales,Sales Manager,Mid Level,6131,14.3,9.3,14.7,Onsite,4.0,3.5,6.2,7.4,True,3.9,0,Mid Career (30-39)
4487,41,Male,Married,Masters,Operations,Operations Analyst,Entry Level,2539,8.8,0.0,6.8,Onsite,8.3,4.5,6.5,2.8,False,7.0,0,Senior Career (40-49)
4488,36,Male,Single,Masters,Operations,Operations Analyst,Associate,4632,12.5,8.3,14.1,Onsite,5.6,3.8,6.0,7.4,False,4.3,0,Mid Career (30-39)
4489,33,Female,Single,Bachelors,Operations,Operations Analyst,Mid Level,5411,15.3,3.2,9.7,Hybrid,5.2,4.7,7.2,6.0,False,8.6,0,Mid Career (30-39)
4490,58,Female,Married,Masters,Engineering,Engineering Manager,Management,14040,8.0,13.4,17.6,Hybrid,1.2,1.0,7.5,5.7,True,4.9,0,Pre-Retirement (50-64)
4491,41,Female,Married,Masters,Customer Support,Support Team Lead,Senior Level,6879,7.1,11.7,18.8,Hybrid,14.4,5.2,5.9,4.8,False,4.4,1,Senior Career (40-49)
4492,34,Male,Married,High School,Customer Support,Customer Success Manager,Management,7727,4.7,7.2,14.0,Hybrid,4.9,3.6,5.1,5.3,True,6.5,0,Mid Career (30-39)
4493,39,Male,Single,Bachelors,Operations,Operations Manager,Mid Level,6119,13.4,7.2,10.5,Hybrid,6.1,4.1,4.9,7.9,False,5.0,0,Mid Career (30-39)
4494,47,Male,Divorced,Bachelors,Engineering,Engineering Manager,Senior Level,10810,13.3,4.8,9.4,Hybrid,1.8,2.6,8.3,6.9,False,4.0,0,Senior Career (40-49)
4495,39,Female,Single,Bachelors,Human Resources,Recruiter,Associate,4255,5.5,6.7,11.6,Hybrid,6.2,5.0,3.2,6.8,False,4.3,1,Mid Career (30-39)
4496,42,Female,Married,Bachelors,Marketing,Marketing Specialist,Senior Level,7556,15.6,11.8,22.0,Hybrid,0.7,2.2,8.6,6.9,False,3.2,0,Senior Career (40-49)
4497,35,Female,Married,Bachelors,Research & Development,Research Scientist,Mid Level,7436,7.3,9.5,11.3,Hybrid,4.9,7.1,5.7,5.8,True,4.1,0,Mid Career (30-39)
4498,40,Male,Single,Bachelors,Human Resources,HR Manager,Mid Level,5316,11.4,5.5,9.1,Hybrid,5.9,3.8,6.6,5.4,True,4.2,1,Senior Career (40-49)
4499,48,Female,Single,Masters,Marketing,Growth Manager,Management,11430,15.1,7.4,13.7,Hybrid,16.4,6.8,6.2,5.8,True,5.6,0,Senior Career (40-49)
4500,39,Male,Married,Masters,Marketing,Content Strategist,Mid Level,7661,10.1,6.3,11.0,Remote,5.1,2.7,9.0,6.9,False,7.4,0,Mid Career (30-39)
4501,28,Female,Married,Bachelors,Engineering,Engineering Manager,Mid Level,7942,9.0,7.0,8.0,Hybrid,2.2,3.3,4.6,7.9,True,5.5,0,Early Career (21-29)
4502,42,Male,Single,Masters,Research & Development,Product Researcher,Mid Level,9369,10.8,5.5,9.7,Onsite,6.7,6.2,4.8,7.7,True,1.6,0,Senior Career (40-49)
4503,31,Female,Single,Bachelors,Finance,Finance Manager,Senior Level,7316,8.7,10.0,11.0,Hybrid,10.8,5.5,4.9,6.4,False,4.6,0,Mid Career (30-39)
4504,52,Male,Single,Masters,Operations,Operations Manager,Senior Level,8248,16.1,12.4,21.2,Onsite,2.6,4.1,8.8,6.7,True,6.6,0,Pre-Retirement (50-64)
4505,26,Female,Married,High School,Finance,Financial Analyst,Entry Level,2722,8.1,5.0,6.0,Onsite,1.1,5.1,6.6,5.7,True,6.1,0,Early Career (21-29)
4506,33,Male,Single,Bachelors,Engineering,Software Engineer,Entry Level,4457,13.8,8.6,11.5,Onsite,1.0,2.6,6.2,8.5,True,3.5,0,Mid Career (30-39)
4507,26,Male,Married,Masters,Operations,Program Manager,Mid Level,6560,12.9,5.0,6.0,Hybrid,3.3,1.0,7.7,6.7,True,2.3,0,Early Career (21-29)
4508,40,Female,Divorced,Bachelors,Engineering,Data Engineer,Mid Level,8481,11.8,9.4,11.6,Hybrid,10.5,3.2,8.8,5.6,False,4.8,0,Senior Career (40-49)
4509,48,Non-binary,Married,Bachelors,Engineering,Software Engineer,Management,13572,10.9,12.1,20.8,Onsite,2.6,3.6,6.1,5.7,False,3.6,0,Senior Career (40-49)
4510,37,Female,Married,Bachelors,Marketing,Content Strategist,Mid Level,7485,16.0,4.9,16.9,Onsite,0.9,4.5,7.7,7.0,True,7.2,1,Mid Career (30-39)
4511,31,Female,Married,Bachelors,Marketing,Growth Manager,Associate,4825,13.3,1.8,4.6,Onsite,3.3,2.4,8.9,5.8,True,7.0,0,Mid Career (30-39)
4512,25,Female,Married,Bachelors,Human Resources,HR Business Partner,Entry Level,3212,6.0,3.9,5.0,Hybrid,11.1,3.6,6.6,5.8,True,2.6,0,Early Career (21-29)
4513,52,Male,Divorced,Masters,Research & Development,Product Researcher,Mid Level,9957,8.5,2.2,11.2,Hybrid,12.3,5.2,8.7,3.8,False,5.6,0,Pre-Retirement (50-64)
4514,26,Male,Married,Masters,Sales,Sales Manager,Associate,4169,10.2,3.0,6.0,Hybrid,5.1,3.5,6.8,5.1,False,3.5,0,Early Career (21-29)
4515,54,Male,Married,Bachelors,Operations,Operations Analyst,Senior Level,7289,4.2,8.7,11.5,Hybrid,5.0,6.0,5.9,5.4,False,3.6,0,Pre-Retirement (50-64)
4516,28,Male,Married,Bachelors,Sales,Sales Development Rep,Associate,6037,8.5,7.0,8.0,Remote,11.8,4.0,5.6,4.2,True,7.3,1,Early Career (21-29)
4517,25,Male,Single,Bachelors,Operations,Program Manager,Mid Level,5444,9.7,3.9,5.0,Onsite,9.6,6.6,4.4,5.4,True,3.5,0,Early Career (21-29)
4518,46,Male,Single,PhD,Finance,Financial Analyst,Entry Level,5038,9.7,10.0,20.0,Onsite,3.6,4.0,8.4,6.4,False,6.1,0,Senior Career (40-49)
4519,34,Female,Married,Bachelors,Sales,Account Executive,Associate,5267,11.0,6.3,11.5,Hybrid,12.5,6.9,5.3,4.2,True,5.3,1,Mid Career (30-39)
4520,37,Male,Divorced,Bachelors,Sales,Account Executive,Associate,5199,10.3,6.2,17.0,Hybrid,21.6,6.4,7.5,3.3,True,6.7,1,Mid Career (30-39)
4521,32,Male,Married,Bachelors,Marketing,Marketing Specialist,Associate,5014,16.3,3.4,11.6,Hybrid,4.6,3.4,8.5,5.9,False,8.1,0,Mid Career (30-39)
4522,33,Male,Married,Masters,Human Resources,HR Manager,Senior Level,7476,4.7,9.6,9.7,Remote,1.7,4.4,4.0,6.5,False,7.4,1,Mid Career (30-39)
4523,46,Male,Single,Masters,Customer Support,Support Specialist,Senior Level,6543,13.9,6.5,13.4,Onsite,5.9,4.4,8.7,4.9,True,7.3,0,Senior Career (40-49)
4524,44,Male,Married,Bachelors,Engineering,Software Engineer,Management,11900,13.8,16.0,18.9,Hybrid,4.8,1.7,7.5,7.1,False,1.0,0,Senior Career (40-49)
4525,50,Male,Divorced,Bachelors,Sales,Sales Development Rep,Mid Level,8086,11.9,9.1,20.9,Onsite,5.4,6.1,5.4,5.3,False,5.3,0,Pre-Retirement (50-64)
4526,44,Female,Single,Masters,Operations,Program Manager,Mid Level,9120,14.4,8.6,17.5,Hybrid,6.6,3.4,8.9,6.3,False,6.1,0,Senior Career (40-49)
4527,32,Female,Married,Bachelors,Sales,Sales Development Rep,Associate,5089,8.8,4.0,12.0,Remote,14.1,5.8,6.0,4.6,False,8.0,0,Mid Career (30-39)
4528,35,Male,Single,Masters,Finance,Financial Analyst,Associate,6419,9.8,7.0,11.7,Onsite,6.1,4.3,5.9,6.3,False,8.9,0,Mid Career (30-39)
4529,30,Female,Married,Bachelors,Research & Development,Product Researcher,Associate,6613,10.0,5.8,10.0,Remote,1.4,1.0,7.5,8.4,True,2.0,0,Mid Career (30-39)
4530,30,Female,Single,PhD,Marketing,Marketing Specialist,Associate,5970,12.7,6.0,10.0,Onsite,4.6,3.4,6.9,5.5,True,10.0,0,Mid Career (30-39)
4531,32,Female,Single,Bachelors,Customer Support,Support Specialist,Associate,3223,13.8,3.1,8.9,Remote,7.5,3.9,6.3,5.3,False,5.4,0,Mid Career (30-39)
4532,33,Female,Single,Bachelors,Engineering,Engineering Manager,Associate,5468,13.0,1.4,3.6,Onsite,1.2,3.8,6.7,7.9,True,6.3,0,Mid Career (30-39)
4533,38,Female,Single,Bachelors,Finance,Accountant,Associate,4742,10.2,4.5,10.3,Onsite,4.0,4.0,4.9,5.9,True,10.0,0,Mid Career (30-39)
4534,39,Male,Single,Masters,Finance,Finance Manager,Associate,5365,11.9,4.9,9.6,Onsite,2.8,2.3,7.7,7.1,False,4.1,0,Mid Career (30-39)
4535,38,Male,Married,High School,Human Resources,HR Business Partner,Associate,3523,7.8,7.8,11.9,Hybrid,2.2,3.7,8.2,7.8,False,5.3,0,Mid Career (30-39)
4536,48,Male,Single,PhD,Engineering,QA Engineer,Senior Level,10477,8.0,5.3,7.4,Hybrid,10.9,4.6,5.0,6.6,True,2.6,0,Senior Career (40-49)
4537,33,Male,Married,Bachelors,Engineering,Data Engineer,Mid Level,6720,9.8,6.7,8.8,Remote,5.0,3.3,6.3,7.3,False,5.0,0,Mid Career (30-39)
4538,32,Male,Single,Bachelors,Finance,Finance Manager,Mid Level,5187,12.6,6.8,12.0,Remote,8.5,3.4,6.5,6.1,False,6.1,0,Mid Career (30-39)
4539,39,Male,Married,Bachelors,Engineering,QA Engineer,Mid Level,7764,13.9,6.9,12.9,Hybrid,12.1,5.6,7.8,3.7,False,6.6,0,Mid Career (30-39)
4540,49,Female,Married,Bachelors,Marketing,Growth Manager,Mid Level,6179,12.7,6.6,11.3,Onsite,3.7,4.4,6.5,6.1,True,5.4,0,Senior Career (40-49)
4541,21,Male,Married,High School,Human Resources,Recruiter,Entry Level,2522,11.9,0.0,1.0,Hybrid,14.3,5.9,5.7,4.1,True,7.6,1,Early Career (21-29)
4542,34,Male,Married,Bachelors,Research & Development,Research Scientist,Associate,5490,18.3,7.7,10.9,Hybrid,2.8,2.4,8.3,9.2,True,1.8,0,Mid Career (30-39)
4543,32,Male,Single,Masters,Research & Development,Research Scientist,Associate,5956,14.3,6.4,11.5,Hybrid,5.9,2.2,6.2,8.1,True,3.8,0,Mid Career (30-39)
4544,45,Female,Single,Bachelors,Finance,Accountant,Senior Level,7536,10.4,12.1,25.0,Hybrid,2.0,2.1,7.6,6.4,True,4.2,0,Senior Career (40-49)
4545,33,Female,Single,Bachelors,Customer Support,Support Specialist,Associate,3095,8.5,6.6,13.0,Remote,12.1,3.7,4.8,5.9,True,9.0,0,Mid Career (30-39)
4546,41,Male,Divorced,Bachelors,Finance,Finance Manager,Management,8969,9.2,10.4,14.0,Onsite,2.3,4.1,7.3,5.8,True,6.4,1,Senior Career (40-49)
4547,32,Female,Single,Bachelors,Human Resources,Recruiter,Entry Level,3449,10.5,2.4,11.4,Hybrid,3.9,2.8,5.8,5.2,True,4.2,0,Mid Career (30-39)
4548,29,Female,Single,Bachelors,Sales,Sales Development Rep,Mid Level,8477,10.8,4.1,9.0,Onsite,12.8,4.8,4.3,4.5,False,7.5,0,Early Career (21-29)
4549,33,Female,Single,Masters,Operations,Operations Analyst,Entry Level,3552,7.6,3.6,9.3,Remote,0.9,2.9,7.4,8.2,False,4.9,0,Mid Career (30-39)
4550,45,Female,Single,Bachelors,Engineering,Engineering Manager,Senior Level,10893,6.0,9.6,12.8,Hybrid,1.4,2.4,7.1,8.1,True,3.6,0,Senior Career (40-49)
4551,33,Male,Single,Bachelors,Engineering,QA Engineer,Entry Level,3643,9.6,3.5,0.0,Onsite,4.6,5.0,7.2,6.1,True,4.5,0,Mid Career (30-39)
4552,34,Male,Single,High School,Finance,Finance Manager,Mid Level,5284,10.1,6.4,14.0,Hybrid,3.4,3.8,5.4,6.6,False,8.8,0,Mid Career (30-39)
4553,36,Female,Married,Bachelors,Operations,Operations Analyst,Associate,4473,10.3,3.1,9.3,Remote,7.3,4.3,5.9,6.3,False,5.2,0,Mid Career (30-39)
4554,36,Male,Married,Masters,Engineering,QA Engineer,Senior Level,13511,6.0,9.0,16.0,Onsite,4.3,2.5,6.9,6.3,False,3.9,0,Mid Career (30-39)
4555,42,Female,Single,Bachelors,Research & Development,Product Researcher,Associate,6076,12.6,4.1,8.5,Hybrid,3.1,4.2,6.3,6.6,True,5.3,0,Senior Career (40-49)
4556,54,Female,Single,Masters,Customer Support,Support Specialist,Management,8267,10.1,8.8,12.2,Hybrid,5.0,2.3,6.0,7.1,True,7.3,0,Pre-Retirement (50-64)
4557,23,Male,Single,Bachelors,Engineering,QA Engineer,Entry Level,3363,12.8,2.0,3.0,Hybrid,5.9,4.2,4.3,6.3,False,7.0,0,Early Career (21-29)
4558,43,Female,Single,High School,Operations,Operations Manager,Mid Level,5684,16.5,7.5,6.9,Remote,5.9,4.8,6.5,6.3,True,3.7,0,Senior Career (40-49)
4559,40,Female,Married,Masters,Engineering,QA Engineer,Mid Level,10700,13.5,13.3,17.2,Hybrid,4.1,4.9,6.5,5.3,True,3.4,0,Senior Career (40-49)
4560,29,Male,Married,Bachelors,Operations,Program Manager,Mid Level,6752,10.0,5.6,9.0,Remote,4.6,3.2,4.4,6.4,False,8.0,0,Early Career (21-29)
4561,40,Male,Divorced,High School,Sales,Account Executive,Mid Level,6230,9.0,4.2,14.3,Hybrid,4.9,4.0,6.9,5.5,False,3.2,1,Senior Career (40-49)
4562,41,Female,Married,Bachelors,Engineering,Software Engineer,Senior Level,10719,13.9,11.4,12.9,Onsite,2.7,3.7,5.5,5.3,True,3.2,0,Senior Career (40-49)
4563,50,Male,Single,High School,Sales,Account Executive,Mid Level,6345,11.5,5.1,11.7,Onsite,2.1,4.1,6.4,6.1,True,6.5,0,Pre-Retirement (50-64)
4564,32,Female,Single,Bachelors,Finance,Accountant,Associate,5306,13.0,6.0,7.0,Hybrid,2.3,3.0,7.5,6.1,True,5.3,0,Mid Career (30-39)
4565,37,Female,Divorced,Bachelors,Finance,Finance Manager,Mid Level,7095,8.7,14.7,17.0,Onsite,4.6,1.0,10.0,6.6,False,5.1,0,Mid Career (30-39)
4566,30,Female,Single,Masters,Sales,Sales Manager,Mid Level,6034,12.5,9.0,10.0,Onsite,5.4,5.1,5.1,6.4,False,3.4,0,Mid Career (30-39)
4567,39,Female,Married,PhD,Operations,Operations Manager,Mid Level,8210,11.9,3.1,13.8,Onsite,1.4,3.9,5.8,6.9,True,8.5,1,Mid Career (30-39)
4568,33,Male,Married,High School,Marketing,Content Strategist,Entry Level,2802,6.8,3.4,12.5,Hybrid,9.6,7.3,4.3,6.5,False,9.0,1,Mid Career (30-39)
4569,33,Female,Divorced,Masters,Sales,Sales Manager,Mid Level,6382,14.0,3.4,6.0,Onsite,16.6,4.5,7.8,5.2,False,5.1,0,Mid Career (30-39)
4570,29,Male,Married,Bachelors,Operations,Program Manager,Associate,4174,13.9,7.7,9.0,Hybrid,5.6,3.9,8.2,5.4,True,2.9,0,Early Career (21-29)
4571,42,Male,Married,Masters,Operations,Operations Manager,Management,10010,11.7,10.9,16.0,Onsite,0.8,4.1,5.9,7.9,False,3.0,0,Senior Career (40-49)
4572,25,Female,Single,Bachelors,Research & Development,Research Scientist,Associate,5194,12.8,0.9,5.0,Onsite,3.7,6.4,4.5,5.4,True,5.3,1,Early Career (21-29)
4573,34,Male,Married,Bachelors,Engineering,Software Engineer,Associate,5065,15.3,3.5,11.5,Remote,4.5,4.9,5.6,6.7,False,6.3,0,Mid Career (30-39)
4574,35,Male,Married,Bachelors,Research & Development,R&D Manager,Mid Level,8724,12.0,5.3,15.0,Hybrid,2.5,4.2,6.3,6.7,True,1.5,0,Mid Career (30-39)
4575,43,Female,Single,Bachelors,Engineering,Engineering Manager,Mid Level,9537,17.6,11.0,19.3,Hybrid,3.0,3.8,6.1,6.2,False,4.7,0,Senior Career (40-49)
4576,46,Male,Married,Masters,Engineering,Data Engineer,Management,13936,13.4,11.0,19.5,Hybrid,5.4,1.8,7.5,8.6,True,1.5,0,Senior Career (40-49)
4577,47,Female,Single,Bachelors,Operations,Operations Analyst,Mid Level,6536,15.5,6.5,9.0,Remote,4.4,3.6,6.8,6.2,False,7.8,0,Senior Career (40-49)
4578,27,Female,Married,Masters,Engineering,Software Engineer,Entry Level,3825,13.2,2.9,7.0,Hybrid,13.6,5.6,6.0,4.8,False,3.9,0,Early Career (21-29)
4579,35,Male,Single,Masters,Finance,Financial Analyst,Entry Level,3814,15.4,3.5,10.2,Hybrid,5.4,6.1,5.3,5.6,False,7.8,0,Mid Career (30-39)
4580,43,Non-binary,Single,Masters,Marketing,Growth Manager,Senior Level,12133,13.0,10.9,19.0,Onsite,3.5,5.6,7.5,5.6,True,8.9,0,Senior Career (40-49)
4581,41,Male,Married,Masters,Research & Development,Product Researcher,Senior Level,10773,16.1,7.3,6.0,Hybrid,7.2,3.5,7.0,5.6,True,2.6,0,Senior Career (40-49)
4582,43,Male,Divorced,Masters,Operations,Operations Manager,Mid Level,5752,13.8,4.1,13.9,Remote,7.0,3.5,7.6,7.3,False,4.0,0,Senior Career (40-49)
4583,34,Female,Single,Bachelors,Marketing,Growth Manager,Associate,5731,11.7,9.4,14.0,Hybrid,2.3,4.4,7.5,6.6,True,6.7,0,Mid Career (30-39)
4584,31,Female,Married,High School,Operations,Operations Analyst,Associate,4157,12.0,8.3,11.0,Hybrid,3.7,3.3,3.2,5.2,True,5.7,0,Mid Career (30-39)
4585,42,Male,Married,Bachelors,Engineering,QA Engineer,Mid Level,8302,11.1,10.9,19.1,Hybrid,5.0,4.2,6.9,6.9,True,5.5,1,Senior Career (40-49)
4586,48,Male,Married,Bachelors,Marketing,Growth Manager,Mid Level,5989,13.3,2.3,12.5,Hybrid,19.1,5.8,7.6,4.0,True,5.4,1,Senior Career (40-49)
4587,48,Male,Single,Masters,Customer Support,Customer Success Manager,Mid Level,5690,18.8,6.8,9.7,Hybrid,6.8,5.7,6.4,6.1,False,4.7,0,Senior Career (40-49)
4588,40,Female,Married,Masters,Marketing,Growth Manager,Senior Level,8054,9.3,10.4,14.0,Remote,4.6,1.0,6.6,8.0,True,2.1,0,Senior Career (40-49)
4589,45,Male,Single,Bachelors,Sales,Sales Development Rep,Associate,4342,0.0,4.8,5.6,Onsite,24.2,8.7,4.2,2.2,False,4.8,0,Senior Career (40-49)
4590,44,Male,Married,High School,Engineering,Data Engineer,Senior Level,9782,14.0,6.4,11.5,Remote,4.0,2.9,9.9,7.1,False,1.0,0,Senior Career (40-49)
4591,31,Female,Married,Masters,Marketing,Content Strategist,Senior Level,9761,7.0,10.0,11.0,Onsite,2.9,3.9,6.0,6.4,False,5.2,0,Mid Career (30-39)
4592,41,Male,Single,Masters,Operations,Operations Analyst,Mid Level,6234,10.8,6.8,12.2,Onsite,12.6,5.8,6.5,5.0,True,5.3,0,Senior Career (40-49)
4593,45,Female,Single,Bachelors,Operations,Operations Analyst,Associate,5265,10.9,5.1,12.9,Onsite,0.6,4.4,5.0,6.6,True,3.5,0,Senior Career (40-49)
4594,24,Male,Single,High School,Engineering,Software Engineer,Mid Level,5477,12.3,3.0,4.0,Remote,4.3,2.5,6.2,8.0,True,5.6,0,Early Career (21-29)
4595,35,Female,Married,Bachelors,Sales,Account Executive,Associate,4818,11.4,6.2,7.9,Hybrid,2.7,1.5,8.0,6.6,False,6.6,0,Mid Career (30-39)
4596,32,Male,Single,Bachelors,Sales,Sales Development Rep,Associate,4514,9.1,5.2,8.4,Onsite,14.4,5.0,6.3,3.8,True,5.1,0,Mid Career (30-39)
4597,46,Male,Married,Masters,Sales,Account Executive,Senior Level,8527,15.4,9.9,12.3,Hybrid,16.4,5.2,5.5,6.4,False,5.1,1,Senior Career (40-49)
4598,31,Male,Single,Masters,Research & Development,Product Researcher,Entry Level,5401,12.6,0.0,9.1,Hybrid,8.2,2.9,9.0,4.9,True,3.8,0,Mid Career (30-39)
4599,36,Male,Married,Masters,Customer Support,Customer Success Manager,Senior Level,6241,7.7,8.7,14.4,Remote,1.8,1.1,6.5,8.1,False,7.4,0,Mid Career (30-39)
4600,25,Male,Single,Bachelors,Engineering,Software Engineer,Entry Level,5108,18.5,2.4,5.0,Hybrid,2.5,2.8,7.8,6.9,True,4.0,0,Early Career (21-29)
4601,37,Male,Single,Bachelors,Finance,Finance Manager,Senior Level,8094,9.3,9.1,17.0,Onsite,5.4,5.6,8.3,5.8,False,6.8,0,Mid Career (30-39)
4602,47,Female,Married,Bachelors,Engineering,QA Engineer,Mid Level,8808,17.2,6.4,11.4,Onsite,1.0,3.4,7.3,6.6,True,1.0,0,Senior Career (40-49)
4603,28,Female,Single,Masters,Marketing,Content Strategist,Mid Level,6325,20.0,7.0,8.0,Remote,0.2,2.4,7.6,7.4,True,3.7,0,Early Career (21-29)
4604,37,Male,Single,Bachelors,Finance,Financial Analyst,Associate,4958,19.3,4.2,11.1,Onsite,5.8,2.5,7.3,7.1,True,5.1,0,Mid Career (30-39)
4605,37,Female,Single,Masters,Sales,Sales Development Rep,Entry Level,5134,9.6,3.0,15.1,Hybrid,3.7,3.0,8.3,6.5,True,2.1,0,Mid Career (30-39)
4606,39,Female,Divorced,Masters,Marketing,Growth Manager,Mid Level,7356,8.4,6.4,14.0,Remote,6.7,4.6,5.4,6.6,True,7.9,1,Mid Career (30-39)
4607,53,Female,Married,Bachelors,Marketing,Marketing Specialist,Mid Level,4632,16.2,3.0,7.7,Onsite,2.8,2.4,7.6,7.3,False,4.5,0,Pre-Retirement (50-64)
4608,41,Male,Single,Bachelors,Engineering,Engineering Manager,Mid Level,6915,8.7,13.1,17.3,Hybrid,3.9,4.4,5.6,6.4,True,1.6,1,Senior Career (40-49)
4609,42,Male,Married,Masters,Engineering,Software Engineer,Associate,7108,11.7,9.0,13.8,Onsite,4.0,5.4,8.0,6.6,True,3.8,0,Senior Career (40-49)
4610,41,Female,Single,High School,Human Resources,HR Manager,Management,8530,12.1,10.4,20.2,Remote,8.1,6.7,1.9,4.4,False,8.2,1,Senior Career (40-49)
4611,33,Female,Married,Bachelors,Finance,Accountant,Entry Level,3512,15.8,4.4,13.0,Hybrid,17.5,4.9,7.2,5.6,False,7.3,0,Mid Career (30-39)
4612,21,Female,Single,High School,Research & Development,Research Scientist,Associate,3753,11.9,0.0,1.0,Remote,11.0,4.4,7.0,6.4,True,5.5,0,Early Career (21-29)
4613,41,Female,Single,Masters,Engineering,Software Engineer,Mid Level,6685,12.3,5.2,13.0,Onsite,3.2,2.6,6.4,5.1,False,2.0,0,Senior Career (40-49)
4614,37,Female,Married,Bachelors,Research & Development,Research Scientist,Mid Level,9237,13.7,8.9,17.0,Remote,8.4,5.4,7.8,6.4,True,3.2,0,Mid Career (30-39)
4615,21,Female,Single,Bachelors,Engineering,QA Engineer,Associate,5807,14.2,0.0,1.0,Onsite,9.0,4.6,5.8,6.0,True,7.3,1,Early Career (21-29)
4616,38,Male,Married,Masters,Operations,Program Manager,Associate,4858,10.9,4.3,18.0,Hybrid,2.2,2.8,5.2,7.0,False,5.7,0,Mid Career (30-39)
4617,35,Female,Single,PhD,Sales,Sales Development Rep,Associate,6076,4.8,3.2,9.3,Remote,16.8,6.1,6.0,2.4,True,6.7,0,Mid Career (30-39)
4618,38,Male,Single,High School,Research & Development,Product Researcher,Senior Level,6446,7.8,7.3,13.5,Hybrid,3.0,2.2,4.1,6.8,True,2.5,0,Mid Career (30-39)
4619,35,Male,Single,Bachelors,Engineering,QA Engineer,Mid Level,8058,12.8,7.2,15.0,Hybrid,0.7,3.0,7.3,7.6,True,2.9,0,Mid Career (30-39)
4620,31,Female,Married,Masters,Engineering,QA Engineer,Associate,7695,6.2,8.2,11.0,Onsite,1.5,5.0,4.5,5.8,True,6.0,0,Mid Career (30-39)
4621,30,Male,Married,Bachelors,Human Resources,Recruiter,Associate,3552,15.1,6.6,10.0,Remote,4.0,1.0,7.4,8.1,False,2.2,0,Mid Career (30-39)
4622,37,Male,Married,High School,Operations,Program Manager,Mid Level,5792,15.7,8.2,15.4,Hybrid,14.4,6.0,7.0,4.1,False,4.9,1,Mid Career (30-39)
4623,41,Female,Married,Bachelors,Customer Support,Support Team Lead,Mid Level,3967,9.2,9.4,14.2,Onsite,5.6,4.5,6.3,6.9,False,6.4,0,Senior Career (40-49)
4624,46,Female,Married,Bachelors,Customer Support,Support Team Lead,Management,7235,10.2,13.0,17.6,Onsite,9.4,6.1,3.3,5.4,False,9.3,1,Senior Career (40-49)
4625,37,Female,Single,Masters,Operations,Operations Manager,Senior Level,6912,10.6,8.3,15.7,Onsite,15.8,9.0,5.4,3.6,False,5.8,0,Mid Career (30-39)
4627,26,Male,Married,Masters,Engineering,Software Engineer,Entry Level,4665,11.1,2.0,6.0,Hybrid,3.9,4.7,6.4,6.3,True,3.2,0,Early Career (21-29)
4628,35,Female,Married,Bachelors,Sales,Account Executive,Associate,5634,14.1,3.9,6.2,Hybrid,5.1,4.3,5.1,5.6,True,4.5,0,Mid Career (30-39)
4629,38,Female,Single,Masters,Engineering,QA Engineer,Senior Level,11680,11.2,10.9,18.0,Hybrid,10.6,3.6,8.1,5.6,True,2.0,0,Mid Career (30-39)
4630,39,Male,Single,Masters,Operations,Program Manager,Associate,3973,8.1,0.5,9.0,Onsite,5.3,6.1,4.2,5.3,False,1.8,0,Mid Career (30-39)
4631,34,Male,Married,Bachelors,Marketing,Content Strategist,Associate,3884,7.8,6.4,9.4,Remote,5.6,4.4,3.2,8.2,True,4.4,1,Mid Career (30-39)
4632,32,Female,Single,Bachelors,Human Resources,HR Business Partner,Mid Level,6732,10.4,2.9,11.4,Hybrid,11.9,3.5,7.8,4.6,False,1.0,0,Mid Career (30-39)
4633,36,Female,Divorced,Bachelors,Sales,Sales Development Rep,Associate,6650,10.4,5.0,13.4,Hybrid,2.8,2.4,7.1,6.7,False,5.8,0,Mid Career (30-39)
4634,36,Female,Single,Bachelors,Customer Support,Customer Success Manager,Senior Level,5403,12.0,9.4,15.3,Hybrid,7.6,5.2,5.7,6.0,True,3.2,0,Mid Career (30-39)
4636,46,Female,Single,Bachelors,Engineering,Software Engineer,Associate,6054,19.6,8.4,10.6,Onsite,4.1,4.2,7.1,6.8,False,3.3,1,Senior Career (40-49)
4637,52,Male,Single,Masters,Engineering,Software Engineer,Associate,6685,14.7,5.4,11.9,Remote,7.7,3.9,6.0,7.0,True,4.7,0,Pre-Retirement (50-64)
4638,21,Male,Single,High School,Finance,Accountant,Entry Level,3297,13.3,0.0,1.0,Remote,0.4,1.0,9.9,9.3,False,6.0,0,Early Career (21-29)
4639,35,Male,Single,Masters,Finance,Financial Analyst,Associate,6818,11.9,6.4,15.0,Hybrid,9.3,3.8,8.1,5.6,False,2.8,0,Mid Career (30-39)
4640,45,Female,Single,Bachelors,Operations,Program Manager,Senior Level,7287,15.0,5.9,11.8,Onsite,3.6,4.1,6.8,6.3,False,4.8,0,Senior Career (40-49)
4641,32,Male,Single,Masters,Engineering,Software Engineer,Associate,6662,10.4,9.1,12.0,Remote,3.4,1.6,8.5,8.6,True,4.2,0,Mid Career (30-39)
4642,41,Male,Married,Masters,Engineering,Software Engineer,Mid Level,13011,9.8,7.1,14.7,Hybrid,2.3,1.9,7.2,5.6,True,4.5,0,Senior Career (40-49)
4643,45,Male,Married,PhD,Marketing,Marketing Specialist,Management,15191,16.5,13.9,15.4,Hybrid,6.0,2.9,6.5,6.9,False,2.2,0,Senior Career (40-49)
4644,27,Female,Single,Bachelors,Engineering,Data Engineer,Entry Level,6030,10.1,4.4,7.0,Onsite,2.6,3.7,7.6,6.6,True,3.7,0,Early Career (21-29)
4645,34,Male,Married,Masters,Finance,Finance Manager,Senior Level,9829,9.6,10.0,14.0,Hybrid,3.7,3.3,6.9,6.1,False,4.5,1,Mid Career (30-39)
4646,43,Female,Married,Masters,Customer Support,Customer Success Manager,Senior Level,8891,12.5,4.4,14.7,Hybrid,3.4,2.3,6.2,6.9,False,4.7,0,Senior Career (40-49)
4647,41,Female,Single,Bachelors,Sales,Sales Development Rep,Associate,6008,10.5,7.7,12.5,Onsite,5.8,4.9,5.3,5.4,False,5.9,0,Senior Career (40-49)
4648,48,Male,Divorced,High School,Engineering,Data Engineer,Senior Level,9577,16.4,10.3,17.4,Hybrid,2.9,4.0,6.2,6.1,True,1.5,0,Senior Career (40-49)
4649,36,Male,Single,Masters,Research & Development,R&D Manager,Mid Level,6568,10.8,9.2,9.8,Hybrid,11.9,5.0,3.3,5.5,True,2.6,0,Mid Career (30-39)
4650,33,Female,Single,Masters,Research & Development,Product Researcher,Associate,8006,6.2,7.2,13.0,Hybrid,4.1,3.8,7.8,7.6,True,1.0,0,Mid Career (30-39)
4651,39,Female,Single,Bachelors,Sales,Account Executive,Mid Level,8155,8.2,4.4,12.0,Remote,5.8,4.8,5.3,5.4,False,5.0,1,Mid Career (30-39)
4652,27,Male,Single,Masters,Operations,Operations Manager,Mid Level,5624,13.2,6.0,7.0,Onsite,9.7,6.0,4.0,5.5,True,2.7,1,Early Career (21-29)
4653,40,Male,Single,Bachelors,Engineering,QA Engineer,Mid Level,9521,12.5,6.8,12.1,Hybrid,11.5,3.7,9.2,6.0,False,1.0,0,Senior Career (40-49)
4654,36,Female,Single,Bachelors,Operations,Program Manager,Senior Level,10330,12.3,8.2,16.0,Onsite,5.3,2.7,7.4,8.6,True,5.4,0,Mid Career (30-39)
4655,29,Female,Married,PhD,Engineering,QA Engineer,Associate,7593,6.5,2.7,6.8,Onsite,6.2,4.5,5.1,6.6,True,4.9,1,Early Career (21-29)
4656,42,Male,Single,Bachelors,Operations,Operations Analyst,Management,13818,12.8,9.4,14.6,Remote,3.7,1.9,6.9,6.2,False,3.5,0,Senior Career (40-49)
4657,35,Female,Married,Bachelors,Engineering,Software Engineer,Associate,6419,6.8,5.5,12.0,Hybrid,16.1,2.9,8.4,3.4,True,1.0,0,Mid Career (30-39)
4658,23,Male,Married,Bachelors,Marketing,Content Strategist,Associate,4639,9.7,2.0,3.0,Hybrid,1.0,4.3,5.6,6.5,True,4.7,0,Early Career (21-29)
4659,38,Male,Single,Bachelors,Finance,Accountant,Associate,4839,13.9,2.3,6.3,Onsite,2.9,4.6,6.1,5.8,True,7.5,0,Mid Career (30-39)
4660,38,Male,Married,Masters,Customer Support,Customer Success Manager,Mid Level,5388,9.3,6.0,14.2,Hybrid,7.1,4.6,7.2,5.9,False,6.6,0,Mid Career (30-39)
4661,36,Male,Divorced,Bachelors,Marketing,Growth Manager,Senior Level,8117,11.1,7.0,11.0,Hybrid,2.0,3.4,4.7,6.8,False,6.5,0,Mid Career (30-39)
4662,34,Female,Single,Bachelors,Marketing,Content Strategist,Entry Level,3121,10.4,3.7,7.9,Onsite,5.7,4.5,6.5,5.3,False,6.6,0,Mid Career (30-39)
4663,36,Female,Single,Masters,Engineering,Software Engineer,Associate,6941,7.5,4.3,12.8,Hybrid,7.2,5.0,4.6,5.8,True,4.7,0,Mid Career (30-39)
4664,38,Male,Single,Bachelors,Sales,Account Executive,Associate,6519,8.7,6.1,8.9,Hybrid,7.2,2.8,6.7,7.5,False,3.8,1,Mid Career (30-39)
4665,36,Male,Married,Bachelors,Marketing,Content Strategist,Associate,3996,14.7,2.1,11.3,Hybrid,5.0,3.2,7.0,7.3,False,4.6,0,Mid Career (30-39)
4666,36,Female,Married,High School,Sales,Sales Manager,Senior Level,5432,18.1,13.3,14.2,Onsite,12.7,3.8,8.6,6.4,True,1.0,0,Mid Career (30-39)
4667,45,Female,Married,Masters,Human Resources,HR Manager,Management,10278,13.2,9.0,13.9,Hybrid,9.8,5.4,6.6,5.1,False,6.0,1,Senior Career (40-49)
4668,25,Female,Married,Bachelors,Research & Development,Product Researcher,Entry Level,3479,10.7,1.5,5.0,Remote,4.0,2.6,4.4,5.7,True,4.8,0,Early Career (21-29)
4669,42,Female,Married,Masters,Engineering,QA Engineer,Management,14091,14.6,14.2,22.0,Remote,3.7,1.0,9.5,7.9,True,1.0,0,Senior Career (40-49)
4670,26,Male,Married,Masters,Marketing,Marketing Specialist,Associate,5126,16.6,5.0,6.0,Remote,3.6,1.0,10.0,8.3,True,4.2,0,Early Career (21-29)
4671,21,Male,Divorced,Masters,Engineering,Software Engineer,Entry Level,3736,14.8,0.0,1.0,Onsite,10.2,4.0,5.7,5.3,True,3.9,1,Early Career (21-29)
4672,27,Female,Married,Bachelors,Engineering,QA Engineer,Associate,6835,15.3,2.6,7.0,Remote,4.8,2.2,7.2,6.5,False,3.9,0,Early Career (21-29)
4673,27,Male,Married,PhD,Engineering,Software Engineer,Entry Level,4842,13.7,6.0,7.0,Onsite,6.3,4.1,6.9,4.3,True,6.1,0,Early Career (21-29)
4674,42,Female,Married,Masters,Research & Development,R&D Manager,Associate,7658,4.4,3.0,11.1,Hybrid,7.8,4.1,6.1,5.2,True,3.1,0,Senior Career (40-49)
4675,25,Male,Single,Masters,Customer Support,Support Team Lead,Associate,4106,13.3,4.0,5.0,Hybrid,11.1,6.2,5.1,4.8,False,8.7,1,Early Career (21-29)
4676,36,Female,Single,Bachelors,Engineering,Engineering Manager,Management,11303,10.6,14.1,15.7,Onsite,6.6,1.4,7.4,6.3,True,3.7,0,Mid Career (30-39)
4677,32,Female,Single,Masters,Operations,Operations Manager,Mid Level,6566,17.1,5.3,10.3,Hybrid,5.4,3.1,9.2,6.6,False,5.5,1,Mid Career (30-39)
4678,30,Male,Married,Bachelors,Engineering,Data Engineer,Associate,6403,18.8,7.8,10.0,Hybrid,15.0,5.1,5.8,4.0,False,3.2,0,Mid Career (30-39)
4679,52,Female,Single,PhD,Human Resources,HR Business Partner,Senior Level,7568,13.2,12.3,18.5,Hybrid,10.3,5.7,6.9,3.9,False,7.4,0,Pre-Retirement (50-64)
4680,40,Female,Married,Bachelors,Sales,Sales Manager,Management,9521,12.8,9.3,14.3,Hybrid,9.5,3.2,7.1,6.9,True,3.9,0,Senior Career (40-49)
4681,47,Male,Married,Bachelors,Customer Support,Customer Success Manager,Senior Level,6174,4.9,12.5,17.7,Hybrid,6.4,2.8,4.6,6.4,True,6.0,1,Senior Career (40-49)
4682,37,Male,Divorced,Bachelors,Marketing,Content Strategist,Senior Level,7768,11.6,9.4,15.9,Onsite,19.6,5.2,7.8,4.2,False,8.6,0,Mid Career (30-39)
4683,39,Female,Single,Bachelors,Operations,Operations Analyst,Senior Level,8102,9.1,9.6,19.0,Hybrid,14.4,4.0,7.8,5.7,False,2.6,0,Mid Career (30-39)
4684,48,Female,Single,Bachelors,Operations,Operations Manager,Senior Level,7192,8.7,6.4,9.9,Onsite,1.6,2.9,7.2,6.5,True,5.1,0,Senior Career (40-49)
4685,37,Male,Single,High School,Customer Support,Support Specialist,Associate,3350,7.9,7.9,15.9,Hybrid,8.1,4.2,6.6,6.0,False,7.4,0,Mid Career (30-39)
4686,38,Female,Married,Masters,Operations,Operations Manager,Associate,4757,8.5,5.8,10.4,Onsite,6.1,5.4,4.3,4.9,True,5.1,1,Mid Career (30-39)
4687,35,Male,Married,Masters,Finance,Accountant,Management,8605,11.8,10.6,15.0,Hybrid,7.7,4.3,6.7,4.7,True,4.9,0,Mid Career (30-39)
4688,32,Female,Divorced,Bachelors,Sales,Sales Manager,Mid Level,7992,11.6,3.9,9.6,Remote,14.6,7.0,5.8,4.7,True,6.0,0,Mid Career (30-39)
4689,29,Male,Single,Bachelors,Marketing,Content Strategist,Associate,4489,6.5,4.4,9.0,Onsite,6.9,4.8,8.2,6.6,False,7.0,0,Early Career (21-29)
4690,35,Male,Single,Bachelors,Engineering,Engineering Manager,Associate,7275,13.5,6.5,9.3,Remote,7.3,3.5,5.7,6.9,False,2.3,1,Mid Career (30-39)
4691,40,Male,Single,Bachelors,Operations,Operations Manager,Management,10349,11.9,9.2,20.0,Onsite,16.7,9.0,2.1,2.8,True,4.5,1,Senior Career (40-49)
4692,39,Male,Single,Bachelors,Engineering,Engineering Manager,Senior Level,10779,19.0,9.3,11.0,Onsite,2.8,2.5,9.2,8.3,True,3.5,0,Mid Career (30-39)
4693,29,Female,Single,Masters,Engineering,Software Engineer,Associate,6055,14.8,7.3,8.5,Remote,3.4,3.7,7.3,6.5,True,3.1,0,Early Career (21-29)
4694,21,Female,Single,Bachelors,Sales,Account Executive,Entry Level,3080,17.9,0.0,1.0,Onsite,3.5,3.8,8.2,6.1,False,7.8,0,Early Career (21-29)
4695,36,Female,Single,Bachelors,Sales,Account Executive,Mid Level,6616,10.6,7.7,13.2,Onsite,11.2,3.4,6.3,6.1,False,3.3,0,Mid Career (30-39)
4696,43,Female,Single,High School,Research & Development,Research Scientist,Mid Level,5138,12.6,9.1,12.6,Hybrid,0.7,1.7,6.7,8.2,True,2.2,0,Senior Career (40-49)
4697,31,Male,Married,Bachelors,Finance,Financial Analyst,Mid Level,5492,10.2,8.1,11.0,Hybrid,11.8,5.8,5.8,5.4,True,5.6,0,Mid Career (30-39)
4698,27,Male,Single,Bachelors,Marketing,Content Strategist,Entry Level,4206,9.4,3.3,7.0,Onsite,15.7,8.1,3.3,3.5,True,7.3,1,Early Career (21-29)
4699,43,Female,Single,Masters,Research & Development,R&D Manager,Senior Level,9479,12.0,9.2,13.5,Onsite,2.6,6.0,5.7,7.5,False,4.6,0,Senior Career (40-49)
4700,31,Male,Married,Bachelors,Research & Development,R&D Manager,Associate,4934,12.3,9.5,11.0,Hybrid,3.3,1.8,9.0,8.4,True,3.7,0,Mid Career (30-39)
4701,31,Male,Divorced,Bachelors,Human Resources,Recruiter,Entry Level,3102,12.4,10.0,10.2,Remote,1.0,1.5,8.7,7.7,True,5.4,0,Mid Career (30-39)
4702,21,Female,Single,Masters,Sales,Sales Development Rep,Entry Level,4097,10.6,0.0,1.0,Hybrid,14.5,5.7,6.5,4.2,False,6.2,1,Early Career (21-29)
4703,28,Male,Divorced,Bachelors,Sales,Account Executive,Associate,5512,7.8,0.9,4.9,Onsite,3.6,3.1,6.6,6.8,False,9.3,0,Early Career (21-29)
4704,38,Male,Married,Masters,Research & Development,R&D Manager,Senior Level,11885,11.5,12.5,18.0,Remote,10.9,3.5,5.4,7.2,True,5.3,0,Mid Career (30-39)
4705,35,Female,Married,Masters,Finance,Finance Manager,Associate,6809,11.1,8.1,11.3,Remote,2.3,2.4,5.9,7.5,True,5.1,0,Mid Career (30-39)
4706,24,Male,Married,High School,Engineering,Software Engineer,Entry Level,4537,9.3,1.9,4.0,Hybrid,16.6,6.5,4.6,2.9,True,2.7,0,Early Career (21-29)
4707,39,Male,Married,Masters,Marketing,Marketing Specialist,Senior Level,9580,12.4,8.6,13.4,Onsite,10.3,5.9,5.4,5.2,True,5.0,0,Mid Career (30-39)
4708,52,Female,Married,Masters,Operations,Program Manager,Management,12699,13.5,8.2,11.0,Onsite,2.8,4.2,5.2,6.8,True,4.7,0,Pre-Retirement (50-64)
4709,43,Female,Single,Bachelors,Sales,Account Executive,Associate,5056,4.7,4.4,14.7,Onsite,8.1,7.1,4.3,5.8,False,5.1,1,Senior Career (40-49)
4710,27,Male,Single,Masters,Finance,Financial Analyst,Associate,6410,10.4,6.0,7.0,Hybrid,2.2,3.5,7.8,6.3,False,5.1,0,Early Career (21-29)
4711,39,Non-binary,Single,Bachelors,Research & Development,Research Scientist,Associate,5200,11.5,4.3,4.1,Onsite,0.8,4.5,4.9,5.8,True,4.9,0,Mid Career (30-39)
4712,33,Male,Married,Bachelors,Engineering,Data Engineer,Entry Level,4185,12.7,0.6,7.0,Onsite,6.6,5.8,5.7,4.8,True,2.2,0,Mid Career (30-39)
4713,30,Female,Divorced,Masters,Operations,Program Manager,Associate,5047,12.9,9.0,10.0,Hybrid,4.9,2.2,4.8,6.2,False,3.0,0,Mid Career (30-39)
4714,45,Female,Divorced,Masters,Customer Support,Customer Success Manager,Mid Level,6202,7.2,6.0,10.3,Onsite,12.9,8.4,6.4,3.7,True,7.7,0,Senior Career (40-49)
4715,34,Non-binary,Married,Bachelors,Human Resources,HR Manager,Mid Level,5613,12.8,5.6,12.6,Onsite,2.4,1.9,7.3,6.5,False,1.6,0,Mid Career (30-39)
4716,27,Female,Married,PhD,Marketing,Marketing Specialist,Associate,7645,12.5,5.1,7.0,Hybrid,6.8,2.1,8.0,5.8,False,4.8,0,Early Career (21-29)
4717,30,Female,Married,Masters,Sales,Sales Manager,Mid Level,9022,16.3,7.7,10.0,Onsite,6.4,5.5,6.4,6.4,False,5.5,0,Mid Career (30-39)
4718,31,Male,Married,High School,Marketing,Content Strategist,Associate,3785,9.2,7.6,11.0,Remote,3.9,3.1,8.1,8.1,False,8.2,0,Mid Career (30-39)
4719,29,Female,Married,PhD,Operations,Operations Manager,Mid Level,6590,10.6,8.0,9.0,Hybrid,4.4,1.0,9.1,7.8,True,5.0,0,Early Career (21-29)
4720,47,Female,Married,Masters,Operations,Operations Manager,Mid Level,5755,13.8,7.8,11.0,Remote,9.1,3.6,3.4,6.2,True,5.8,1,Senior Career (40-49)
4721,37,Male,Single,Bachelors,Finance,Financial Analyst,Associate,5150,15.2,3.6,15.1,Onsite,11.6,7.0,3.5,5.0,True,4.5,0,Mid Career (30-39)
4722,41,Male,Single,Masters,Finance,Finance Manager,Senior Level,11874,6.5,9.9,19.2,Remote,12.1,3.7,6.0,7.7,False,3.2,0,Senior Career (40-49)
4723,39,Male,Single,Bachelors,Customer Support,Customer Success Manager,Mid Level,4155,8.3,5.4,9.5,Hybrid,12.5,6.9,5.5,3.9,True,8.8,0,Mid Career (30-39)
4724,38,Male,Married,High School,Engineering,Software Engineer,Associate,5342,11.8,10.5,14.8,Hybrid,2.1,2.5,6.5,5.5,False,6.2,0,Mid Career (30-39)
4725,42,Female,Single,Bachelors,Human Resources,HR Business Partner,Mid Level,6706,18.7,5.1,14.7,Remote,6.2,2.4,7.1,6.4,True,4.3,0,Senior Career (40-49)
4726,42,Female,Married,Bachelors,Research & Development,Product Researcher,Associate,5390,16.3,0.0,5.8,Hybrid,2.7,4.5,4.5,6.9,True,4.8,0,Senior Career (40-49)
4727,47,Male,Married,Bachelors,Sales,Sales Development Rep,Senior Level,7603,14.6,5.8,13.4,Remote,6.4,2.1,7.4,8.4,False,4.4,0,Senior Career (40-49)
4728,33,Male,Single,Bachelors,Operations,Operations Manager,Associate,4159,10.1,11.7,13.0,Remote,5.1,4.2,3.4,6.6,False,2.8,1,Mid Career (30-39)
4729,33,Female,Married,Bachelors,Marketing,Content Strategist,Senior Level,9196,13.6,8.8,13.0,Onsite,9.1,4.8,7.0,5.7,False,4.6,0,Mid Career (30-39)
4730,35,Male,Single,Bachelors,Sales,Account Executive,Associate,5507,6.2,4.6,7.3,Onsite,4.9,2.8,8.7,6.9,True,4.5,0,Mid Career (30-39)
4731,34,Female,Married,Bachelors,Sales,Sales Development Rep,Entry Level,2644,7.7,8.2,13.8,Hybrid,7.3,5.3,5.3,4.7,False,6.1,0,Mid Career (30-39)
4732,37,Female,Married,High School,Customer Support,Support Specialist,Entry Level,2894,7.3,7.4,11.4,Onsite,14.0,5.7,5.4,5.1,True,5.4,0,Mid Career (30-39)
4733,45,Female,Married,Masters,Finance,Accountant,Senior Level,8474,11.4,12.3,15.5,Onsite,2.8,2.6,7.9,6.8,False,6.6,0,Senior Career (40-49)
4734,43,Male,Married,Bachelors,Operations,Operations Manager,Senior Level,6876,12.5,9.7,13.0,Onsite,10.9,5.7,6.4,5.2,True,4.5,1,Senior Career (40-49)
4735,33,Female,Single,Bachelors,Sales,Sales Manager,Mid Level,7645,11.4,10.9,13.0,Hybrid,15.0,5.1,6.4,5.0,False,2.5,0,Mid Career (30-39)
4736,34,Male,Single,Bachelors,Sales,Sales Manager,Mid Level,8765,8.2,9.9,14.0,Onsite,8.7,5.1,7.0,3.6,False,7.7,0,Mid Career (30-39)
4737,50,Female,Married,PhD,Engineering,Software Engineer,Senior Level,12310,12.3,7.9,12.6,Onsite,2.4,4.1,8.4,5.6,True,6.9,0,Pre-Retirement (50-64)
4738,37,Male,Married,Masters,Research & Development,Research Scientist,Mid Level,6965,15.4,5.3,12.6,Onsite,5.6,2.8,9.7,6.1,False,3.3,0,Mid Career (30-39)
4739,40,Male,Divorced,Masters,Sales,Sales Manager,Senior Level,10845,12.5,10.9,16.9,Hybrid,4.1,3.7,7.8,5.1,True,1.1,0,Senior Career (40-49)
4740,47,Female,Married,Bachelors,Customer Support,Support Specialist,Senior Level,5213,13.1,9.0,12.4,Onsite,3.5,3.4,6.4,5.8,True,5.6,1,Senior Career (40-49)
4741,60,Female,Married,Bachelors,Sales,Sales Manager,Management,8746,7.8,11.2,21.1,Hybrid,16.4,6.0,7.5,5.5,True,2.9,0,Pre-Retirement (50-64)
4742,28,Male,Married,Masters,Human Resources,HR Business Partner,Mid Level,5831,16.2,5.7,7.8,Onsite,15.7,7.0,5.4,4.2,False,4.3,0,Early Career (21-29)
4743,52,Male,Single,Bachelors,Customer Support,Customer Success Manager,Senior Level,6671,12.8,12.2,14.9,Hybrid,5.3,2.1,7.7,7.2,False,6.4,0,Pre-Retirement (50-64)
4744,27,Female,Single,PhD,Engineering,QA Engineer,Entry Level,5149,11.7,0.0,4.8,Remote,11.2,4.2,6.6,6.3,False,6.3,0,Early Career (21-29)
4745,25,Female,Married,Bachelors,Human Resources,HR Manager,Senior Level,7408,5.5,4.0,5.0,Onsite,7.4,5.3,6.4,4.7,False,6.3,0,Early Career (21-29)
4746,33,Male,Single,PhD,Engineering,Data Engineer,Senior Level,8289,14.3,12.0,13.0,Remote,0.4,2.9,6.3,7.4,True,2.5,0,Mid Career (30-39)
4747,44,Female,Divorced,PhD,Research & Development,Research Scientist,Associate,5956,11.9,5.0,11.2,Hybrid,9.2,4.0,5.0,6.2,False,2.6,1,Senior Career (40-49)
4748,37,Female,Divorced,High School,Research & Development,Research Scientist,Mid Level,6505,12.9,7.3,16.5,Hybrid,12.6,4.7,6.2,5.7,True,5.6,0,Mid Career (30-39)
4749,41,Male,Married,Bachelors,Marketing,Growth Manager,Senior Level,7121,7.5,14.9,19.6,Remote,3.1,2.2,7.0,7.5,False,7.1,1,Senior Career (40-49)
4750,49,Female,Single,Masters,Engineering,Software Engineer,Mid Level,6764,14.1,4.4,11.9,Hybrid,1.0,3.5,7.5,6.3,True,5.6,0,Senior Career (40-49)
4751,31,Male,Married,Bachelors,Finance,Finance Manager,Mid Level,6593,9.8,10.0,11.0,Hybrid,2.6,1.2,7.6,7.9,False,7.9,0,Mid Career (30-39)
4752,40,Male,Married,Bachelors,Customer Support,Support Specialist,Mid Level,5371,9.9,10.3,15.3,Remote,10.6,2.9,6.3,6.2,True,7.3,0,Senior Career (40-49)
4753,38,Male,Single,Bachelors,Finance,Accountant,Mid Level,5544,16.1,6.7,15.6,Onsite,3.3,4.7,6.8,3.6,True,5.3,0,Mid Career (30-39)
4754,44,Female,Divorced,Bachelors,Customer Support,Customer Success Manager,Mid Level,5343,7.2,7.7,10.1,Hybrid,8.1,3.7,8.3,4.5,True,3.6,1,Senior Career (40-49)
4755,42,Male,Single,PhD,Customer Support,Support Specialist,Mid Level,4369,7.7,6.0,12.5,Hybrid,7.3,6.0,3.1,5.0,False,8.3,1,Senior Career (40-49)
4756,41,Male,Divorced,Bachelors,Engineering,Engineering Manager,Senior Level,12831,12.5,11.6,16.6,Onsite,4.4,3.4,9.9,6.7,True,5.3,0,Senior Career (40-49)
4757,44,Female,Married,Bachelors,Marketing,Marketing Specialist,Associate,4153,12.1,5.3,16.4,Onsite,8.0,3.7,5.4,5.8,True,8.0,0,Senior Career (40-49)
4758,36,Female,Single,Masters,Engineering,QA Engineer,Entry Level,4271,15.3,2.8,4.9,Onsite,15.2,5.5,5.9,4.2,True,6.0,0,Mid Career (30-39)
4759,23,Female,Married,PhD,Engineering,Engineering Manager,Senior Level,10834,15.5,2.0,3.0,Remote,5.3,1.3,9.6,7.0,True,3.4,0,Early Career (21-29)
4760,34,Male,Single,Masters,Engineering,QA Engineer,Associate,7140,17.3,6.8,11.1,Hybrid,5.7,4.8,5.5,5.5,True,4.7,0,Mid Career (30-39)
4761,34,Male,Married,Bachelors,Research & Development,Product Researcher,Entry Level,4733,9.5,1.6,4.1,Onsite,11.5,5.6,4.2,5.0,True,5.8,0,Mid Career (30-39)
4762,51,Female,Divorced,Masters,Customer Support,Customer Success Manager,Senior Level,6172,7.4,8.1,15.4,Hybrid,7.4,5.6,7.1,4.8,False,6.6,0,Pre-Retirement (50-64)
4763,48,Male,Married,Bachelors,Customer Support,Customer Success Manager,Management,7377,11.9,12.9,20.3,Onsite,7.6,4.7,6.3,4.4,False,6.4,0,Senior Career (40-49)
4764,41,Male,Divorced,Masters,Engineering,QA Engineer,Associate,6040,15.7,5.0,14.8,Onsite,10.5,4.1,7.4,6.0,False,3.8,0,Senior Career (40-49)
4765,32,Male,Single,Bachelors,Engineering,QA Engineer,Associate,6585,5.5,3.0,8.5,Hybrid,0.6,4.4,6.4,6.0,True,3.0,1,Mid Career (30-39)
4766,46,Female,Married,Bachelors,Engineering,Data Engineer,Management,11976,6.8,12.9,16.8,Onsite,5.6,4.6,4.7,6.5,True,3.1,0,Senior Career (40-49)
4767,22,Male,Single,Bachelors,Sales,Sales Manager,Mid Level,5434,11.3,1.0,2.0,Onsite,4.1,3.9,5.0,6.9,True,7.0,0,Early Career (21-29)
4768,43,Female,Married,High School,Customer Support,Support Specialist,Senior Level,4243,15.1,5.1,8.0,Onsite,8.3,4.3,6.7,5.2,True,6.6,1,Senior Career (40-49)
4769,37,Female,Single,Bachelors,Human Resources,HR Manager,Mid Level,5504,8.2,7.6,17.0,Onsite,8.5,3.0,6.8,5.1,True,7.1,0,Mid Career (30-39)
4770,36,Male,Married,High School,Finance,Financial Analyst,Associate,4686,11.6,2.9,7.8,Hybrid,4.4,4.9,5.0,5.7,True,6.5,0,Mid Career (30-39)
4771,46,Male,Married,PhD,Customer Support,Support Specialist,Senior Level,7423,12.5,9.4,17.7,Remote,4.1,4.5,6.0,6.6,False,7.0,1,Senior Career (40-49)
4772,31,Male,Single,Masters,Sales,Account Executive,Senior Level,8773,8.8,10.0,11.0,Onsite,8.5,4.0,6.0,7.7,True,5.8,0,Mid Career (30-39)
4773,37,Female,Single,High School,Customer Support,Support Specialist,Senior Level,6599,10.1,9.7,17.0,Remote,5.4,2.0,5.9,7.3,True,4.3,0,Mid Career (30-39)
4774,37,Male,Married,Masters,Research & Development,Product Researcher,Associate,5795,5.8,5.5,11.8,Hybrid,5.4,2.4,8.2,7.5,True,4.5,0,Mid Career (30-39)
4775,48,Female,Married,Masters,Marketing,Marketing Specialist,Senior Level,7533,14.5,6.6,15.3,Hybrid,19.1,4.4,4.6,4.7,True,4.6,1,Senior Career (40-49)
4776,49,Male,Married,Bachelors,Finance,Finance Manager,Management,11941,17.1,5.8,7.7,Remote,1.5,1.5,9.1,8.1,False,4.8,0,Senior Career (40-49)
4777,31,Female,Single,Masters,Customer Support,Support Specialist,Mid Level,6810,10.6,8.9,11.0,Hybrid,9.6,5.3,6.9,4.9,True,5.4,0,Mid Career (30-39)
4778,32,Male,Married,High School,Engineering,QA Engineer,Entry Level,3518,11.1,5.8,11.2,Remote,2.8,2.0,7.7,7.6,True,5.7,0,Mid Career (30-39)
4779,38,Male,Married,Masters,Sales,Account Executive,Associate,7166,15.4,6.1,12.0,Remote,19.2,7.9,4.0,4.0,False,2.6,1,Mid Career (30-39)
4780,39,Female,Married,High School,Engineering,QA Engineer,Entry Level,3485,13.8,5.8,8.6,Onsite,7.2,2.5,5.5,6.4,True,3.8,0,Mid Career (30-39)
4781,38,Male,Married,High School,Research & Development,Research Scientist,Associate,5569,14.7,5.9,6.4,Onsite,1.1,4.4,4.9,6.3,False,5.1,0,Mid Career (30-39)
4782,34,Female,Married,Bachelors,Marketing,Growth Manager,Associate,4860,8.6,4.3,11.6,Onsite,10.9,3.5,7.9,4.1,False,4.4,1,Mid Career (30-39)
4783,33,Female,Married,Masters,Marketing,Growth Manager,Associate,6324,15.6,7.3,13.0,Remote,6.4,5.0,7.1,5.5,True,5.0,0,Mid Career (30-39)
4784,39,Male,Single,Bachelors,Engineering,QA Engineer,Mid Level,7335,7.4,8.6,12.6,Onsite,15.9,3.8,9.2,4.0,False,2.4,0,Mid Career (30-39)
4785,30,Female,Divorced,Bachelors,Customer Support,Customer Success Manager,Mid Level,5971,12.8,4.9,10.0,Onsite,11.0,4.3,5.8,6.3,False,5.5,0,Mid Career (30-39)
4786,42,Male,Married,Bachelors,Sales,Sales Manager,Management,13909,13.3,16.0,22.0,Onsite,15.1,6.0,6.0,4.8,True,4.4,1,Senior Career (40-49)
4787,27,Female,Single,PhD,Engineering,Data Engineer,Associate,8227,14.0,6.0,7.0,Remote,3.1,4.1,4.7,7.4,True,4.1,0,Early Career (21-29)
4788,34,Female,Married,Bachelors,Sales,Sales Development Rep,Associate,4608,13.5,4.5,8.0,Remote,3.7,3.5,5.6,8.1,True,5.0,0,Mid Career (30-39)
4789,54,Female,Single,Masters,Sales,Account Executive,Management,10383,12.5,14.6,17.0,Onsite,9.5,4.2,7.7,4.8,True,3.6,0,Pre-Retirement (50-64)
4790,37,Male,Married,PhD,Finance,Accountant,Mid Level,8138,9.5,7.6,17.0,Hybrid,8.4,4.4,8.2,4.2,False,7.7,0,Mid Career (30-39)
4791,31,Female,Single,Bachelors,Marketing,Content Strategist,Mid Level,6528,6.9,6.0,11.0,Hybrid,5.2,4.7,4.7,6.4,False,5.3,0,Mid Career (30-39)
4793,50,Female,Single,Bachelors,Engineering,Engineering Manager,Senior Level,11492,9.4,16.1,25.7,Hybrid,10.5,2.7,8.1,5.4,True,1.0,0,Pre-Retirement (50-64)
4794,30,Male,Single,High School,Engineering,QA Engineer,Entry Level,3261,12.6,6.0,10.0,Onsite,6.1,5.6,6.0,6.4,True,6.8,0,Mid Career (30-39)
4795,49,Female,Married,Masters,Finance,Financial Analyst,Mid Level,7717,6.1,5.3,11.7,Onsite,0.8,3.4,7.3,9.0,True,6.9,0,Senior Career (40-49)
4796,38,Male,Single,Bachelors,Operations,Operations Manager,Associate,4515,14.7,2.0,13.1,Hybrid,8.5,3.9,7.2,6.4,False,5.2,0,Mid Career (30-39)
4797,35,Male,Married,Bachelors,Engineering,Data Engineer,Mid Level,7569,10.9,5.3,10.9,Remote,9.8,5.1,5.2,6.0,True,3.6,0,Mid Career (30-39)
4798,47,Male,Divorced,High School,Human Resources,HR Business Partner,Management,8015,15.4,7.7,15.5,Hybrid,1.1,3.3,4.8,6.7,True,5.8,0,Senior Career (40-49)
4799,26,Female,Married,PhD,Operations,Operations Analyst,Mid Level,6763,6.7,4.1,6.0,Remote,4.2,2.4,7.3,7.3,True,6.9,0,Early Career (21-29)
4800,34,Male,Married,Masters,Engineering,Software Engineer,Associate,4370,12.0,1.3,8.8,Hybrid,7.2,5.7,5.4,5.8,True,3.5,0,Mid Career (30-39)
4801,45,Male,Married,High School,Customer Support,Customer Success Manager,Senior Level,5764,10.4,11.0,17.1,Onsite,8.0,3.5,7.9,4.4,False,6.1,0,Senior Career (40-49)
4802,37,Male,Divorced,Bachelors,Engineering,Data Engineer,Senior Level,10262,6.6,12.7,17.0,Onsite,3.3,4.1,7.5,4.8,True,3.5,0,Mid Career (30-39)
4803,37,Male,Married,Bachelors,Customer Support,Support Team Lead,Associate,3589,2.7,6.7,12.3,Hybrid,5.4,4.2,5.6,6.5,False,10.0,0,Mid Career (30-39)
4805,41,Male,Married,PhD,Finance,Finance Manager,Senior Level,11461,8.4,8.6,13.0,Onsite,2.9,4.8,5.7,5.8,True,5.8,1,Senior Career (40-49)
4806,42,Male,Single,Bachelors,Engineering,Engineering Manager,Senior Level,9496,10.1,7.9,15.2,Onsite,4.7,3.6,6.8,7.1,True,5.1,0,Senior Career (40-49)
4807,38,Female,Married,High School,Customer Support,Support Specialist,Associate,2910,14.1,5.2,10.4,Onsite,4.3,6.2,5.5,4.8,True,7.0,1,Mid Career (30-39)
4808,44,Female,Single,Bachelors,Sales,Sales Manager,Senior Level,10071,18.3,5.2,9.6,Remote,8.6,4.2,4.8,6.7,True,5.7,0,Senior Career (40-49)
4809,37,Female,Married,Masters,Sales,Sales Development Rep,Associate,4819,18.1,5.1,9.4,Hybrid,8.4,3.8,6.4,6.3,False,4.8,0,Mid Career (30-39)
4810,28,Male,Single,Bachelors,Customer Support,Support Specialist,Entry Level,2403,13.5,3.2,8.0,Onsite,4.1,4.4,5.9,5.5,False,5.7,0,Early Career (21-29)
4811,38,Female,Divorced,Masters,Engineering,Data Engineer,Entry Level,5929,6.7,4.6,9.1,Onsite,1.7,3.5,5.8,6.1,True,6.6,0,Mid Career (30-39)
4812,40,Male,Single,Masters,Customer Support,Support Team Lead,Mid Level,4509,6.5,5.1,14.8,Remote,9.5,3.8,5.4,9.0,False,5.8,1,Senior Career (40-49)
4813,34,Male,Married,Bachelors,Engineering,Engineering Manager,Mid Level,7200,9.5,7.6,8.7,Onsite,9.9,6.4,4.2,5.6,True,3.5,0,Mid Career (30-39)
4814,43,Male,Married,Masters,Research & Development,Research Scientist,Senior Level,11436,7.2,9.3,14.3,Remote,5.9,6.2,6.0,5.6,False,6.1,0,Senior Career (40-49)
4816,46,Male,Single,Masters,Customer Support,Customer Success Manager,Senior Level,7395,11.5,11.9,15.8,Hybrid,5.3,3.3,7.9,5.9,True,3.6,0,Senior Career (40-49)
4817,36,Female,Married,Bachelors,Engineering,Engineering Manager,Management,15508,15.1,10.7,16.0,Remote,5.7,3.4,6.0,5.7,True,5.7,1,Mid Career (30-39)
4818,31,Male,Single,Bachelors,Marketing,Content Strategist,Entry Level,3773,15.2,6.4,11.0,Remote,1.7,5.2,4.6,6.4,True,4.7,0,Mid Career (30-39)
4819,28,Male,Married,Bachelors,Operations,Program Manager,Associate,4456,11.4,3.5,8.0,Onsite,3.0,3.5,6.5,8.0,False,2.3,0,Early Career (21-29)
4820,51,Male,Married,Bachelors,Sales,Account Executive,Management,9985,10.4,9.7,14.6,Onsite,8.3,5.6,4.6,4.4,False,7.6,1,Pre-Retirement (50-64)
4821,41,Female,Single,Bachelors,Engineering,Data Engineer,Associate,6655,10.5,6.3,9.7,Onsite,5.3,2.9,6.8,7.8,False,4.6,0,Senior Career (40-49)
4822,33,Male,Single,Masters,Sales,Sales Manager,Mid Level,6605,10.0,7.8,13.0,Onsite,15.0,6.1,3.9,4.6,False,2.2,0,Mid Career (30-39)
4823,53,Male,Divorced,Bachelors,Human Resources,HR Manager,Management,8716,9.3,8.9,13.0,Hybrid,4.1,3.1,7.1,7.2,True,4.0,0,Pre-Retirement (50-64)
4824,49,Female,Married,Masters,Engineering,QA Engineer,Mid Level,11920,11.1,9.7,15.3,Onsite,3.5,6.3,6.6,5.2,True,2.3,1,Senior Career (40-49)
4825,51,Female,Married,Bachelors,Engineering,Engineering Manager,Management,13213,11.7,10.3,16.4,Hybrid,11.9,3.8,6.9,5.5,True,1.0,0,Pre-Retirement (50-64)
4826,31,Male,Divorced,Masters,Finance,Finance Manager,Mid Level,9799,7.5,10.0,11.0,Hybrid,7.8,6.5,5.1,4.7,False,3.3,0,Mid Career (30-39)
4827,31,Male,Single,Bachelors,Finance,Finance Manager,Management,11035,12.6,10.0,11.0,Hybrid,4.6,5.6,6.0,5.4,False,4.4,1,Mid Career (30-39)
4828,42,Female,Single,PhD,Operations,Operations Manager,Senior Level,8288,12.8,8.5,17.1,Onsite,10.4,5.7,7.3,3.7,True,7.3,0,Senior Career (40-49)
4829,32,Male,Single,Masters,Sales,Sales Development Rep,Associate,4722,6.8,3.6,12.0,Hybrid,5.4,2.3,8.7,7.2,True,6.9,0,Mid Career (30-39)
4830,35,Female,Single,Masters,Human Resources,HR Business Partner,Mid Level,5283,13.2,7.0,8.7,Onsite,8.3,4.1,6.3,6.2,True,4.8,1,Mid Career (30-39)
4831,40,Male,Married,Bachelors,Operations,Program Manager,Senior Level,8780,13.4,8.9,13.8,Onsite,3.1,3.1,7.8,6.7,False,4.1,0,Senior Career (40-49)
4832,21,Female,Single,Bachelors,Finance,Accountant,Senior Level,5551,13.2,0.0,1.0,Hybrid,5.9,4.1,7.4,5.2,False,5.6,0,Early Career (21-29)
4833,43,Male,Married,Masters,Operations,Operations Analyst,Mid Level,6733,6.6,1.3,8.8,Onsite,5.1,5.9,5.3,6.6,False,4.4,0,Senior Career (40-49)
4834,44,Male,Married,Bachelors,Engineering,Data Engineer,Associate,4981,13.7,4.7,7.9,Remote,10.6,4.1,6.6,5.5,True,3.6,0,Senior Career (40-49)
4835,42,Male,Married,Masters,Finance,Finance Manager,Management,12458,13.7,10.2,12.4,Onsite,12.1,5.4,5.0,4.1,False,4.3,0,Senior Career (40-49)
4836,26,Female,Divorced,Bachelors,Engineering,Software Engineer,Entry Level,5022,8.9,5.0,6.0,Hybrid,4.5,3.2,6.6,7.1,True,1.6,0,Early Career (21-29)
4837,40,Male,Married,Masters,Sales,Sales Development Rep,Mid Level,9970,15.4,9.3,16.8,Remote,8.4,5.1,8.5,7.1,True,4.7,0,Senior Career (40-49)
4838,31,Female,Married,Masters,Marketing,Marketing Specialist,Mid Level,5584,16.0,6.5,11.0,Remote,1.4,2.3,7.2,8.1,False,6.1,0,Mid Career (30-39)
4839,42,Non-binary,Divorced,Bachelors,Engineering,QA Engineer,Associate,8484,11.3,7.3,13.4,Hybrid,1.3,2.8,5.7,6.6,True,4.3,0,Senior Career (40-49)
4840,45,Male,Married,Masters,Engineering,Engineering Manager,Senior Level,14497,11.0,7.6,10.0,Remote,7.2,3.8,8.2,5.7,True,3.9,0,Senior Career (40-49)
4841,37,Male,Married,Bachelors,Engineering,Engineering Manager,Mid Level,11452,13.8,9.2,17.0,Remote,2.2,1.7,8.5,9.2,True,1.0,0,Mid Career (30-39)
4842,39,Male,Married,Bachelors,Engineering,Engineering Manager,Management,14384,14.6,11.9,19.0,Onsite,1.2,2.2,4.8,6.3,False,3.6,0,Mid Career (30-39)
4843,48,Female,Single,PhD,Operations,Operations Manager,Management,9662,12.2,13.1,18.5,Hybrid,14.9,5.1,6.9,4.6,True,2.6,0,Senior Career (40-49)
4844,40,Female,Single,Masters,Sales,Sales Manager,Senior Level,8190,13.2,13.6,17.0,Remote,8.9,3.6,7.3,5.2,False,4.7,0,Senior Career (40-49)
4845,39,Male,Married,Bachelors,Human Resources,Recruiter,Associate,4253,7.7,3.7,9.0,Remote,1.3,5.2,5.1,6.1,True,5.3,0,Mid Career (30-39)
4846,38,Female,Married,Bachelors,Customer Support,Customer Success Manager,Mid Level,3778,8.6,2.1,5.1,Onsite,6.7,4.1,8.5,5.0,False,7.8,0,Mid Career (30-39)
4847,34,Male,Single,Bachelors,Engineering,Engineering Manager,Associate,4732,11.1,5.8,9.8,Hybrid,3.8,6.7,4.6,6.5,True,4.5,0,Mid Career (30-39)
4848,45,Male,Single,Bachelors,Sales,Sales Development Rep,Senior Level,9858,17.5,2.0,4.0,Onsite,3.6,2.9,9.1,6.5,False,4.3,0,Senior Career (40-49)
4849,29,Male,Single,PhD,Finance,Accountant,Entry Level,4964,17.1,0.0,4.9,Remote,4.5,2.3,7.5,7.5,True,7.1,0,Early Career (21-29)
4850,35,Female,Married,Masters,Engineering,Software Engineer,Entry Level,5407,8.1,6.1,11.1,Onsite,3.5,4.9,6.8,7.9,False,5.3,1,Mid Career (30-39)
4851,33,Female,Married,Masters,Finance,Financial Analyst,Associate,5105,8.9,2.7,5.6,Onsite,4.4,5.8,6.5,7.9,True,3.7,0,Mid Career (30-39)
4852,30,Male,Single,Bachelors,Engineering,QA Engineer,Associate,5991,11.3,4.5,4.1,Remote,11.4,7.2,4.9,6.1,False,6.6,0,Mid Career (30-39)
4853,33,Male,Single,Masters,Research & Development,Product Researcher,Associate,7519,14.7,9.9,13.0,Hybrid,6.7,4.4,5.2,5.1,True,4.7,0,Mid Career (30-39)
4854,28,Female,Single,Bachelors,Research & Development,Product Researcher,Associate,6188,7.2,4.5,8.0,Onsite,6.1,4.5,4.2,6.1,True,4.0,1,Early Career (21-29)
4855,49,Female,Single,Masters,Sales,Sales Manager,Senior Level,8516,12.4,7.4,14.3,Remote,5.1,4.4,8.6,5.9,True,5.8,0,Senior Career (40-49)
4856,45,Male,Married,Masters,Sales,Sales Manager,Senior Level,10072,11.2,8.9,15.2,Onsite,5.8,3.4,7.2,5.0,True,4.6,1,Senior Career (40-49)
4857,32,Male,Married,Bachelors,Operations,Operations Manager,Mid Level,6731,12.3,8.0,10.7,Hybrid,5.5,4.7,5.8,6.4,False,5.1,0,Mid Career (30-39)
4858,49,Male,Single,Bachelors,Human Resources,Recruiter,Mid Level,6781,10.6,7.2,13.4,Onsite,1.0,3.9,6.2,7.1,True,3.2,0,Senior Career (40-49)
4859,43,Female,Single,Masters,Research & Development,Research Scientist,Senior Level,11196,6.8,9.3,14.9,Hybrid,2.5,3.8,6.7,6.6,False,3.0,0,Senior Career (40-49)
4860,28,Male,Married,Bachelors,Customer Support,Support Specialist,Associate,4939,9.4,3.8,7.7,Hybrid,5.2,4.9,6.0,6.2,False,8.2,1,Early Career (21-29)
4861,47,Male,Married,Bachelors,Customer Support,Customer Success Manager,Management,6138,12.9,7.7,9.5,Hybrid,3.2,3.6,6.8,7.5,True,5.1,0,Senior Career (40-49)
4863,42,Male,Single,Bachelors,Human Resources,Recruiter,Associate,4272,4.9,7.7,21.0,Remote,4.3,2.8,8.0,7.8,True,5.8,0,Senior Career (40-49)
4864,34,Female,Single,High School,Engineering,Software Engineer,Mid Level,7435,6.7,10.2,9.2,Hybrid,4.0,4.2,4.7,5.2,False,4.1,0,Mid Career (30-39)
4865,56,Female,Single,Masters,Customer Support,Customer Success Manager,Management,10025,13.2,10.1,19.4,Hybrid,12.2,3.6,6.7,6.5,True,6.5,0,Pre-Retirement (50-64)
4866,48,Male,Married,Bachelors,Sales,Account Executive,Mid Level,6639,12.5,8.3,15.5,Hybrid,11.2,4.8,6.3,4.0,False,6.3,0,Senior Career (40-49)
4867,46,Male,Married,Bachelors,Operations,Operations Analyst,Mid Level,6276,10.5,10.6,19.9,Hybrid,12.7,6.6,5.1,3.7,True,5.1,0,Senior Career (40-49)
4868,36,Male,Married,Bachelors,Sales,Account Executive,Entry Level,3601,11.9,1.7,13.0,Onsite,10.6,7.1,6.2,4.5,False,6.1,0,Mid Career (30-39)
4869,42,Female,Single,Masters,Customer Support,Support Specialist,Entry Level,2358,11.5,4.4,13.1,Remote,2.9,2.9,6.0,7.8,True,5.2,0,Senior Career (40-49)
4870,37,Male,Single,Bachelors,Human Resources,HR Manager,Senior Level,5998,8.0,10.8,17.0,Hybrid,4.7,3.3,8.0,5.3,True,3.3,0,Mid Career (30-39)
4871,47,Female,Single,Bachelors,Marketing,Marketing Specialist,Senior Level,7960,8.2,15.1,17.7,Onsite,3.0,3.3,7.9,5.3,True,5.4,0,Senior Career (40-49)
4872,42,Female,Married,PhD,Marketing,Marketing Specialist,Mid Level,8691,10.2,8.9,18.6,Onsite,5.0,2.0,6.9,6.8,False,1.6,1,Senior Career (40-49)
4873,26,Male,Married,Masters,Engineering,Software Engineer,Mid Level,8592,10.9,5.0,6.0,Onsite,7.9,6.0,5.6,4.3,True,1.5,0,Early Career (21-29)
4874,30,Female,Married,Bachelors,Finance,Finance Manager,Mid Level,6829,10.7,9.0,10.0,Onsite,7.2,6.7,5.9,5.4,False,6.4,0,Mid Career (30-39)
4875,28,Female,Divorced,Bachelors,Sales,Sales Development Rep,Associate,4521,11.3,4.9,7.3,Hybrid,8.9,3.5,5.8,7.6,False,7.7,1,Early Career (21-29)
4876,25,Male,Married,Masters,Finance,Finance Manager,Associate,5260,14.1,3.9,5.0,Onsite,9.2,4.3,8.6,6.0,False,2.3,0,Early Career (21-29)
4877,22,Male,Married,Masters,Operations,Operations Analyst,Associate,5602,5.4,1.0,2.0,Hybrid,4.5,3.2,8.2,4.8,True,7.6,0,Early Career (21-29)
4878,33,Male,Single,Bachelors,Sales,Sales Manager,Associate,3577,6.0,4.4,8.0,Onsite,4.4,3.4,5.1,7.3,False,7.2,1,Mid Career (30-39)
4879,26,Male,Married,Masters,Engineering,Engineering Manager,Associate,7034,8.4,5.0,6.0,Hybrid,6.5,3.9,8.4,5.1,True,4.2,0,Early Career (21-29)
4880,32,Female,Married,Bachelors,Human Resources,HR Manager,Associate,4641,16.5,6.9,12.0,Remote,3.4,2.8,10.0,7.6,True,5.8,0,Mid Career (30-39)
4881,31,Male,Married,Bachelors,Marketing,Growth Manager,Senior Level,6081,9.6,5.8,8.7,Hybrid,3.8,3.5,8.1,7.6,False,5.6,0,Mid Career (30-39)
4882,34,Male,Single,Bachelors,Engineering,Data Engineer,Mid Level,8556,12.7,10.9,14.0,Hybrid,16.9,6.0,6.7,3.7,True,6.2,0,Mid Career (30-39)
4883,32,Female,Single,Bachelors,Operations,Operations Manager,Mid Level,5265,5.5,6.2,12.0,Onsite,2.8,6.1,3.8,6.3,False,6.1,0,Mid Career (30-39)
4884,44,Female,Divorced,Masters,Customer Support,Customer Success Manager,Associate,3257,12.8,7.5,11.6,Hybrid,11.4,4.0,5.3,5.6,False,4.6,0,Senior Career (40-49)
4885,33,Male,Single,Bachelors,Operations,Operations Manager,Associate,4351,13.2,5.7,5.2,Remote,4.4,1.9,8.0,9.9,True,5.8,0,Mid Career (30-39)
4886,52,Male,Married,Masters,Customer Support,Customer Success Manager,Management,9395,10.5,10.7,19.1,Onsite,6.2,4.1,6.9,4.4,True,6.5,0,Pre-Retirement (50-64)
4887,24,Female,Single,Masters,Human Resources,Recruiter,Mid Level,6270,14.3,3.0,4.0,Onsite,11.2,3.9,6.8,6.7,False,5.5,0,Early Career (21-29)
4888,48,Female,Married,Bachelors,Customer Support,Customer Success Manager,Management,8517,15.5,9.9,19.7,Onsite,12.3,6.1,4.1,4.1,False,4.9,1,Senior Career (40-49)
4890,33,Male,Divorced,Bachelors,Marketing,Marketing Specialist,Associate,5574,12.8,7.0,13.0,Onsite,1.5,2.1,8.7,7.0,True,3.9,0,Mid Career (30-39)
4891,39,Male,Married,Masters,Operations,Operations Manager,Associate,4821,17.6,5.0,4.4,Hybrid,6.4,3.7,5.4,4.9,True,2.3,0,Mid Career (30-39)
4892,42,Female,Married,Bachelors,Engineering,Data Engineer,Mid Level,9174,6.3,8.5,13.8,Hybrid,7.6,4.7,5.4,5.8,True,5.2,1,Senior Career (40-49)
4893,37,Female,Married,Masters,Operations,Operations Manager,Mid Level,6411,17.2,2.3,7.3,Hybrid,5.1,2.3,7.5,6.6,False,6.1,0,Mid Career (30-39)
4894,48,Female,Single,Bachelors,Operations,Operations Manager,Management,9244,15.4,8.3,18.0,Hybrid,2.4,1.7,8.5,8.0,True,7.5,0,Senior Career (40-49)
4895,38,Male,Single,Bachelors,Operations,Operations Analyst,Senior Level,5925,22.0,7.1,12.1,Hybrid,6.0,3.5,7.7,6.4,True,2.3,0,Mid Career (30-39)
4896,48,Male,Married,Bachelors,Research & Development,Product Researcher,Management,13450,15.1,13.0,19.8,Onsite,2.6,2.0,8.7,6.9,True,2.9,0,Senior Career (40-49)
4897,30,Male,Divorced,Masters,Customer Support,Support Specialist,Associate,3766,14.6,7.8,10.0,Onsite,8.9,4.2,8.2,6.3,False,5.9,0,Mid Career (30-39)
4898,30,Male,Single,Masters,Engineering,Software Engineer,Entry Level,5232,14.9,4.6,10.0,Hybrid,5.5,4.4,5.2,6.5,True,5.9,0,Mid Career (30-39)
4899,21,Female,Single,Masters,Marketing,Marketing Specialist,Entry Level,3777,10.0,0.0,1.0,Onsite,10.2,3.7,6.8,6.2,True,4.3,0,Early Career (21-29)
4900,28,Male,Single,Bachelors,Finance,Accountant,Associate,6193,14.5,5.1,8.0,Onsite,5.8,4.4,6.8,6.3,True,3.6,0,Early Career (21-29)
4901,31,Male,Married,Bachelors,Engineering,Software Engineer,Entry Level,3693,11.1,4.3,10.0,Onsite,0.7,3.8,5.5,6.7,True,4.7,1,Mid Career (30-39)
4902,46,Female,Married,High School,Customer Support,Support Specialist,Mid Level,3159,9.7,4.3,8.2,Hybrid,3.8,1.5,9.0,7.8,False,7.6,0,Senior Career (40-49)
4903,52,Female,Married,PhD,Research & Development,Product Researcher,Senior Level,9552,15.4,9.6,18.5,Onsite,4.0,3.4,7.4,7.7,False,1.0,0,Pre-Retirement (50-64)
4904,49,Female,Married,Masters,Sales,Sales Development Rep,Senior Level,12611,12.4,8.2,11.9,Onsite,3.7,3.1,6.2,5.2,True,4.7,0,Senior Career (40-49)
4905,39,Male,Married,Masters,Engineering,Engineering Manager,Mid Level,9097,11.9,6.4,8.8,Onsite,8.6,5.4,6.6,6.8,True,2.8,0,Mid Career (30-39)
4906,34,Male,Single,Bachelors,Research & Development,Research Scientist,Associate,6183,15.8,9.1,14.0,Hybrid,13.4,3.3,7.9,4.4,False,6.0,0,Mid Career (30-39)
4907,42,Female,Single,PhD,Sales,Sales Manager,Senior Level,9583,10.6,5.0,9.0,Remote,7.1,3.4,7.3,7.9,True,4.1,0,Senior Career (40-49)
4908,37,Non-binary,Single,High School,Sales,Sales Development Rep,Mid Level,4935,8.5,6.9,17.0,Hybrid,4.9,3.6,4.1,5.4,True,5.9,0,Mid Career (30-39)
4909,40,Non-binary,Divorced,Bachelors,Engineering,QA Engineer,Senior Level,9468,12.9,6.4,16.6,Hybrid,11.4,5.2,3.8,6.4,True,2.1,0,Senior Career (40-49)
4910,50,Male,Married,PhD,Customer Support,Support Specialist,Senior Level,7255,8.0,8.8,16.0,Onsite,7.8,5.0,6.8,6.7,False,5.3,0,Pre-Retirement (50-64)
4911,44,Male,Married,Masters,Engineering,Engineering Manager,Mid Level,8692,16.3,6.3,18.6,Hybrid,2.1,1.1,7.9,8.0,True,2.1,0,Senior Career (40-49)
4913,36,Female,Divorced,Bachelors,Engineering,QA Engineer,Mid Level,7525,12.9,8.0,11.5,Onsite,8.7,5.8,6.9,5.7,False,5.8,0,Mid Career (30-39)
4914,24,Male,Married,Masters,Sales,Sales Manager,Associate,4443,13.2,3.0,4.0,Onsite,9.6,6.1,4.6,4.5,False,6.3,0,Early Career (21-29)
4915,37,Female,Married,Bachelors,Operations,Operations Manager,Mid Level,5615,11.5,5.2,7.1,Onsite,18.1,6.7,2.1,3.8,True,5.0,1,Mid Career (30-39)
4916,28,Male,Married,Masters,Customer Support,Support Specialist,Mid Level,5554,12.0,7.0,8.0,Remote,8.1,3.0,8.4,8.1,False,5.9,0,Early Career (21-29)
4917,33,Female,Married,Bachelors,Engineering,Software Engineer,Mid Level,8443,11.9,10.7,13.0,Hybrid,9.3,4.7,7.3,6.2,True,4.4,0,Mid Career (30-39)
4918,33,Male,Single,Bachelors,Engineering,Data Engineer,Senior Level,8447,6.6,7.1,10.1,Hybrid,2.5,3.4,5.5,8.2,False,4.6,1,Mid Career (30-39)
4919,41,Female,Divorced,Masters,Sales,Sales Development Rep,Mid Level,5550,6.7,8.5,13.3,Onsite,9.6,3.5,5.8,5.3,False,6.9,0,Senior Career (40-49)
4920,30,Female,Single,Bachelors,Marketing,Marketing Specialist,Mid Level,8765,7.1,9.0,10.0,Remote,7.6,6.2,4.9,6.3,True,4.9,1,Mid Career (30-39)
4921,26,Male,Married,Bachelors,Human Resources,HR Manager,Associate,5261,6.5,3.7,6.0,Onsite,19.1,8.2,3.4,3.3,False,4.3,1,Early Career (21-29)
4922,54,Male,Married,Bachelors,Operations,Operations Manager,Management,11231,5.6,8.2,14.0,Onsite,1.0,3.8,8.3,7.4,True,3.7,0,Pre-Retirement (50-64)
4923,35,Female,Single,Masters,Engineering,QA Engineer,Associate,6334,9.5,6.9,15.0,Hybrid,15.4,6.3,6.9,4.1,True,4.2,0,Mid Career (30-39)
4924,29,Female,Married,Bachelors,Finance,Financial Analyst,Mid Level,6489,15.7,8.0,9.0,Onsite,2.4,4.9,5.9,5.4,True,7.8,0,Early Career (21-29)
4925,33,Female,Married,Bachelors,Engineering,Software Engineer,Entry Level,3931,16.2,2.6,9.8,Remote,4.8,3.3,7.9,8.1,True,3.9,0,Mid Career (30-39)
4926,25,Female,Married,Bachelors,Engineering,Engineering Manager,Senior Level,8498,9.7,4.0,5.0,Onsite,4.0,2.8,6.2,7.6,True,1.3,0,Early Career (21-29)
4927,36,Male,Divorced,Bachelors,Engineering,Data Engineer,Mid Level,7131,11.6,2.9,5.1,Hybrid,5.9,5.2,4.9,6.8,True,4.6,0,Mid Career (30-39)
4928,34,Male,Married,Bachelors,Engineering,Software Engineer,Associate,6307,11.6,4.8,14.0,Hybrid,11.6,3.7,7.6,4.8,True,5.2,0,Mid Career (30-39)
4929,26,Female,Single,High School,Sales,Sales Development Rep,Entry Level,2523,10.7,3.6,6.0,Hybrid,4.7,3.8,4.2,5.9,False,5.2,0,Early Career (21-29)
4930,29,Female,Married,Bachelors,Sales,Sales Development Rep,Associate,4725,11.1,1.6,6.4,Hybrid,13.3,5.4,6.3,4.3,False,8.3,0,Early Career (21-29)
4931,40,Non-binary,Married,High School,Engineering,Software Engineer,Mid Level,6410,10.0,6.8,5.8,Hybrid,3.6,3.1,5.0,7.1,True,3.9,0,Senior Career (40-49)
4932,48,Male,Married,Bachelors,Research & Development,R&D Manager,Mid Level,7286,9.2,6.6,12.5,Hybrid,6.8,4.9,6.3,5.9,False,2.8,0,Senior Career (40-49)
4933,38,Female,Married,PhD,Customer Support,Customer Success Manager,Associate,3431,3.1,3.2,4.6,Onsite,6.2,4.7,6.0,6.2,True,7.6,1,Mid Career (30-39)
4934,36,Male,Single,Masters,Finance,Financial Analyst,Entry Level,3357,13.1,3.7,9.5,Onsite,4.4,3.6,5.8,4.8,False,4.9,0,Mid Career (30-39)
4935,47,Female,Single,Masters,Engineering,Engineering Manager,Senior Level,8540,9.8,6.3,10.9,Hybrid,7.7,4.5,4.5,6.3,True,7.6,0,Senior Career (40-49)
4936,26,Male,Married,Bachelors,Sales,Account Executive,Associate,4370,8.2,3.3,6.0,Hybrid,18.8,6.0,5.9,4.8,True,5.3,1,Early Career (21-29)
4937,30,Male,Divorced,Bachelors,Finance,Accountant,Entry Level,4175,11.7,3.3,9.4,Remote,3.8,2.6,5.7,7.4,True,5.3,0,Mid Career (30-39)
4938,40,Male,Divorced,Bachelors,Engineering,QA Engineer,Associate,6692,12.3,5.6,13.3,Onsite,9.8,4.4,6.2,5.1,True,5.1,0,Senior Career (40-49)
4939,36,Female,Married,Masters,Sales,Sales Development Rep,Entry Level,5096,12.6,0.0,7.7,Hybrid,4.4,2.7,7.6,7.0,False,5.4,0,Mid Career (30-39)
4940,51,Female,Married,Bachelors,Engineering,Software Engineer,Management,14393,18.8,13.1,17.3,Onsite,5.3,3.3,7.7,5.9,False,1.0,0,Pre-Retirement (50-64)
4941,30,Female,Divorced,High School,Engineering,QA Engineer,Entry Level,3129,13.9,0.7,5.7,Hybrid,14.3,6.3,3.9,6.2,True,1.9,0,Mid Career (30-39)
4942,45,Male,Married,High School,Marketing,Marketing Specialist,Senior Level,7584,11.2,9.9,20.9,Onsite,2.3,5.7,5.5,5.7,True,5.0,0,Senior Career (40-49)
4943,29,Male,Married,Masters,Customer Support,Support Specialist,Associate,4372,12.7,4.7,9.0,Hybrid,7.5,3.2,7.0,6.0,True,6.8,1,Early Career (21-29)
4944,48,Male,Single,Bachelors,Sales,Sales Manager,Senior Level,9419,16.1,10.6,16.5,Onsite,8.3,2.6,7.0,6.6,False,4.5,0,Senior Career (40-49)
4945,37,Female,Single,Bachelors,Operations,Operations Manager,Mid Level,5370,6.1,4.0,12.2,Remote,9.5,2.7,7.7,8.1,False,3.0,1,Mid Career (30-39)
4946,29,Male,Married,Masters,Operations,Operations Analyst,Mid Level,7882,14.1,7.6,9.0,Onsite,12.1,5.0,6.1,5.5,True,1.0,0,Early Career (21-29)
4947,44,Female,Married,Masters,Human Resources,HR Manager,Management,9517,7.1,12.3,15.9,Hybrid,7.7,4.7,4.0,5.5,True,4.4,0,Senior Career (40-49)
4948,45,Male,Single,Bachelors,Sales,Sales Development Rep,Mid Level,6710,14.3,9.4,11.6,Onsite,7.2,3.9,6.0,6.9,False,4.1,0,Senior Career (40-49)
4949,21,Male,Single,Bachelors,Sales,Sales Development Rep,Entry Level,3146,10.9,0.0,1.0,Remote,12.1,5.9,8.2,6.4,False,7.1,0,Early Career (21-29)
4950,46,Female,Married,Masters,Customer Support,Support Specialist,Mid Level,4613,12.9,7.8,17.5,Remote,12.3,4.6,8.2,5.8,False,8.7,0,Senior Career (40-49)
4951,31,Male,Married,Bachelors,Sales,Sales Manager,Associate,5387,15.6,6.8,11.0,Hybrid,5.8,2.6,8.0,7.5,True,7.1,0,Mid Career (30-39)
4952,21,Male,Married,Bachelors,Engineering,Data Engineer,Associate,5263,12.0,0.0,1.0,Hybrid,1.8,2.9,7.1,8.0,True,2.3,0,Early Career (21-29)
4953,28,Female,Married,Bachelors,Finance,Finance Manager,Mid Level,7131,6.1,6.5,8.0,Onsite,3.6,4.1,5.2,6.0,False,4.8,0,Early Career (21-29)
4954,54,Male,Married,Masters,Research & Development,R&D Manager,Management,12978,10.5,12.5,20.2,Remote,5.7,4.3,6.9,8.1,True,2.4,0,Pre-Retirement (50-64)
4955,35,Male,Single,High School,Operations,Operations Manager,Mid Level,5968,7.2,7.9,11.0,Remote,10.3,5.4,5.8,6.6,True,6.5,1,Mid Career (30-39)
4956,43,Male,Divorced,High School,Marketing,Marketing Specialist,Management,7083,9.1,10.9,13.0,Hybrid,14.1,7.4,2.9,4.3,False,3.8,0,Senior Career (40-49)
4957,37,Female,Married,Masters,Customer Support,Support Team Lead,Mid Level,5826,11.0,8.2,17.0,Onsite,7.8,5.5,7.4,5.0,True,5.9,1,Mid Career (30-39)
4959,32,Female,Single,Masters,Marketing,Growth Manager,Mid Level,8883,6.7,6.1,12.0,Hybrid,9.2,5.0,3.7,4.5,True,5.8,0,Mid Career (30-39)
4960,21,Female,Divorced,Bachelors,Sales,Account Executive,Entry Level,2788,14.1,0.0,0.3,Hybrid,27.6,10.0,2.1,3.1,False,6.5,1,Early Career (21-29)
4961,36,Male,Divorced,Bachelors,Engineering,QA Engineer,Senior Level,9424,13.4,7.8,13.3,Onsite,8.5,4.7,6.4,7.0,True,1.7,0,Mid Career (30-39)
4962,44,Male,Single,Bachelors,Operations,Program Manager,Mid Level,4574,16.6,0.0,4.1,Hybrid,3.2,3.0,7.4,7.1,False,2.6,0,Senior Career (40-49)
4963,41,Male,Single,High School,Engineering,QA Engineer,Management,10573,6.1,10.5,15.0,Onsite,2.5,4.0,6.4,5.7,False,2.4,0,Senior Career (40-49)
4964,39,Female,Single,Bachelors,Engineering,Data Engineer,Management,14319,15.5,10.0,14.5,Hybrid,6.3,3.4,4.8,7.3,True,1.0,0,Mid Career (30-39)
4965,35,Male,Single,Bachelors,Finance,Accountant,Associate,5856,3.8,6.6,10.3,Onsite,9.8,4.6,5.2,7.8,False,6.8,0,Mid Career (30-39)
4966,21,Female,Married,Bachelors,Finance,Finance Manager,Associate,6345,8.4,0.0,1.0,Hybrid,9.1,5.1,5.0,5.9,False,3.6,1,Early Career (21-29)
4967,41,Female,Married,Bachelors,Research & Development,Research Scientist,Senior Level,8553,12.2,7.8,16.7,Hybrid,3.0,3.0,9.7,5.0,True,2.5,0,Senior Career (40-49)
4968,50,Male,Single,PhD,Engineering,Engineering Manager,Management,15789,15.4,10.8,16.4,Remote,12.0,5.5,5.3,6.6,True,4.7,1,Pre-Retirement (50-64)
4969,47,Male,Married,Masters,Finance,Financial Analyst,Management,14187,16.6,13.5,24.7,Hybrid,5.7,5.1,6.2,7.5,True,6.4,0,Senior Career (40-49)
4970,22,Female,Divorced,Masters,Finance,Finance Manager,Associate,5414,12.0,1.0,2.0,Hybrid,5.0,4.8,6.0,6.3,True,4.5,1,Early Career (21-29)
4971,46,Female,Married,Bachelors,Marketing,Content Strategist,Mid Level,6273,13.1,6.2,13.8,Onsite,5.8,4.1,7.4,6.7,False,5.5,0,Senior Career (40-49)
4972,44,Male,Divorced,Masters,Finance,Finance Manager,Mid Level,9391,11.6,3.9,9.8,Hybrid,2.6,3.5,5.9,7.7,False,6.9,0,Senior Career (40-49)
4973,41,Male,Married,Bachelors,Operations,Operations Manager,Senior Level,8255,2.4,7.3,12.0,Remote,16.9,5.3,4.8,4.1,False,5.1,1,Senior Career (40-49)
4974,39,Female,Married,Bachelors,Research & Development,Research Scientist,Associate,6888,14.8,8.0,11.1,Hybrid,5.8,5.8,6.3,3.9,False,4.6,0,Mid Career (30-39)
4975,33,Female,Single,Masters,Sales,Account Executive,Associate,5997,14.8,1.8,11.3,Hybrid,14.7,5.4,7.3,4.5,True,6.3,0,Mid Career (30-39)
4976,36,Male,Single,Bachelors,Sales,Sales Manager,Associate,6536,12.9,4.0,12.2,Hybrid,6.1,3.1,6.8,5.8,False,4.7,0,Mid Career (30-39)
4977,34,Female,Married,High School,Engineering,Software Engineer,Mid Level,7355,6.1,9.6,14.0,Onsite,4.6,5.1,4.2,7.3,True,6.2,0,Mid Career (30-39)
4978,38,Male,Single,Masters,Engineering,Data Engineer,Senior Level,11491,12.3,8.2,13.6,Hybrid,3.0,1.0,9.2,9.3,True,3.5,0,Mid Career (30-39)
4979,44,Female,Single,Bachelors,Operations,Operations Analyst,Associate,4636,15.5,4.1,11.5,Hybrid,4.5,3.1,6.7,6.4,True,5.7,0,Senior Career (40-49)
4980,37,Male,Married,Bachelors,Sales,Sales Manager,Associate,5439,17.3,5.8,12.1,Remote,5.4,4.2,7.8,6.6,False,5.8,0,Mid Career (30-39)
4981,32,Female,Married,Masters,Human Resources,Recruiter,Entry Level,2746,19.0,0.3,0.0,Hybrid,5.2,4.6,3.1,6.0,False,5.8,0,Mid Career (30-39)
4982,34,Male,Single,Masters,Operations,Operations Analyst,Associate,5444,4.9,2.6,3.5,Onsite,1.5,2.5,6.1,7.9,True,5.6,0,Mid Career (30-39)
4983,35,Female,Married,Masters,Sales,Sales Manager,Mid Level,9663,10.1,8.6,15.0,Hybrid,6.9,4.0,5.5,5.4,True,6.8,0,Mid Career (30-39)
4984,48,Male,Single,High School,Human Resources,HR Manager,Management,7049,13.0,11.3,16.6,Remote,11.4,6.8,5.3,4.8,False,5.0,0,Senior Career (40-49)
4985,22,Male,Single,Bachelors,Marketing,Content Strategist,Entry Level,3271,18.8,1.0,2.0,Hybrid,10.0,6.3,5.9,6.3,True,4.8,0,Early Career (21-29)
4986,27,Male,Married,Bachelors,Engineering,Software Engineer,Entry Level,4005,8.4,3.5,7.0,Remote,22.9,8.0,4.9,3.6,True,3.6,0,Early Career (21-29)
4987,32,Male,Divorced,Bachelors,Engineering,Software Engineer,Associate,4578,6.9,4.4,12.0,Hybrid,2.8,3.1,8.7,8.4,True,4.6,0,Mid Career (30-39)
4988,44,Female,Married,Masters,Customer Support,Customer Success Manager,Senior Level,6419,10.1,3.7,5.7,Onsite,4.9,3.6,8.3,6.0,False,5.3,0,Senior Career (40-49)
4989,36,Male,Single,Bachelors,Human Resources,Recruiter,Mid Level,6461,8.5,6.3,14.7,Remote,2.8,2.0,7.7,5.5,True,6.3,0,Mid Career (30-39)
4990,28,Male,Married,Bachelors,Sales,Sales Manager,Mid Level,6950,8.7,6.0,8.0,Hybrid,16.6,6.2,5.1,5.3,False,4.1,0,Early Career (21-29)
4991,62,Male,Single,PhD,Engineering,QA Engineer,Management,15844,17.6,11.0,20.1,Hybrid,3.3,1.8,9.7,7.2,False,4.2,0,Pre-Retirement (50-64)
4992,38,Male,Married,Masters,Engineering,QA Engineer,Mid Level,8105,12.5,7.5,11.1,Onsite,8.5,4.5,9.1,4.6,False,4.2,0,Mid Career (30-39)
4993,37,Male,Single,Bachelors,Sales,Sales Manager,Senior Level,13194,13.2,5.8,13.5,Hybrid,5.2,2.5,6.7,6.3,False,3.3,0,Mid Career (30-39)
4994,33,Female,Single,PhD,Finance,Finance Manager,Associate,6213,12.6,3.0,13.0,Onsite,5.8,2.9,8.7,7.8,True,5.5,0,Mid Career (30-39)
4995,31,Male,Married,Bachelors,Engineering,QA Engineer,Entry Level,5363,9.6,4.2,9.1,Remote,5.7,3.6,5.4,7.9,True,6.9,0,Mid Career (30-39)
4996,36,Female,Single,High School,Operations,Operations Analyst,Entry Level,3379,15.4,6.7,10.2,Hybrid,3.5,3.3,9.0,7.8,True,6.0,0,Mid Career (30-39)
4997,43,Female,Married,Bachelors,Engineering,QA Engineer,Management,15339,10.2,8.1,18.5,Hybrid,7.9,4.2,7.6,5.6,True,2.6,0,Senior Career (40-49)
4998,37,Male,Married,Bachelors,Finance,Accountant,Associate,6646,13.7,7.0,10.5,Hybrid,18.4,5.9,5.4,3.0,True,5.5,1,Mid Career (30-39)
4999,37,Female,Married,Bachelors,Sales,Account Executive,Associate,6207,12.8,7.3,8.6,Hybrid,4.9,4.3,6.2,7.5,False,5.5,0,Mid Career (30-39)
5000,52,Female,Single,Bachelors,Engineering,Data Engineer,Mid Level,13438,18.7,8.8,14.5,Onsite,2.4,3.6,9.6,8.0,True,3.3,0,Pre-Retirement (50-64)
5001,35,Female,Married,Masters,Customer Support,Support Specialist,Associate,4447,10.7,4.3,12.7,Remote,6.2,4.5,7.0,4.3,True,7.8,0,Mid Career (30-39)
5002,43,Male,Married,Bachelors,Sales,Sales Manager,Mid Level,6301,12.9,4.3,8.6,Hybrid,5.2,4.0,5.9,7.0,True,4.3,0,Senior Career (40-49)
5003,41,Male,Single,High School,Research & Development,Research Scientist,Associate,5191,11.7,9.2,16.1,Hybrid,4.4,4.3,5.4,8.1,True,2.4,0,Senior Career (40-49)
5004,36,Male,Single,Bachelors,Engineering,QA Engineer,Associate,6933,8.5,4.9,11.1,Hybrid,5.0,4.0,5.8,5.1,True,5.6,1,Mid Career (30-39)
5005,43,Male,Married,Bachelors,Operations,Program Manager,Senior Level,8805,9.8,8.6,17.9,Onsite,2.4,3.8,3.2,5.9,True,8.8,0,Senior Career (40-49)
5006,29,Male,Single,Bachelors,Research & Development,Research Scientist,Entry Level,4939,6.6,7.1,9.0,Onsite,3.2,4.4,6.0,6.8,False,6.1,0,Early Career (21-29)
5007,37,Female,Married,Bachelors,Marketing,Marketing Specialist,Mid Level,6380,13.2,7.7,12.6,Remote,5.3,4.9,6.8,6.7,True,4.5,0,Mid Career (30-39)
5008,31,Female,Single,Bachelors,Human Resources,Recruiter,Associate,4266,9.1,9.3,11.0,Onsite,1.2,1.6,6.4,7.4,False,6.4,0,Mid Career (30-39)
5009,39,Male,Single,Bachelors,Finance,Financial Analyst,Management,10055,11.7,9.4,11.1,Onsite,3.7,4.3,3.8,7.4,False,6.2,0,Mid Career (30-39)
5010,29,Female,Single,Bachelors,Engineering,Software Engineer,Associate,4764,11.7,2.4,6.7,Hybrid,3.8,3.4,5.7,6.0,True,6.6,0,Early Career (21-29)
5011,49,Male,Divorced,Bachelors,Operations,Operations Analyst,Associate,3940,11.8,7.1,13.8,Hybrid,5.1,4.6,4.6,6.8,True,1.6,0,Senior Career (40-49)
5012,36,Non-binary,Single,Bachelors,Customer Support,Customer Success Manager,Mid Level,3917,8.4,9.4,15.9,Remote,11.6,3.3,6.1,7.9,False,6.5,0,Mid Career (30-39)
5013,52,Female,Married,Masters,Customer Support,Customer Success Manager,Management,8198,14.3,7.1,7.7,Onsite,7.6,4.5,4.4,4.5,True,6.5,1,Pre-Retirement (50-64)
5014,50,Male,Single,Bachelors,Operations,Program Manager,Senior Level,6580,19.7,7.8,15.8,Remote,4.6,4.8,5.3,5.4,False,5.7,1,Pre-Retirement (50-64)
5015,54,Female,Single,Masters,Engineering,Software Engineer,Management,11856,15.8,14.6,20.5,Hybrid,4.9,4.7,6.9,6.4,True,1.0,0,Pre-Retirement (50-64)
5016,37,Male,Married,Bachelors,Engineering,Engineering Manager,Management,11778,9.3,11.2,14.2,Hybrid,1.5,3.0,7.3,6.8,True,3.8,0,Mid Career (30-39)
5017,37,Male,Single,Bachelors,Sales,Sales Development Rep,Mid Level,7531,11.7,8.4,15.6,Hybrid,5.7,4.1,5.8,5.7,True,8.0,0,Mid Career (30-39)
5018,42,Non-binary,Single,Masters,Finance,Accountant,Mid Level,6152,11.2,0.8,8.7,Onsite,0.9,5.9,6.4,5.4,False,9.0,0,Senior Career (40-49)
5019,36,Female,Married,Masters,Engineering,Software Engineer,Mid Level,8993,11.1,9.8,13.4,Hybrid,7.0,2.8,8.8,6.4,False,1.8,0,Mid Career (30-39)
5020,53,Male,Single,Bachelors,Operations,Program Manager,Senior Level,5680,10.7,6.0,8.5,Hybrid,1.8,4.9,5.6,6.5,True,5.7,1,Pre-Retirement (50-64)
5021,41,Female,Single,Bachelors,Human Resources,Recruiter,Associate,5795,13.5,2.4,8.7,Onsite,10.2,5.1,6.7,7.6,True,5.7,0,Senior Career (40-49)
5022,43,Female,Married,High School,Human Resources,HR Manager,Senior Level,6077,9.4,15.7,20.8,Onsite,5.9,1.8,6.3,7.5,False,4.9,0,Senior Career (40-49)
5023,45,Male,Single,Masters,Finance,Accountant,Mid Level,7734,15.0,11.0,18.7,Hybrid,2.8,1.0,7.2,6.5,True,2.1,0,Senior Career (40-49)
5024,32,Female,Single,Bachelors,Customer Support,Support Specialist,Mid Level,4649,6.3,1.6,2.6,Remote,6.9,5.7,3.2,6.4,False,6.3,0,Mid Career (30-39)
5025,36,Male,Single,Masters,Research & Development,Product Researcher,Associate,8843,9.5,9.3,16.0,Onsite,2.6,3.3,7.9,6.1,False,4.4,0,Mid Career (30-39)
5026,21,Female,Married,Masters,Engineering,Software Engineer,Associate,5366,13.9,0.0,1.0,Remote,0.5,1.0,10.0,9.1,True,4.4,0,Early Career (21-29)
5027,38,Female,Single,Bachelors,Customer Support,Support Team Lead,Senior Level,8264,9.5,9.6,15.3,Hybrid,5.8,4.0,7.1,5.8,True,4.0,0,Mid Career (30-39)
5028,27,Male,Single,Bachelors,Research & Development,Research Scientist,Associate,3895,12.2,4.9,7.0,Remote,4.5,4.2,4.9,7.0,True,4.3,0,Early Career (21-29)
5029,46,Female,Married,Masters,Engineering,Software Engineer,Mid Level,11950,12.1,10.5,16.4,Hybrid,3.7,3.7,6.6,5.8,True,1.2,0,Senior Career (40-49)
5030,29,Male,Single,Bachelors,Engineering,Engineering Manager,Associate,5789,13.8,5.5,7.1,Onsite,2.2,5.8,4.1,6.5,True,4.2,0,Early Career (21-29)
5031,25,Male,Divorced,Bachelors,Engineering,Software Engineer,Mid Level,8395,12.5,4.0,5.0,Onsite,3.9,4.0,6.6,5.2,True,1.0,0,Early Career (21-29)
5032,41,Female,Single,Bachelors,Sales,Account Executive,Senior Level,8470,10.4,10.9,21.0,Hybrid,4.2,4.4,6.5,6.6,True,8.4,0,Senior Career (40-49)
5033,36,Female,Single,Masters,Finance,Finance Manager,Mid Level,8667,12.1,8.2,13.8,Hybrid,5.5,2.4,7.5,7.1,False,4.3,0,Mid Career (30-39)
5034,25,Female,Married,High School,Human Resources,HR Business Partner,Entry Level,2701,12.7,2.4,5.0,Hybrid,3.2,4.0,7.5,6.9,False,5.6,0,Early Career (21-29)
5035,44,Male,Single,Bachelors,Engineering,Engineering Manager,Management,12453,13.3,7.8,12.3,Onsite,2.4,2.6,9.4,7.6,False,3.5,0,Senior Career (40-49)
5036,29,Male,Divorced,Bachelors,Engineering,Software Engineer,Entry Level,4524,12.6,0.0,9.0,Hybrid,8.4,4.6,6.6,3.8,True,1.0,0,Early Career (21-29)
5037,33,Non-binary,Divorced,Bachelors,Engineering,Software Engineer,Associate,5789,12.8,5.7,7.7,Hybrid,9.7,4.2,5.6,6.6,True,1.8,1,Mid Career (30-39)
5038,30,Male,Single,Masters,Operations,Operations Manager,Mid Level,5435,10.3,6.1,8.8,Hybrid,5.7,3.8,4.5,5.6,True,3.7,0,Mid Career (30-39)
5039,53,Male,Single,High School,Marketing,Growth Manager,Management,9876,12.7,13.9,16.3,Onsite,0.8,3.8,6.1,5.5,False,4.1,0,Pre-Retirement (50-64)
5040,28,Female,Married,High School,Sales,Sales Development Rep,Associate,3425,14.2,5.1,8.0,Hybrid,11.3,3.1,6.2,6.2,False,3.4,0,Early Career (21-29)
5041,27,Male,Married,Bachelors,Marketing,Content Strategist,Associate,5567,5.2,3.2,7.0,Remote,3.3,4.8,6.5,7.9,True,6.5,1,Early Career (21-29)
5042,31,Male,Married,Bachelors,Engineering,Software Engineer,Entry Level,4074,11.6,2.0,11.0,Hybrid,6.4,6.0,6.2,7.1,True,6.2,0,Mid Career (30-39)
5043,33,Female,Married,Masters,Operations,Operations Manager,Mid Level,7065,15.4,7.6,11.8,Onsite,1.0,1.0,9.5,6.6,True,3.7,0,Mid Career (30-39)
5044,32,Female,Single,Bachelors,Sales,Account Executive,Senior Level,8048,10.0,11.0,12.0,Onsite,8.0,4.6,5.3,3.4,True,1.0,0,Mid Career (30-39)
5045,51,Female,Single,Masters,Human Resources,HR Manager,Management,8506,10.3,12.4,18.0,Hybrid,0.9,3.1,7.2,7.3,True,3.3,0,Pre-Retirement (50-64)
5046,26,Male,Married,Bachelors,Sales,Sales Manager,Associate,4613,9.3,5.0,6.0,Hybrid,8.0,4.4,8.0,7.1,True,7.7,0,Early Career (21-29)
5047,35,Male,Single,Bachelors,Operations,Operations Analyst,Associate,5137,12.8,4.4,6.8,Remote,9.0,2.6,7.0,7.8,True,6.9,0,Mid Career (30-39)
5048,42,Male,Married,Bachelors,Customer Support,Support Team Lead,Mid Level,3797,12.6,6.9,15.4,Onsite,6.1,7.0,3.4,5.3,False,5.6,1,Senior Career (40-49)
5049,37,Female,Married,PhD,Sales,Sales Manager,Senior Level,11238,8.6,6.6,12.3,Onsite,3.5,3.6,7.3,4.4,True,5.6,0,Mid Career (30-39)
5050,36,Female,Married,Bachelors,Operations,Program Manager,Associate,5085,14.8,3.5,3.2,Hybrid,3.4,1.8,7.8,6.4,False,6.1,0,Mid Career (30-39)
5051,43,Male,Single,Masters,Sales,Account Executive,Senior Level,7579,15.1,3.6,11.9,Remote,4.1,2.8,8.9,8.2,True,3.5,0,Senior Career (40-49)
5052,40,Female,Single,Masters,Engineering,Software Engineer,Mid Level,7359,7.8,3.8,9.3,Onsite,4.2,2.2,7.4,8.4,True,2.5,0,Senior Career (40-49)
5053,44,Female,Single,Bachelors,Engineering,Engineering Manager,Senior Level,8669,9.5,2.5,11.8,Onsite,3.8,5.4,3.9,6.1,True,1.6,1,Senior Career (40-49)
5054,35,Female,Divorced,Bachelors,Operations,Operations Analyst,Mid Level,6269,9.8,9.4,15.0,Hybrid,5.8,3.1,7.4,6.0,True,3.5,0,Mid Career (30-39)
5055,39,Female,Married,Masters,Customer Support,Customer Success Manager,Mid Level,5329,11.4,8.6,13.9,Onsite,12.4,6.1,3.3,3.5,False,5.3,0,Mid Career (30-39)
5056,34,Male,Single,PhD,Sales,Sales Development Rep,Mid Level,9661,9.7,8.3,13.8,Remote,6.3,5.4,6.2,5.1,False,5.4,0,Mid Career (30-39)
5057,33,Female,Married,Masters,Marketing,Content Strategist,Mid Level,7194,10.6,3.9,11.8,Hybrid,4.6,4.4,7.4,4.5,False,6.2,0,Mid Career (30-39)
5058,41,Male,Married,Masters,Marketing,Growth Manager,Mid Level,6027,9.3,9.5,17.9,Hybrid,8.6,2.7,5.5,7.5,True,3.8,0,Senior Career (40-49)
5059,47,Male,Married,Bachelors,Engineering,Software Engineer,Management,10890,12.3,9.8,12.3,Onsite,5.0,3.4,7.0,8.0,True,4.7,0,Senior Career (40-49)
5060,36,Female,Single,High School,Customer Support,Support Specialist,Associate,3711,11.2,9.2,12.9,Hybrid,2.7,3.2,6.7,4.5,True,8.0,0,Mid Career (30-39)
5061,41,Male,Married,Bachelors,Finance,Finance Manager,Senior Level,9424,13.3,12.2,18.4,Hybrid,0.9,2.3,6.8,6.5,False,5.1,0,Senior Career (40-49)
5062,38,Female,Married,Masters,Operations,Operations Analyst,Associate,5016,12.0,2.2,6.3,Hybrid,4.9,5.1,5.0,6.2,False,5.9,0,Mid Career (30-39)
5063,32,Female,Married,Bachelors,Human Resources,HR Business Partner,Associate,5126,14.1,2.6,11.7,Onsite,3.1,1.7,9.6,6.9,True,3.0,0,Mid Career (30-39)
5064,50,Male,Single,PhD,Finance,Accountant,Management,10719,9.0,8.2,14.5,Hybrid,2.6,1.0,7.2,7.7,False,6.2,0,Pre-Retirement (50-64)
5065,25,Male,Married,Bachelors,Operations,Operations Analyst,Entry Level,3734,13.0,0.0,5.0,Hybrid,2.5,1.6,5.8,7.4,False,4.9,0,Early Career (21-29)
5066,29,Female,Single,Bachelors,Research & Development,Product Researcher,Mid Level,7979,11.2,8.0,7.3,Onsite,2.6,5.1,7.3,6.4,True,4.0,0,Early Career (21-29)
5067,26,Male,Married,High School,Customer Support,Support Specialist,Mid Level,2930,8.2,2.7,6.0,Hybrid,5.7,1.8,8.5,6.7,False,7.0,0,Early Career (21-29)
5068,27,Male,Married,Masters,Operations,Operations Analyst,Entry Level,3587,8.6,2.6,7.0,Hybrid,15.7,5.5,6.8,4.5,True,5.6,0,Early Career (21-29)
5070,34,Male,Single,Masters,Marketing,Content Strategist,Mid Level,5770,16.2,3.5,5.5,Onsite,8.3,2.9,5.8,5.4,True,5.2,0,Mid Career (30-39)
5071,36,Female,Single,High School,Research & Development,Product Researcher,Mid Level,5314,13.5,7.4,8.6,Hybrid,13.7,5.2,3.8,5.0,True,3.9,0,Mid Career (30-39)
5072,21,Male,Married,PhD,Engineering,Engineering Manager,Mid Level,8829,18.1,0.0,1.0,Remote,0.9,1.0,6.1,6.9,False,5.9,1,Early Career (21-29)
5073,40,Male,Single,Bachelors,Human Resources,HR Manager,Mid Level,5397,9.0,7.0,16.8,Onsite,4.7,6.8,4.8,4.7,False,5.4,0,Senior Career (40-49)
5074,39,Female,Single,Bachelors,Customer Support,Customer Success Manager,Mid Level,3580,10.3,8.7,17.2,Remote,9.2,4.8,6.8,6.8,False,7.3,0,Mid Career (30-39)
5075,28,Female,Married,Masters,Engineering,QA Engineer,Mid Level,7208,6.4,7.0,8.0,Onsite,6.2,4.5,7.8,4.0,False,3.8,0,Early Career (21-29)
5076,38,Female,Married,Masters,Engineering,QA Engineer,Associate,5986,3.9,4.2,13.7,Onsite,2.9,4.2,5.6,6.9,True,2.0,0,Mid Career (30-39)
5077,21,Male,Married,Masters,Marketing,Marketing Specialist,Entry Level,2711,14.7,0.0,1.0,Onsite,6.5,2.9,5.5,6.6,True,5.7,0,Early Career (21-29)
5078,33,Female,Married,PhD,Customer Support,Customer Success Manager,Senior Level,7515,12.6,12.0,13.0,Hybrid,19.0,6.6,7.8,4.6,False,3.5,1,Mid Career (30-39)
5079,42,Female,Married,Masters,Sales,Sales Manager,Management,11974,13.6,12.0,19.1,Hybrid,4.5,3.3,5.9,5.3,True,5.3,0,Senior Career (40-49)
5080,52,Female,Married,Masters,Marketing,Marketing Specialist,Senior Level,7439,9.1,13.5,15.0,Hybrid,12.1,2.4,6.9,4.5,False,2.6,0,Pre-Retirement (50-64)
5081,45,Male,Married,Bachelors,Engineering,Engineering Manager,Management,8370,8.0,11.3,15.2,Remote,5.2,3.9,8.6,5.2,True,4.7,0,Senior Career (40-49)
5082,43,Male,Married,PhD,Research & Development,Research Scientist,Senior Level,9356,11.3,11.6,14.0,Remote,4.1,3.6,7.3,6.3,False,2.9,0,Senior Career (40-49)
5083,32,Male,Single,Bachelors,Operations,Operations Analyst,Associate,3904,7.5,8.2,12.0,Remote,2.6,2.5,4.9,6.5,False,9.3,0,Mid Career (30-39)
5084,28,Female,Married,Bachelors,Finance,Financial Analyst,Entry Level,3574,11.1,3.2,6.6,Onsite,1.5,3.5,4.9,7.4,False,7.5,1,Early Career (21-29)
5085,43,Male,Married,PhD,Operations,Operations Analyst,Management,10819,9.7,11.0,22.5,Hybrid,7.6,3.1,7.5,4.8,False,7.5,1,Senior Career (40-49)
5086,21,Female,Single,Bachelors,Finance,Financial Analyst,Entry Level,3478,20.9,0.0,1.0,Hybrid,3.5,4.5,4.8,7.0,False,7.8,1,Early Career (21-29)
5087,44,Female,Married,High School,Customer Support,Support Team Lead,Associate,3151,14.9,2.3,8.4,Onsite,6.4,2.9,5.1,6.2,True,7.7,1,Senior Career (40-49)
5088,48,Female,Married,Masters,Marketing,Growth Manager,Management,9553,11.8,12.6,17.5,Hybrid,4.1,4.7,7.7,5.8,True,3.5,0,Senior Career (40-49)
5089,40,Male,Single,Bachelors,Research & Development,Product Researcher,Associate,6452,11.0,4.4,9.7,Onsite,3.3,3.1,5.5,6.5,True,1.2,0,Senior Career (40-49)
5090,40,Female,Married,Masters,Engineering,Engineering Manager,Senior Level,11441,4.9,8.7,20.0,Onsite,3.1,1.0,7.4,7.8,True,1.9,0,Senior Career (40-49)
5091,28,Male,Married,PhD,Engineering,Engineering Manager,Mid Level,8011,13.2,5.3,8.0,Onsite,1.8,1.4,8.1,7.5,True,4.7,0,Early Career (21-29)
5092,48,Female,Married,Masters,Customer Support,Support Team Lead,Mid Level,3995,18.7,6.3,9.1,Hybrid,8.5,2.7,6.8,5.1,False,7.0,0,Senior Career (40-49)
5093,39,Male,Married,PhD,Sales,Account Executive,Entry Level,5154,9.2,2.6,5.3,Onsite,6.3,6.8,4.8,5.3,True,6.8,0,Mid Career (30-39)
5094,29,Male,Single,Masters,Sales,Sales Manager,Mid Level,6421,7.2,7.4,9.0,Hybrid,8.3,2.6,7.2,5.1,False,4.3,0,Early Career (21-29)
5095,37,Male,Single,Bachelors,Engineering,QA Engineer,Mid Level,8408,12.6,3.5,14.8,Hybrid,16.6,5.4,6.5,3.4,True,4.6,0,Mid Career (30-39)
5096,25,Male,Married,Bachelors,Customer Support,Customer Success Manager,Associate,3617,12.0,4.0,5.0,Hybrid,7.3,5.7,5.5,6.3,False,9.0,0,Early Career (21-29)
5097,36,Male,Divorced,PhD,Customer Support,Support Specialist,Associate,4365,10.9,5.1,13.0,Onsite,8.1,4.9,4.8,7.1,False,4.0,0,Mid Career (30-39)
5098,36,Male,Married,Bachelors,Operations,Operations Analyst,Associate,4066,13.6,3.8,10.2,Hybrid,4.8,2.9,5.8,5.8,False,5.7,0,Mid Career (30-39)
5099,27,Male,Married,PhD,Customer Support,Support Specialist,Associate,4420,13.5,6.0,7.0,Onsite,4.8,5.0,7.2,5.8,False,4.0,0,Early Career (21-29)
5100,28,Female,Single,Bachelors,Customer Support,Support Specialist,Associate,4374,5.2,7.0,8.0,Hybrid,3.9,4.9,3.4,8.5,False,3.9,1,Early Career (21-29)
5101,32,Male,Married,Bachelors,Engineering,Engineering Manager,Associate,8624,12.7,4.8,10.1,Hybrid,7.9,4.5,5.8,4.8,True,1.3,0,Mid Career (30-39)
5102,25,Male,Married,Bachelors,Human Resources,HR Business Partner,Entry Level,3240,6.4,1.4,5.0,Hybrid,13.1,5.7,5.1,5.0,True,3.1,0,Early Career (21-29)
5103,40,Male,Single,Masters,Customer Support,Support Specialist,Management,6185,9.3,15.3,20.0,Remote,7.0,3.2,7.5,7.0,True,5.9,0,Senior Career (40-49)
5104,42,Male,Married,Bachelors,Customer Support,Customer Success Manager,Senior Level,6184,11.7,11.9,16.4,Remote,7.5,2.4,9.2,6.5,True,7.1,0,Senior Career (40-49)
5105,37,Female,Single,High School,Finance,Financial Analyst,Associate,5065,16.4,4.9,13.0,Onsite,8.4,5.7,5.3,4.8,True,6.0,0,Mid Career (30-39)
5106,37,Female,Single,Bachelors,Sales,Account Executive,Associate,4014,10.5,4.0,10.0,Hybrid,6.9,5.8,3.6,4.2,False,2.8,1,Mid Career (30-39)
5107,35,Male,Married,Masters,Operations,Program Manager,Mid Level,5896,8.9,9.5,14.5,Hybrid,19.3,7.0,3.8,3.3,False,3.6,1,Mid Career (30-39)
5108,31,Female,Married,Masters,Operations,Program Manager,Management,10671,14.8,10.0,11.0,Hybrid,9.8,7.2,6.7,3.8,True,7.2,0,Mid Career (30-39)
5109,33,Male,Married,Masters,Engineering,Software Engineer,Mid Level,11694,11.4,5.8,13.0,Onsite,1.9,1.6,7.5,9.6,True,2.7,0,Mid Career (30-39)
5110,33,Female,Single,Masters,Engineering,Software Engineer,Entry Level,4015,8.4,5.2,9.6,Hybrid,2.3,2.4,8.0,4.5,False,6.0,0,Mid Career (30-39)
5111,27,Male,Single,Bachelors,Marketing,Content Strategist,Mid Level,5995,10.7,6.0,7.0,Hybrid,10.4,4.2,6.2,4.9,False,5.2,0,Early Career (21-29)
5112,41,Female,Married,Bachelors,Customer Support,Support Team Lead,Mid Level,5036,11.5,6.2,13.4,Remote,3.9,4.7,4.6,5.5,True,8.8,1,Senior Career (40-49)
5113,47,Male,Married,PhD,Sales,Account Executive,Mid Level,6290,8.3,8.1,14.5,Onsite,12.3,7.0,2.6,3.0,False,3.9,1,Senior Career (40-49)
5114,34,Male,Single,Bachelors,Marketing,Marketing Specialist,Mid Level,6767,3.9,10.0,14.0,Onsite,4.1,6.1,4.2,5.7,False,4.4,0,Mid Career (30-39)
5115,46,Male,Married,Bachelors,Finance,Financial Analyst,Management,11221,11.5,11.1,14.2,Hybrid,4.0,3.0,5.8,6.7,True,5.0,0,Senior Career (40-49)
5116,32,Male,Married,Masters,Operations,Operations Analyst,Associate,4665,11.9,0.5,8.8,Onsite,2.9,2.9,8.1,6.8,True,6.5,0,Mid Career (30-39)
5117,33,Female,Single,Bachelors,Sales,Sales Manager,Mid Level,6447,13.2,6.3,13.0,Remote,6.4,3.9,7.2,4.5,False,5.0,0,Mid Career (30-39)
5118,51,Female,Married,Bachelors,Engineering,Data Engineer,Management,11842,4.8,11.2,19.2,Hybrid,4.5,2.4,7.2,6.9,True,1.0,0,Pre-Retirement (50-64)
5119,34,Female,Married,Bachelors,Customer Support,Support Team Lead,Associate,4300,11.9,4.8,9.7,Onsite,14.9,6.5,4.4,2.9,False,6.3,1,Mid Career (30-39)
5120,33,Non-binary,Married,High School,Engineering,QA Engineer,Mid Level,6741,8.0,5.9,13.0,Onsite,7.4,6.4,4.1,4.5,True,1.0,1,Mid Career (30-39)
5121,30,Male,Single,Bachelors,Research & Development,Product Researcher,Entry Level,4706,8.8,5.3,10.0,Onsite,13.1,4.5,5.5,3.6,True,1.0,1,Mid Career (30-39)
5122,25,Female,Divorced,Bachelors,Sales,Sales Manager,Associate,4563,13.2,4.0,5.0,Remote,8.8,4.4,4.8,6.0,False,8.3,0,Early Career (21-29)
5123,33,Male,Married,Bachelors,Sales,Account Executive,Associate,5893,9.2,4.8,11.6,Hybrid,12.7,3.1,6.4,5.9,True,5.5,0,Mid Career (30-39)
5124,56,Male,Divorced,Bachelors,Sales,Account Executive,Senior Level,8585,11.6,7.5,13.9,Onsite,2.2,2.4,10.0,8.1,False,4.5,0,Pre-Retirement (50-64)
5125,34,Male,Married,Bachelors,Engineering,Data Engineer,Entry Level,4900,13.5,5.5,13.5,Hybrid,5.5,3.0,5.5,7.2,True,2.8,0,Mid Career (30-39)
5126,41,Female,Married,Bachelors,Operations,Operations Analyst,Mid Level,5786,12.6,4.5,14.4,Onsite,3.4,5.4,8.0,6.2,False,5.3,0,Senior Career (40-49)
5127,38,Male,Single,Bachelors,Finance,Financial Analyst,Mid Level,7095,10.2,8.5,16.4,Remote,2.2,3.7,7.3,7.0,True,4.6,0,Mid Career (30-39)
5128,42,Non-binary,Single,Bachelors,Engineering,Data Engineer,Associate,6659,13.9,3.1,7.2,Hybrid,8.3,5.6,3.3,5.3,False,5.5,0,Senior Career (40-49)
5129,34,Female,Married,Bachelors,Engineering,Engineering Manager,Senior Level,11064,9.8,8.6,14.0,Hybrid,4.5,4.8,5.8,5.3,True,3.5,1,Mid Career (30-39)
5130,46,Female,Married,Bachelors,Operations,Operations Manager,Management,11849,7.0,11.6,17.6,Hybrid,2.4,3.3,6.3,7.4,False,2.5,0,Senior Career (40-49)
5131,30,Female,Divorced,Bachelors,Research & Development,Research Scientist,Entry Level,3409,10.9,2.3,10.0,Hybrid,9.5,6.8,6.0,4.3,True,4.0,0,Mid Career (30-39)
5132,33,Male,Single,PhD,Sales,Account Executive,Associate,6327,13.5,5.9,9.5,Onsite,4.6,4.6,7.7,8.7,True,3.8,0,Mid Career (30-39)
5133,54,Female,Single,Bachelors,Customer Support,Support Team Lead,Senior Level,9104,4.3,12.2,17.4,Remote,4.0,2.7,5.6,6.1,True,6.5,0,Pre-Retirement (50-64)
5134,40,Male,Married,Bachelors,Human Resources,HR Business Partner,Mid Level,7398,12.1,5.4,12.0,Onsite,5.7,4.8,4.6,6.3,True,5.8,1,Senior Career (40-49)
5135,33,Male,Married,Bachelors,Engineering,Software Engineer,Entry Level,3690,10.1,4.4,12.5,Hybrid,13.9,6.9,4.5,4.3,True,6.0,1,Mid Career (30-39)
5136,41,Male,Single,Masters,Engineering,QA Engineer,Mid Level,10091,6.9,6.6,13.1,Hybrid,8.1,2.3,6.0,5.4,True,3.4,0,Senior Career (40-49)
5137,29,Female,Single,Bachelors,Operations,Operations Analyst,Entry Level,2864,11.5,4.3,9.0,Hybrid,1.3,2.8,7.0,6.7,True,6.7,0,Early Career (21-29)
5138,28,Female,Married,Bachelors,Customer Support,Support Specialist,Associate,4465,9.6,7.0,8.0,Onsite,8.6,3.9,5.9,6.7,False,4.5,0,Early Career (21-29)
5139,34,Female,Single,Masters,Marketing,Marketing Specialist,Associate,6506,12.2,5.3,14.0,Hybrid,5.8,3.4,7.9,6.0,True,7.8,0,Mid Career (30-39)
5140,29,Male,Married,Bachelors,Human Resources,HR Manager,Associate,5066,11.4,3.1,9.0,Hybrid,12.6,5.3,6.7,3.5,True,5.4,1,Early Career (21-29)
5141,31,Male,Married,Masters,Marketing,Marketing Specialist,Associate,5652,10.3,6.1,11.0,Hybrid,6.1,4.4,6.9,6.6,True,2.8,0,Mid Career (30-39)
5142,51,Male,Divorced,Bachelors,Engineering,Data Engineer,Senior Level,10973,6.9,12.9,17.7,Hybrid,5.3,4.9,3.1,7.4,True,2.6,1,Pre-Retirement (50-64)
5143,46,Male,Married,Bachelors,Finance,Finance Manager,Senior Level,9965,18.8,11.3,16.6,Remote,7.9,4.0,7.7,7.5,True,7.0,0,Senior Career (40-49)
5144,42,Male,Single,Bachelors,Sales,Sales Development Rep,Mid Level,8128,8.8,6.3,11.0,Onsite,10.5,5.9,7.1,6.7,False,5.5,0,Senior Career (40-49)
5145,39,Male,Single,Bachelors,Engineering,Software Engineer,Mid Level,7261,10.8,5.3,11.0,Remote,7.0,4.5,2.7,5.0,True,3.2,1,Mid Career (30-39)
5146,29,Male,Single,Bachelors,Sales,Account Executive,Entry Level,3024,12.6,2.9,9.0,Remote,10.5,5.5,6.2,6.2,True,6.0,0,Early Career (21-29)
5147,49,Female,Married,Masters,Finance,Finance Manager,Senior Level,7656,14.6,5.2,10.2,Remote,6.6,4.8,4.0,4.8,False,8.2,0,Senior Career (40-49)
5148,44,Male,Single,High School,Engineering,Software Engineer,Mid Level,5456,18.8,7.6,10.0,Hybrid,8.1,4.3,7.0,5.7,False,3.3,0,Senior Career (40-49)
5149,39,Female,Single,PhD,Research & Development,R&D Manager,Management,12731,9.3,9.5,15.9,Hybrid,2.9,3.1,8.2,7.0,True,2.8,0,Mid Career (30-39)
5150,26,Female,Married,PhD,Sales,Sales Development Rep,Senior Level,9133,6.7,5.0,6.0,Onsite,12.1,5.0,5.7,5.4,False,5.3,0,Early Career (21-29)
5151,26,Male,Married,Masters,Marketing,Content Strategist,Entry Level,4513,8.5,3.9,6.0,Hybrid,1.6,3.7,7.1,6.1,False,6.6,0,Early Career (21-29)
5152,21,Female,Married,Bachelors,Marketing,Content Strategist,Associate,3678,16.0,0.0,1.0,Onsite,4.0,5.2,4.8,7.5,True,5.2,0,Early Career (21-29)
5153,42,Female,Married,Bachelors,Engineering,Data Engineer,Mid Level,9087,9.3,9.9,18.6,Remote,16.0,5.8,4.5,5.2,True,4.3,0,Senior Career (40-49)
5154,26,Male,Married,Bachelors,Marketing,Growth Manager,Mid Level,5097,10.1,4.6,6.0,Remote,2.5,2.1,7.7,7.4,False,3.5,0,Early Career (21-29)
5155,30,Female,Married,Bachelors,Sales,Sales Manager,Associate,5105,9.6,5.5,10.0,Onsite,5.1,4.7,4.3,5.0,False,7.8,0,Mid Career (30-39)
5156,40,Female,Married,Bachelors,Sales,Sales Development Rep,Associate,3523,9.7,5.5,13.0,Hybrid,14.4,4.9,5.5,4.5,False,6.4,1,Senior Career (40-49)
5157,35,Male,Married,Masters,Finance,Financial Analyst,Senior Level,10179,6.1,10.2,15.0,Onsite,1.2,3.7,6.6,7.8,False,6.4,1,Mid Career (30-39)
5158,38,Female,Single,Bachelors,Finance,Accountant,Mid Level,5942,16.2,7.1,16.9,Remote,3.3,4.2,4.1,6.4,False,5.4,0,Mid Career (30-39)
5159,31,Male,Married,Bachelors,Marketing,Growth Manager,Associate,5243,10.7,2.6,11.0,Remote,8.2,4.7,5.4,7.0,True,4.8,0,Mid Career (30-39)
5160,37,Female,Divorced,PhD,Customer Support,Customer Success Manager,Management,9108,11.1,15.4,17.0,Hybrid,6.3,3.0,8.7,6.7,True,4.7,0,Mid Career (30-39)
5161,35,Male,Divorced,Bachelors,Marketing,Marketing Specialist,Senior Level,8365,6.5,8.9,14.9,Hybrid,10.7,4.4,5.8,4.2,True,3.4,0,Mid Career (30-39)
5162,33,Female,Single,PhD,Customer Support,Customer Success Manager,Mid Level,6609,10.5,7.1,9.3,Hybrid,2.8,2.6,8.2,5.3,True,5.6,0,Mid Career (30-39)
5163,42,Female,Married,Bachelors,Human Resources,HR Manager,Senior Level,7938,18.1,5.4,17.2,Remote,4.0,2.4,9.1,8.0,False,8.6,0,Senior Career (40-49)
5164,44,Female,Married,Bachelors,Marketing,Growth Manager,Mid Level,8387,3.2,11.4,17.6,Hybrid,3.8,5.0,6.7,6.4,True,6.3,0,Senior Career (40-49)
5165,34,Male,Single,Bachelors,Operations,Program Manager,Senior Level,8955,10.9,11.1,14.0,Hybrid,12.7,5.6,6.3,5.0,True,5.0,1,Mid Career (30-39)
5166,50,Male,Married,Bachelors,Human Resources,HR Business Partner,Senior Level,7594,13.9,10.4,17.5,Remote,3.2,2.2,6.5,8.3,False,4.1,0,Pre-Retirement (50-64)
5167,27,Male,Married,Bachelors,Research & Development,R&D Manager,Associate,5933,12.1,6.0,7.0,Onsite,1.4,2.7,6.9,8.0,True,1.0,0,Early Career (21-29)
5168,42,Female,Married,Bachelors,Operations,Program Manager,Senior Level,8979,10.7,7.8,15.4,Hybrid,6.3,5.1,5.2,4.1,False,2.0,0,Senior Career (40-49)
5169,30,Female,Single,Bachelors,Customer Support,Customer Success Manager,Senior Level,6830,9.8,9.0,10.0,Remote,5.0,3.7,5.5,6.6,False,5.5,0,Mid Career (30-39)
5170,36,Male,Single,Bachelors,Operations,Operations Analyst,Associate,5058,11.0,3.9,4.6,Hybrid,4.8,3.5,5.9,5.3,True,4.6,0,Mid Career (30-39)
5171,35,Female,Married,Masters,Operations,Operations Manager,Senior Level,8599,14.3,13.1,15.0,Hybrid,11.8,4.5,5.8,5.5,False,3.5,0,Mid Career (30-39)
5172,35,Female,Married,Bachelors,Sales,Sales Development Rep,Entry Level,4177,17.0,3.9,15.0,Onsite,33.4,10.0,1.0,1.0,True,3.5,1,Mid Career (30-39)
5173,35,Female,Married,Masters,Customer Support,Support Team Lead,Associate,4440,9.3,6.7,9.8,Onsite,5.9,5.0,6.0,4.3,False,6.0,0,Mid Career (30-39)
5174,39,Female,Married,Bachelors,Customer Support,Support Specialist,Mid Level,5414,11.0,8.6,14.0,Onsite,3.5,2.5,7.3,8.0,True,10.0,0,Mid Career (30-39)
5175,37,Female,Divorced,Bachelors,Sales,Sales Manager,Mid Level,8136,10.8,6.0,9.3,Remote,5.6,4.3,5.9,6.3,False,6.8,0,Mid Career (30-39)
5176,29,Female,Divorced,Masters,Engineering,Data Engineer,Associate,7526,10.7,6.7,9.0,Hybrid,20.3,6.7,5.6,4.0,True,5.5,1,Early Career (21-29)
5177,33,Male,Divorced,Masters,Engineering,Data Engineer,Associate,7095,9.9,9.5,13.0,Onsite,5.4,3.8,7.0,5.5,True,5.3,0,Mid Career (30-39)
5178,30,Male,Married,Masters,Engineering,QA Engineer,Associate,4932,15.4,5.3,8.2,Hybrid,2.9,2.6,7.2,6.8,True,3.8,0,Mid Career (30-39)
5179,36,Male,Single,Masters,Sales,Sales Development Rep,Entry Level,2810,14.1,1.3,9.2,Remote,6.2,1.5,8.0,8.6,False,4.7,0,Mid Career (30-39)
5180,25,Male,Divorced,Masters,Engineering,Data Engineer,Entry Level,3922,12.2,1.6,5.0,Hybrid,2.4,3.6,5.0,5.9,False,4.4,0,Early Career (21-29)
5181,35,Female,Married,Bachelors,Sales,Account Executive,Senior Level,8677,9.1,6.2,11.9,Remote,5.6,3.5,7.8,7.8,True,3.6,0,Mid Career (30-39)
5182,28,Female,Single,Bachelors,Finance,Financial Analyst,Mid Level,7271,10.4,7.0,8.0,Hybrid,3.4,2.5,7.7,7.5,False,5.0,0,Early Career (21-29)
5183,24,Male,Married,Bachelors,Engineering,Software Engineer,Associate,6696,11.8,3.0,4.0,Hybrid,4.7,2.3,8.3,6.7,True,7.3,0,Early Career (21-29)
5184,32,Male,Single,Masters,Marketing,Content Strategist,Associate,6138,15.3,1.2,2.6,Onsite,3.2,3.5,6.1,8.7,True,2.5,0,Mid Career (30-39)
5185,49,Female,Married,Masters,Customer Support,Support Team Lead,Management,13724,9.5,16.7,26.4,Hybrid,3.6,5.9,5.1,5.3,False,7.9,1,Senior Career (40-49)
5186,47,Female,Single,Masters,Engineering,Engineering Manager,Management,14199,11.4,14.0,18.7,Hybrid,8.6,3.1,6.8,6.1,True,4.4,0,Senior Career (40-49)
5187,50,Male,Married,Masters,Engineering,Engineering Manager,Management,12816,8.4,8.2,17.4,Onsite,1.4,1.0,7.7,9.5,True,3.2,0,Pre-Retirement (50-64)
5188,27,Male,Single,Bachelors,Operations,Operations Analyst,Entry Level,3579,11.0,5.6,7.0,Onsite,8.0,4.8,7.3,5.9,False,7.1,0,Early Career (21-29)
5189,35,Female,Single,Bachelors,Engineering,QA Engineer,Mid Level,8813,12.6,3.2,8.5,Onsite,4.8,5.4,6.9,5.0,True,5.0,0,Mid Career (30-39)
5190,33,Female,Single,Bachelors,Operations,Operations Manager,Mid Level,6472,10.2,10.8,13.0,Hybrid,4.1,4.3,8.2,7.5,True,4.4,0,Mid Career (30-39)
5191,48,Male,Married,Masters,Finance,Accountant,Mid Level,9082,8.5,8.5,18.8,Hybrid,2.8,4.3,6.7,7.5,True,6.2,0,Senior Career (40-49)
5192,52,Male,Divorced,Masters,Engineering,Data Engineer,Management,14335,10.7,8.9,12.7,Hybrid,5.7,3.3,7.2,8.0,True,1.0,0,Pre-Retirement (50-64)
5193,27,Male,Married,Bachelors,Operations,Operations Manager,Associate,5038,7.8,1.0,7.0,Hybrid,10.5,5.6,6.2,5.4,False,6.0,1,Early Career (21-29)
5194,23,Male,Married,Masters,Operations,Operations Analyst,Entry Level,3092,10.0,2.0,3.0,Hybrid,7.2,4.0,5.4,4.3,True,6.5,0,Early Career (21-29)
5195,34,Female,Single,Masters,Marketing,Marketing Specialist,Associate,4904,12.6,6.4,12.9,Hybrid,1.9,1.5,9.5,7.5,True,8.4,0,Mid Career (30-39)
5196,35,Female,Married,Bachelors,Research & Development,Product Researcher,Entry Level,4013,17.2,0.3,9.7,Remote,2.2,2.3,8.4,8.2,True,4.8,0,Mid Career (30-39)
5197,34,Male,Single,Bachelors,Engineering,Data Engineer,Mid Level,7545,14.5,10.8,14.0,Hybrid,2.0,1.9,9.5,8.3,True,4.5,0,Mid Career (30-39)
5198,48,Female,Single,Masters,Customer Support,Support Specialist,Mid Level,6051,9.2,6.9,9.7,Onsite,17.7,6.3,6.5,3.9,False,7.1,0,Senior Career (40-49)
5199,35,Female,Married,Bachelors,Finance,Finance Manager,Management,9419,13.5,12.6,14.3,Hybrid,14.3,4.4,5.3,4.6,True,1.3,0,Mid Career (30-39)
5200,21,Male,Divorced,Masters,Engineering,Engineering Manager,Mid Level,7798,9.7,0.0,1.0,Onsite,6.7,5.9,5.9,5.5,True,3.9,1,Early Career (21-29)
5201,32,Male,Married,Masters,Customer Support,Customer Success Manager,Associate,5195,11.1,4.4,11.1,Remote,2.5,2.7,6.5,6.5,False,3.6,0,Mid Career (30-39)
5202,36,Male,Single,Bachelors,Human Resources,HR Business Partner,Mid Level,6207,21.6,3.1,10.4,Remote,10.1,3.2,7.1,5.3,True,1.8,0,Mid Career (30-39)
5203,30,Female,Divorced,High School,Engineering,QA Engineer,Mid Level,5953,11.7,6.6,10.0,Hybrid,2.5,2.4,6.1,6.8,True,5.0,0,Mid Career (30-39)
5204,44,Female,Divorced,Masters,Research & Development,Product Researcher,Mid Level,8326,15.9,7.6,13.2,Onsite,6.9,5.0,6.1,6.1,False,7.1,1,Senior Career (40-49)
5206,32,Female,Single,PhD,Sales,Account Executive,Associate,6133,10.8,8.2,12.0,Onsite,8.2,5.2,3.3,5.2,True,5.9,1,Mid Career (30-39)
5207,45,Male,Married,Bachelors,Customer Support,Support Team Lead,Mid Level,4420,13.0,10.5,17.2,Onsite,3.0,2.6,7.7,7.2,True,5.1,0,Senior Career (40-49)
5208,32,Female,Married,Masters,Human Resources,HR Manager,Associate,4553,13.0,7.5,8.9,Remote,3.4,2.5,6.4,8.2,False,4.5,0,Mid Career (30-39)
5209,31,Female,Single,High School,Operations,Operations Analyst,Associate,4389,17.4,0.0,9.2,Remote,4.4,1.0,6.4,6.7,True,6.6,0,Mid Career (30-39)
5210,29,Female,Married,Bachelors,Customer Support,Support Specialist,Associate,3790,9.5,4.1,4.9,Hybrid,4.5,2.6,5.4,7.8,True,9.7,0,Early Career (21-29)
5211,46,Male,Married,Masters,Research & Development,R&D Manager,Management,12911,6.7,11.0,17.9,Hybrid,0.8,1.2,10.0,7.8,False,2.2,0,Senior Career (40-49)
5212,32,Female,Single,Masters,Engineering,Engineering Manager,Mid Level,7909,11.4,4.2,12.0,Hybrid,6.4,2.5,6.2,5.9,False,5.3,0,Mid Career (30-39)
5213,37,Male,Single,Masters,Finance,Finance Manager,Senior Level,11107,14.4,9.3,13.9,Hybrid,8.7,5.2,8.9,5.4,False,7.2,0,Mid Career (30-39)
5214,40,Female,Married,Masters,Sales,Account Executive,Mid Level,8916,9.7,11.1,20.0,Onsite,19.7,5.3,3.9,5.5,True,4.9,0,Senior Career (40-49)
5215,40,Male,Single,Masters,Marketing,Content Strategist,Senior Level,10624,10.6,9.2,15.8,Hybrid,18.1,7.0,5.6,2.8,False,4.3,1,Senior Career (40-49)
5216,33,Female,Single,High School,Engineering,QA Engineer,Associate,5286,13.9,9.5,13.0,Hybrid,0.6,2.3,5.6,7.1,True,2.0,0,Mid Career (30-39)
5217,26,Female,Married,High School,Engineering,Data Engineer,Entry Level,3761,15.8,4.3,6.0,Remote,6.3,2.8,7.9,6.2,True,3.5,0,Early Career (21-29)
5218,43,Male,Married,High School,Customer Support,Support Team Lead,Management,6348,13.3,11.0,16.2,Hybrid,6.5,3.8,6.7,6.9,False,4.5,0,Senior Career (40-49)
5219,27,Female,Single,PhD,Operations,Operations Analyst,Associate,4675,13.3,0.6,4.3,Onsite,9.8,4.5,6.4,5.9,True,3.0,0,Early Career (21-29)
5220,35,Female,Divorced,Masters,Engineering,QA Engineer,Associate,6814,16.0,4.9,12.8,Hybrid,2.7,1.9,10.0,6.4,True,3.3,0,Mid Career (30-39)
5221,43,Male,Married,Bachelors,Operations,Operations Analyst,Senior Level,7574,8.1,10.8,14.9,Remote,8.1,4.9,6.0,6.8,True,4.0,0,Senior Career (40-49)
5222,32,Male,Single,Bachelors,Marketing,Growth Manager,Associate,7151,4.2,6.2,12.0,Hybrid,6.7,4.2,7.7,7.1,True,5.0,0,Mid Career (30-39)
5223,44,Male,Married,Bachelors,Customer Support,Support Team Lead,Mid Level,6353,12.3,5.4,12.6,Hybrid,10.1,5.4,3.7,7.2,False,7.6,0,Senior Career (40-49)
5224,27,Male,Divorced,Masters,Sales,Account Executive,Senior Level,9654,9.3,6.0,7.0,Hybrid,8.4,2.5,7.1,5.4,True,4.5,0,Early Career (21-29)
5225,40,Male,Divorced,Bachelors,Sales,Sales Development Rep,Mid Level,7329,10.3,6.5,12.2,Hybrid,11.8,8.0,6.2,4.2,True,4.7,1,Senior Career (40-49)
5226,46,Male,Single,Masters,Engineering,Software Engineer,Senior Level,7725,13.8,10.1,21.8,Hybrid,4.2,1.4,8.0,6.8,True,3.0,0,Senior Career (40-49)
5227,35,Female,Single,PhD,Engineering,QA Engineer,Mid Level,10231,11.4,8.1,12.5,Remote,4.2,4.2,6.7,9.2,False,1.6,0,Mid Career (30-39)
5228,40,Female,Divorced,Bachelors,Engineering,Engineering Manager,Mid Level,7336,9.1,12.0,17.7,Hybrid,11.1,5.8,5.3,5.5,True,4.6,1,Senior Career (40-49)
5229,51,Female,Married,Bachelors,Marketing,Growth Manager,Senior Level,7982,10.9,10.5,16.2,Hybrid,20.8,7.4,7.0,3.0,True,6.8,1,Pre-Retirement (50-64)
5230,41,Male,Single,Bachelors,Sales,Account Executive,Mid Level,6671,7.4,9.5,15.2,Hybrid,4.1,3.8,7.9,7.1,True,1.6,0,Senior Career (40-49)
5231,36,Female,Divorced,Masters,Sales,Account Executive,Associate,6475,13.3,6.5,14.2,Hybrid,5.8,3.8,7.2,7.1,True,6.8,0,Mid Career (30-39)
5232,36,Male,Divorced,Bachelors,Engineering,QA Engineer,Associate,6603,9.0,1.6,10.3,Onsite,4.9,6.6,3.5,4.4,False,5.2,0,Mid Career (30-39)
5233,45,Male,Married,Masters,Marketing,Growth Manager,Senior Level,9159,15.3,11.0,16.9,Onsite,11.4,4.9,7.0,3.7,True,4.3,0,Senior Career (40-49)
5234,27,Male,Married,Bachelors,Finance,Accountant,Entry Level,3975,7.2,5.6,7.0,Onsite,6.4,5.8,5.5,4.3,False,7.7,0,Early Career (21-29)
5235,46,Male,Married,Bachelors,Sales,Sales Development Rep,Senior Level,9416,3.3,13.8,16.8,Onsite,6.2,4.1,5.4,4.8,True,6.0,0,Senior Career (40-49)
5236,36,Female,Single,Masters,Engineering,QA Engineer,Mid Level,7443,11.7,6.5,10.6,Remote,2.9,2.1,7.1,6.1,True,5.2,0,Mid Career (30-39)
5237,43,Male,Married,Masters,Operations,Program Manager,Mid Level,6163,12.8,2.8,8.0,Onsite,11.9,4.9,7.2,4.4,True,4.5,0,Senior Career (40-49)
5238,31,Male,Single,Bachelors,Customer Support,Support Specialist,Mid Level,5746,12.8,5.0,11.0,Hybrid,3.7,4.9,4.5,5.0,False,10.0,1,Mid Career (30-39)
5239,43,Male,Married,Masters,Sales,Sales Manager,Mid Level,6713,18.4,7.1,8.5,Onsite,3.2,1.1,8.1,7.6,False,5.0,0,Senior Career (40-49)
5240,29,Male,Married,Masters,Operations,Operations Manager,Associate,5417,15.6,6.9,9.0,Remote,5.8,2.8,8.0,7.1,True,3.6,0,Early Career (21-29)
5241,35,Male,Single,Bachelors,Research & Development,Product Researcher,Mid Level,8669,12.3,4.7,6.3,Remote,4.3,2.5,6.7,6.5,False,4.4,0,Mid Career (30-39)
5242,37,Male,Single,Masters,Finance,Finance Manager,Senior Level,8920,8.0,10.8,17.0,Hybrid,8.9,6.0,5.1,5.4,True,5.2,0,Mid Career (30-39)
5243,34,Female,Single,Bachelors,Customer Support,Customer Success Manager,Mid Level,4532,12.9,6.5,14.0,Hybrid,4.0,1.5,9.6,6.7,True,4.6,0,Mid Career (30-39)
5244,33,Male,Married,Bachelors,Research & Development,Product Researcher,Associate,5279,9.5,5.0,13.0,Hybrid,7.8,5.7,5.7,5.0,False,1.2,1,Mid Career (30-39)
5245,31,Male,Single,Bachelors,Marketing,Marketing Specialist,Associate,4581,14.8,4.1,9.3,Onsite,1.7,3.2,6.3,5.6,True,6.4,0,Mid Career (30-39)
5246,31,Male,Married,PhD,Research & Development,Research Scientist,Associate,5139,20.3,1.8,9.4,Onsite,3.5,2.9,7.9,6.3,True,1.0,0,Mid Career (30-39)
5247,43,Male,Married,Bachelors,Engineering,Engineering Manager,Senior Level,11944,8.4,10.1,20.5,Hybrid,9.0,5.3,2.2,4.8,True,7.5,1,Senior Career (40-49)
5248,41,Male,Single,PhD,Human Resources,HR Business Partner,Mid Level,7373,14.7,7.6,14.9,Remote,7.8,3.7,8.0,5.0,True,6.2,0,Senior Career (40-49)
5249,38,Female,Married,Masters,Marketing,Content Strategist,Senior Level,9326,12.4,8.0,18.0,Remote,6.7,3.9,9.3,6.2,False,4.8,0,Mid Career (30-39)
5250,25,Female,Divorced,Masters,Marketing,Marketing Specialist,Mid Level,6741,10.4,4.0,5.0,Hybrid,11.0,6.2,4.2,3.2,False,6.9,1,Early Career (21-29)
5251,45,Male,Single,Bachelors,Engineering,Engineering Manager,Senior Level,9615,14.7,6.5,12.7,Hybrid,3.7,3.5,6.6,7.1,True,3.4,0,Senior Career (40-49)
5252,41,Male,Married,Bachelors,Research & Development,Research Scientist,Senior Level,11038,7.7,14.2,21.0,Hybrid,9.1,5.7,5.9,3.8,False,2.2,0,Senior Career (40-49)
5253,31,Female,Married,Masters,Engineering,Software Engineer,Entry Level,4993,14.0,6.4,9.5,Onsite,6.4,4.7,4.5,5.9,True,6.4,0,Mid Career (30-39)
5254,34,Female,Married,PhD,Engineering,Engineering Manager,Mid Level,10427,9.5,9.0,14.0,Hybrid,2.7,4.6,4.8,6.4,False,5.4,1,Mid Career (30-39)
5255,55,Male,Divorced,Bachelors,Customer Support,Support Team Lead,Management,6421,10.2,11.1,21.8,Onsite,10.2,2.3,8.6,5.8,False,5.9,0,Pre-Retirement (50-64)
5256,43,Female,Married,Bachelors,Customer Support,Customer Success Manager,Senior Level,5843,13.9,7.2,14.9,Remote,13.4,3.4,7.7,6.4,True,7.0,0,Senior Career (40-49)
5257,47,Female,Married,Masters,Sales,Account Executive,Senior Level,9729,15.6,8.2,17.4,Remote,4.8,3.2,7.7,6.1,False,2.7,0,Senior Career (40-49)
5258,27,Female,Married,Bachelors,Finance,Accountant,Associate,4308,11.0,0.6,7.0,Hybrid,6.8,4.8,5.7,6.6,False,4.6,0,Early Career (21-29)
5259,34,Female,Single,Masters,Customer Support,Customer Success Manager,Associate,5562,13.0,5.4,12.9,Remote,9.0,3.8,7.4,5.9,True,6.3,0,Mid Career (30-39)
5260,36,Female,Single,PhD,Research & Development,Product Researcher,Entry Level,3519,13.2,4.1,9.2,Remote,3.9,1.9,6.5,6.9,True,3.9,1,Mid Career (30-39)
5261,47,Male,Single,Bachelors,Engineering,Data Engineer,Associate,5538,14.1,6.7,20.5,Hybrid,10.2,5.9,5.3,5.0,True,4.3,1,Senior Career (40-49)
5262,27,Male,Married,High School,Operations,Operations Analyst,Entry Level,3049,9.6,6.0,7.0,Hybrid,3.3,3.5,4.3,7.1,False,5.8,1,Early Career (21-29)
5263,42,Female,Single,Masters,Marketing,Marketing Specialist,Management,9124,9.2,11.0,13.0,Remote,23.3,7.7,5.7,3.6,True,4.4,0,Senior Career (40-49)
5264,45,Female,Single,Bachelors,Research & Development,R&D Manager,Mid Level,8237,16.5,4.4,16.5,Onsite,6.2,2.5,7.6,6.1,True,2.9,0,Senior Career (40-49)
5265,40,Female,Married,Bachelors,Marketing,Content Strategist,Management,8710,16.4,8.6,14.3,Remote,6.7,3.2,9.4,6.1,True,2.6,0,Senior Career (40-49)
5266,31,Male,Married,Bachelors,Engineering,Data Engineer,Associate,5781,17.0,5.6,11.0,Remote,7.0,3.8,5.4,7.0,True,1.6,0,Mid Career (30-39)
5267,42,Female,Divorced,Bachelors,Research & Development,Product Researcher,Associate,4567,17.9,8.0,11.5,Remote,6.5,1.0,9.2,7.7,True,5.3,0,Senior Career (40-49)
5269,43,Male,Married,PhD,Engineering,Engineering Manager,Mid Level,13694,17.8,12.0,23.0,Remote,2.5,3.6,5.1,7.1,True,2.8,0,Senior Career (40-49)
5270,33,Female,Single,Bachelors,Engineering,Data Engineer,Mid Level,6801,13.6,3.7,10.6,Hybrid,3.1,3.4,5.1,7.5,True,3.1,0,Mid Career (30-39)
5271,36,Non-binary,Married,Bachelors,Engineering,QA Engineer,Entry Level,4504,10.1,0.2,1.8,Onsite,10.6,6.0,3.6,5.1,True,4.3,1,Mid Career (30-39)
5272,29,Male,Married,Bachelors,Marketing,Growth Manager,Mid Level,5471,10.3,7.2,9.0,Hybrid,10.3,3.6,5.4,5.2,False,5.8,1,Early Career (21-29)
5273,40,Female,Married,Bachelors,Engineering,Software Engineer,Associate,6317,4.6,5.1,10.7,Onsite,4.0,3.2,7.9,6.6,True,3.7,0,Senior Career (40-49)
5274,23,Female,Single,Bachelors,Customer Support,Support Specialist,Associate,2736,13.2,2.0,3.0,Onsite,7.8,4.7,6.4,7.2,False,8.9,0,Early Career (21-29)
5275,44,Male,Divorced,Bachelors,Sales,Sales Development Rep,Mid Level,6850,5.7,4.8,13.8,Hybrid,5.9,5.0,5.0,5.0,False,4.9,0,Senior Career (40-49)
5276,38,Female,Divorced,High School,Finance,Financial Analyst,Senior Level,7460,7.1,6.6,11.8,Hybrid,4.7,2.8,6.8,4.9,True,5.2,0,Mid Career (30-39)
5277,37,Female,Married,Bachelors,Human Resources,HR Manager,Mid Level,5245,6.2,4.9,12.2,Onsite,4.7,3.0,5.1,6.1,True,5.6,0,Mid Career (30-39)
5278,23,Male,Married,Masters,Research & Development,Product Researcher,Entry Level,4510,6.8,2.0,3.0,Onsite,14.4,6.1,4.1,2.9,True,3.5,1,Early Career (21-29)
5279,57,Female,Married,Masters,Customer Support,Customer Success Manager,Management,10464,22.6,12.3,16.0,Remote,14.6,5.3,7.1,4.3,False,6.9,0,Pre-Retirement (50-64)
5280,30,Female,Single,High School,Operations,Operations Analyst,Mid Level,4723,10.9,4.5,10.0,Onsite,4.7,3.4,6.5,6.0,True,3.2,0,Mid Career (30-39)
5281,31,Male,Married,Masters,Engineering,QA Engineer,Management,14087,10.0,10.0,11.0,Onsite,8.2,5.5,6.5,3.2,True,2.3,1,Mid Career (30-39)
5282,48,Female,Married,Bachelors,Sales,Sales Manager,Senior Level,6777,8.2,7.3,14.0,Onsite,8.2,5.7,7.4,5.2,True,4.7,0,Senior Career (40-49)
5283,26,Female,Married,High School,Operations,Program Manager,Associate,3419,10.5,5.0,6.0,Remote,6.8,3.5,7.5,6.1,False,7.7,0,Early Career (21-29)
5284,39,Male,Married,Masters,Sales,Sales Manager,Senior Level,9984,13.0,6.2,11.5,Hybrid,8.3,4.9,7.5,6.3,False,6.2,0,Mid Career (30-39)
5285,31,Male,Married,Bachelors,Engineering,Engineering Manager,Mid Level,8695,10.2,9.0,11.0,Onsite,1.5,4.3,4.6,7.6,True,4.5,0,Mid Career (30-39)
5286,47,Male,Single,Masters,Engineering,Engineering Manager,Mid Level,9920,13.9,6.0,11.6,Onsite,9.3,4.3,7.0,6.0,True,1.0,0,Senior Career (40-49)
5287,23,Male,Single,Bachelors,Finance,Financial Analyst,Associate,4928,13.5,2.0,3.0,Hybrid,13.6,4.5,5.6,5.5,False,1.2,0,Early Career (21-29)
5288,42,Female,Married,Bachelors,Engineering,Software Engineer,Senior Level,11039,11.7,7.0,11.8,Hybrid,7.1,3.7,8.8,6.3,True,1.9,0,Senior Career (40-49)
5289,35,Male,Single,Masters,Marketing,Content Strategist,Associate,5234,14.2,7.5,15.0,Hybrid,4.5,3.3,5.7,6.3,False,6.9,0,Mid Career (30-39)
5290,32,Male,Married,Bachelors,Sales,Sales Development Rep,Associate,4388,9.8,3.5,11.3,Remote,10.6,2.6,7.6,7.0,False,5.5,0,Mid Career (30-39)
5291,39,Female,Single,Masters,Engineering,Data Engineer,Associate,5058,9.6,6.0,8.5,Hybrid,15.4,7.1,3.4,3.2,False,7.4,0,Mid Career (30-39)
5292,26,Male,Divorced,PhD,Operations,Operations Analyst,Entry Level,4173,9.5,1.2,5.5,Onsite,11.6,5.2,5.8,5.2,True,5.0,1,Early Career (21-29)
5293,53,Female,Single,Bachelors,Finance,Accountant,Senior Level,9853,10.8,8.3,15.2,Hybrid,3.0,4.0,7.8,6.9,False,5.7,0,Pre-Retirement (50-64)
5294,21,Male,Married,Masters,Customer Support,Support Specialist,Entry Level,2118,13.2,0.0,1.0,Onsite,3.0,4.2,4.1,5.2,True,5.9,0,Early Career (21-29)
5295,34,Female,Single,Bachelors,Operations,Operations Manager,Associate,4486,8.9,1.5,8.0,Hybrid,5.2,4.8,5.7,6.3,False,5.4,1,Mid Career (30-39)
5296,36,Female,Married,High School,Customer Support,Support Specialist,Mid Level,3831,10.6,8.8,12.9,Hybrid,13.5,5.8,4.9,4.8,False,7.6,0,Mid Career (30-39)
5297,25,Female,Married,Masters,Operations,Program Manager,Associate,3758,8.7,2.5,3.8,Onsite,2.3,5.3,2.7,5.8,True,3.9,0,Early Career (21-29)
5298,29,Male,Divorced,Bachelors,Sales,Sales Development Rep,Entry Level,3084,8.6,0.0,6.4,Onsite,2.4,5.0,5.7,5.3,False,7.6,0,Early Career (21-29)
5299,35,Female,Single,Bachelors,Finance,Accountant,Mid Level,9084,7.4,9.0,15.0,Remote,7.3,3.4,5.3,5.8,False,8.2,0,Mid Career (30-39)
5300,42,Female,Divorced,Bachelors,Operations,Operations Manager,Senior Level,9476,12.0,11.8,18.1,Onsite,4.5,1.6,8.1,6.6,True,4.4,0,Senior Career (40-49)
5301,41,Female,Married,High School,Operations,Operations Manager,Associate,4235,7.9,1.9,5.9,Remote,6.1,5.5,5.9,5.9,True,6.4,1,Senior Career (40-49)
5302,44,Female,Divorced,Bachelors,Engineering,QA Engineer,Senior Level,9217,11.5,9.8,16.4,Remote,3.7,3.1,5.1,7.1,True,2.5,1,Senior Career (40-49)
5303,29,Male,Single,Masters,Operations,Operations Analyst,Senior Level,9056,7.3,8.0,9.0,Remote,4.0,2.3,8.8,8.6,True,2.3,0,Early Career (21-29)
5304,55,Female,Married,High School,Research & Development,Product Researcher,Management,10895,8.4,14.6,28.0,Hybrid,12.1,4.7,4.8,6.1,True,3.1,1,Pre-Retirement (50-64)
5305,36,Non-binary,Married,Bachelors,Marketing,Content Strategist,Associate,4184,13.6,4.0,9.9,Onsite,2.7,4.9,6.9,6.7,True,7.8,1,Mid Career (30-39)
5306,35,Male,Single,Masters,Operations,Program Manager,Associate,4841,13.0,7.9,15.0,Onsite,13.1,5.6,7.5,3.5,True,2.3,0,Mid Career (30-39)
5307,35,Male,Married,Bachelors,Engineering,Engineering Manager,Management,10932,8.2,10.5,15.0,Onsite,2.4,3.3,6.0,6.6,True,3.9,0,Mid Career (30-39)
5308,43,Female,Divorced,Masters,Engineering,Engineering Manager,Management,13129,11.7,14.4,22.1,Hybrid,11.7,4.6,6.5,5.9,True,2.6,0,Senior Career (40-49)
5309,45,Male,Married,Bachelors,Customer Support,Customer Success Manager,Senior Level,6227,15.0,7.8,15.9,Remote,5.6,1.0,9.1,8.4,False,1.9,0,Senior Career (40-49)
5310,24,Male,Single,Bachelors,Sales,Account Executive,Entry Level,3589,12.2,3.0,4.0,Onsite,4.5,2.2,7.9,6.5,True,3.6,1,Early Career (21-29)
5311,40,Female,Single,Masters,Marketing,Content Strategist,Management,11482,9.3,11.8,20.0,Hybrid,14.9,4.2,7.1,6.4,False,7.0,0,Senior Career (40-49)
5312,47,Male,Divorced,Masters,Engineering,Data Engineer,Management,13725,9.6,14.1,18.7,Hybrid,8.5,3.2,7.2,6.7,True,3.5,0,Senior Career (40-49)
5313,37,Female,Married,High School,Finance,Finance Manager,Mid Level,6407,6.7,9.1,13.3,Hybrid,4.9,4.1,6.6,7.1,False,2.8,0,Mid Career (30-39)
5314,29,Female,Single,High School,Marketing,Growth Manager,Mid Level,6189,16.4,5.2,9.0,Hybrid,2.9,1.7,8.1,5.9,True,6.6,0,Early Career (21-29)
5315,43,Female,Divorced,High School,Finance,Finance Manager,Senior Level,7596,10.4,9.7,15.6,Remote,15.6,5.8,6.0,6.1,True,5.8,0,Senior Career (40-49)
5316,24,Male,Single,Bachelors,Sales,Account Executive,Entry Level,2856,9.2,1.5,4.0,Onsite,5.5,3.6,6.7,6.1,True,7.6,1,Early Career (21-29)
5317,31,Female,Married,Bachelors,Marketing,Growth Manager,Senior Level,8727,5.8,9.5,11.0,Hybrid,6.0,4.9,5.6,6.6,True,5.8,0,Mid Career (30-39)
5318,32,Male,Married,PhD,Engineering,Data Engineer,Mid Level,8168,1.7,9.0,12.0,Onsite,3.7,4.0,3.3,5.7,True,5.3,1,Mid Career (30-39)
5319,46,Male,Married,Bachelors,Customer Support,Customer Success Manager,Senior Level,4612,12.1,10.4,14.9,Onsite,13.1,5.2,4.0,5.0,False,4.5,0,Senior Career (40-49)
5320,29,Female,Married,Bachelors,Marketing,Marketing Specialist,Mid Level,5723,8.0,5.2,6.8,Remote,5.8,2.9,6.4,6.4,True,4.7,0,Early Career (21-29)
5321,44,Female,Single,Bachelors,Engineering,Data Engineer,Associate,6899,11.0,1.5,6.1,Onsite,12.6,4.2,6.8,4.3,True,1.5,0,Senior Career (40-49)
5322,33,Female,Single,Bachelors,Finance,Accountant,Mid Level,6022,13.6,9.3,13.0,Onsite,4.4,3.5,7.4,6.7,True,9.3,0,Mid Career (30-39)
5323,37,Male,Married,Bachelors,Operations,Program Manager,Mid Level,5822,8.1,3.1,7.2,Hybrid,5.8,2.5,6.5,5.5,False,1.3,0,Mid Career (30-39)
5324,38,Female,Divorced,Bachelors,Marketing,Growth Manager,Mid Level,6252,8.7,7.5,18.0,Onsite,7.7,7.5,4.1,5.0,True,7.5,1,Mid Career (30-39)
5325,30,Male,Married,PhD,Customer Support,Customer Success Manager,Senior Level,6444,5.5,7.9,10.0,Hybrid,18.7,6.4,6.7,4.0,True,4.7,0,Mid Career (30-39)
5326,39,Male,Single,Bachelors,Engineering,Software Engineer,Mid Level,7562,9.2,5.4,11.6,Onsite,18.2,5.5,4.6,4.4,False,4.5,1,Mid Career (30-39)
5327,42,Female,Married,PhD,Research & Development,Research Scientist,Management,16202,14.6,13.2,21.4,Hybrid,8.0,3.0,6.5,5.9,True,1.9,0,Senior Career (40-49)
5328,29,Female,Single,Bachelors,Engineering,Software Engineer,Associate,4870,16.4,0.7,9.0,Remote,0.4,1.0,8.0,8.1,True,1.9,0,Early Career (21-29)
5329,21,Female,Single,Bachelors,Marketing,Growth Manager,Associate,4878,15.3,0.0,1.0,Onsite,9.3,4.0,4.9,4.3,False,6.2,0,Early Career (21-29)
5330,46,Male,Married,Bachelors,Operations,Operations Manager,Senior Level,5970,11.1,9.7,16.5,Hybrid,3.1,6.6,3.1,7.6,False,1.3,1,Senior Career (40-49)
5331,30,Female,Married,Masters,Human Resources,Recruiter,Associate,5186,7.3,7.4,10.0,Remote,3.1,3.0,4.4,7.5,True,6.7,0,Mid Career (30-39)
5332,42,Female,Married,Bachelors,Sales,Sales Manager,Management,13934,6.3,11.8,12.3,Hybrid,4.3,1.4,8.2,5.7,False,5.7,0,Senior Career (40-49)
5333,38,Male,Married,Bachelors,Customer Support,Customer Success Manager,Mid Level,4717,9.4,6.2,18.0,Remote,5.1,4.4,5.1,5.9,True,4.3,0,Mid Career (30-39)
5334,46,Male,Married,PhD,Engineering,Software Engineer,Mid Level,9198,18.6,10.6,18.5,Onsite,8.1,2.7,6.3,4.8,True,3.5,0,Senior Career (40-49)
5335,36,Male,Divorced,PhD,Operations,Operations Analyst,Entry Level,3594,12.0,1.0,4.4,Onsite,2.8,4.0,5.7,7.0,True,6.9,0,Mid Career (30-39)
5336,38,Male,Married,Bachelors,Engineering,Engineering Manager,Senior Level,8930,14.9,5.1,14.1,Hybrid,6.1,2.9,6.3,6.4,True,3.1,0,Mid Career (30-39)
5337,33,Male,Married,Bachelors,Engineering,Engineering Manager,Senior Level,8470,9.8,11.4,13.0,Hybrid,9.5,5.2,4.8,5.5,False,4.5,1,Mid Career (30-39)
5338,30,Female,Married,Masters,Engineering,Data Engineer,Associate,8159,8.4,2.6,10.0,Hybrid,2.0,5.8,3.3,7.7,True,4.8,1,Mid Career (30-39)
5339,40,Male,Single,Bachelors,Operations,Operations Manager,Mid Level,5787,3.2,11.1,20.0,Remote,6.2,2.0,6.1,7.4,True,5.3,0,Senior Career (40-49)
5340,25,Female,Single,PhD,Engineering,Data Engineer,Entry Level,5600,13.4,3.5,5.0,Hybrid,1.0,4.2,6.3,6.1,True,2.8,1,Early Career (21-29)
5341,45,Male,Single,Bachelors,Finance,Accountant,Management,8587,9.9,12.2,15.2,Hybrid,4.3,2.5,9.1,6.4,True,6.8,0,Senior Career (40-49)
5342,50,Male,Married,Bachelors,Finance,Finance Manager,Management,11475,5.6,10.6,16.5,Hybrid,7.4,4.1,6.3,7.2,True,1.9,0,Pre-Retirement (50-64)
5343,31,Female,Single,PhD,Finance,Financial Analyst,Mid Level,8670,12.5,7.4,11.0,Onsite,2.6,4.4,7.6,7.4,True,7.8,0,Mid Career (30-39)
5344,48,Male,Divorced,Masters,Sales,Sales Manager,Management,15338,14.1,12.5,20.1,Hybrid,7.9,2.4,7.2,5.8,False,3.7,0,Senior Career (40-49)
5345,51,Female,Married,PhD,Engineering,QA Engineer,Associate,8668,13.4,7.4,9.1,Hybrid,3.5,3.1,7.2,6.4,False,5.0,0,Pre-Retirement (50-64)
5346,45,Male,Married,Bachelors,Sales,Sales Development Rep,Associate,5335,12.6,5.8,10.8,Hybrid,4.1,3.7,7.5,6.7,False,5.4,0,Senior Career (40-49)
5347,27,Female,Married,Bachelors,Research & Development,Research Scientist,Entry Level,3305,14.9,4.2,7.0,Remote,7.3,4.3,5.8,6.7,False,4.7,0,Early Career (21-29)
5348,40,Male,Married,Bachelors,Engineering,QA Engineer,Mid Level,5257,13.8,7.8,16.0,Remote,8.9,2.0,7.0,6.6,False,3.1,0,Senior Career (40-49)
5349,40,Male,Single,Masters,Finance,Accountant,Mid Level,6711,12.2,4.3,11.3,Onsite,8.4,3.7,6.7,4.7,False,4.9,0,Senior Career (40-49)
5350,28,Female,Single,PhD,Engineering,QA Engineer,Associate,7139,14.6,6.9,8.0,Remote,3.5,1.0,8.1,7.8,False,2.2,0,Early Career (21-29)
5351,36,Male,Single,Bachelors,Engineering,Software Engineer,Associate,5824,13.6,10.7,15.0,Hybrid,5.8,5.1,5.8,5.6,False,3.1,0,Mid Career (30-39)
5352,41,Male,Single,PhD,Marketing,Content Strategist,Associate,6491,13.4,7.5,16.7,Hybrid,3.0,3.0,8.4,7.1,True,5.3,0,Senior Career (40-49)
5353,42,Female,Married,Bachelors,Finance,Finance Manager,Mid Level,9367,12.1,11.2,13.7,Onsite,11.8,4.8,5.2,5.0,False,5.7,0,Senior Career (40-49)
5354,40,Female,Married,Bachelors,Sales,Sales Manager,Mid Level,8690,5.5,8.1,15.8,Hybrid,5.1,2.9,7.5,6.4,True,3.8,1,Senior Career (40-49)
5355,36,Female,Married,Bachelors,Customer Support,Customer Success Manager,Associate,3271,7.1,5.3,10.5,Onsite,4.0,3.7,5.0,7.0,False,7.2,0,Mid Career (30-39)
5356,44,Female,Single,Masters,Customer Support,Support Specialist,Mid Level,4954,13.7,4.5,12.1,Onsite,21.7,8.6,5.9,1.8,True,7.6,1,Senior Career (40-49)
5357,40,Male,Married,Bachelors,Engineering,Engineering Manager,Associate,4474,12.3,5.0,11.2,Remote,5.3,1.2,8.3,8.0,True,2.6,0,Senior Career (40-49)
5358,47,Female,Single,Bachelors,Customer Support,Customer Success Manager,Senior Level,6791,5.1,9.3,17.8,Remote,17.9,4.8,5.8,4.6,True,8.0,0,Senior Career (40-49)
5359,27,Female,Divorced,Bachelors,Engineering,Software Engineer,Associate,5220,17.3,3.2,7.0,Hybrid,0.5,2.0,7.6,7.7,True,4.6,0,Early Career (21-29)
5360,29,Male,Single,Bachelors,Sales,Sales Development Rep,Mid Level,6677,10.8,8.0,9.0,Hybrid,18.4,5.8,6.4,2.1,True,3.6,0,Early Career (21-29)
5361,41,Non-binary,Married,Masters,Operations,Operations Analyst,Senior Level,9935,9.3,7.8,12.0,Hybrid,6.9,2.0,5.9,7.3,True,4.6,0,Senior Career (40-49)
5362,38,Female,Single,High School,Sales,Sales Manager,Senior Level,5196,13.5,9.7,16.3,Hybrid,3.9,1.6,9.0,6.5,False,1.2,0,Mid Career (30-39)
5363,31,Non-binary,Married,Bachelors,Operations,Operations Manager,Associate,5523,9.2,5.4,10.9,Remote,2.6,1.7,8.0,8.3,False,5.9,0,Mid Career (30-39)
5364,36,Male,Married,Masters,Finance,Finance Manager,Management,9224,12.0,7.8,16.0,Hybrid,9.3,5.4,5.0,5.0,False,3.4,0,Mid Career (30-39)
5365,34,Female,Single,PhD,Customer Support,Support Team Lead,Mid Level,5492,11.3,6.2,5.7,Hybrid,12.6,6.2,4.9,3.4,False,4.0,0,Mid Career (30-39)
5366,46,Female,Single,Bachelors,Engineering,QA Engineer,Senior Level,9508,7.2,12.4,16.8,Hybrid,6.0,3.0,6.9,6.1,True,1.1,0,Senior Career (40-49)
5367,21,Male,Married,Masters,Research & Development,Research Scientist,Entry Level,3946,10.5,0.0,1.0,Hybrid,4.2,1.6,8.6,6.1,False,5.7,1,Early Career (21-29)
5368,21,Female,Divorced,High School,Customer Support,Support Specialist,Associate,2865,5.6,0.0,1.0,Hybrid,14.7,5.4,5.2,6.3,False,6.8,1,Early Career (21-29)
5369,42,Male,Single,Bachelors,Operations,Operations Analyst,Mid Level,6278,10.4,8.8,16.1,Hybrid,14.9,5.9,4.5,3.8,False,3.8,1,Senior Career (40-49)
5370,42,Male,Married,Bachelors,Operations,Operations Manager,Mid Level,5029,11.5,7.6,14.0,Hybrid,4.0,3.2,6.1,7.7,True,6.4,0,Senior Career (40-49)
5371,33,Male,Married,Masters,Finance,Accountant,Mid Level,9483,12.7,8.8,13.0,Hybrid,0.7,2.8,9.2,7.0,True,6.1,0,Mid Career (30-39)
5372,27,Male,Married,Bachelors,Engineering,QA Engineer,Associate,6592,14.4,5.6,7.0,Hybrid,4.3,2.0,8.0,7.4,True,1.0,0,Early Career (21-29)
5373,30,Male,Single,Bachelors,Engineering,Software Engineer,Mid Level,9545,9.6,5.7,10.0,Hybrid,12.6,3.8,9.6,7.1,False,5.5,0,Mid Career (30-39)
5374,48,Female,Single,Bachelors,Marketing,Marketing Specialist,Management,11165,14.9,9.1,14.3,Onsite,15.0,4.4,6.4,4.1,True,1.5,0,Senior Career (40-49)
5376,27,Female,Married,Bachelors,Sales,Account Executive,Associate,4086,13.4,5.7,7.0,Hybrid,9.0,4.3,3.8,5.1,False,5.4,0,Early Career (21-29)
5377,39,Female,Single,PhD,Engineering,Data Engineer,Associate,7651,15.7,7.7,15.6,Remote,1.5,1.3,6.3,8.2,False,2.3,0,Mid Career (30-39)
5378,28,Female,Divorced,Bachelors,Human Resources,HR Manager,Senior Level,7270,11.4,7.0,8.0,Remote,8.2,3.3,8.1,6.5,True,4.5,1,Early Career (21-29)
5379,34,Female,Married,Bachelors,Sales,Account Executive,Associate,4507,13.2,5.5,14.0,Onsite,6.6,5.8,6.4,5.0,False,6.2,0,Mid Career (30-39)
5380,33,Male,Single,PhD,Operations,Operations Manager,Mid Level,8102,17.0,7.3,13.0,Onsite,10.5,6.1,6.6,6.6,False,8.9,0,Mid Career (30-39)
5381,24,Male,Single,PhD,Engineering,QA Engineer,Associate,6404,11.2,1.5,4.0,Hybrid,7.4,4.4,4.4,5.8,False,8.1,0,Early Career (21-29)
5382,28,Male,Single,PhD,Engineering,Software Engineer,Entry Level,4094,7.1,2.6,6.2,Remote,3.4,2.2,5.9,5.7,False,3.6,0,Early Career (21-29)
5383,45,Female,Married,Bachelors,Engineering,QA Engineer,Mid Level,6672,11.4,4.5,7.4,Remote,9.9,3.1,7.6,6.4,True,4.4,0,Senior Career (40-49)
5384,37,Male,Single,Bachelors,Customer Support,Customer Success Manager,Senior Level,4905,9.1,6.7,9.1,Remote,18.9,2.9,5.4,5.3,True,6.3,0,Mid Career (30-39)
5385,52,Female,Single,PhD,Operations,Operations Manager,Senior Level,10828,8.3,8.4,17.3,Hybrid,1.5,1.0,9.0,7.2,False,3.5,0,Pre-Retirement (50-64)
5386,33,Female,Married,Masters,Customer Support,Support Specialist,Associate,3473,16.8,4.2,7.5,Remote,7.5,2.9,9.1,6.9,False,4.1,0,Mid Career (30-39)
5389,45,Male,Married,Bachelors,Operations,Program Manager,Senior Level,8270,14.1,9.7,7.5,Hybrid,3.2,4.5,5.4,5.5,False,5.4,1,Senior Career (40-49)
5390,38,Male,Single,High School,Engineering,Data Engineer,Mid Level,6977,10.5,7.2,11.8,Hybrid,5.5,3.8,7.1,8.2,False,4.1,0,Mid Career (30-39)
5391,54,Female,Married,PhD,Sales,Sales Development Rep,Management,13161,8.9,11.3,14.1,Hybrid,10.5,4.8,7.3,5.6,False,4.9,0,Pre-Retirement (50-64)
5392,44,Female,Divorced,Bachelors,Sales,Sales Manager,Management,9410,15.3,10.3,23.7,Hybrid,11.1,5.6,5.8,5.0,False,3.4,0,Senior Career (40-49)
5393,38,Female,Divorced,Masters,Marketing,Content Strategist,Entry Level,3087,15.5,0.0,5.6,Hybrid,6.1,4.9,6.4,6.7,True,6.2,0,Mid Career (30-39)
5394,40,Male,Married,Bachelors,Engineering,Software Engineer,Mid Level,8045,6.7,8.7,15.2,Onsite,6.4,3.2,7.5,5.4,False,1.2,0,Senior Career (40-49)
5395,31,Male,Single,Masters,Research & Development,Research Scientist,Entry Level,3154,11.1,0.0,5.2,Hybrid,7.6,5.9,6.4,4.5,False,3.7,0,Mid Career (30-39)
5396,32,Female,Married,Bachelors,Finance,Finance Manager,Senior Level,11126,7.2,5.9,8.8,Onsite,21.1,9.0,5.7,2.2,False,5.9,1,Mid Career (30-39)
5397,24,Male,Married,Bachelors,Customer Support,Customer Success Manager,Associate,2905,11.1,3.0,4.0,Onsite,3.7,4.5,4.5,6.0,True,6.8,0,Early Career (21-29)
5398,29,Female,Married,Bachelors,Finance,Accountant,Entry Level,2646,7.4,0.3,5.5,Onsite,11.3,5.4,5.2,5.0,True,9.3,1,Early Career (21-29)
5399,32,Male,Single,Masters,Engineering,Software Engineer,Senior Level,11892,12.4,11.0,12.0,Hybrid,0.8,3.4,7.1,8.6,True,3.8,0,Mid Career (30-39)
5400,32,Male,Married,High School,Research & Development,Research Scientist,Mid Level,7444,13.0,7.3,12.0,Onsite,11.3,5.9,8.4,5.3,False,5.8,0,Mid Career (30-39)
5401,35,Male,Married,Bachelors,Operations,Program Manager,Mid Level,5663,8.4,7.9,13.0,Onsite,1.2,3.8,8.2,6.5,False,5.6,0,Mid Career (30-39)
5402,39,Male,Single,Bachelors,Customer Support,Support Team Lead,Mid Level,4527,13.0,9.1,18.3,Onsite,6.5,4.3,9.0,5.4,True,10.0,0,Mid Career (30-39)
5403,38,Female,Married,Bachelors,Operations,Operations Analyst,Mid Level,6048,10.4,9.1,12.7,Onsite,1.4,3.5,7.6,7.0,False,4.4,0,Mid Career (30-39)
5404,36,Female,Single,Bachelors,Engineering,Engineering Manager,Mid Level,8567,17.0,8.1,10.9,Hybrid,1.4,1.0,9.2,6.2,True,3.2,0,Mid Career (30-39)
5405,31,Male,Married,Bachelors,Research & Development,Research Scientist,Associate,5136,7.7,1.8,7.0,Onsite,8.7,4.3,7.6,5.7,True,2.5,0,Mid Career (30-39)
5406,42,Male,Single,Bachelors,Engineering,Data Engineer,Senior Level,9065,13.7,11.1,22.0,Onsite,7.7,4.3,8.0,6.7,False,3.5,0,Senior Career (40-49)
5407,37,Female,Married,Masters,Engineering,Engineering Manager,Associate,8828,10.8,4.4,9.9,Hybrid,6.6,4.9,4.0,6.4,True,4.0,1,Mid Career (30-39)
5408,42,Male,Married,High School,Sales,Sales Manager,Mid Level,4439,6.7,8.6,15.8,Hybrid,12.6,7.2,2.9,5.1,False,10.0,1,Senior Career (40-49)
5409,32,Male,Married,Bachelors,Sales,Account Executive,Mid Level,6546,8.7,4.9,7.5,Hybrid,6.4,3.7,6.2,5.1,False,4.4,0,Mid Career (30-39)
5410,35,Male,Single,Masters,Marketing,Content Strategist,Entry Level,2740,14.0,3.2,4.9,Hybrid,2.3,1.0,7.7,6.2,False,5.2,0,Mid Career (30-39)
5411,43,Male,Single,Masters,Finance,Accountant,Mid Level,7826,10.8,9.1,16.9,Onsite,7.4,3.8,6.3,5.2,False,4.7,0,Senior Career (40-49)
5412,40,Male,Single,Masters,Customer Support,Support Specialist,Mid Level,6046,6.5,7.6,11.9,Hybrid,6.5,2.8,8.4,7.0,False,5.1,0,Senior Career (40-49)
5413,35,Male,Single,Masters,Research & Development,Product Researcher,Associate,5860,11.1,6.8,13.8,Hybrid,11.9,6.3,7.8,5.0,False,2.6,0,Mid Career (30-39)
5414,29,Male,Married,Bachelors,Operations,Program Manager,Mid Level,8604,8.6,8.0,9.0,Hybrid,4.0,4.1,8.4,6.2,False,4.6,0,Early Career (21-29)
5415,45,Male,Divorced,Bachelors,Customer Support,Support Specialist,Mid Level,5626,10.2,9.1,21.0,Hybrid,6.5,4.9,8.0,6.5,False,5.7,1,Senior Career (40-49)
5416,58,Female,Divorced,Masters,Research & Development,R&D Manager,Management,11966,13.2,7.1,10.3,Hybrid,5.0,5.1,4.1,7.5,False,2.3,0,Pre-Retirement (50-64)
5417,37,Female,Single,Bachelors,Finance,Financial Analyst,Senior Level,9554,11.2,15.1,17.0,Remote,14.6,5.3,6.0,4.6,True,8.4,1,Mid Career (30-39)
5418,21,Male,Married,Bachelors,Sales,Sales Development Rep,Entry Level,3228,11.4,0.0,1.0,Onsite,10.2,5.0,5.1,6.1,True,4.2,1,Early Career (21-29)
5419,47,Female,Married,Bachelors,Engineering,Data Engineer,Senior Level,9606,3.8,11.0,15.4,Hybrid,6.5,3.3,5.0,7.0,False,5.3,0,Senior Career (40-49)
5420,34,Female,Married,PhD,Engineering,Engineering Manager,Mid Level,9919,12.4,9.7,14.0,Hybrid,4.7,3.1,7.4,6.9,False,3.5,0,Mid Career (30-39)
5421,40,Female,Single,Masters,Finance,Financial Analyst,Mid Level,7536,11.7,8.0,18.6,Onsite,3.3,4.5,4.7,7.6,False,4.9,0,Senior Career (40-49)
5422,34,Male,Married,High School,Research & Development,Product Researcher,Senior Level,6770,19.5,9.1,13.3,Onsite,9.3,4.2,6.6,6.9,True,3.3,0,Mid Career (30-39)
5423,45,Male,Divorced,Bachelors,Operations,Operations Manager,Mid Level,6525,12.2,5.2,14.3,Hybrid,6.5,3.5,9.4,5.4,True,3.6,0,Senior Career (40-49)
5424,45,Male,Single,Bachelors,Human Resources,HR Manager,Mid Level,7507,14.1,7.4,19.1,Onsite,2.0,5.3,4.2,7.1,False,6.5,0,Senior Career (40-49)
5425,37,Male,Single,Bachelors,Customer Support,Support Specialist,Entry Level,2387,11.7,5.0,9.2,Hybrid,4.9,5.3,5.4,4.7,False,10.0,1,Mid Career (30-39)
5426,43,Female,Married,Bachelors,Operations,Operations Manager,Management,11403,12.9,11.1,21.7,Remote,5.7,4.3,7.8,7.8,True,4.2,0,Senior Career (40-49)
5427,29,Female,Single,High School,Marketing,Marketing Specialist,Associate,4350,18.4,7.7,9.0,Hybrid,3.4,1.3,9.2,8.2,True,8.5,0,Early Career (21-29)
5428,21,Female,Single,Masters,Customer Support,Support Specialist,Entry Level,2149,7.2,0.0,1.0,Onsite,3.5,5.6,6.1,4.1,True,9.4,0,Early Career (21-29)
5429,34,Female,Divorced,Masters,Operations,Program Manager,Senior Level,7791,9.8,9.5,14.0,Hybrid,7.1,5.2,5.4,5.2,False,3.3,0,Mid Career (30-39)
5430,37,Male,Married,Bachelors,Research & Development,Research Scientist,Mid Level,6309,9.1,11.0,17.0,Onsite,8.5,4.3,5.8,6.9,False,1.0,0,Mid Career (30-39)
5431,35,Female,Married,Masters,Customer Support,Support Specialist,Mid Level,4654,11.1,8.2,14.4,Onsite,2.2,6.5,4.7,6.0,False,9.5,0,Mid Career (30-39)
5432,30,Female,Single,PhD,Sales,Sales Development Rep,Associate,4856,7.3,3.8,3.8,Hybrid,16.4,6.4,7.8,4.3,True,7.5,0,Mid Career (30-39)
5433,49,Male,Single,Masters,Research & Development,Research Scientist,Senior Level,13445,17.1,5.5,17.5,Hybrid,20.6,4.6,9.6,4.5,False,2.2,1,Senior Career (40-49)
5434,33,Male,Single,Bachelors,Marketing,Growth Manager,Management,10352,14.4,12.0,13.0,Remote,5.3,1.0,10.0,7.6,False,5.8,0,Mid Career (30-39)
5435,26,Male,Married,Bachelors,Engineering,QA Engineer,Entry Level,4724,7.1,5.0,6.0,Onsite,0.9,4.0,7.1,8.0,False,4.1,0,Early Career (21-29)
5436,26,Female,Divorced,Masters,Operations,Operations Analyst,Entry Level,3475,13.8,1.1,4.5,Hybrid,2.3,3.7,5.8,5.1,True,3.4,0,Early Career (21-29)
5437,43,Male,Married,Bachelors,Marketing,Growth Manager,Mid Level,6612,9.0,8.7,17.0,Hybrid,6.2,3.3,6.4,5.4,False,2.8,1,Senior Career (40-49)
5438,35,Male,Married,Bachelors,Marketing,Growth Manager,Associate,4738,5.8,4.9,8.2,Onsite,6.5,3.3,7.8,4.9,True,5.2,0,Mid Career (30-39)
5439,36,Male,Married,PhD,Operations,Program Manager,Mid Level,6129,9.7,4.5,10.3,Hybrid,1.8,1.5,7.2,6.8,True,4.0,0,Mid Career (30-39)
5440,41,Female,Married,Masters,Human Resources,HR Manager,Management,9153,11.1,10.0,16.7,Hybrid,7.4,1.7,8.7,5.7,True,3.4,0,Senior Career (40-49)
5441,47,Male,Single,Bachelors,Sales,Account Executive,Entry Level,3771,12.9,0.2,10.6,Hybrid,11.3,4.0,8.1,5.2,False,10.0,0,Senior Career (40-49)
5442,37,Male,Single,PhD,Engineering,QA Engineer,Associate,7477,7.5,11.0,15.1,Onsite,10.1,4.6,5.2,6.9,True,2.1,1,Mid Career (30-39)
5443,25,Male,Married,Masters,Finance,Finance Manager,Mid Level,6194,14.1,4.0,5.0,Hybrid,8.4,2.0,8.0,6.3,False,5.1,0,Early Career (21-29)
5444,29,Female,Married,Bachelors,Finance,Finance Manager,Associate,4243,11.4,8.0,9.0,Remote,1.9,2.0,7.1,7.8,True,6.6,0,Early Career (21-29)
5445,53,Female,Married,PhD,Engineering,Engineering Manager,Senior Level,10179,13.1,6.9,8.9,Hybrid,4.7,3.3,7.7,7.4,False,1.0,0,Pre-Retirement (50-64)
5446,42,Male,Married,Bachelors,Sales,Sales Manager,Management,8586,12.0,11.9,15.2,Onsite,34.9,9.7,6.2,1.0,True,4.1,0,Senior Career (40-49)
5447,51,Male,Married,Bachelors,Operations,Operations Manager,Management,7743,14.2,9.0,18.7,Onsite,17.4,4.9,6.7,4.1,False,1.4,0,Pre-Retirement (50-64)
5448,29,Male,Single,Masters,Customer Support,Support Specialist,Senior Level,5620,13.7,8.0,9.0,Hybrid,2.9,3.5,8.0,7.5,True,6.6,0,Early Career (21-29)
5449,39,Female,Single,High School,Operations,Program Manager,Mid Level,4400,10.7,6.5,10.5,Onsite,3.4,5.8,6.2,5.4,False,6.9,0,Mid Career (30-39)
5450,39,Male,Single,PhD,Operations,Operations Manager,Mid Level,7972,13.2,7.2,12.6,Hybrid,12.1,4.1,6.0,5.9,True,3.9,0,Mid Career (30-39)
5451,36,Male,Single,Masters,Marketing,Content Strategist,Mid Level,7154,7.3,7.0,16.0,Hybrid,2.4,4.5,7.9,6.1,False,3.1,0,Mid Career (30-39)
5452,21,Male,Married,PhD,Engineering,QA Engineer,Associate,7554,11.5,0.0,1.0,Remote,2.1,1.6,8.5,9.2,True,1.0,0,Early Career (21-29)
5453,26,Female,Married,Masters,Sales,Account Executive,Entry Level,3732,16.2,5.0,6.0,Hybrid,9.7,2.9,7.5,7.5,False,5.3,0,Early Career (21-29)
5454,41,Female,Single,Bachelors,Sales,Sales Manager,Senior Level,8909,13.5,10.4,18.1,Hybrid,8.0,6.6,7.1,6.3,False,8.6,1,Senior Career (40-49)
5455,39,Male,Married,Bachelors,Operations,Program Manager,Management,10094,4.2,7.5,17.6,Onsite,13.1,3.4,7.5,5.2,True,6.2,0,Mid Career (30-39)
5456,24,Male,Divorced,Bachelors,Marketing,Marketing Specialist,Entry Level,2097,13.3,1.8,4.0,Remote,8.3,3.8,6.4,6.3,False,7.1,0,Early Career (21-29)
5457,33,Non-binary,Single,High School,Operations,Operations Manager,Mid Level,5137,5.6,4.0,5.4,Hybrid,4.8,2.3,7.4,7.1,False,6.0,0,Mid Career (30-39)
5458,34,Female,Divorced,Masters,Operations,Operations Manager,Mid Level,7902,15.9,7.4,14.0,Hybrid,2.9,5.5,6.6,4.4,False,6.3,0,Mid Career (30-39)
5459,37,Male,Married,High School,Sales,Sales Development Rep,Associate,4027,12.4,3.3,12.0,Hybrid,2.5,3.8,8.1,7.2,True,4.6,0,Mid Career (30-39)
5460,28,Male,Divorced,Bachelors,Engineering,Software Engineer,Entry Level,2705,16.4,2.4,3.7,Onsite,7.1,5.0,5.6,5.8,True,6.0,0,Early Career (21-29)
5461,30,Male,Married,Bachelors,Customer Support,Support Specialist,Associate,4314,14.4,4.5,10.0,Hybrid,6.0,4.7,7.8,4.3,False,8.7,0,Mid Career (30-39)
5462,43,Female,Single,Bachelors,Customer Support,Support Specialist,Associate,4943,18.3,4.6,16.0,Onsite,1.9,2.5,7.3,6.0,True,4.2,0,Senior Career (40-49)
5463,50,Male,Single,Masters,Sales,Sales Development Rep,Management,11732,8.8,13.4,14.3,Onsite,2.6,4.2,6.8,5.7,False,5.6,1,Pre-Retirement (50-64)
5464,54,Female,Married,Bachelors,Sales,Sales Manager,Management,9252,13.5,11.8,19.1,Remote,12.6,4.6,5.2,6.7,True,3.7,1,Pre-Retirement (50-64)
5465,37,Female,Single,Bachelors,Finance,Accountant,Mid Level,6617,10.6,8.2,11.0,Hybrid,5.0,5.5,5.4,7.6,True,4.3,1,Mid Career (30-39)
5466,38,Female,Divorced,Bachelors,Engineering,Software Engineer,Senior Level,8583,11.8,10.8,16.9,Onsite,12.0,4.6,7.5,5.1,False,4.8,1,Mid Career (30-39)
5467,31,Male,Married,Bachelors,Sales,Account Executive,Associate,5304,13.2,7.1,11.0,Hybrid,6.6,5.0,7.2,6.5,False,4.7,0,Mid Career (30-39)
5469,52,Female,Divorced,Masters,Marketing,Marketing Specialist,Management,10615,13.6,10.5,12.6,Onsite,4.7,2.7,6.2,7.7,False,5.8,0,Pre-Retirement (50-64)
5470,46,Male,Married,Bachelors,Operations,Operations Manager,Senior Level,9912,13.0,10.2,16.3,Remote,6.5,3.4,8.1,6.4,True,3.3,0,Senior Career (40-49)
5471,31,Male,Married,Bachelors,Engineering,QA Engineer,Associate,8394,15.8,2.9,8.5,Hybrid,2.1,2.6,6.8,7.7,True,5.3,0,Mid Career (30-39)
5472,32,Male,Single,Bachelors,Research & Development,Research Scientist,Entry Level,3970,9.2,1.8,5.0,Hybrid,1.6,6.4,5.1,5.7,False,5.3,0,Mid Career (30-39)
5473,41,Female,Single,Masters,Customer Support,Customer Success Manager,Associate,5638,14.2,7.7,21.0,Hybrid,4.0,4.1,5.0,7.4,True,6.3,0,Senior Career (40-49)
5474,21,Female,Married,PhD,Finance,Financial Analyst,Entry Level,4957,12.8,0.0,1.0,Onsite,4.3,4.3,8.1,6.7,True,6.5,0,Early Career (21-29)
5475,52,Male,Married,PhD,Research & Development,R&D Manager,Management,15489,8.1,10.5,17.3,Remote,0.6,2.1,8.7,5.4,False,3.1,0,Pre-Retirement (50-64)
5476,44,Female,Single,PhD,Research & Development,Product Researcher,Entry Level,4305,10.5,3.9,9.3,Hybrid,7.1,2.8,7.9,6.7,False,5.3,0,Senior Career (40-49)
5477,26,Male,Single,Bachelors,Finance,Accountant,Mid Level,8317,14.6,5.0,6.0,Onsite,1.8,6.1,5.5,5.2,True,5.9,0,Early Career (21-29)
5478,37,Female,Married,Bachelors,Operations,Program Manager,Senior Level,7329,15.2,12.2,15.9,Onsite,6.8,4.2,5.5,7.1,False,6.8,0,Mid Career (30-39)
5479,32,Female,Single,Bachelors,Customer Support,Support Specialist,Associate,4633,13.2,7.3,12.0,Hybrid,6.9,5.0,5.7,6.3,True,5.4,0,Mid Career (30-39)
5480,30,Female,Married,Masters,Operations,Operations Manager,Senior Level,7751,9.5,9.0,10.0,Hybrid,1.1,3.8,4.7,8.2,False,5.0,0,Mid Career (30-39)
5481,41,Male,Single,High School,Operations,Operations Manager,Senior Level,6492,10.8,9.5,16.0,Onsite,2.5,3.4,6.4,7.4,True,5.1,0,Senior Career (40-49)
5482,55,Female,Single,Masters,Marketing,Marketing Specialist,Mid Level,6843,11.9,10.6,17.7,Remote,3.8,3.9,6.9,7.5,True,4.7,0,Pre-Retirement (50-64)
5483,42,Female,Married,Bachelors,Finance,Accountant,Management,12528,10.7,12.0,12.6,Hybrid,3.5,3.4,8.0,6.8,False,6.2,0,Senior Career (40-49)
5484,26,Female,Married,Bachelors,Marketing,Content Strategist,Associate,4101,13.0,5.0,6.0,Hybrid,12.1,5.1,6.7,6.6,True,5.1,0,Early Career (21-29)
5485,22,Female,Married,Masters,Sales,Account Executive,Entry Level,4107,12.1,1.0,2.0,Onsite,10.8,4.6,7.2,5.8,True,4.2,0,Early Career (21-29)
5486,48,Male,Married,Masters,Marketing,Content Strategist,Management,12737,10.2,13.0,12.8,Remote,8.6,4.3,5.3,4.5,True,5.6,0,Senior Career (40-49)
5487,21,Female,Divorced,Masters,Engineering,QA Engineer,Associate,6369,14.6,0.0,1.0,Remote,11.1,4.4,6.2,4.9,True,4.5,0,Early Career (21-29)
5488,33,Male,Divorced,Bachelors,Engineering,Engineering Manager,Associate,7601,9.8,4.6,10.4,Remote,7.4,3.7,7.1,5.4,False,4.9,0,Mid Career (30-39)
5489,37,Male,Married,Bachelors,Human Resources,Recruiter,Associate,5588,1.7,2.7,11.2,Onsite,11.3,5.2,4.7,6.3,False,4.3,1,Mid Career (30-39)
5490,43,Female,Married,Masters,Finance,Finance Manager,Senior Level,10045,13.3,9.6,17.3,Hybrid,13.4,5.0,7.0,3.0,True,2.7,1,Senior Career (40-49)
5491,49,Female,Divorced,Bachelors,Customer Support,Support Team Lead,Senior Level,5246,8.9,8.5,14.7,Hybrid,4.7,2.3,6.9,7.2,False,7.3,0,Senior Career (40-49)
5492,24,Male,Married,PhD,Operations,Operations Manager,Mid Level,6586,11.4,3.0,4.0,Hybrid,7.1,2.8,8.8,6.1,False,5.2,0,Early Career (21-29)
5493,30,Male,Single,Masters,Sales,Sales Manager,Associate,4615,12.1,3.2,10.0,Hybrid,6.6,1.6,8.3,7.2,True,4.8,0,Mid Career (30-39)
5494,43,Non-binary,Single,Masters,Finance,Accountant,Senior Level,10616,10.9,8.0,10.6,Hybrid,4.0,3.2,7.7,8.8,True,5.7,0,Senior Career (40-49)
5495,41,Female,Married,Masters,Engineering,Engineering Manager,Mid Level,9685,12.7,10.8,13.2,Onsite,3.0,2.9,7.1,6.4,True,6.8,0,Senior Career (40-49)
5496,42,Female,Single,Masters,Engineering,Engineering Manager,Management,11637,15.5,14.0,18.9,Onsite,3.1,6.5,5.6,5.2,True,4.9,0,Senior Career (40-49)
5497,43,Male,Single,Bachelors,Marketing,Growth Manager,Mid Level,6370,12.3,11.2,12.8,Onsite,4.5,3.9,6.1,4.4,False,3.6,0,Senior Career (40-49)
5498,33,Female,Single,High School,Customer Support,Support Specialist,Associate,4150,12.0,6.1,13.0,Hybrid,12.4,4.3,7.1,6.0,True,7.2,0,Mid Career (30-39)
5499,34,Female,Divorced,Masters,Human Resources,HR Manager,Senior Level,9512,14.5,4.7,5.6,Hybrid,8.5,2.3,8.8,6.6,False,4.3,0,Mid Career (30-39)
5500,42,Male,Single,Bachelors,Engineering,Engineering Manager,Mid Level,8057,9.3,9.3,17.4,Remote,4.2,3.1,7.3,6.9,True,9.5,1,Senior Career (40-49)
5501,37,Female,Married,Masters,Customer Support,Support Team Lead,Mid Level,5793,9.6,5.9,17.0,Remote,5.1,5.5,4.2,8.5,True,5.2,1,Mid Career (30-39)
5502,40,Male,Single,PhD,Sales,Sales Development Rep,Mid Level,7360,18.5,4.8,7.5,Hybrid,11.9,3.1,6.9,4.1,True,4.6,0,Senior Career (40-49)
5503,29,Male,Single,Masters,Sales,Sales Development Rep,Associate,6296,11.3,4.6,9.0,Onsite,6.8,4.6,7.1,5.9,True,5.0,0,Early Career (21-29)
5504,34,Male,Single,Bachelors,Customer Support,Support Team Lead,Mid Level,4013,12.8,8.9,12.2,Hybrid,4.5,2.9,6.4,5.5,True,6.5,0,Mid Career (30-39)
5505,47,Male,Married,High School,Operations,Operations Manager,Management,9222,11.0,12.4,21.7,Remote,5.9,4.7,6.3,6.6,False,6.9,0,Senior Career (40-49)
5506,37,Female,Married,PhD,Engineering,Software Engineer,Senior Level,11034,11.0,10.4,14.6,Hybrid,3.1,1.0,10.0,5.7,True,2.4,0,Mid Career (30-39)
5507,38,Male,Married,Bachelors,Finance,Accountant,Mid Level,6874,9.5,6.3,15.1,Remote,11.7,4.7,3.5,5.9,False,2.9,1,Mid Career (30-39)
5508,28,Female,Single,Masters,Operations,Operations Analyst,Entry Level,3023,10.9,1.3,4.3,Hybrid,1.6,4.6,4.7,6.5,False,4.5,0,Early Career (21-29)
5509,31,Male,Married,High School,Customer Support,Support Team Lead,Associate,3410,9.2,6.1,10.3,Remote,6.5,4.0,6.9,6.9,False,7.9,0,Mid Career (30-39)
5510,39,Non-binary,Divorced,Masters,Human Resources,Recruiter,Mid Level,8984,11.5,5.7,10.0,Onsite,1.6,3.5,8.8,8.3,False,5.6,0,Mid Career (30-39)
5511,37,Female,Single,Bachelors,Sales,Sales Development Rep,Mid Level,7030,11.6,9.7,17.0,Hybrid,11.9,6.7,5.4,6.3,False,7.4,1,Mid Career (30-39)
5512,21,Male,Married,Masters,Sales,Sales Development Rep,Entry Level,3820,10.2,0.0,1.0,Onsite,4.6,3.8,5.3,6.7,False,8.0,0,Early Career (21-29)
5513,52,Female,Single,Bachelors,Sales,Account Executive,Senior Level,8406,12.5,11.9,14.4,Onsite,11.9,5.3,6.8,3.8,False,3.9,0,Pre-Retirement (50-64)
5514,24,Female,Married,Bachelors,Engineering,Data Engineer,Entry Level,3489,12.8,3.0,4.0,Hybrid,8.1,5.2,4.2,7.6,True,5.1,0,Early Career (21-29)
5515,31,Male,Married,Masters,Sales,Sales Manager,Mid Level,8445,15.0,7.8,11.0,Hybrid,4.7,2.6,10.0,7.3,True,5.1,0,Mid Career (30-39)
5516,49,Male,Single,PhD,Engineering,Engineering Manager,Management,13384,11.0,9.4,9.9,Hybrid,5.5,3.4,5.8,4.7,False,2.6,0,Senior Career (40-49)
5517,39,Female,Married,Bachelors,Operations,Operations Analyst,Senior Level,8936,12.0,10.3,16.4,Hybrid,2.1,1.5,8.5,7.9,True,3.7,0,Mid Career (30-39)
5519,28,Female,Single,Bachelors,Customer Support,Support Team Lead,Associate,3916,7.8,3.8,8.0,Onsite,7.4,4.5,6.9,5.9,False,4.8,0,Early Career (21-29)
5520,33,Male,Married,Bachelors,Sales,Sales Development Rep,Associate,4815,15.2,6.1,13.0,Onsite,9.8,4.4,5.7,6.5,True,3.9,0,Mid Career (30-39)
5521,32,Male,Married,PhD,Sales,Sales Development Rep,Mid Level,9219,9.0,6.6,10.7,Onsite,19.0,6.2,7.5,2.7,True,6.5,0,Mid Career (30-39)
5522,44,Male,Single,Masters,Engineering,Software Engineer,Mid Level,10485,5.9,3.8,9.8,Remote,6.4,3.9,7.3,7.4,True,7.0,1,Senior Career (40-49)
5523,41,Male,Single,Masters,Research & Development,R&D Manager,Senior Level,10300,5.9,11.0,19.6,Hybrid,1.8,1.0,6.5,7.3,True,2.1,0,Senior Career (40-49)
5524,40,Male,Married,Bachelors,Operations,Program Manager,Senior Level,6939,11.4,7.3,13.6,Remote,2.9,1.0,8.0,6.7,True,6.5,0,Senior Career (40-49)
5525,49,Female,Married,PhD,Customer Support,Support Team Lead,Management,6075,16.5,9.3,12.7,Hybrid,6.2,1.8,8.7,7.1,False,4.0,0,Senior Career (40-49)
5526,49,Female,Married,Masters,Research & Development,Research Scientist,Senior Level,9227,11.3,10.1,18.1,Hybrid,20.1,6.0,6.0,4.3,False,1.2,0,Senior Career (40-49)
5527,48,Female,Divorced,Masters,Marketing,Growth Manager,Management,12016,1.1,10.0,13.5,Hybrid,14.1,4.7,3.5,5.4,True,7.1,1,Senior Career (40-49)
5528,42,Male,Married,Bachelors,Human Resources,HR Manager,Senior Level,9967,12.9,8.4,18.2,Remote,11.6,5.0,3.1,4.3,False,5.2,0,Senior Career (40-49)
5529,34,Male,Single,Masters,Sales,Account Executive,Associate,5797,0.9,5.9,12.3,Onsite,13.3,6.8,2.1,4.5,True,3.5,0,Mid Career (30-39)
5530,34,Male,Divorced,High School,Research & Development,Research Scientist,Mid Level,8987,15.3,10.4,14.0,Onsite,2.4,4.3,6.8,5.7,True,2.0,0,Mid Career (30-39)
5531,44,Female,Married,Bachelors,Operations,Operations Analyst,Associate,5121,16.1,6.8,14.1,Onsite,1.1,3.7,7.6,5.6,False,7.1,0,Senior Career (40-49)
5532,35,Female,Single,High School,Engineering,Data Engineer,Senior Level,6362,8.8,9.2,15.0,Hybrid,1.4,4.9,4.0,6.4,True,4.2,0,Mid Career (30-39)
5533,21,Female,Single,Masters,Finance,Accountant,Entry Level,4017,11.9,0.0,1.0,Onsite,15.6,4.0,8.2,4.6,True,4.5,0,Early Career (21-29)
5534,43,Female,Single,Masters,Engineering,QA Engineer,Associate,7153,8.2,4.2,9.6,Onsite,4.8,3.5,5.2,6.5,True,7.0,0,Senior Career (40-49)
5535,51,Female,Divorced,Bachelors,Engineering,Engineering Manager,Senior Level,12256,5.1,9.9,17.0,Onsite,4.5,3.7,5.8,6.6,True,6.0,0,Pre-Retirement (50-64)
5536,42,Non-binary,Married,Bachelors,Customer Support,Support Team Lead,Management,9371,12.1,11.7,17.2,Onsite,6.2,4.7,6.5,5.4,False,4.5,0,Senior Career (40-49)
5537,53,Non-binary,Married,PhD,Operations,Operations Manager,Mid Level,7600,1.9,9.7,15.4,Hybrid,6.7,2.6,5.1,7.3,True,7.5,0,Pre-Retirement (50-64)
5538,45,Female,Divorced,Bachelors,Customer Support,Customer Success Manager,Mid Level,5459,13.3,10.7,17.9,Remote,4.3,4.1,5.0,7.4,True,6.7,1,Senior Career (40-49)
5539,36,Male,Single,Bachelors,Engineering,Data Engineer,Senior Level,7660,10.0,9.9,16.0,Hybrid,2.4,3.2,8.6,6.4,True,3.1,1,Mid Career (30-39)
5540,38,Male,Single,Bachelors,Research & Development,Research Scientist,Senior Level,9354,12.0,4.2,8.3,Remote,3.8,2.6,5.4,6.6,False,3.9,1,Mid Career (30-39)
5541,34,Male,Single,Masters,Sales,Account Executive,Entry Level,3222,12.8,5.5,8.8,Hybrid,5.4,5.8,5.7,5.2,False,5.9,0,Mid Career (30-39)
5542,54,Male,Divorced,Bachelors,Sales,Sales Development Rep,Management,10150,14.2,11.8,20.6,Hybrid,6.1,4.9,5.6,8.7,True,3.4,0,Pre-Retirement (50-64)
5543,42,Male,Married,High School,Research & Development,R&D Manager,Senior Level,7847,12.3,10.0,16.5,Hybrid,6.2,4.8,8.1,5.8,True,3.8,0,Senior Career (40-49)
5544,36,Female,Married,PhD,Engineering,Data Engineer,Associate,8338,14.5,2.7,8.1,Hybrid,3.9,4.0,9.1,7.2,True,3.6,0,Mid Career (30-39)
5545,44,Male,Married,Bachelors,Engineering,Data Engineer,Mid Level,8612,9.7,7.4,17.5,Hybrid,8.5,4.4,9.3,6.1,True,1.3,0,Senior Career (40-49)
5546,43,Female,Married,Bachelors,Engineering,Engineering Manager,Senior Level,12005,7.6,5.5,13.7,Remote,5.1,5.5,5.4,5.9,True,6.2,1,Senior Career (40-49)
5547,51,Male,Single,Bachelors,Customer Support,Customer Success Manager,Senior Level,5845,11.6,10.5,22.1,Onsite,3.2,4.0,5.6,6.9,False,6.2,0,Pre-Retirement (50-64)
5548,26,Female,Single,Bachelors,Finance,Accountant,Entry Level,4597,14.5,3.1,6.0,Hybrid,2.1,3.3,6.5,6.7,True,7.5,0,Early Career (21-29)
5549,45,Female,Divorced,Bachelors,Customer Support,Support Team Lead,Senior Level,6034,10.6,8.3,12.0,Hybrid,12.3,6.4,4.8,6.6,False,6.1,0,Senior Career (40-49)
5550,49,Female,Married,Masters,Operations,Operations Manager,Senior Level,13265,8.4,10.2,20.5,Hybrid,5.4,1.0,8.1,5.7,True,1.8,0,Senior Career (40-49)
5551,30,Non-binary,Single,Masters,Research & Development,Product Researcher,Associate,4250,12.7,8.3,10.0,Hybrid,17.5,7.4,4.2,5.0,False,4.2,1,Mid Career (30-39)
5552,21,Male,Single,High School,Customer Support,Support Specialist,Entry Level,2132,14.8,0.0,1.0,Onsite,6.9,3.8,7.1,7.5,True,8.1,0,Early Career (21-29)
5553,47,Female,Married,High School,Marketing,Growth Manager,Mid Level,4603,7.9,6.8,8.9,Remote,3.2,2.4,8.5,8.4,True,5.8,0,Senior Career (40-49)
5554,23,Male,Single,High School,Customer Support,Support Specialist,Entry Level,2322,10.2,2.0,3.0,Onsite,7.7,4.7,7.3,6.4,False,7.5,1,Early Career (21-29)
5555,48,Female,Divorced,Masters,Customer Support,Customer Success Manager,Mid Level,5998,17.8,6.8,14.8,Hybrid,6.6,3.8,8.0,6.4,True,9.0,0,Senior Career (40-49)
5556,25,Non-binary,Married,Masters,Engineering,QA Engineer,Entry Level,4250,8.3,4.0,5.0,Remote,7.2,2.1,7.7,7.1,True,6.0,0,Early Career (21-29)
5557,43,Male,Married,Bachelors,Operations,Operations Analyst,Management,9060,11.7,12.6,20.3,Hybrid,13.6,3.2,6.6,6.3,True,3.3,0,Senior Career (40-49)
5558,49,Female,Single,PhD,Marketing,Marketing Specialist,Senior Level,10233,13.6,12.1,16.4,Onsite,5.7,4.0,8.3,5.8,True,5.1,0,Senior Career (40-49)
5559,43,Male,Divorced,Masters,Engineering,Software Engineer,Mid Level,9173,10.0,5.3,6.2,Onsite,4.8,1.9,7.9,6.2,False,2.9,0,Senior Career (40-49)
5560,24,Male,Single,Bachelors,Sales,Account Executive,Associate,6031,11.0,3.0,4.0,Hybrid,6.7,4.2,5.4,6.9,True,2.9,0,Early Career (21-29)
5561,37,Female,Married,Bachelors,Engineering,Software Engineer,Senior Level,11717,12.2,8.9,15.1,Hybrid,4.6,2.2,9.7,6.8,True,4.6,0,Mid Career (30-39)
5562,43,Non-binary,Divorced,Masters,Marketing,Growth Manager,Management,8580,10.5,7.7,13.2,Remote,5.7,4.9,3.9,6.8,True,4.5,0,Senior Career (40-49)
5563,38,Female,Married,Masters,Engineering,QA Engineer,Associate,5846,10.1,4.0,7.0,Onsite,4.4,4.1,5.1,7.3,False,5.6,0,Mid Career (30-39)
5564,50,Male,Married,Masters,Customer Support,Support Specialist,Senior Level,5927,9.4,7.1,11.1,Hybrid,5.2,3.9,5.8,8.2,True,4.0,1,Pre-Retirement (50-64)
5565,43,Female,Single,Bachelors,Engineering,Software Engineer,Senior Level,9744,12.5,9.4,23.0,Hybrid,9.7,4.5,7.4,6.1,True,2.5,0,Senior Career (40-49)
5566,34,Female,Married,Masters,Engineering,QA Engineer,Mid Level,10134,11.3,11.5,14.0,Onsite,17.6,3.8,7.8,5.5,False,5.7,0,Mid Career (30-39)
5567,28,Female,Single,Bachelors,Customer Support,Customer Success Manager,Mid Level,5148,12.7,5.8,8.0,Onsite,13.9,6.4,6.0,4.4,True,7.7,0,Early Career (21-29)
5568,28,Male,Single,Bachelors,Sales,Account Executive,Mid Level,5691,15.4,4.0,8.0,Hybrid,4.0,3.6,7.7,8.2,True,7.4,0,Early Career (21-29)
5569,52,Female,Single,Bachelors,Sales,Account Executive,Senior Level,6406,8.6,6.4,10.9,Onsite,6.5,5.6,3.9,5.7,True,4.5,1,Pre-Retirement (50-64)
5570,23,Female,Divorced,Bachelors,Engineering,QA Engineer,Associate,5425,15.2,2.0,3.0,Hybrid,1.6,2.9,7.2,5.7,False,3.2,0,Early Career (21-29)
5571,37,Male,Single,Masters,Finance,Accountant,Mid Level,8795,9.7,4.9,7.1,Hybrid,11.9,6.0,4.2,5.9,False,6.5,1,Mid Career (30-39)
5573,41,Male,Married,Bachelors,Engineering,QA Engineer,Associate,6433,9.9,7.3,17.0,Hybrid,3.9,1.1,7.0,7.3,False,1.7,0,Senior Career (40-49)
5574,40,Female,Married,Bachelors,Customer Support,Customer Success Manager,Management,8527,10.6,11.8,20.0,Onsite,2.7,5.0,5.2,6.5,True,5.7,0,Senior Career (40-49)
5576,38,Male,Married,Bachelors,Marketing,Growth Manager,Senior Level,8596,8.8,10.6,15.2,Onsite,8.2,4.6,7.9,5.9,True,5.7,0,Mid Career (30-39)
5577,30,Male,Single,PhD,Engineering,Software Engineer,Mid Level,9933,10.6,0.0,5.8,Hybrid,11.3,4.6,8.3,5.2,True,5.9,0,Mid Career (30-39)
5578,45,Male,Single,Bachelors,Operations,Program Manager,Mid Level,7087,9.0,5.4,11.3,Onsite,2.4,4.1,6.9,6.4,True,5.6,0,Senior Career (40-49)
5579,33,Male,Single,Bachelors,Customer Support,Customer Success Manager,Senior Level,7077,9.0,6.4,13.0,Remote,13.2,3.8,6.5,5.6,False,5.4,1,Mid Career (30-39)
5581,30,Female,Married,Masters,Operations,Operations Manager,Associate,6226,20.7,6.0,9.6,Hybrid,10.1,2.5,9.0,7.9,False,2.7,0,Mid Career (30-39)
5582,32,Male,Single,Bachelors,Finance,Finance Manager,Mid Level,7247,12.6,7.0,12.0,Hybrid,7.5,2.7,6.4,6.0,True,5.0,0,Mid Career (30-39)
5583,31,Female,Single,High School,Research & Development,Research Scientist,Mid Level,6305,7.6,10.0,11.0,Remote,2.5,1.0,7.6,7.7,True,5.7,0,Mid Career (30-39)
5584,34,Male,Married,Masters,Finance,Financial Analyst,Entry Level,5265,11.4,1.6,10.6,Hybrid,3.7,6.4,6.1,6.0,True,5.3,1,Mid Career (30-39)
5586,27,Male,Single,Masters,Engineering,QA Engineer,Associate,7398,8.1,4.5,7.0,Hybrid,9.5,4.6,7.1,4.3,True,5.0,0,Early Career (21-29)
5587,31,Male,Single,Bachelors,Engineering,Data Engineer,Mid Level,8552,13.8,9.6,11.0,Hybrid,0.8,3.0,7.3,7.2,True,3.3,0,Mid Career (30-39)
5588,36,Male,Married,PhD,Engineering,Software Engineer,Entry Level,4249,14.0,1.3,6.7,Hybrid,1.9,2.7,5.5,8.1,True,2.1,0,Mid Career (30-39)
5589,37,Male,Married,Masters,Engineering,Data Engineer,Mid Level,7603,12.5,7.9,13.7,Onsite,11.3,5.3,5.7,4.5,False,1.5,0,Mid Career (30-39)
5590,36,Male,Single,Masters,Human Resources,HR Business Partner,Associate,4684,10.4,7.3,12.2,Onsite,3.6,2.3,7.5,7.7,False,5.5,0,Mid Career (30-39)
5591,33,Male,Single,Bachelors,Customer Support,Support Team Lead,Associate,3990,13.8,4.8,13.0,Hybrid,12.7,8.3,3.1,5.5,False,7.0,1,Mid Career (30-39)
5592,35,Male,Married,Masters,Customer Support,Customer Success Manager,Associate,4285,15.3,6.4,15.0,Onsite,5.3,4.4,8.6,8.0,True,5.8,0,Mid Career (30-39)
5593,33,Female,Single,Masters,Engineering,Engineering Manager,Senior Level,9769,14.4,9.2,13.0,Hybrid,1.9,3.3,9.9,7.6,True,2.3,0,Mid Career (30-39)
5594,27,Female,Married,PhD,Marketing,Marketing Specialist,Associate,4527,8.6,3.2,6.5,Hybrid,3.7,2.3,6.7,7.5,True,7.1,0,Early Career (21-29)
5595,35,Male,Single,Masters,Customer Support,Support Specialist,Senior Level,6500,8.0,7.5,13.4,Hybrid,7.0,2.3,7.0,5.2,True,2.9,0,Mid Career (30-39)
5596,38,Male,Married,Bachelors,Engineering,Software Engineer,Associate,6528,10.0,8.0,13.3,Remote,12.1,3.9,6.4,5.7,True,3.8,1,Mid Career (30-39)
5597,25,Male,Married,Bachelors,Marketing,Content Strategist,Entry Level,2974,10.3,4.0,5.0,Hybrid,9.8,7.6,6.6,4.1,True,6.4,0,Early Career (21-29)
5598,29,Male,Single,High School,Sales,Sales Manager,Associate,4950,9.6,7.0,9.0,Onsite,3.6,3.9,4.1,5.9,False,4.9,1,Early Career (21-29)
5599,28,Female,Divorced,Bachelors,Research & Development,Product Researcher,Associate,5955,17.0,5.8,8.0,Onsite,12.8,4.2,6.4,5.6,True,4.7,1,Early Career (21-29)
5600,38,Male,Single,High School,Finance,Financial Analyst,Mid Level,5421,9.7,9.5,17.8,Hybrid,7.5,1.8,8.1,5.4,True,6.2,0,Mid Career (30-39)
5601,40,Female,Married,Bachelors,Operations,Operations Manager,Senior Level,8336,14.8,7.3,10.0,Remote,2.1,1.0,9.9,7.5,False,2.7,0,Senior Career (40-49)
5602,36,Male,Married,Bachelors,Customer Support,Support Team Lead,Mid Level,4845,7.2,6.6,10.9,Hybrid,21.5,8.1,4.7,3.2,False,6.6,1,Mid Career (30-39)
5603,35,Female,Married,Masters,Sales,Account Executive,Associate,4760,15.6,0.0,3.8,Hybrid,4.5,4.6,6.4,6.4,False,2.6,0,Mid Career (30-39)
5604,33,Male,Single,High School,Engineering,Engineering Manager,Mid Level,5394,10.5,5.9,10.3,Onsite,8.7,5.6,4.8,4.0,False,3.6,0,Mid Career (30-39)
5605,51,Female,Married,High School,Customer Support,Customer Success Manager,Mid Level,4632,17.6,6.1,12.0,Onsite,10.2,7.0,2.4,5.3,False,8.3,0,Pre-Retirement (50-64)
5606,51,Female,Married,Bachelors,Finance,Finance Manager,Senior Level,8096,12.9,15.2,22.1,Hybrid,3.7,1.6,7.9,6.9,False,6.2,0,Pre-Retirement (50-64)
5607,37,Male,Single,Bachelors,Finance,Accountant,Management,8774,16.1,14.1,17.0,Remote,4.1,3.3,6.2,8.1,True,3.1,0,Mid Career (30-39)
5608,35,Male,Married,High School,Sales,Account Executive,Mid Level,5510,14.5,4.8,12.5,Hybrid,8.7,1.3,8.8,7.3,False,6.3,0,Mid Career (30-39)
5609,43,Male,Married,Bachelors,Customer Support,Customer Success Manager,Senior Level,8116,13.7,9.9,14.7,Hybrid,7.2,4.6,5.5,4.1,True,7.0,1,Senior Career (40-49)
5610,33,Female,Single,Bachelors,Customer Support,Support Team Lead,Associate,3535,7.3,8.1,7.2,Remote,10.4,4.1,7.6,5.0,False,6.7,0,Mid Career (30-39)
5611,47,Male,Married,High School,Operations,Program Manager,Management,7328,9.5,16.4,25.6,Onsite,1.6,3.2,8.4,7.9,True,6.7,0,Senior Career (40-49)
5612,46,Male,Single,Masters,Sales,Sales Development Rep,Mid Level,8188,10.2,8.0,14.5,Onsite,8.8,3.9,6.2,5.0,True,2.2,0,Senior Career (40-49)
5613,49,Female,Married,Masters,Engineering,Engineering Manager,Senior Level,10088,10.9,10.8,16.6,Hybrid,3.8,4.0,5.4,6.7,True,5.1,0,Senior Career (40-49)
5614,54,Non-binary,Married,Bachelors,Customer Support,Customer Success Manager,Management,6419,9.8,9.2,10.3,Onsite,8.6,5.2,5.1,4.4,True,9.9,0,Pre-Retirement (50-64)
5615,33,Male,Married,High School,Engineering,Software Engineer,Entry Level,3661,11.6,4.9,6.2,Hybrid,8.6,6.3,5.0,6.4,True,5.4,1,Mid Career (30-39)
5616,34,Male,Married,Masters,Marketing,Growth Manager,Mid Level,7396,10.8,6.5,14.0,Onsite,6.6,3.2,9.9,6.4,True,7.4,0,Mid Career (30-39)
5617,25,Female,Single,Bachelors,Marketing,Marketing Specialist,Entry Level,3177,7.4,4.0,5.0,Remote,8.4,2.9,5.6,5.3,True,4.5,0,Early Career (21-29)
5618,37,Female,Divorced,Bachelors,Engineering,Data Engineer,Associate,8107,15.9,8.2,17.0,Onsite,2.8,2.1,8.3,7.0,True,4.0,0,Mid Career (30-39)
5619,33,Female,Single,Masters,Engineering,Data Engineer,Entry Level,5382,12.4,6.6,13.0,Onsite,10.9,3.2,6.2,5.0,True,4.7,0,Mid Career (30-39)
5620,38,Male,Married,Bachelors,Finance,Finance Manager,Associate,5420,8.6,3.9,9.8,Onsite,10.1,6.4,4.8,5.1,False,6.2,1,Mid Career (30-39)
5621,53,Female,Married,Bachelors,Operations,Program Manager,Senior Level,7169,6.7,8.3,15.1,Hybrid,3.3,3.6,4.1,5.4,True,4.6,0,Pre-Retirement (50-64)
5622,39,Female,Married,Bachelors,Finance,Accountant,Mid Level,7288,9.9,10.2,19.0,Remote,9.1,2.1,8.7,7.4,False,4.2,0,Mid Career (30-39)
5623,27,Female,Single,Bachelors,Customer Support,Support Specialist,Entry Level,2386,6.1,5.4,7.0,Onsite,11.6,6.6,4.8,4.7,False,4.8,0,Early Career (21-29)
5624,42,Female,Married,Bachelors,Engineering,Data Engineer,Senior Level,7143,13.7,9.8,13.4,Onsite,4.5,1.8,7.1,6.5,True,3.5,0,Senior Career (40-49)
5625,36,Female,Divorced,Bachelors,Engineering,QA Engineer,Associate,5962,10.6,3.2,7.8,Hybrid,14.0,5.7,5.3,5.3,True,6.3,0,Mid Career (30-39)
5626,21,Female,Married,Bachelors,Engineering,Data Engineer,Associate,5440,11.6,0.0,1.0,Hybrid,20.5,7.2,2.4,2.6,True,2.6,1,Early Career (21-29)
5627,34,Male,Single,Bachelors,Engineering,Data Engineer,Entry Level,3663,12.5,0.0,8.1,Remote,6.8,2.9,6.0,6.8,False,6.5,0,Mid Career (30-39)
5628,32,Female,Divorced,Bachelors,Sales,Account Executive,Associate,6001,8.3,8.1,9.9,Hybrid,3.7,5.4,5.9,4.8,False,5.0,1,Mid Career (30-39)
5629,32,Female,Married,Bachelors,Sales,Sales Manager,Senior Level,10547,16.4,8.3,12.0,Onsite,4.9,4.8,6.7,5.7,False,4.6,0,Mid Career (30-39)
5630,35,Male,Single,Bachelors,Research & Development,Product Researcher,Senior Level,9779,8.1,7.7,15.0,Onsite,5.3,2.4,5.5,6.7,True,2.8,0,Mid Career (30-39)
5631,60,Female,Married,Bachelors,Engineering,Engineering Manager,Management,9539,13.5,6.1,11.6,Hybrid,5.0,1.9,6.4,5.4,False,2.5,0,Pre-Retirement (50-64)
5632,39,Female,Married,Bachelors,Engineering,QA Engineer,Management,13972,19.2,14.3,15.2,Hybrid,9.4,5.2,5.8,7.3,False,3.5,0,Mid Career (30-39)
5633,55,Male,Single,Masters,Customer Support,Customer Success Manager,Management,11396,16.4,11.2,26.0,Hybrid,16.9,6.8,7.8,3.0,False,6.0,0,Pre-Retirement (50-64)
5634,38,Female,Married,High School,Engineering,Software Engineer,Associate,4295,10.2,0.7,4.1,Onsite,15.0,6.1,4.5,3.9,True,3.6,1,Mid Career (30-39)
5635,36,Male,Married,Masters,Engineering,Data Engineer,Mid Level,7285,13.7,7.8,11.7,Onsite,8.2,2.6,6.6,6.9,True,2.5,0,Mid Career (30-39)
5636,40,Male,Single,Bachelors,Engineering,Engineering Manager,Senior Level,11523,11.5,8.9,17.2,Onsite,2.9,4.4,5.0,7.8,False,2.4,0,Senior Career (40-49)
5637,31,Female,Single,Bachelors,Customer Support,Customer Success Manager,Associate,4298,7.9,8.6,11.0,Remote,13.6,5.2,5.5,3.9,False,5.5,0,Mid Career (30-39)
5638,36,Female,Single,PhD,Sales,Account Executive,Associate,3752,16.1,5.2,8.9,Onsite,5.6,4.7,4.8,7.2,False,7.1,1,Mid Career (30-39)
5639,34,Female,Married,PhD,Engineering,Engineering Manager,Mid Level,11262,19.3,6.5,14.0,Hybrid,2.4,2.6,8.1,7.1,True,2.9,0,Mid Career (30-39)
5640,21,Male,Married,Bachelors,Operations,Operations Analyst,Entry Level,2766,11.6,0.0,1.0,Hybrid,7.1,5.0,7.9,4.9,False,6.2,0,Early Career (21-29)
5641,25,Male,Divorced,Masters,Finance,Accountant,Entry Level,2778,6.6,4.0,5.0,Remote,13.6,3.4,5.4,7.3,False,5.1,0,Early Career (21-29)
5642,28,Male,Married,Bachelors,Sales,Account Executive,Associate,5196,14.8,7.0,8.0,Onsite,4.7,4.8,8.7,4.2,False,5.2,0,Early Career (21-29)
5643,37,Male,Married,Masters,Engineering,Data Engineer,Entry Level,4412,15.0,4.8,13.1,Hybrid,2.7,4.1,5.9,6.7,True,6.3,0,Mid Career (30-39)
5644,30,Female,Married,Masters,Sales,Sales Manager,Associate,4686,9.4,5.2,10.0,Onsite,8.1,3.3,7.4,7.4,False,4.3,0,Mid Career (30-39)
5645,40,Male,Single,Bachelors,Operations,Operations Analyst,Mid Level,5192,14.7,8.0,11.7,Hybrid,5.5,2.0,7.2,9.1,True,6.4,0,Senior Career (40-49)
5646,34,Female,Married,Bachelors,Operations,Operations Manager,Mid Level,5248,14.6,7.7,14.0,Onsite,2.1,3.4,4.7,7.4,True,4.6,0,Mid Career (30-39)
5647,50,Female,Single,Bachelors,Finance,Accountant,Associate,6213,5.5,7.4,10.2,Hybrid,11.2,5.0,7.9,5.0,False,8.5,0,Pre-Retirement (50-64)
5648,46,Male,Married,Bachelors,Engineering,Software Engineer,Senior Level,11505,14.0,12.2,18.8,Hybrid,13.6,5.0,5.7,5.9,True,4.3,0,Senior Career (40-49)
5649,46,Male,Married,High School,Sales,Account Executive,Associate,3589,9.5,4.3,11.4,Hybrid,5.5,4.6,4.1,5.7,True,6.6,1,Senior Career (40-49)
5650,32,Male,Divorced,Masters,Operations,Program Manager,Mid Level,6730,7.3,5.3,11.9,Hybrid,4.4,3.2,5.8,6.1,False,8.2,0,Mid Career (30-39)
5651,49,Female,Divorced,Masters,Customer Support,Support Team Lead,Senior Level,5124,15.5,3.8,4.5,Onsite,5.4,4.4,8.1,7.2,False,4.9,0,Senior Career (40-49)
5652,49,Male,Married,Masters,Customer Support,Support Team Lead,Senior Level,7458,14.2,14.2,22.7,Onsite,2.8,6.0,6.4,4.9,True,7.8,0,Senior Career (40-49)
5653,33,Female,Divorced,Masters,Marketing,Content Strategist,Mid Level,6053,4.3,7.9,11.9,Hybrid,11.6,4.0,5.4,6.0,True,7.8,0,Mid Career (30-39)
5654,45,Male,Single,Masters,Customer Support,Customer Success Manager,Senior Level,11366,12.2,12.9,23.9,Hybrid,7.2,4.0,7.0,4.8,True,8.5,1,Senior Career (40-49)
5655,25,Male,Married,Masters,Customer Support,Support Specialist,Associate,4497,14.6,4.0,5.0,Hybrid,3.3,2.3,7.6,5.3,False,7.4,0,Early Career (21-29)
5656,31,Female,Divorced,Bachelors,Research & Development,Research Scientist,Associate,5174,11.6,1.0,6.0,Hybrid,7.9,5.1,6.2,5.4,True,4.9,1,Mid Career (30-39)
5657,33,Female,Single,Bachelors,Engineering,Engineering Manager,Mid Level,9700,10.5,11.9,13.0,Hybrid,3.5,4.3,5.3,7.0,True,5.5,0,Mid Career (30-39)
5658,48,Female,Married,Masters,Sales,Sales Development Rep,Management,10665,8.7,11.9,15.6,Onsite,7.9,7.1,4.0,4.1,True,2.7,0,Senior Career (40-49)
5659,37,Female,Single,Bachelors,Finance,Finance Manager,Associate,6235,8.0,5.1,12.3,Onsite,4.6,4.8,7.1,6.5,False,4.0,0,Mid Career (30-39)
5660,41,Male,Single,Masters,Operations,Program Manager,Mid Level,6258,14.2,0.6,5.1,Hybrid,8.1,6.6,4.1,5.6,False,4.4,0,Senior Career (40-49)
5661,43,Male,Divorced,Bachelors,Marketing,Growth Manager,Senior Level,8480,8.2,8.4,15.9,Onsite,11.0,5.1,4.8,4.9,True,4.7,1,Senior Career (40-49)
5662,36,Male,Single,Bachelors,Engineering,Data Engineer,Mid Level,9859,10.6,5.5,15.4,Onsite,14.5,6.9,4.7,6.5,True,2.8,0,Mid Career (30-39)
5663,50,Female,Single,Masters,Customer Support,Support Specialist,Senior Level,9122,9.8,10.7,15.6,Onsite,3.5,4.1,8.5,6.2,True,6.9,0,Pre-Retirement (50-64)
5664,38,Male,Married,Bachelors,Sales,Sales Development Rep,Associate,4527,7.9,4.5,9.5,Hybrid,12.9,4.6,7.6,4.4,True,6.2,0,Mid Career (30-39)
5665,33,Female,Divorced,Masters,Engineering,Data Engineer,Mid Level,8671,15.5,8.0,13.0,Remote,5.8,3.4,8.7,8.5,True,4.5,0,Mid Career (30-39)
5666,36,Female,Married,Masters,Engineering,Engineering Manager,Mid Level,8580,13.0,4.0,9.8,Hybrid,2.2,1.0,7.3,6.8,True,4.2,0,Mid Career (30-39)
5667,41,Female,Married,High School,Finance,Accountant,Mid Level,4633,9.3,6.0,8.7,Hybrid,7.4,5.3,4.7,6.0,True,5.4,0,Senior Career (40-49)
5668,51,Female,Single,Bachelors,Sales,Sales Manager,Mid Level,5919,16.1,10.0,18.9,Hybrid,19.8,5.7,9.3,3.9,False,5.2,0,Pre-Retirement (50-64)
5669,34,Male,Single,Bachelors,Operations,Operations Analyst,Associate,3828,5.3,7.5,7.5,Hybrid,8.4,3.0,5.9,7.5,True,3.2,0,Mid Career (30-39)
5670,40,Female,Married,Bachelors,Engineering,QA Engineer,Mid Level,8572,8.4,9.8,20.0,Onsite,9.1,6.1,6.0,6.4,True,5.6,1,Senior Career (40-49)
5671,34,Female,Single,Bachelors,Engineering,Software Engineer,Associate,5410,4.9,8.2,14.0,Onsite,5.7,4.6,5.3,6.3,True,2.9,1,Mid Career (30-39)
5672,35,Female,Married,PhD,Sales,Account Executive,Associate,7963,11.1,0.5,12.4,Hybrid,13.9,6.3,6.9,5.6,True,5.5,1,Mid Career (30-39)
5673,28,Female,Single,High School,Sales,Sales Development Rep,Entry Level,3548,19.4,0.0,4.5,Onsite,6.9,4.9,5.1,5.8,True,5.0,0,Early Career (21-29)
5674,21,Male,Married,Masters,Sales,Account Executive,Associate,4373,15.4,0.0,1.0,Remote,7.6,3.4,7.3,7.6,False,6.6,0,Early Career (21-29)
5676,33,Male,Married,PhD,Operations,Program Manager,Associate,7026,12.9,6.3,12.9,Remote,1.7,1.9,8.0,7.9,False,4.6,0,Mid Career (30-39)
5677,43,Female,Single,Bachelors,Engineering,Engineering Manager,Mid Level,5773,17.5,8.1,10.6,Onsite,0.5,1.4,6.2,6.7,True,5.6,0,Senior Career (40-49)
5678,33,Male,Married,Masters,Engineering,QA Engineer,Associate,5920,11.4,7.4,13.0,Onsite,17.0,7.3,5.2,4.2,True,5.9,1,Mid Career (30-39)
5679,45,Female,Single,PhD,Research & Development,R&D Manager,Management,16699,12.8,13.2,23.0,Onsite,3.8,3.1,6.8,5.3,True,2.2,0,Senior Career (40-49)
5680,43,Male,Married,High School,Finance,Finance Manager,Mid Level,7759,5.7,8.9,20.4,Onsite,19.5,6.5,3.9,1.7,True,7.0,1,Senior Career (40-49)
5681,21,Female,Married,Bachelors,Engineering,Data Engineer,Entry Level,4529,16.6,0.0,1.0,Onsite,28.7,10.0,4.2,1.0,True,7.8,1,Early Career (21-29)
5682,35,Female,Divorced,Bachelors,Marketing,Content Strategist,Senior Level,6771,9.7,10.9,15.0,Hybrid,13.8,5.2,5.1,3.8,False,6.8,0,Mid Career (30-39)
5683,37,Female,Divorced,Bachelors,Sales,Sales Manager,Mid Level,5179,7.9,7.5,9.5,Remote,16.0,4.5,5.0,5.3,True,7.8,0,Mid Career (30-39)
5684,37,Female,Single,Bachelors,Customer Support,Support Specialist,Senior Level,6893,13.8,6.0,10.0,Remote,4.2,2.6,8.2,7.8,True,6.4,0,Mid Career (30-39)
5686,43,Male,Single,Bachelors,Customer Support,Customer Success Manager,Senior Level,6778,10.2,15.3,17.4,Onsite,5.5,4.7,6.5,4.7,False,6.1,0,Senior Career (40-49)
5687,21,Female,Married,Masters,Engineering,Data Engineer,Entry Level,4034,14.7,0.0,1.0,Hybrid,1.9,1.6,8.4,8.5,True,6.7,0,Early Career (21-29)
5688,43,Female,Single,Bachelors,Engineering,Data Engineer,Management,12915,5.7,7.0,15.7,Hybrid,5.9,3.1,7.3,6.8,True,3.1,1,Senior Career (40-49)
5689,50,Male,Married,Bachelors,Marketing,Marketing Specialist,Management,11687,15.2,15.1,24.1,Remote,9.2,3.2,6.9,6.3,True,4.7,0,Pre-Retirement (50-64)
5690,29,Male,Single,Masters,Operations,Program Manager,Associate,5907,13.6,0.6,7.1,Remote,7.0,3.3,7.8,7.9,False,6.0,0,Early Career (21-29)
5691,55,Male,Single,High School,Marketing,Growth Manager,Management,7140,9.8,12.8,17.6,Onsite,20.1,8.7,3.6,2.7,True,3.2,0,Pre-Retirement (50-64)
5692,38,Male,Married,Bachelors,Sales,Account Executive,Associate,5723,10.8,5.7,12.6,Remote,14.7,5.4,7.4,6.8,False,5.9,0,Mid Career (30-39)
5693,41,Male,Single,Bachelors,Customer Support,Support Team Lead,Mid Level,4386,10.7,8.6,14.0,Remote,7.4,4.2,3.7,6.9,False,5.6,0,Senior Career (40-49)
5694,27,Male,Married,Bachelors,Operations,Program Manager,Mid Level,6834,11.4,4.7,7.0,Hybrid,1.0,1.0,6.3,6.2,True,1.6,0,Early Career (21-29)
5695,30,Female,Single,High School,Marketing,Marketing Specialist,Mid Level,5763,13.1,4.7,10.0,Hybrid,7.9,4.7,3.1,4.7,True,3.7,0,Mid Career (30-39)
5696,49,Male,Single,Bachelors,Operations,Operations Analyst,Mid Level,6082,18.5,2.6,4.6,Hybrid,4.6,1.0,7.8,8.2,True,3.3,0,Senior Career (40-49)
5697,47,Female,Single,Bachelors,Operations,Operations Analyst,Management,8137,13.6,8.4,15.8,Remote,5.8,3.8,5.0,6.0,True,3.9,0,Senior Career (40-49)
5698,34,Male,Married,High School,Finance,Finance Manager,Senior Level,8548,11.9,7.9,10.2,Remote,9.5,3.9,8.5,5.8,False,6.6,0,Mid Career (30-39)
5699,27,Female,Married,Bachelors,Sales,Sales Development Rep,Mid Level,6165,13.2,6.0,7.0,Hybrid,12.2,5.4,6.4,5.5,False,5.6,0,Early Career (21-29)
5700,22,Female,Married,Masters,Research & Development,Research Scientist,Associate,4688,12.3,1.0,2.0,Hybrid,1.8,5.2,5.4,6.8,True,2.5,0,Early Career (21-29)
5701,38,Male,Married,Bachelors,Operations,Operations Manager,Senior Level,9291,13.2,8.0,13.7,Onsite,4.5,4.9,6.9,5.5,True,2.6,0,Mid Career (30-39)
5703,39,Male,Married,Masters,Operations,Operations Analyst,Management,11652,10.5,8.5,9.7,Hybrid,3.5,3.7,7.4,5.4,False,2.4,0,Mid Career (30-39)
5704,34,Female,Divorced,Masters,Operations,Program Manager,Mid Level,5418,7.4,8.4,14.0,Hybrid,27.9,7.5,6.3,1.6,True,3.6,0,Mid Career (30-39)
5705,40,Male,Divorced,Bachelors,Customer Support,Support Team Lead,Mid Level,6981,10.9,9.7,19.8,Hybrid,6.1,6.3,5.0,6.3,False,8.4,0,Senior Career (40-49)
5706,44,Male,Married,Bachelors,Engineering,Software Engineer,Mid Level,8374,11.5,8.8,19.6,Onsite,2.5,4.4,6.1,5.9,False,1.0,0,Senior Career (40-49)
5707,26,Female,Married,Masters,Engineering,QA Engineer,Associate,4727,13.4,5.0,6.0,Hybrid,15.2,5.1,5.3,5.2,True,1.3,0,Early Career (21-29)
5708,40,Male,Divorced,Masters,Operations,Program Manager,Senior Level,9708,9.1,8.2,12.3,Onsite,4.0,4.1,4.3,7.2,True,5.9,0,Senior Career (40-49)
5709,49,Female,Married,Masters,Sales,Account Executive,Senior Level,10276,8.2,8.3,18.2,Remote,12.5,5.3,6.5,7.1,False,4.7,0,Senior Career (40-49)
5710,48,Male,Married,Bachelors,Human Resources,HR Manager,Management,7640,6.8,12.4,14.9,Remote,3.7,2.4,8.1,7.4,False,4.2,0,Senior Career (40-49)
5711,34,Male,Married,Masters,Research & Development,R&D Manager,Senior Level,11300,9.3,10.6,14.0,Onsite,2.1,5.4,4.4,6.0,True,3.6,1,Mid Career (30-39)
5712,25,Male,Single,Masters,Sales,Sales Development Rep,Associate,5024,9.1,4.0,5.0,Hybrid,5.0,5.3,6.5,6.5,False,6.6,0,Early Career (21-29)
5713,42,Female,Married,Masters,Engineering,QA Engineer,Management,14585,10.8,8.7,18.0,Remote,8.2,1.6,7.9,6.9,False,5.8,0,Senior Career (40-49)
5714,43,Male,Single,PhD,Engineering,Data Engineer,Senior Level,10605,11.4,8.1,13.3,Onsite,4.0,4.5,5.6,5.3,False,4.3,0,Senior Career (40-49)
5715,44,Female,Single,Masters,Research & Development,R&D Manager,Management,13114,10.6,13.8,21.2,Onsite,6.0,2.5,5.3,6.1,True,2.0,0,Senior Career (40-49)
5716,40,Male,Married,Bachelors,Engineering,Software Engineer,Entry Level,6100,19.0,3.2,10.6,Remote,13.2,4.1,6.1,5.5,False,5.9,0,Senior Career (40-49)
5717,40,Male,Married,Masters,Customer Support,Support Team Lead,Senior Level,7760,10.7,10.3,20.0,Onsite,9.4,3.8,7.0,6.6,True,6.6,0,Senior Career (40-49)
5718,36,Male,Single,Bachelors,Sales,Account Executive,Associate,4388,14.6,2.3,5.2,Remote,5.8,4.7,6.1,3.8,False,9.5,1,Mid Career (30-39)
5719,45,Female,Single,High School,Operations,Operations Manager,Senior Level,6442,11.2,9.3,16.0,Onsite,11.2,7.7,4.6,4.5,False,5.7,1,Senior Career (40-49)
5720,39,Female,Single,Masters,Marketing,Marketing Specialist,Associate,4763,12.8,3.3,11.0,Onsite,1.2,2.1,7.9,7.0,True,5.5,0,Mid Career (30-39)
5721,44,Male,Married,Masters,Human Resources,HR Manager,Senior Level,9376,15.2,7.9,12.4,Onsite,4.3,3.1,7.3,5.6,False,4.7,0,Senior Career (40-49)
5722,34,Female,Divorced,Masters,Engineering,Data Engineer,Senior Level,11639,16.8,7.6,10.9,Hybrid,4.3,2.6,8.6,7.3,True,2.4,0,Mid Career (30-39)
5723,64,Male,Married,Masters,Finance,Finance Manager,Management,11428,13.9,9.9,12.6,Hybrid,4.8,3.7,7.8,5.2,False,4.0,0,Pre-Retirement (50-64)
5724,48,Female,Married,Bachelors,Operations,Program Manager,Management,8801,12.6,9.2,14.0,Hybrid,4.8,4.5,4.8,6.4,True,5.0,0,Senior Career (40-49)
5725,39,Female,Single,Bachelors,Sales,Account Executive,Entry Level,3078,6.9,2.8,8.0,Remote,4.2,4.3,6.5,6.5,False,7.5,0,Mid Career (30-39)
5726,21,Female,Married,Bachelors,Engineering,QA Engineer,Associate,5858,12.8,0.0,1.0,Hybrid,3.5,4.9,7.7,5.4,False,7.4,0,Early Career (21-29)
5727,41,Female,Married,PhD,Operations,Operations Analyst,Mid Level,6770,13.0,8.2,16.0,Remote,2.2,2.9,6.6,8.0,True,6.9,0,Senior Career (40-49)
5728,44,Female,Single,PhD,Engineering,Engineering Manager,Senior Level,13189,8.9,6.6,14.5,Hybrid,3.0,4.7,5.2,5.7,True,3.4,0,Senior Career (40-49)
5729,28,Male,Divorced,PhD,Operations,Program Manager,Associate,6599,8.5,6.3,8.0,Hybrid,2.8,3.6,7.4,6.3,False,4.9,0,Early Career (21-29)
5730,34,Male,Divorced,Bachelors,Marketing,Content Strategist,Associate,5509,12.8,7.8,14.0,Onsite,14.2,5.0,6.1,4.0,True,5.4,0,Mid Career (30-39)
5731,35,Female,Single,Bachelors,Marketing,Growth Manager,Mid Level,6804,12.2,10.0,12.1,Remote,2.5,3.2,6.3,6.5,False,2.0,0,Mid Career (30-39)
5732,52,Female,Married,Bachelors,Engineering,Data Engineer,Management,14801,14.6,13.7,21.2,Onsite,13.2,4.2,5.6,5.1,False,3.7,0,Pre-Retirement (50-64)
5733,33,Female,Single,Bachelors,Sales,Sales Development Rep,Associate,4032,9.4,8.3,13.0,Remote,6.7,5.0,5.6,7.7,False,6.0,0,Mid Career (30-39)
5734,21,Male,Married,Bachelors,Engineering,Software Engineer,Entry Level,3923,10.1,0.0,1.0,Onsite,6.9,7.5,1.9,4.9,True,5.2,1,Early Career (21-29)
5735,31,Non-binary,Single,Bachelors,Engineering,Software Engineer,Associate,5900,12.7,4.4,11.0,Remote,3.3,3.2,6.0,5.9,True,3.5,0,Mid Career (30-39)
5736,35,Female,Single,High School,Marketing,Growth Manager,Mid Level,4428,16.7,8.0,15.0,Remote,7.4,1.2,8.3,5.8,True,5.0,0,Mid Career (30-39)
5737,49,Female,Married,Masters,Engineering,QA Engineer,Management,12630,3.4,12.7,20.6,Onsite,18.3,4.2,7.5,3.8,True,3.8,0,Senior Career (40-49)
5738,29,Female,Single,Bachelors,Sales,Sales Development Rep,Mid Level,6503,12.6,7.6,9.0,Remote,4.3,6.3,3.3,4.9,True,5.3,1,Early Career (21-29)
5739,37,Female,Married,Masters,Engineering,Software Engineer,Associate,8947,10.5,4.1,8.0,Hybrid,4.0,3.5,6.9,4.1,True,1.0,1,Mid Career (30-39)
5740,31,Female,Single,Bachelors,Operations,Operations Analyst,Senior Level,7235,15.8,8.2,11.0,Hybrid,13.7,4.1,6.1,6.8,True,6.8,0,Mid Career (30-39)
5741,30,Male,Single,Bachelors,Engineering,Engineering Manager,Associate,5763,9.0,6.6,9.7,Onsite,0.6,4.2,7.7,5.6,False,5.8,0,Mid Career (30-39)
5742,31,Male,Married,Bachelors,Customer Support,Support Specialist,Mid Level,4533,5.7,3.7,7.1,Hybrid,8.7,3.1,7.6,5.4,False,6.7,0,Mid Career (30-39)
5743,40,Male,Married,Bachelors,Marketing,Marketing Specialist,Mid Level,5948,11.6,9.8,14.1,Remote,9.7,3.6,4.1,5.7,True,6.7,1,Senior Career (40-49)
5744,38,Non-binary,Single,Bachelors,Marketing,Growth Manager,Senior Level,8107,6.0,7.5,10.3,Remote,4.5,2.6,6.6,7.6,True,7.5,0,Mid Career (30-39)
5745,35,Male,Married,High School,Customer Support,Customer Success Manager,Mid Level,4881,8.9,5.2,12.9,Remote,8.4,3.9,5.9,6.9,False,6.2,0,Mid Career (30-39)
5746,46,Male,Single,High School,Engineering,QA Engineer,Mid Level,9478,11.9,7.6,14.4,Hybrid,5.3,3.0,7.8,6.4,True,1.2,0,Senior Career (40-49)
5747,25,Male,Single,Bachelors,Sales,Account Executive,Entry Level,4757,15.0,0.0,5.0,Onsite,11.4,5.4,7.4,4.3,True,4.5,0,Early Career (21-29)
5748,39,Female,Single,High School,Engineering,Data Engineer,Associate,4962,13.5,9.0,16.2,Remote,6.3,2.2,7.7,7.4,True,4.1,0,Mid Career (30-39)
5749,32,Male,Married,Masters,Marketing,Content Strategist,Entry Level,4521,7.7,6.7,11.1,Onsite,7.3,5.0,7.2,5.0,True,7.0,1,Mid Career (30-39)
5750,39,Female,Single,PhD,Customer Support,Support Team Lead,Management,7920,12.6,8.5,18.9,Remote,4.2,2.6,8.1,8.8,True,3.0,0,Mid Career (30-39)
5751,43,Female,Single,PhD,Customer Support,Support Team Lead,Senior Level,7036,15.8,6.8,11.8,Onsite,6.2,4.7,6.9,6.5,False,5.4,0,Senior Career (40-49)
5752,33,Female,Divorced,Masters,Engineering,Software Engineer,Associate,6799,12.9,2.0,10.4,Onsite,14.4,4.7,7.2,5.4,True,3.5,0,Mid Career (30-39)
5753,43,Male,Single,Masters,Human Resources,HR Manager,Management,9940,5.8,11.3,14.0,Hybrid,19.0,4.4,7.2,4.3,False,5.3,1,Senior Career (40-49)
5754,46,Male,Single,High School,Operations,Operations Manager,Mid Level,4976,10.2,5.8,9.5,Hybrid,8.4,4.1,5.6,6.2,False,5.6,0,Senior Career (40-49)
5755,33,Male,Married,Bachelors,Human Resources,Recruiter,Mid Level,5681,11.1,8.3,13.0,Remote,20.3,9.9,4.2,3.1,True,5.8,1,Mid Career (30-39)
5756,35,Non-binary,Divorced,Bachelors,Operations,Operations Analyst,Associate,4611,8.6,5.6,15.0,Onsite,2.5,5.9,4.9,4.9,False,5.6,0,Mid Career (30-39)
5757,28,Female,Single,Bachelors,Engineering,Data Engineer,Associate,5378,11.0,7.0,8.0,Hybrid,9.3,4.6,5.2,5.0,True,6.4,0,Early Career (21-29)
5758,44,Female,Married,High School,Finance,Accountant,Mid Level,6618,6.3,10.3,16.7,Hybrid,4.5,3.0,5.2,5.7,True,5.4,0,Senior Career (40-49)
5759,21,Female,Divorced,Masters,Engineering,Software Engineer,Associate,6617,12.5,0.0,1.0,Hybrid,0.7,4.6,7.3,7.4,True,3.3,0,Early Career (21-29)
5760,35,Male,Single,Masters,Sales,Sales Manager,Mid Level,7862,13.8,5.2,15.0,Onsite,6.7,1.7,7.7,7.3,False,5.0,0,Mid Career (30-39)
5761,32,Female,Married,Bachelors,Sales,Sales Manager,Senior Level,7134,11.1,9.6,12.0,Onsite,6.0,4.1,5.8,6.2,False,3.4,0,Mid Career (30-39)
5762,31,Male,Single,Bachelors,Sales,Account Executive,Associate,5921,8.6,7.7,11.0,Hybrid,9.1,4.6,6.0,7.2,False,3.9,1,Mid Career (30-39)
5763,33,Male,Married,Bachelors,Finance,Finance Manager,Associate,7094,6.6,7.5,13.0,Onsite,3.4,4.2,2.6,6.2,True,4.4,1,Mid Career (30-39)
5764,45,Male,Married,Bachelors,Research & Development,R&D Manager,Management,7635,10.3,10.0,18.0,Onsite,10.7,3.8,4.1,4.8,False,2.7,0,Senior Career (40-49)
5765,33,Male,Single,High School,Research & Development,R&D Manager,Management,11773,18.0,11.4,13.0,Hybrid,2.4,4.4,7.3,7.3,False,3.9,0,Mid Career (30-39)
5766,64,Male,Single,Bachelors,Sales,Sales Manager,Management,9289,8.6,9.3,15.0,Remote,12.4,4.8,5.4,4.5,True,5.5,0,Pre-Retirement (50-64)
5767,54,Female,Married,High School,Engineering,Engineering Manager,Management,10456,14.8,11.9,19.0,Hybrid,10.2,6.6,5.8,5.0,True,2.9,0,Pre-Retirement (50-64)
5768,21,Female,Single,Masters,Finance,Accountant,Entry Level,3455,18.8,0.0,1.0,Hybrid,5.9,5.2,7.6,6.3,True,7.3,0,Early Career (21-29)
5769,40,Female,Married,High School,Operations,Operations Manager,Senior Level,6124,7.4,9.7,12.3,Hybrid,2.0,2.6,5.8,7.4,False,4.6,0,Senior Career (40-49)
5771,35,Female,Single,Bachelors,Marketing,Growth Manager,Mid Level,6876,13.6,12.0,15.0,Onsite,2.2,4.3,4.1,6.4,True,6.4,1,Mid Career (30-39)
5772,30,Female,Single,High School,Finance,Financial Analyst,Mid Level,6783,7.4,5.0,9.7,Hybrid,9.3,3.4,6.7,7.0,True,2.8,0,Mid Career (30-39)
5773,45,Female,Single,Bachelors,Research & Development,Research Scientist,Management,13658,4.6,11.3,17.4,Onsite,4.5,6.5,6.6,5.3,True,2.4,1,Senior Career (40-49)
5774,42,Male,Married,Bachelors,Engineering,Data Engineer,Senior Level,9262,15.3,9.3,14.1,Remote,4.4,2.4,8.3,7.4,True,3.3,1,Senior Career (40-49)
5775,26,Female,Single,Masters,Customer Support,Support Specialist,Entry Level,3388,14.1,4.2,6.0,Onsite,11.7,5.7,3.9,5.4,False,5.6,1,Early Career (21-29)
5776,25,Male,Divorced,Masters,Engineering,Data Engineer,Associate,6167,15.7,3.1,5.0,Hybrid,15.6,7.7,5.2,5.1,False,5.6,1,Early Career (21-29)
5777,27,Female,Married,Bachelors,Finance,Finance Manager,Mid Level,5669,10.7,6.0,5.5,Onsite,1.6,4.1,8.2,4.7,True,7.6,0,Early Career (21-29)
5778,37,Female,Married,Masters,Customer Support,Support Team Lead,Senior Level,8295,10.3,9.1,17.0,Onsite,3.4,1.9,7.2,7.8,True,6.9,0,Mid Career (30-39)
5779,47,Male,Single,Masters,Customer Support,Customer Success Manager,Senior Level,7298,15.7,10.1,19.0,Hybrid,8.5,6.3,5.3,5.6,False,5.8,0,Senior Career (40-49)
5780,42,Female,Married,Masters,Engineering,Software Engineer,Senior Level,9263,10.9,10.2,17.6,Hybrid,18.3,5.2,6.0,3.9,False,6.0,0,Senior Career (40-49)
5781,34,Female,Single,Bachelors,Customer Support,Support Team Lead,Management,7242,8.5,10.2,14.0,Onsite,4.7,4.7,6.4,6.5,False,6.4,0,Mid Career (30-39)
5782,36,Female,Married,Masters,Marketing,Growth Manager,Associate,5568,17.7,1.1,4.2,Onsite,2.9,3.7,7.0,5.6,True,7.4,0,Mid Career (30-39)
5783,34,Male,Single,Masters,Engineering,QA Engineer,Mid Level,8971,19.4,9.0,14.0,Onsite,2.9,3.8,7.6,5.7,True,5.1,0,Mid Career (30-39)
5784,35,Female,Married,Bachelors,Engineering,QA Engineer,Associate,6280,7.9,0.5,4.5,Remote,8.8,2.6,9.5,6.8,True,5.0,0,Mid Career (30-39)
5785,33,Non-binary,Single,Bachelors,Marketing,Content Strategist,Mid Level,6748,7.9,12.0,13.0,Hybrid,7.8,6.3,7.1,5.5,True,6.5,0,Mid Career (30-39)
5786,39,Male,Married,Bachelors,Engineering,Software Engineer,Mid Level,6774,9.9,4.9,9.5,Hybrid,4.1,3.0,5.9,7.6,True,1.5,0,Mid Career (30-39)
5787,46,Male,Married,Masters,Engineering,Data Engineer,Management,17798,13.9,12.0,19.0,Onsite,4.1,5.5,5.4,6.6,True,3.0,0,Senior Career (40-49)
5788,45,Male,Married,Bachelors,Customer Support,Customer Success Manager,Mid Level,5341,13.3,5.2,9.6,Onsite,5.3,4.9,5.5,8.2,True,6.5,0,Senior Career (40-49)
5789,46,Female,Married,Bachelors,Engineering,Software Engineer,Management,12158,18.7,11.9,16.9,Onsite,1.7,1.9,8.9,6.5,True,1.6,0,Senior Career (40-49)
5790,33,Female,Single,High School,Customer Support,Support Specialist,Mid Level,4090,14.6,5.2,13.0,Onsite,10.0,4.9,7.5,6.2,False,5.8,0,Mid Career (30-39)
5791,34,Female,Single,High School,Marketing,Content Strategist,Associate,3353,10.0,4.8,11.5,Onsite,2.9,1.2,8.6,8.2,True,5.5,0,Mid Career (30-39)
5792,45,Female,Married,Bachelors,Engineering,Software Engineer,Associate,7865,11.5,4.2,10.7,Remote,3.3,3.7,5.9,7.3,True,2.8,0,Senior Career (40-49)
5793,43,Male,Single,High School,Customer Support,Support Specialist,Mid Level,4238,11.8,2.5,4.2,Hybrid,2.4,3.2,7.5,8.2,False,8.0,0,Senior Career (40-49)
5794,25,Female,Married,Masters,Engineering,QA Engineer,Entry Level,5274,12.3,4.0,5.0,Hybrid,3.6,3.5,8.1,6.4,True,3.6,0,Early Career (21-29)
5795,43,Female,Married,PhD,Engineering,QA Engineer,Senior Level,11442,18.5,9.9,16.4,Hybrid,1.9,1.9,9.9,6.4,False,4.3,0,Senior Career (40-49)
5796,34,Female,Divorced,Bachelors,Research & Development,R&D Manager,Senior Level,9306,8.7,6.7,13.9,Remote,4.2,2.5,5.9,7.8,True,1.7,0,Mid Career (30-39)
5797,40,Male,Divorced,Bachelors,Sales,Sales Development Rep,Management,11846,17.9,14.1,16.2,Hybrid,7.2,3.7,5.5,6.6,False,2.6,0,Senior Career (40-49)
5798,39,Female,Single,Bachelors,Operations,Program Manager,Senior Level,7507,17.8,9.0,19.0,Hybrid,2.7,3.6,5.5,6.8,True,3.1,0,Mid Career (30-39)
5799,31,Male,Single,Masters,Finance,Financial Analyst,Entry Level,4488,13.6,0.5,2.9,Onsite,18.5,5.7,5.9,2.8,True,6.6,0,Mid Career (30-39)
5800,51,Male,Single,Bachelors,Operations,Program Manager,Management,10496,11.5,16.2,20.0,Remote,5.2,2.8,5.9,7.2,True,5.6,0,Pre-Retirement (50-64)
5801,37,Female,Single,Bachelors,Sales,Account Executive,Entry Level,3834,11.6,0.0,3.3,Onsite,3.1,3.7,5.6,4.5,False,6.4,0,Mid Career (30-39)
5802,41,Female,Married,Bachelors,Engineering,Engineering Manager,Management,12817,10.0,11.1,19.0,Onsite,15.4,6.3,5.6,5.3,False,4.5,1,Senior Career (40-49)
5803,42,Male,Married,Bachelors,Marketing,Growth Manager,Mid Level,7048,12.7,5.1,12.9,Hybrid,11.3,3.9,6.1,5.1,True,3.9,0,Senior Career (40-49)
5804,29,Female,Married,Bachelors,Finance,Accountant,Entry Level,3531,10.4,2.4,6.7,Remote,4.0,1.7,6.6,6.9,True,6.6,1,Early Career (21-29)
5805,30,Female,Single,High School,Operations,Program Manager,Associate,4031,11.8,2.1,7.9,Remote,8.3,3.2,5.7,6.8,False,2.3,0,Mid Career (30-39)
5806,38,Female,Married,High School,Finance,Finance Manager,Senior Level,6697,13.1,10.0,11.5,Hybrid,10.2,5.1,4.8,6.2,True,6.3,0,Mid Career (30-39)
5807,46,Male,Single,Masters,Marketing,Growth Manager,Management,14297,15.0,11.7,20.1,Hybrid,14.1,4.1,7.6,5.2,True,1.0,0,Senior Career (40-49)
5808,35,Male,Single,High School,Research & Development,Research Scientist,Entry Level,4357,11.8,3.7,12.4,Remote,2.7,3.8,6.4,7.6,True,1.6,0,Mid Career (30-39)
5809,48,Male,Single,Masters,Sales,Account Executive,Mid Level,10658,11.2,3.9,10.7,Remote,17.7,6.9,6.0,2.5,True,5.1,0,Senior Career (40-49)
5810,32,Non-binary,Married,Masters,Engineering,QA Engineer,Mid Level,7395,14.0,7.2,12.0,Hybrid,3.6,3.0,6.7,7.8,True,3.4,0,Mid Career (30-39)
5811,43,Female,Single,Bachelors,Research & Development,Product Researcher,Senior Level,12043,13.2,11.8,14.9,Remote,10.2,1.9,9.4,6.5,True,2.4,0,Senior Career (40-49)
5812,40,Female,Married,Bachelors,Operations,Program Manager,Senior Level,5773,11.1,9.6,14.4,Hybrid,5.0,5.8,3.4,5.3,False,4.0,1,Senior Career (40-49)
5813,43,Female,Single,Masters,Finance,Finance Manager,Management,11059,4.1,10.9,20.9,Remote,3.7,2.6,7.8,7.0,False,1.0,0,Senior Career (40-49)
5814,30,Male,Married,High School,Engineering,Data Engineer,Associate,5783,13.7,7.9,10.0,Onsite,7.2,3.9,5.4,6.2,True,2.5,1,Mid Career (30-39)
5815,43,Female,Single,PhD,Operations,Operations Manager,Associate,6253,6.7,3.9,10.8,Remote,7.3,3.1,4.4,5.5,False,6.6,0,Senior Career (40-49)
5816,54,Female,Married,Bachelors,Finance,Finance Manager,Management,10171,11.2,11.5,19.0,Onsite,2.4,4.0,8.9,6.0,True,1.9,0,Pre-Retirement (50-64)
5817,37,Male,Single,Masters,Human Resources,HR Manager,Senior Level,9593,12.8,9.5,17.0,Hybrid,16.6,6.5,6.8,4.0,True,4.1,0,Mid Career (30-39)
5818,28,Female,Married,Bachelors,Human Resources,HR Manager,Mid Level,6568,13.1,7.0,8.0,Hybrid,10.1,1.9,8.7,5.1,True,4.9,0,Early Career (21-29)
5819,24,Female,Single,Bachelors,Sales,Account Executive,Associate,3532,13.4,3.0,4.0,Hybrid,3.6,4.9,6.0,8.1,True,5.7,0,Early Career (21-29)
5820,26,Female,Married,Bachelors,Sales,Account Executive,Associate,3820,11.7,1.8,6.0,Hybrid,16.5,8.5,5.7,4.1,False,5.8,0,Early Career (21-29)
5821,24,Male,Divorced,Masters,Human Resources,Recruiter,Associate,3547,15.4,3.0,4.0,Hybrid,4.2,4.4,5.6,6.7,False,5.3,1,Early Career (21-29)
5822,46,Female,Divorced,Bachelors,Sales,Account Executive,Senior Level,8537,9.2,8.8,18.6,Hybrid,14.5,4.3,7.5,3.6,True,5.3,0,Senior Career (40-49)
5823,47,Male,Divorced,Masters,Customer Support,Customer Success Manager,Management,6952,12.5,12.8,18.0,Hybrid,5.3,5.4,6.0,6.2,True,6.1,0,Senior Career (40-49)
5824,41,Male,Married,Bachelors,Operations,Operations Manager,Mid Level,5751,13.4,4.6,10.3,Onsite,8.9,6.7,4.9,3.2,True,5.2,0,Senior Career (40-49)
5825,49,Female,Married,PhD,Engineering,Engineering Manager,Management,21073,10.1,8.9,14.1,Hybrid,5.4,2.3,5.5,7.2,True,3.9,0,Senior Career (40-49)
5826,30,Male,Single,Bachelors,Engineering,Software Engineer,Associate,8540,11.3,7.8,10.0,Onsite,4.8,4.0,3.7,6.5,False,4.5,0,Mid Career (30-39)
5827,27,Female,Married,Bachelors,Research & Development,Research Scientist,Entry Level,3813,11.7,2.2,7.0,Remote,0.5,4.5,4.7,7.1,False,5.5,0,Early Career (21-29)
5828,29,Female,Divorced,Masters,Engineering,Data Engineer,Entry Level,5492,16.1,8.0,9.0,Hybrid,3.5,1.0,7.8,7.7,True,4.5,0,Early Career (21-29)
5829,32,Male,Married,Masters,Customer Support,Support Specialist,Associate,5688,13.2,9.3,12.0,Hybrid,4.6,4.9,5.4,5.9,True,6.7,0,Mid Career (30-39)
5830,36,Female,Single,Bachelors,Finance,Financial Analyst,Associate,4782,12.4,5.6,10.1,Onsite,6.9,2.5,7.2,6.5,False,6.0,0,Mid Career (30-39)
5831,33,Male,Single,Bachelors,Customer Support,Support Team Lead,Management,8973,9.0,11.5,13.0,Hybrid,7.1,3.6,6.4,5.7,False,3.5,0,Mid Career (30-39)
5832,36,Male,Divorced,Bachelors,Marketing,Marketing Specialist,Mid Level,6570,12.1,3.7,8.4,Onsite,5.3,1.8,9.0,6.0,True,6.1,0,Mid Career (30-39)
5833,40,Male,Married,High School,Engineering,Engineering Manager,Mid Level,7827,10.9,3.4,10.0,Hybrid,12.7,5.7,7.3,5.2,False,5.5,0,Senior Career (40-49)
5834,33,Male,Married,Bachelors,Marketing,Marketing Specialist,Mid Level,6652,12.8,9.4,12.9,Onsite,6.3,4.3,3.3,5.4,True,3.1,0,Mid Career (30-39)
5835,34,Non-binary,Single,Masters,Operations,Program Manager,Management,9203,13.6,13.0,14.0,Remote,2.8,2.2,7.2,8.2,True,5.7,0,Mid Career (30-39)
5836,43,Male,Single,Bachelors,Engineering,Software Engineer,Senior Level,11763,11.6,8.4,15.8,Onsite,6.4,4.1,6.9,5.3,True,2.1,1,Senior Career (40-49)
5837,29,Male,Married,Masters,Sales,Account Executive,Entry Level,4111,8.6,4.2,8.4,Remote,7.2,5.1,4.8,7.1,True,5.9,0,Early Career (21-29)
5838,38,Male,Single,High School,Sales,Account Executive,Associate,3163,8.4,8.2,10.0,Onsite,14.9,6.4,3.2,4.4,False,5.4,1,Mid Career (30-39)
5839,51,Male,Single,Bachelors,Customer Support,Support Team Lead,Management,8656,7.2,9.5,21.8,Hybrid,4.9,3.4,6.5,6.3,False,5.1,0,Pre-Retirement (50-64)
5840,21,Female,Single,Bachelors,Sales,Account Executive,Associate,3933,11.1,0.0,1.0,Hybrid,9.0,4.0,6.1,6.2,False,7.0,0,Early Career (21-29)
5841,30,Male,Divorced,Bachelors,Engineering,Engineering Manager,Mid Level,8430,9.4,8.9,10.0,Hybrid,1.7,2.2,9.3,7.2,False,1.0,0,Mid Career (30-39)
5842,29,Male,Married,Masters,Customer Support,Customer Success Manager,Associate,4427,13.4,4.7,7.3,Onsite,9.6,4.8,5.9,4.6,False,6.1,1,Early Career (21-29)
5843,48,Female,Single,Masters,Research & Development,R&D Manager,Mid Level,8499,15.3,7.5,16.2,Hybrid,6.2,2.1,10.0,6.0,False,4.4,0,Senior Career (40-49)
5844,35,Male,Married,High School,Operations,Program Manager,Associate,4057,14.5,1.5,9.6,Onsite,6.3,6.0,5.5,5.6,True,4.7,0,Mid Career (30-39)
5845,22,Female,Married,Bachelors,Engineering,Data Engineer,Entry Level,3346,9.7,1.0,2.0,Onsite,6.0,2.3,8.5,5.2,True,2.7,0,Early Career (21-29)
5846,36,Female,Divorced,Masters,Finance,Financial Analyst,Mid Level,6262,12.1,6.0,15.2,Hybrid,18.4,4.4,7.2,5.1,False,4.8,1,Mid Career (30-39)
5847,53,Female,Married,Masters,Customer Support,Customer Success Manager,Senior Level,7908,8.8,11.1,17.4,Remote,13.1,6.0,7.5,4.9,True,7.7,0,Pre-Retirement (50-64)
5848,40,Male,Married,Bachelors,Operations,Operations Manager,Mid Level,4638,12.2,5.2,10.6,Onsite,4.7,4.9,3.4,7.2,True,5.0,0,Senior Career (40-49)
5849,43,Male,Single,Bachelors,Customer Support,Customer Success Manager,Mid Level,5164,11.2,9.2,18.4,Onsite,5.0,2.5,9.3,6.7,False,5.9,0,Senior Career (40-49)
5850,37,Male,Single,Masters,Sales,Sales Manager,Senior Level,8636,10.7,4.1,9.4,Hybrid,10.9,5.8,6.8,6.2,True,3.5,0,Mid Career (30-39)
5851,26,Female,Single,Bachelors,Research & Development,Product Researcher,Associate,4949,8.3,5.0,6.0,Onsite,6.1,3.0,8.5,8.1,True,3.9,0,Early Career (21-29)
5852,30,Female,Single,Masters,Engineering,Engineering Manager,Associate,6965,19.2,6.2,10.0,Onsite,13.2,3.1,9.5,5.7,True,2.8,0,Mid Career (30-39)
5853,39,Male,Single,Masters,Marketing,Content Strategist,Senior Level,10923,10.7,9.6,19.0,Hybrid,16.2,5.9,7.8,5.6,True,5.8,0,Mid Career (30-39)
5854,41,Male,Married,Bachelors,Customer Support,Support Specialist,Senior Level,7561,16.6,10.7,16.5,Onsite,5.9,5.7,4.2,5.6,True,3.4,0,Senior Career (40-49)
5855,41,Female,Married,Bachelors,Customer Support,Customer Success Manager,Associate,5553,13.8,10.2,17.8,Onsite,9.6,5.3,5.0,4.9,False,7.0,0,Senior Career (40-49)
5856,32,Male,Married,Bachelors,Marketing,Marketing Specialist,Entry Level,3371,12.5,5.6,12.0,Remote,10.2,5.7,3.9,5.3,True,5.8,1,Mid Career (30-39)
5857,36,Male,Married,Bachelors,Human Resources,HR Business Partner,Entry Level,3619,19.8,1.0,2.2,Hybrid,9.4,3.6,7.8,5.5,False,4.6,0,Mid Career (30-39)
5858,37,Male,Married,Masters,Human Resources,Recruiter,Entry Level,3678,7.9,1.8,8.3,Remote,3.7,5.3,5.0,6.9,False,8.9,1,Mid Career (30-39)
5859,47,Male,Married,Masters,Finance,Finance Manager,Senior Level,11921,5.7,13.0,18.2,Remote,11.2,4.8,6.3,6.5,True,6.8,1,Senior Career (40-49)
5860,40,Male,Divorced,Bachelors,Engineering,QA Engineer,Associate,5276,9.4,5.5,12.4,Onsite,6.9,4.5,6.3,6.3,False,4.7,0,Senior Career (40-49)
5861,27,Female,Single,High School,Finance,Financial Analyst,Associate,4133,9.6,6.0,7.0,Onsite,4.8,3.9,8.1,5.6,False,5.9,0,Early Career (21-29)
5862,33,Male,Single,Masters,Operations,Program Manager,Associate,5297,13.4,3.7,11.5,Onsite,2.9,5.3,3.4,6.5,True,5.7,0,Mid Career (30-39)
5863,43,Female,Married,Bachelors,Operations,Operations Manager,Senior Level,7059,16.6,9.4,14.4,Hybrid,5.4,2.6,6.5,5.6,False,2.2,0,Senior Career (40-49)
5864,39,Male,Married,Masters,Engineering,Data Engineer,Senior Level,12653,13.2,7.9,16.2,Hybrid,6.3,2.4,6.7,6.2,True,7.3,0,Mid Career (30-39)
5865,63,Male,Single,Masters,Marketing,Content Strategist,Senior Level,9795,12.6,9.7,16.0,Remote,7.1,2.9,6.4,7.3,True,7.1,0,Pre-Retirement (50-64)
5866,53,Female,Married,High School,Marketing,Growth Manager,Senior Level,6410,8.1,8.9,11.2,Onsite,8.0,4.4,5.6,5.2,False,3.0,0,Pre-Retirement (50-64)
5867,33,Female,Married,Bachelors,Operations,Operations Analyst,Associate,5127,18.7,2.5,9.8,Onsite,8.8,4.8,4.8,4.9,False,4.4,0,Mid Career (30-39)
5868,38,Female,Married,Bachelors,Sales,Sales Manager,Mid Level,6762,10.1,9.1,18.0,Onsite,3.2,3.5,6.3,6.8,False,5.7,0,Mid Career (30-39)
5869,47,Male,Married,Masters,Customer Support,Support Team Lead,Management,8641,12.9,10.8,21.4,Hybrid,13.0,4.7,8.2,5.2,False,5.9,0,Senior Career (40-49)
5870,32,Female,Married,Masters,Human Resources,HR Manager,Mid Level,5627,8.7,8.1,12.0,Hybrid,5.1,1.9,5.7,6.6,False,5.2,0,Mid Career (30-39)
5871,44,Male,Married,Bachelors,Human Resources,Recruiter,Senior Level,7264,11.3,7.6,13.0,Hybrid,8.3,4.1,6.5,6.5,True,2.9,0,Senior Career (40-49)
5872,29,Male,Single,Bachelors,Engineering,Data Engineer,Associate,6694,12.2,0.5,8.9,Hybrid,0.8,5.4,8.3,6.4,True,2.9,0,Early Career (21-29)
5873,27,Female,Married,High School,Customer Support,Support Team Lead,Associate,4017,6.3,6.0,7.0,Onsite,11.3,5.3,7.6,6.8,True,3.8,1,Early Career (21-29)
5874,25,Male,Married,Masters,Sales,Account Executive,Entry Level,3848,8.6,4.0,5.0,Hybrid,8.3,2.6,5.9,6.0,True,5.5,0,Early Career (21-29)
5875,21,Female,Single,Masters,Engineering,QA Engineer,Entry Level,4770,16.9,0.0,1.0,Hybrid,5.4,3.6,6.3,6.2,True,4.2,0,Early Career (21-29)
5876,28,Male,Married,PhD,Engineering,QA Engineer,Associate,6369,9.6,3.8,8.0,Onsite,4.9,2.6,7.7,4.6,True,5.4,0,Early Career (21-29)
5877,23,Male,Divorced,Masters,Operations,Operations Analyst,Entry Level,3212,10.0,0.0,3.0,Hybrid,5.0,4.2,7.6,7.1,True,6.4,0,Early Career (21-29)
5878,21,Female,Single,Masters,Human Resources,HR Business Partner,Entry Level,2417,16.8,0.0,1.0,Hybrid,4.2,5.0,7.4,7.1,True,5.9,1,Early Career (21-29)
5879,48,Male,Married,High School,Research & Development,R&D Manager,Associate,5341,9.9,10.9,16.2,Hybrid,10.4,5.5,8.4,5.1,True,5.9,0,Senior Career (40-49)
5880,38,Male,Married,Bachelors,Engineering,Data Engineer,Mid Level,6862,12.3,9.9,16.4,Hybrid,3.8,3.2,6.7,9.0,False,4.5,0,Mid Career (30-39)
5881,60,Female,Single,Masters,Customer Support,Customer Success Manager,Senior Level,5275,11.3,8.6,12.8,Remote,9.1,5.4,4.7,6.4,True,5.6,1,Pre-Retirement (50-64)
5882,41,Female,Married,PhD,Sales,Account Executive,Management,14256,11.2,14.3,21.0,Hybrid,7.6,4.2,6.3,5.8,False,4.7,0,Senior Career (40-49)
5883,55,Male,Married,PhD,Customer Support,Support Team Lead,Management,11694,8.2,14.0,24.8,Hybrid,22.0,6.8,4.0,3.0,False,8.0,1,Pre-Retirement (50-64)
5884,36,Male,Married,High School,Engineering,Software Engineer,Associate,5744,11.0,4.6,8.7,Remote,1.9,1.8,5.0,7.7,True,4.8,0,Mid Career (30-39)
5885,31,Female,Single,PhD,Operations,Operations Analyst,Associate,4424,4.2,7.7,11.0,Onsite,0.9,2.7,6.1,7.4,False,5.4,0,Mid Career (30-39)
5886,41,Female,Married,Bachelors,Human Resources,HR Manager,Mid Level,4225,8.0,4.1,11.9,Onsite,6.1,6.8,4.4,4.3,False,4.8,1,Senior Career (40-49)
5887,22,Female,Married,Bachelors,Sales,Account Executive,Mid Level,6747,12.2,1.0,2.0,Hybrid,8.7,6.1,6.1,7.1,True,2.9,0,Early Career (21-29)
5888,44,Female,Married,Masters,Customer Support,Customer Success Manager,Mid Level,5764,11.2,5.5,10.3,Remote,5.1,2.4,7.9,5.5,True,6.7,0,Senior Career (40-49)
5889,49,Male,Married,Bachelors,Sales,Sales Manager,Senior Level,10288,20.8,11.9,21.5,Hybrid,5.5,2.6,7.3,7.0,False,3.5,0,Senior Career (40-49)
5890,54,Female,Married,Bachelors,Research & Development,Research Scientist,Management,11174,12.4,11.8,17.7,Remote,5.2,3.0,7.2,7.1,False,2.9,0,Pre-Retirement (50-64)
5891,50,Male,Married,Masters,Engineering,Data Engineer,Management,14887,12.3,13.9,21.0,Onsite,8.7,5.9,5.3,5.5,True,4.4,0,Pre-Retirement (50-64)
5892,35,Male,Married,PhD,Engineering,Software Engineer,Entry Level,4966,12.4,2.6,7.4,Hybrid,0.9,1.0,7.7,7.3,True,4.9,0,Mid Career (30-39)
5893,47,Male,Married,Masters,Operations,Program Manager,Management,11129,10.4,10.5,18.2,Onsite,4.9,1.6,9.8,6.6,False,6.8,0,Senior Career (40-49)
5894,26,Male,Married,Masters,Sales,Sales Development Rep,Entry Level,3184,16.1,2.6,2.5,Hybrid,4.0,2.3,7.4,6.5,False,4.6,0,Early Career (21-29)
5895,51,Female,Single,Masters,Marketing,Growth Manager,Senior Level,9616,10.9,5.6,12.4,Onsite,1.1,2.0,8.8,7.9,False,4.0,0,Pre-Retirement (50-64)
5896,30,Male,Single,Bachelors,Engineering,Software Engineer,Mid Level,8721,13.6,6.2,10.0,Hybrid,7.4,4.7,4.5,5.8,True,1.3,0,Mid Career (30-39)
5897,43,Male,Single,Bachelors,Operations,Operations Manager,Management,10825,10.5,13.6,21.1,Hybrid,8.5,5.3,4.8,4.2,True,4.3,0,Senior Career (40-49)
5898,41,Female,Divorced,Bachelors,Marketing,Marketing Specialist,Senior Level,7802,9.3,9.0,15.8,Hybrid,2.9,2.4,6.6,6.1,False,4.4,0,Senior Career (40-49)
5899,45,Male,Divorced,Bachelors,Marketing,Growth Manager,Mid Level,6472,11.4,7.6,13.5,Onsite,14.2,6.5,6.2,4.3,True,7.1,0,Senior Career (40-49)
5900,37,Male,Single,Bachelors,Customer Support,Support Specialist,Senior Level,6051,9.3,9.4,14.5,Onsite,8.9,5.0,6.7,5.8,False,6.8,1,Mid Career (30-39)
5901,40,Female,Married,Masters,Research & Development,Research Scientist,Associate,8354,4.3,3.6,11.2,Hybrid,2.4,4.2,4.9,5.2,True,6.0,1,Senior Career (40-49)
5902,43,Female,Single,Masters,Engineering,Data Engineer,Entry Level,5847,11.6,5.6,16.1,Onsite,5.9,2.8,8.0,7.7,True,4.8,0,Senior Career (40-49)
5903,45,Female,Married,Bachelors,Engineering,Engineering Manager,Management,11303,15.3,12.5,17.2,Hybrid,9.9,2.9,5.6,7.4,True,5.7,0,Senior Career (40-49)
5904,37,Female,Single,Bachelors,Customer Support,Support Specialist,Mid Level,3996,9.6,10.7,17.0,Onsite,8.2,5.5,3.3,6.9,True,6.9,0,Mid Career (30-39)
5905,31,Female,Single,Bachelors,Finance,Financial Analyst,Entry Level,3962,6.3,3.2,10.3,Onsite,7.4,4.6,4.8,5.3,False,7.7,1,Mid Career (30-39)
5906,46,Male,Single,Bachelors,Operations,Operations Manager,Senior Level,7114,14.9,4.9,11.7,Hybrid,8.5,4.7,8.0,5.8,True,1.9,0,Senior Career (40-49)
5907,30,Female,Single,PhD,Human Resources,HR Business Partner,Entry Level,4630,11.3,0.2,4.6,Remote,5.8,3.1,7.7,7.4,True,5.3,0,Mid Career (30-39)
5908,32,Male,Married,Bachelors,Sales,Account Executive,Associate,5849,13.4,5.5,12.0,Remote,4.4,3.2,7.1,7.3,True,4.5,0,Mid Career (30-39)
5909,42,Male,Married,Masters,Operations,Operations Manager,Mid Level,7620,11.8,9.3,10.6,Hybrid,1.6,2.1,7.3,6.9,True,3.9,0,Senior Career (40-49)
5910,41,Male,Divorced,Masters,Operations,Operations Analyst,Senior Level,8160,14.3,8.6,21.0,Onsite,1.4,2.3,8.7,7.3,False,2.9,0,Senior Career (40-49)
5911,30,Male,Divorced,Masters,Operations,Operations Manager,Associate,6079,12.7,7.0,10.0,Onsite,4.5,5.3,6.3,5.0,True,4.8,0,Mid Career (30-39)
5912,34,Male,Single,Bachelors,Sales,Sales Development Rep,Management,10163,9.8,10.3,14.0,Onsite,11.2,4.3,4.9,4.8,True,2.9,0,Mid Career (30-39)
5913,37,Female,Single,Bachelors,Sales,Sales Manager,Associate,5673,9.1,10.0,14.7,Onsite,3.9,4.0,5.4,6.0,True,3.6,0,Mid Career (30-39)
5914,33,Female,Married,Masters,Finance,Accountant,Mid Level,9213,9.5,5.3,8.7,Hybrid,10.2,5.2,7.8,4.6,True,5.4,1,Mid Career (30-39)
5915,35,Female,Married,Masters,Operations,Program Manager,Mid Level,6614,13.5,3.1,4.0,Remote,9.7,1.9,7.2,7.6,True,6.6,0,Mid Career (30-39)
5916,45,Male,Single,Bachelors,Customer Support,Support Team Lead,Management,7417,17.7,11.8,15.3,Onsite,2.1,3.5,7.2,6.1,False,5.0,1,Senior Career (40-49)
5917,55,Male,Divorced,Bachelors,Engineering,QA Engineer,Management,10596,15.2,12.1,20.9,Hybrid,8.7,5.2,6.2,5.4,True,4.1,0,Pre-Retirement (50-64)
5918,56,Female,Single,Masters,Operations,Program Manager,Management,10502,13.5,8.9,21.4,Remote,3.1,2.3,7.4,8.7,False,2.2,0,Pre-Retirement (50-64)
5919,46,Female,Single,PhD,Engineering,QA Engineer,Management,11344,13.7,15.4,21.1,Hybrid,5.3,3.2,7.2,5.7,True,2.0,0,Senior Career (40-49)
5920,46,Male,Married,Bachelors,Marketing,Marketing Specialist,Senior Level,7474,12.0,6.4,15.4,Hybrid,0.8,4.2,7.0,7.3,True,5.4,0,Senior Career (40-49)
5921,30,Male,Single,High School,Sales,Sales Development Rep,Entry Level,3449,11.3,1.3,10.0,Onsite,11.7,5.4,5.7,5.4,False,6.7,0,Mid Career (30-39)
5922,25,Female,Single,Bachelors,Research & Development,Research Scientist,Mid Level,7560,12.3,4.0,5.0,Onsite,4.2,4.9,6.1,4.1,False,7.8,1,Early Career (21-29)
5923,42,Male,Divorced,Masters,Sales,Sales Manager,Mid Level,7604,11.1,6.4,17.6,Hybrid,16.2,6.8,4.0,2.2,True,6.0,1,Senior Career (40-49)
5924,40,Male,Married,Masters,Engineering,QA Engineer,Associate,7633,4.1,5.6,13.1,Hybrid,2.9,2.2,4.8,7.2,True,6.3,1,Senior Career (40-49)
5925,32,Female,Single,PhD,Sales,Sales Development Rep,Associate,6198,9.6,7.9,12.0,Hybrid,5.4,6.5,5.2,6.5,False,4.9,0,Mid Career (30-39)
5926,51,Female,Single,Bachelors,Sales,Sales Manager,Management,11834,7.1,9.9,14.7,Remote,6.9,3.9,6.0,5.2,False,4.8,1,Pre-Retirement (50-64)
5927,21,Male,Married,PhD,Finance,Financial Analyst,Entry Level,3661,12.3,0.0,1.0,Onsite,8.3,6.8,6.2,4.3,False,5.3,0,Early Career (21-29)
5928,21,Female,Single,Masters,Customer Support,Support Specialist,Entry Level,2343,11.4,0.0,1.0,Hybrid,1.7,2.2,8.2,6.7,True,6.3,0,Early Career (21-29)
5930,41,Male,Married,Bachelors,Customer Support,Customer Success Manager,Associate,4103,14.2,4.8,8.5,Remote,3.8,2.5,8.4,9.1,False,6.5,0,Senior Career (40-49)
5931,48,Female,Married,Bachelors,Engineering,Engineering Manager,Senior Level,11078,3.1,7.6,11.3,Onsite,8.7,4.0,7.1,6.7,True,2.1,0,Senior Career (40-49)
5932,47,Female,Single,Bachelors,Sales,Sales Manager,Mid Level,8281,9.4,9.0,21.2,Onsite,8.3,5.9,5.9,5.6,False,8.2,0,Senior Career (40-49)
5933,47,Male,Single,High School,Engineering,Data Engineer,Management,12150,10.5,9.2,13.9,Onsite,7.5,4.9,8.3,5.7,False,2.5,0,Senior Career (40-49)
5934,38,Male,Single,Masters,Customer Support,Support Specialist,Mid Level,6494,13.2,5.8,11.1,Hybrid,17.9,8.6,4.3,2.0,False,7.5,0,Mid Career (30-39)
5935,46,Male,Married,Bachelors,Sales,Sales Manager,Senior Level,7109,4.5,9.5,15.6,Onsite,16.4,6.3,5.0,6.3,False,4.6,1,Senior Career (40-49)
5936,35,Female,Single,Bachelors,Engineering,Data Engineer,Associate,4788,15.6,1.0,6.8,Onsite,8.3,3.7,6.6,6.4,True,2.5,0,Mid Career (30-39)
5937,41,Female,Married,Bachelors,Marketing,Growth Manager,Management,8112,5.5,13.5,21.0,Hybrid,2.1,4.0,5.8,5.8,True,8.3,1,Senior Career (40-49)
5938,44,Male,Married,Bachelors,Customer Support,Customer Success Manager,Mid Level,4388,14.0,4.9,13.8,Hybrid,8.2,3.5,5.7,6.7,False,5.8,1,Senior Career (40-49)
5939,27,Male,Married,Masters,Engineering,Engineering Manager,Associate,6344,11.7,4.6,7.0,Onsite,1.9,2.8,6.2,6.4,True,2.8,0,Early Career (21-29)
5940,43,Male,Single,Bachelors,Sales,Sales Development Rep,Management,11567,11.4,15.4,22.5,Onsite,5.7,2.4,10.0,5.3,False,2.6,0,Senior Career (40-49)
5941,34,Male,Single,Masters,Sales,Sales Development Rep,Mid Level,6321,11.2,4.4,8.6,Hybrid,13.9,5.4,6.4,5.3,True,4.9,0,Mid Career (30-39)
5942,51,Male,Single,Bachelors,Engineering,Engineering Manager,Senior Level,11413,10.9,7.9,15.2,Remote,3.0,3.1,8.6,8.5,True,4.5,0,Pre-Retirement (50-64)
5943,51,Male,Single,Bachelors,Engineering,Engineering Manager,Mid Level,9389,8.5,10.1,14.6,Onsite,7.5,4.4,6.1,6.8,True,3.7,0,Pre-Retirement (50-64)
5944,31,Male,Single,Masters,Sales,Account Executive,Senior Level,9320,12.3,10.0,10.2,Hybrid,14.9,6.5,7.5,3.1,False,2.7,0,Mid Career (30-39)
5945,38,Female,Married,Bachelors,Research & Development,Product Researcher,Mid Level,8273,8.4,7.4,18.0,Hybrid,9.4,3.1,7.5,6.2,False,3.8,0,Mid Career (30-39)
5946,41,Female,Single,Bachelors,Customer Support,Support Specialist,Management,7509,5.6,10.6,15.0,Hybrid,3.1,2.6,6.0,7.9,False,5.6,0,Senior Career (40-49)
5947,35,Female,Single,Masters,Human Resources,HR Manager,Associate,6528,10.1,4.3,15.0,Hybrid,2.5,3.3,6.6,8.6,False,8.3,0,Mid Career (30-39)
5948,27,Male,Married,Bachelors,Customer Support,Customer Success Manager,Associate,3403,6.8,4.2,7.0,Remote,1.9,4.5,6.2,7.8,True,9.1,1,Early Career (21-29)
5949,30,Male,Single,Bachelors,Human Resources,HR Business Partner,Associate,3817,13.5,6.9,10.0,Hybrid,5.1,2.2,7.8,7.7,False,2.9,0,Mid Career (30-39)
5950,35,Male,Married,Masters,Marketing,Content Strategist,Entry Level,4218,16.9,4.8,13.1,Onsite,10.3,4.7,6.8,4.6,True,8.4,0,Mid Career (30-39)
5951,36,Female,Married,Bachelors,Customer Support,Customer Success Manager,Senior Level,5879,14.8,10.5,16.0,Onsite,7.1,4.5,6.2,6.1,True,6.1,1,Mid Career (30-39)
5952,26,Male,Married,PhD,Customer Support,Support Team Lead,Mid Level,5514,8.9,5.0,6.0,Remote,13.0,5.6,4.2,4.5,False,7.1,0,Early Career (21-29)
5953,30,Male,Divorced,Bachelors,Human Resources,Recruiter,Entry Level,2967,11.6,7.3,10.0,Onsite,2.7,2.2,6.6,8.6,False,3.6,0,Mid Career (30-39)
5954,32,Male,Single,Bachelors,Engineering,Software Engineer,Associate,6793,16.5,5.9,12.0,Onsite,11.9,3.8,6.6,5.2,True,1.8,0,Mid Career (30-39)
5955,33,Male,Married,Bachelors,Human Resources,HR Business Partner,Associate,4340,11.5,8.1,13.0,Hybrid,8.1,4.0,5.8,5.5,True,6.1,0,Mid Career (30-39)
5956,46,Female,Married,Bachelors,Engineering,Software Engineer,Management,17306,15.9,8.5,22.3,Hybrid,6.4,2.3,8.8,5.9,True,3.3,0,Senior Career (40-49)
5957,36,Male,Married,Masters,Research & Development,Research Scientist,Associate,5842,11.2,5.3,8.8,Hybrid,4.1,2.0,8.6,6.8,True,4.5,0,Mid Career (30-39)
5958,55,Female,Single,PhD,Sales,Sales Manager,Management,12950,2.6,14.8,17.5,Onsite,8.6,4.4,5.0,6.1,True,3.7,0,Pre-Retirement (50-64)
5959,38,Male,Single,Bachelors,Finance,Finance Manager,Senior Level,8487,12.9,6.0,6.6,Hybrid,5.6,2.0,10.0,6.1,False,3.3,0,Mid Career (30-39)
5960,40,Male,Single,High School,Sales,Sales Development Rep,Associate,4911,4.0,7.0,17.3,Onsite,6.2,5.8,5.4,6.8,True,4.3,0,Senior Career (40-49)
5961,33,Male,Single,Masters,Marketing,Growth Manager,Mid Level,5662,0.0,9.0,13.0,Remote,2.5,3.4,5.2,6.6,True,5.1,0,Mid Career (30-39)
5962,49,Male,Single,Masters,Research & Development,Research Scientist,Senior Level,9785,14.1,7.9,9.8,Hybrid,3.1,2.7,6.5,7.7,True,2.7,0,Senior Career (40-49)
5963,26,Female,Single,Bachelors,Customer Support,Support Team Lead,Mid Level,5211,17.0,5.0,6.0,Hybrid,2.9,2.4,6.0,7.2,False,6.1,0,Early Career (21-29)
5964,29,Female,Single,Masters,Finance,Finance Manager,Mid Level,6535,11.3,5.3,9.0,Hybrid,12.6,4.3,7.1,5.5,False,3.5,0,Early Career (21-29)
5965,35,Female,Married,Masters,Research & Development,Product Researcher,Associate,6212,9.6,1.5,4.9,Onsite,6.1,3.7,7.8,5.8,False,6.4,0,Mid Career (30-39)
5966,30,Male,Single,Bachelors,Marketing,Marketing Specialist,Mid Level,7120,13.7,7.3,10.0,Remote,2.1,1.3,8.4,8.0,False,4.5,0,Mid Career (30-39)
5967,44,Female,Single,Bachelors,Operations,Program Manager,Mid Level,6583,9.7,5.4,10.3,Hybrid,2.6,4.1,8.2,7.7,False,3.9,0,Senior Career (40-49)
5968,33,Male,Married,Bachelors,Human Resources,HR Manager,Associate,4441,13.3,0.7,5.9,Hybrid,3.0,4.1,6.5,6.5,False,3.5,0,Mid Career (30-39)
5969,40,Male,Married,High School,Human Resources,HR Manager,Management,7073,5.8,9.7,19.7,Remote,9.1,5.5,5.6,6.2,False,3.0,0,Senior Career (40-49)
5970,49,Female,Married,Bachelors,Engineering,Data Engineer,Senior Level,10772,5.3,9.9,17.3,Onsite,6.3,5.3,5.2,6.4,False,4.4,1,Senior Career (40-49)
5971,27,Male,Single,Bachelors,Engineering,Data Engineer,Entry Level,4184,7.0,4.4,7.0,Hybrid,7.4,1.8,8.3,5.7,True,3.5,0,Early Career (21-29)
5972,43,Female,Married,Bachelors,Engineering,Engineering Manager,Mid Level,7511,12.1,6.3,10.7,Hybrid,3.4,3.4,5.6,7.0,True,2.8,0,Senior Career (40-49)
5973,22,Male,Divorced,Masters,Sales,Sales Development Rep,Entry Level,3851,9.2,0.5,2.0,Onsite,9.9,4.5,6.4,3.6,False,5.8,1,Early Career (21-29)
5974,35,Male,Divorced,Masters,Engineering,Engineering Manager,Senior Level,11253,5.5,8.0,12.4,Remote,3.6,2.3,7.7,7.3,True,3.4,0,Mid Career (30-39)
5975,31,Male,Married,Masters,Operations,Operations Manager,Associate,5850,10.5,7.3,11.0,Onsite,7.9,4.1,3.4,5.8,False,5.1,0,Mid Career (30-39)
5976,38,Male,Single,Bachelors,Customer Support,Support Specialist,Mid Level,6431,11.2,4.6,11.8,Hybrid,4.4,3.6,7.0,6.3,True,4.6,0,Mid Career (30-39)
5978,48,Female,Single,Masters,Operations,Operations Manager,Senior Level,7161,5.0,10.5,17.7,Remote,1.1,2.9,5.6,9.0,True,3.5,0,Senior Career (40-49)
5979,44,Female,Single,Masters,Customer Support,Customer Success Manager,Mid Level,5600,14.5,4.6,9.4,Hybrid,6.9,6.2,6.1,4.5,True,5.8,1,Senior Career (40-49)
5980,35,Male,Married,High School,Human Resources,HR Business Partner,Senior Level,6525,10.9,5.1,11.9,Onsite,5.0,4.0,6.4,6.3,False,5.9,1,Mid Career (30-39)
5981,49,Female,Single,Masters,Research & Development,Research Scientist,Management,14660,10.3,10.2,15.2,Hybrid,8.1,3.5,7.4,7.2,False,3.0,0,Senior Career (40-49)
5982,43,Female,Single,Bachelors,Customer Support,Support Specialist,Mid Level,4397,8.9,6.9,11.7,Onsite,21.9,10.0,4.3,3.2,False,5.1,1,Senior Career (40-49)
5983,44,Male,Single,Masters,Engineering,Data Engineer,Mid Level,9433,9.0,9.0,10.2,Hybrid,6.1,3.7,8.1,6.0,True,4.9,0,Senior Career (40-49)
5984,30,Female,Married,Bachelors,Human Resources,HR Business Partner,Associate,3710,14.7,7.8,10.0,Onsite,11.7,2.8,7.2,4.8,True,2.1,0,Mid Career (30-39)
5985,52,Male,Single,Bachelors,Research & Development,Research Scientist,Management,8262,10.2,9.1,13.5,Hybrid,7.0,2.6,7.2,6.5,True,1.0,0,Pre-Retirement (50-64)
5986,37,Female,Married,High School,Operations,Program Manager,Senior Level,6401,4.4,7.7,17.0,Onsite,6.0,5.8,5.4,7.6,False,5.4,1,Mid Career (30-39)
5987,34,Male,Married,High School,Engineering,Software Engineer,Entry Level,3103,11.7,2.6,6.8,Onsite,7.9,6.3,5.6,4.7,True,4.4,0,Mid Career (30-39)
5988,38,Male,Married,PhD,Finance,Finance Manager,Senior Level,9780,4.6,7.5,11.2,Onsite,7.9,3.4,5.9,6.2,True,5.6,1,Mid Career (30-39)
5989,38,Male,Married,Bachelors,Sales,Sales Development Rep,Mid Level,8454,7.5,4.5,11.3,Hybrid,4.6,4.0,6.5,6.2,False,4.1,0,Mid Career (30-39)
5990,42,Female,Single,Bachelors,Engineering,Data Engineer,Management,16075,10.6,9.5,15.9,Hybrid,1.5,4.0,6.5,6.8,True,2.7,0,Senior Career (40-49)
5991,25,Male,Single,Masters,Operations,Operations Analyst,Entry Level,3349,6.0,4.0,5.0,Remote,7.2,4.4,5.2,7.7,True,1.9,0,Early Career (21-29)
5992,34,Female,Married,Masters,Engineering,Data Engineer,Senior Level,10085,8.7,7.3,13.7,Hybrid,9.0,3.9,8.3,5.9,True,4.3,0,Mid Career (30-39)
5993,48,Female,Married,Bachelors,Operations,Operations Manager,Senior Level,7441,12.7,6.5,10.4,Onsite,8.2,3.2,5.0,7.3,True,3.7,0,Senior Career (40-49)
5994,31,Female,Married,Bachelors,Sales,Account Executive,Mid Level,5622,8.4,10.0,11.0,Hybrid,8.1,3.0,6.5,7.7,True,6.4,0,Mid Career (30-39)
5995,41,Male,Married,Masters,Marketing,Content Strategist,Management,9295,12.0,13.2,19.9,Hybrid,5.8,4.9,7.1,5.2,True,3.3,1,Senior Career (40-49)
5996,40,Male,Married,Masters,Engineering,Engineering Manager,Senior Level,13662,9.5,8.4,16.4,Onsite,12.3,6.0,6.5,4.4,True,4.6,1,Senior Career (40-49)
5997,45,Male,Single,Bachelors,Sales,Account Executive,Mid Level,7353,9.6,5.0,12.9,Onsite,4.0,5.6,5.4,5.8,True,4.3,0,Senior Career (40-49)
5998,33,Male,Married,Masters,Research & Development,Product Researcher,Entry Level,3746,7.3,2.3,11.5,Remote,3.0,2.0,5.0,8.5,False,4.8,0,Mid Career (30-39)
5999,36,Female,Married,Masters,Finance,Finance Manager,Senior Level,9430,10.2,9.9,15.3,Remote,6.8,2.4,5.9,8.2,False,4.5,0,Mid Career (30-39)
6000,55,Male,Married,Bachelors,Customer Support,Support Specialist,Senior Level,6583,13.3,10.5,17.0,Onsite,21.6,8.0,5.3,5.4,True,9.8,1,Pre-Retirement (50-64)
