employee_id,age,gender,marital_status,education_level,department,job_role,job_level,monthly_income,salary_hike_pct,years_at_company,total_working_years,years_since_promotion,num_prior_companies,work_mode,overtime_hours_per_week,business_travel_days_per_year,burnout_score,engagement_score,work_life_balance_score,performance_rating,last_review_score,uses_ai_tools_at_work,perceived_ai_job_risk,attrition
1001,37,Male,Divorced,Masters,Engineering,Engineering Manager,3,7365,14.1,7.3,15.9,1.5,3,Remote,2.4,6,1,9.7,7.7,3,8.3,TRUE,4.8,No
1002,24,Female,Married,Bachelors,Finance,Finance Manager,2,4746,7.9,3,4,2.5,3,Onsite,4.1,5,1.9,5.4,7.8,3,8,TRUE,2.9,Yes
1003,24,Female,Single,Bachelors,Marketing,Marketing Specialist,1,2740,12.8,3,4,1.3,3,Hybrid,3.3,7,5.3,6.5,7,4,9.5,TRUE,7.2,No
1004,44,Male,Single,Bachelors,Sales,Sales Manager,4,7334,12.8,9.2,12.5,0.5,0,Hybrid,12,21,4.3,7.3,3.5,4,7.9,FALSE,5.2,No
1005,37,Female,Divorced,Bachelors,Sales,Sales Development Rep,3,9096,10.6,4.9,10.5,0.2,0,Hybrid,4.9,20,2.3,7,7.2,4,8.5,FALSE,6.4,No
1006,25,Male,Married,Bachelors,Customer Support,Support Specialist,2,4052,11.4,1.7,5,1.2,1,Remote,8.9,10,4.5,8.2,7,4,7.9,TRUE,7.3,No
1007,47,Female,Divorced,PhD,Customer Support,Support Specialist,3,5097,12.1,1.4,9.8,1.1,3,Hybrid,7.2,5,3.8,6.2,6.9,4,7.5,FALSE,7.9,No
1008,63,Male,Single,Bachelors,Engineering,QA Engineer,5,12673,6.6,16.7,23.2,0,2,Onsite,5.4,3,5.5,7.2,7,4,10,TRUE,3.7,No
1009,35,Female,Single,Bachelors,Finance,Accountant,2,4343,5.5,1.3,11.3,1.3,3,Remote,9,10,5.1,7.5,5.7,3,9.5,TRUE,4.8,No
1010,33,Female,Single,Bachelors,Sales,Sales Development Rep,2,5345,15,7.1,12,0.7,0,Hybrid,8.3,16,2.3,9.1,6.3,4,8.8,FALSE,5.5,No
1011,31,Male,Single,Bachelors,Research & Development,Research Scientist,2,6291,7.7,5.9,11,0,2,Hybrid,1.7,1,3.8,4.7,7.3,3,5.8,FALSE,5.6,No
1012,39,Male,Married,Bachelors,Customer Support,Customer Success Manager,3,3730,13.1,6.5,17,0.6,5,Onsite,9.9,6,6.3,5.1,4.7,4,10,TRUE,8.5,No
1013,24,Female,Divorced,Masters,Finance,Accountant,1,3549,10.9,0,0.1,0,1,Remote,2.1,5,4,7,7.6,4,9.6,TRUE,5.1,No
1014,22,Female,Single,High School,Operations,Program Manager,2,4388,15.3,1,2,1,3,Hybrid,0.9,19,1.6,7.7,7.9,4,7.7,FALSE,2.8,No
1015,21,Female,Married,Bachelors,Marketing,Growth Manager,3,5310,10.8,0,1,0,2,Hybrid,13.2,7,4,6.1,4.4,4,10,TRUE,4.5,No
1016,21,Female,Single,Masters,Customer Support,Support Specialist,2,3541,11.1,0,1,0,3,Hybrid,5.2,5,4.9,6.2,6.8,3,7.2,FALSE,7.3,No
1017,33,Male,Single,Bachelors,Marketing,Content Strategist,3,7168,5.2,9,13,1.9,4,Hybrid,6.9,4,3.3,6.9,6.2,3,7.2,FALSE,4,No
1018,37,Male,Married,Masters,Sales,Sales Development Rep,3,7579,13.1,4.3,6.8,0,0,Hybrid,6.9,19,4.2,7.6,5.9,3,7.1,TRUE,6.1,No
1019,42,Male,Single,Bachelors,Engineering,Engineering Manager,4,9198,14.9,10.8,15.9,1.8,1,Hybrid,10.1,6,4.8,6.9,4.9,4,9.5,FALSE,1,Yes
1020,51,Female,Single,High School,Engineering,Software Engineer,5,11277,14.8,10,20.9,0.4,5,Remote,7.3,2,1.9,9.3,7.5,3,8,FALSE,2.1,No
1021,29,Male,Single,Bachelors,Marketing,Marketing Specialist,1,2897,14.2,6.6,9,2,1,Remote,8.1,7,4.1,7.6,6.4,4,7.2,TRUE,3.6,No
1022,38,Male,Married,Masters,Sales,Sales Manager,4,9683,11.3,13.3,18,3.6,3,Onsite,3.1,24,2.7,6.9,7.1,4,10,FALSE,6.5,No
1023,36,Male,Single,PhD,Operations,Program Manager,3,8419,10.7,11.6,16,2.7,1,Remote,4.9,20,3.6,6.5,5.6,4,6.9,FALSE,6,No
1024,26,Male,Married,PhD,Engineering,Data Engineer,1,4368,12.6,3.9,6,3.9,0,Remote,6.3,8,2.8,9.2,7.6,5,8.1,FALSE,3.9,No
1025,28,Male,Single,Masters,Marketing,Marketing Specialist,2,6096,11.8,5.5,8,0.7,1,Remote,5,8,2.8,6.6,8.9,4,9.7,TRUE,6.3,No
1026,40,Female,Married,Bachelors,Sales,Sales Manager,4,10168,17.4,8.8,12.7,1.1,1,Onsite,7.5,22,1.7,7.3,7.4,4,9.8,FALSE,4.8,No
1027,31,Female,Married,Bachelors,Engineering,Engineering Manager,3,7961,15.7,3.1,7.7,1.9,0,Remote,2.4,4,1.6,7.1,7.6,5,9.4,TRUE,3.5,No
1028,31,Male,Divorced,Bachelors,Finance,Financial Analyst,1,3575,12.3,5.7,11,3,4,Onsite,4.4,7,6.7,5.2,2.9,3,7.7,TRUE,7.4,Yes
1029,33,Male,Married,Bachelors,Sales,Account Executive,3,6436,17.6,1.9,9.4,0,3,Hybrid,4.8,29,3.9,8.5,5.7,4,9.6,TRUE,5.3,Yes
1030,21,Female,Divorced,Bachelors,Sales,Sales Development Rep,1,2527,15.7,0,1,0,2,Hybrid,5.4,24,4.3,5.1,6.5,4,7.8,FALSE,4.8,No
1031,39,Female,Married,High School,Engineering,QA Engineer,3,7757,10.7,5.9,11,5.9,1,Onsite,12.5,9,4.6,3.8,4.1,3,8.9,TRUE,5.2,No
1032,36,Female,Divorced,Bachelors,Customer Support,Support Specialist,3,5823,9.3,5.1,16,2.7,4,Hybrid,4,2,4.9,7.6,4.8,4,7.6,FALSE,5.1,Yes
1033,31,Male,Single,PhD,Customer Support,Support Team Lead,3,5579,8,10,11,1.5,2,Onsite,8.5,7,4.4,7.5,3.9,3,8.4,FALSE,6.9,No
1034,44,Male,Married,Bachelors,Finance,Financial Analyst,3,6331,9.6,5,12.3,5,2,Onsite,3.8,5,3.3,6.5,6.6,3,8.6,TRUE,6.6,No
1035,27,Female,Single,High School,Sales,Account Executive,2,3956,8.3,6,7,4.4,1,Hybrid,8.6,19,4.5,7.3,7.8,3,6.7,TRUE,7,No
1036,37,Female,Single,High School,Research & Development,Research Scientist,3,5225,13.4,6,12.8,0.3,1,Onsite,11,5,5.9,4.9,4.9,4,8.5,FALSE,3.9,Yes
1037,32,Female,Married,Masters,Human Resources,HR Business Partner,2,5769,12.8,7.8,12,1.5,0,Hybrid,5.3,4,3.8,5.1,6.1,3,6.6,TRUE,7.8,No
1038,39,Female,Divorced,Bachelors,Sales,Account Executive,2,6589,7.9,3.5,18,3.5,5,Onsite,24.8,27,8,4.7,2.7,3,8,TRUE,3.3,Yes
1039,25,Female,Married,Bachelors,Customer Support,Support Specialist,2,4496,14.4,4,5,1.7,3,Remote,2.7,4,1,7.5,7,3,7.4,FALSE,3.8,No
1040,37,Female,Single,PhD,Sales,Account Executive,3,8641,11.8,5.3,15.3,1.4,2,Hybrid,8.2,21,4.3,5.1,5.4,3,8.2,TRUE,7.4,No
1041,35,Male,Married,Masters,Operations,Program Manager,2,4762,8.1,2.9,12.9,1.2,3,Hybrid,1.7,24,1.1,8.3,6.4,4,8.7,FALSE,1.5,No
1042,36,Female,Single,Masters,Sales,Sales Development Rep,2,6301,10.1,4.3,12.2,3.2,2,Onsite,8.5,31,4.5,6.3,4.7,3,6.6,FALSE,6.4,No
1043,33,Female,Divorced,PhD,Engineering,Engineering Manager,5,10248,5.5,12,13,4,2,Hybrid,11.3,6,5.7,3.7,4.3,3,7.3,FALSE,3.1,Yes
1044,30,Male,Married,Bachelors,Operations,Program Manager,2,3807,10.4,2,6.8,2,0,Hybrid,7.9,17,4.5,7.3,6.8,4,10,FALSE,3.9,No
1045,35,Male,Married,Bachelors,Engineering,Engineering Manager,2,5780,5.5,11,15,3.1,3,Remote,5.3,7,4.4,6.7,5,3,7.1,FALSE,4.9,No
1046,25,Female,Single,Masters,Marketing,Marketing Specialist,4,10199,9.2,4,5,2.3,2,Remote,3.1,5,5.6,5.1,6.8,4,8.9,FALSE,6.2,No
1047,46,Male,Married,Masters,Finance,Financial Analyst,4,8535,12.6,5,17.3,3.9,5,Onsite,7.2,5,3.5,7.2,5.4,3,8,TRUE,4,No
1048,29,Non-binary,Married,Bachelors,Engineering,Software Engineer,2,5101,6.3,5.8,8.6,5.8,0,Hybrid,2.4,3,2.7,6.1,6.3,4,10,TRUE,4,No
1049,29,Female,Divorced,Bachelors,Operations,Operations Manager,3,6541,8.7,7.3,9,1.4,0,Remote,4,19,2.6,7.8,7.8,4,8.3,TRUE,7.1,No
1050,64,Male,Single,Bachelors,Human Resources,HR Business Partner,5,9537,11.7,12.4,15.9,0.9,1,Onsite,9.8,3,5.2,8.1,3.4,4,9.5,FALSE,4,No
1051,43,Male,Single,Masters,Finance,Accountant,3,9970,14.2,9.2,12.5,0.9,1,Remote,6.1,4,3.6,5.8,7.6,4,10,TRUE,5.3,No
1052,41,Female,Single,PhD,Sales,Sales Manager,2,5598,11.7,5.1,14.1,0.8,3,Onsite,13.5,26,6.3,6.1,5.1,3,8.4,FALSE,6,Yes
1053,52,Female,Married,High School,Sales,Account Executive,5,9619,11.6,15.5,23.9,3.3,3,Onsite,9.4,30,6.1,4.7,5.7,3,8.9,TRUE,5.3,No
1054,40,Male,Married,PhD,Marketing,Marketing Specialist,1,3818,14.7,7.6,11.2,2.1,2,Hybrid,1.8,6,4.8,6.1,7.1,4,8.4,TRUE,9,No
1055,31,Female,Single,Bachelors,Marketing,Content Strategist,1,3352,8.9,3.3,11,1.9,2,Onsite,5.6,7,3.9,7.2,5.6,4,7,FALSE,6.1,No
1056,29,Male,Single,Bachelors,Operations,Operations Manager,3,5951,8.2,4,8.5,3.3,2,Onsite,2,15,2.4,6,7.9,3,7.2,TRUE,6,No
1057,52,Male,Married,Bachelors,Human Resources,HR Business Partner,5,11329,8.1,11.6,22.1,2.6,4,Remote,3,6,2.6,6.1,8.3,4,8.6,FALSE,5.7,Yes
1058,30,Male,Married,Bachelors,Sales,Sales Development Rep,1,5383,11.7,5.5,7.4,0.6,1,Hybrid,5.6,15,5.2,6.9,5.7,4,9.9,TRUE,4.8,No
1059,30,Male,Single,Bachelors,Engineering,Engineering Manager,3,9308,10.1,9,10,4.3,0,Onsite,6.9,8,5.1,5.2,6,3,9.3,TRUE,1,No
1060,29,Female,Married,Bachelors,Customer Support,Customer Success Manager,3,6196,15.6,6.1,9,1.8,3,Onsite,2.5,7,4,4.4,6.1,4,9.3,TRUE,4.4,Yes
1061,35,Male,Married,Bachelors,Marketing,Content Strategist,5,8120,15.4,12.4,15,0.8,1,Hybrid,7.4,4,2.1,8.7,5.5,4,9.2,FALSE,5.8,No
1062,45,Female,Single,Masters,Sales,Sales Manager,3,6498,5.2,3.5,6.9,3,1,Onsite,7.4,16,7.7,4.2,4.4,4,7,TRUE,6.5,Yes
1063,48,Male,Single,Bachelors,Marketing,Content Strategist,5,9579,10.3,12.6,21,3,3,Onsite,5.5,7,6.3,7,7,3,8.4,TRUE,2.3,No
1064,38,Female,Married,Masters,Engineering,Engineering Manager,3,8541,11.6,8.1,15.6,3.1,2,Onsite,0.5,4,2.5,8.4,7.1,5,7.5,TRUE,4.8,No
1065,50,Male,Single,Bachelors,Customer Support,Support Specialist,5,12697,11.5,10.1,21.3,5.7,3,Hybrid,5.1,9,4.8,6.6,6.5,4,7.3,FALSE,5.1,No
1066,34,Female,Married,Masters,Research & Development,Product Researcher,1,5289,18.1,2,14,1.1,7,Onsite,4.8,4,5,4.9,7.2,3,7.7,TRUE,2.9,No
1067,26,Female,Married,High School,Engineering,QA Engineer,1,3363,12.3,5,6,2.2,3,Hybrid,10.3,4,4.2,5,5.8,5,8.5,TRUE,6.3,Yes
1068,29,Male,Single,Masters,Sales,Sales Development Rep,2,5712,11,4.6,8.3,2.5,1,Hybrid,4.5,19,4.3,6,5.9,4,9.2,FALSE,3.8,No
1069,47,Prefer not to say,Married,Masters,Operations,Program Manager,4,7021,10.3,10.8,18.4,1.7,3,Onsite,1.8,28,1.6,8.4,8.2,4,7.6,FALSE,2.5,No
1070,43,Male,Single,Bachelors,Sales,Account Executive,5,9332,13.9,12.5,20.2,2,2,Remote,9.6,28,2.4,7.9,5.9,5,8.1,FALSE,5.8,No
1071,40,Female,Single,Masters,Human Resources,HR Business Partner,1,3325,13.3,1.7,8.4,0.2,2,Hybrid,4.2,4,5.2,6.6,5.4,3,8.7,TRUE,5.6,No
1072,35,Female,Married,Masters,Sales,Account Executive,2,4756,9.5,3.7,12.4,3,3,Remote,3.9,21,5,6.1,6.1,4,8.3,FALSE,7.5,No
1073,37,Female,Single,Bachelors,Operations,Operations Manager,4,8897,13.2,6.8,17,1.1,5,Onsite,6.2,21,6,6.1,6.1,4,9.7,FALSE,4.2,Yes
1074,43,Male,Married,Masters,Research & Development,Product Researcher,3,9069,5.7,8.5,12.5,4.6,2,Hybrid,5.6,5,2.5,5.6,5.4,3,7,TRUE,2.7,No
1075,46,Male,Divorced,Bachelors,Customer Support,Support Specialist,4,7096,3.9,9.8,14.9,4.1,2,Hybrid,9.1,5,4.7,7.7,4.7,4,8,FALSE,5.8,No
1076,35,Male,Single,Bachelors,Finance,Finance Manager,2,5215,16.9,2.8,5.9,2.8,1,Remote,8.6,2,2.4,7.8,7.3,4,9.9,TRUE,4.3,No
1077,27,Female,Married,Bachelors,Engineering,Data Engineer,2,6495,14.4,6,7,2.1,3,Hybrid,6.2,6,2.3,5.9,6.4,3,10,FALSE,3.8,No
1078,21,Male,Single,Masters,Research & Development,Research Scientist,1,3873,16.4,0,1,0,0,Onsite,12.2,6,6.2,7.6,4.8,4,7.2,FALSE,3.8,No
1079,42,Female,Single,Masters,Engineering,Engineering Manager,5,11165,9.8,8.4,13.5,5.6,1,Hybrid,22.7,8,6.7,5.6,3.1,3,6.9,TRUE,4.3,Yes
1080,35,Female,Married,Bachelors,Sales,Sales Manager,3,6347,14.8,8.2,11.4,0.2,1,Onsite,6.7,25,4.5,6.6,5.6,4,6.2,TRUE,1.3,No
1081,33,Male,Married,PhD,Sales,Sales Manager,5,11339,12.5,11.1,13,3,2,Hybrid,10.8,22,5.2,5.8,4.8,3,10,TRUE,4.4,Yes
1082,44,Male,Married,Masters,Operations,Program Manager,4,8893,3.1,7.4,13.9,5.1,2,Onsite,5.4,27,5,5.8,5.4,3,8.8,TRUE,4.7,No
1083,35,Male,Divorced,Bachelors,Marketing,Growth Manager,3,6614,9.2,10.8,15,2.3,1,Hybrid,8.6,6,2.6,8.4,5.8,5,9,FALSE,4.9,No
1084,57,Female,Single,Masters,Engineering,Engineering Manager,4,12361,16.5,5.2,11,0.1,1,Hybrid,6,4,5,6,4.3,4,7.1,FALSE,5.3,Yes
1085,48,Female,Single,Masters,Engineering,QA Engineer,4,12428,14.8,11.3,13.6,0.6,0,Hybrid,2.9,7,2.9,6.6,6.2,3,8.5,FALSE,1,No
1086,40,Male,Married,Masters,Finance,Finance Manager,5,8059,10.2,7.8,18.3,2.4,1,Onsite,1,5,1,7.9,8.3,4,9.6,FALSE,6.1,No
1087,27,Male,Married,Masters,Marketing,Growth Manager,2,3701,10.8,3.1,7,1.9,2,Hybrid,3.2,10,3.4,8.2,7.1,4,7.8,TRUE,4.9,No
1088,49,Male,Single,Masters,Finance,Financial Analyst,4,9639,14.7,8.7,15.2,1.8,2,Remote,2.3,8,3.8,4.1,6.9,3,7.1,FALSE,7.3,No
1089,41,Female,Married,PhD,Human Resources,HR Manager,4,7759,10.4,11.5,18.2,0.3,2,Hybrid,3.4,4,3.4,9.5,6.2,4,6.3,FALSE,3.1,No
1090,43,Female,Married,PhD,Customer Support,Support Team Lead,4,7316,10.6,8,12.9,2.8,2,Hybrid,25.1,5,8.1,5.4,1.7,3,8.6,TRUE,7.8,Yes
1091,35,Female,Married,Masters,Customer Support,Support Team Lead,3,4834,13.4,11.4,14,1.4,1,Hybrid,6.3,9,3.4,8.1,7,3,7.3,TRUE,5.6,No
1092,42,Female,Divorced,Masters,Engineering,Engineering Manager,3,12827,12.8,6.1,16.1,3.6,3,Hybrid,6.8,6,4.8,6.1,5.8,4,7,TRUE,6.6,No
1093,39,Female,Single,Bachelors,Research & Development,R&D Manager,5,11271,13.6,9.5,16.2,1.2,3,Hybrid,2.4,4,2.5,8.3,7.6,4,10,FALSE,2.2,No
1094,37,Male,Single,Masters,Operations,Operations Analyst,2,5487,12.2,4.6,11.1,0,3,Remote,9.2,20,5.2,6,5.5,3,7.3,TRUE,5.4,No
1095,44,Male,Married,PhD,Finance,Accountant,3,7478,4,9.6,14.6,6.8,1,Onsite,2.8,6,3.6,7.1,6.4,3,7.5,TRUE,4.4,No
1096,45,Female,Divorced,Bachelors,Finance,Accountant,4,10479,14.1,7.4,20.8,1.6,4,Hybrid,1,4,2.6,7.2,7,4,8.5,TRUE,6.9,No
1097,42,Male,Married,Bachelors,Human Resources,HR Business Partner,3,9517,12.1,9,17.7,3.3,3,Remote,12.9,8,5.8,5.2,5.1,4,10,FALSE,5.4,No
1098,39,Male,Single,Bachelors,Customer Support,Customer Success Manager,2,3845,11.5,0,5,0,1,Onsite,8.4,7,5.2,6.2,5.5,3,7.3,FALSE,7.3,No
1099,43,Male,Single,Bachelors,Engineering,Software Engineer,3,8786,7.6,9.1,13.6,2.5,0,Onsite,10.6,3,3.4,7,5.9,4,7.8,TRUE,4.2,No
1100,40,Female,Single,Bachelors,Finance,Accountant,3,6843,8.3,7.2,16,1.9,2,Onsite,3.8,3,4.2,6.1,5.6,4,10,FALSE,6.5,No
1101,39,Female,Single,Masters,Customer Support,Customer Success Manager,4,6896,11.3,7.1,11.1,3.1,1,Onsite,8.8,8,4.2,5.2,6.1,3,8.3,FALSE,6.3,No
1102,34,Female,Married,Bachelors,Engineering,Engineering Manager,3,8610,5.9,5.5,11.9,2.4,1,Onsite,12.3,4,5.7,5.3,2.8,3,7.3,FALSE,3.4,Yes
1103,46,Male,Single,High School,Finance,Accountant,3,5311,11.5,7.9,12,3.5,2,Onsite,7.2,12,5.1,5.7,4.5,4,9.9,TRUE,4.6,No
1104,29,Female,Married,Bachelors,Sales,Account Executive,2,3939,5.5,6.1,9,1.8,1,Remote,12,23,4.7,6.2,2.6,4,8.9,FALSE,5.8,Yes
1105,33,Female,Married,Bachelors,Operations,Operations Analyst,2,3870,12,2.1,6.1,2.1,2,Onsite,2.5,23,5.1,5.1,5.2,3,7.8,FALSE,4.3,Yes
1106,38,Female,Married,High School,Engineering,Engineering Manager,3,7278,5,10.2,18,1.9,4,Hybrid,11.4,7,3.1,6.4,5.4,4,10,TRUE,3.2,No
1107,21,Male,Married,Bachelors,Finance,Financial Analyst,1,3319,16,0,1,0,4,Onsite,3,2,2.4,9.1,6.3,4,8,FALSE,1.5,No
1108,42,Male,Married,Bachelors,Customer Support,Support Specialist,5,7559,13.6,5.7,13.9,2.3,2,Hybrid,4.9,4,4.4,5.9,5.8,4,7.5,TRUE,6.5,Yes
1109,25,Male,Single,Bachelors,Finance,Accountant,2,6063,14,4,5,1.1,3,Hybrid,6.9,5,3,8.8,6.5,4,9.9,TRUE,5.5,No
1110,45,Male,Married,High School,Sales,Account Executive,5,8192,1.1,8.5,10.2,8.2,1,Hybrid,7.9,23,4.7,4.7,3.7,3,9.2,FALSE,5.2,No
1111,21,Male,Single,Masters,Finance,Financial Analyst,2,5479,13.2,0,1,0,2,Hybrid,1.6,3,2.5,8.7,7.1,4,7,FALSE,9.3,No
1112,43,Male,Married,Masters,Sales,Sales Manager,5,15173,12.2,12.3,17.4,3.3,0,Onsite,6.7,21,5.3,6.8,7.1,4,9.8,FALSE,3.3,No
1113,35,Male,Single,Bachelors,Operations,Program Manager,3,6494,4.7,3.2,7.7,1.4,1,Hybrid,10.3,25,5.9,4.4,3.7,4,8.2,TRUE,6,Yes
1114,31,Female,Married,Masters,Engineering,Data Engineer,3,9305,10.2,3.9,3.9,3.9,0,Hybrid,7.5,5,3.7,6,6.7,3,6,TRUE,1,No
1115,39,Female,Single,Masters,Engineering,QA Engineer,2,8979,9.6,9.7,14.4,4.6,0,Onsite,3.5,9,3.2,6.1,6.5,4,8.9,TRUE,2.6,No
1116,40,Female,Single,Bachelors,Engineering,Engineering Manager,5,11176,19.1,14.7,19.4,0,1,Onsite,4.8,7,4.3,8.9,6.4,4,6.3,FALSE,1,No
1117,43,Female,Married,Bachelors,Engineering,Data Engineer,3,7478,10.8,8.2,13.7,5.3,2,Hybrid,7,6,4.4,6,5.5,2,7,TRUE,4.7,Yes
1118,30,Female,Single,Masters,Human Resources,HR Business Partner,1,3953,6.6,5.8,10,2.7,2,Remote,4.6,7,2.4,6.1,8.2,3,5.8,FALSE,6,No
1119,43,Male,Single,Bachelors,Engineering,Engineering Manager,4,10662,12.4,7.1,8.4,5.1,0,Onsite,2.8,5,3.3,4.8,6.9,3,8.6,TRUE,2.1,Yes
1120,30,Female,Married,Bachelors,Marketing,Marketing Specialist,2,4192,10.1,0.5,7.1,0.5,2,Onsite,6.6,7,3.9,6.2,5.7,5,8.5,FALSE,7.8,No
1121,42,Male,Married,Bachelors,Finance,Accountant,4,9607,5.6,9.8,17.1,5.7,3,Hybrid,2.1,8,3.2,8.1,6.7,4,8.4,FALSE,4,No
1122,39,Female,Married,Masters,Customer Support,Customer Success Manager,5,10670,12.1,9.5,15.8,1.7,1,Hybrid,4.7,7,4.3,4.7,6.5,3,8.2,FALSE,5.7,No
1123,38,Female,Married,Bachelors,Sales,Sales Development Rep,4,8566,14.8,11.2,18,0.2,4,Onsite,3.3,17,5.7,6.2,6.3,4,9.8,FALSE,4.6,Yes
1124,34,Female,Married,Bachelors,Sales,Sales Manager,2,5469,11.3,6.3,12.4,0.1,1,Hybrid,9.3,19,4.2,4.8,5,3,7.9,FALSE,4.4,No
1125,43,Male,Single,Bachelors,Sales,Sales Manager,4,8986,12.1,7.2,14.3,3.3,1,Remote,8.2,25,3.9,7.4,6.7,3,8.3,FALSE,5.2,No
1126,24,Male,Divorced,Bachelors,Engineering,Data Engineer,1,4196,12.4,1.1,4,0.2,1,Onsite,1.9,3,4.7,8.7,4.5,4,8,FALSE,4.9,No
1127,41,Male,Married,PhD,Operations,Operations Analyst,4,9124,14.1,11.5,12.9,0.3,1,Hybrid,6.9,23,4.9,4.4,4.9,3,7.9,TRUE,3.5,No
1128,44,Female,Married,Bachelors,Customer Support,Support Specialist,5,8141,11.4,13.3,22.7,2.3,4,Onsite,8.1,3,5.4,5.1,5.2,3,7.3,FALSE,6.1,No
1129,41,Female,Single,Masters,Marketing,Marketing Specialist,4,6582,8.4,7.1,11.9,4.4,3,Remote,6.6,5,2.8,4.1,6.4,3,5.6,TRUE,5.3,No
1130,36,Female,Divorced,High School,Human Resources,Recruiter,3,6671,14.8,8.4,11.7,0.5,1,Onsite,5.5,7,5.9,6.4,8,3,8.2,TRUE,3.8,No
1131,24,Male,Married,Bachelors,Research & Development,Research Scientist,2,4909,8.9,3,4,3,0,Hybrid,2.2,9,3.1,9.3,5.9,3,8.9,TRUE,4.7,No
1132,50,Male,Married,PhD,Operations,Program Manager,5,11279,15.6,7.8,15.7,2.1,3,Onsite,3.5,19,2.9,7.5,7.2,4,7.1,FALSE,4,No
1133,42,Male,Married,Masters,Operations,Operations Manager,5,10354,11.7,3.1,4.4,1.7,1,Onsite,9.4,25,4.5,8,4.8,4,10,TRUE,3.4,No
1134,41,Male,Married,Masters,Customer Support,Customer Success Manager,3,6242,9.3,3.5,11.3,2.3,2,Hybrid,17.7,5,7.4,7,3.1,3,10,TRUE,6.9,No
1135,25,Male,Divorced,Bachelors,Engineering,QA Engineer,2,6165,7.9,4,5,4,1,Onsite,5.2,6,5.7,5.3,6.4,3,6.2,FALSE,3.9,No
1136,50,Female,Single,Masters,Finance,Finance Manager,4,7185,15.3,6.4,10.7,1.9,2,Hybrid,6.5,7,4,5.8,5,4,8.4,TRUE,4.7,Yes
1137,27,Female,Divorced,Bachelors,Operations,Operations Analyst,2,3892,13.1,1.7,6.5,1.7,1,Onsite,3.3,23,3.6,6.4,7.3,4,10,TRUE,5.1,No
1138,36,Male,Divorced,High School,Customer Support,Support Team Lead,3,4670,11.2,8.1,14.2,1.2,1,Remote,8.2,4,3,7.9,6.3,4,9.2,TRUE,8.1,No
1139,31,Male,Married,Bachelors,Sales,Sales Manager,2,6297,8.1,6.5,11,1.9,1,Remote,9.8,22,4.7,8.1,6.6,2,7.7,FALSE,5.8,No
1140,35,Female,Married,Masters,Operations,Operations Manager,5,9549,14.8,10.9,15,1.2,3,Onsite,7.2,20,4.3,8.3,6.3,4,9.2,TRUE,5.9,No
1141,53,Female,Single,Bachelors,Finance,Accountant,4,10569,17.2,9.8,15.7,1,1,Onsite,12.2,6,6.5,6.2,4.6,3,7.8,FALSE,1,No
1142,35,Male,Single,Bachelors,Sales,Account Executive,3,7016,9.5,6.8,8.4,1.2,0,Hybrid,15.3,19,6,4.2,5.2,4,8.3,TRUE,5.9,Yes
1143,52,Male,Single,PhD,Engineering,QA Engineer,3,12064,12.9,9.3,13.6,0.9,2,Hybrid,18,9,5.3,6.8,5.5,4,7.5,TRUE,2,No
1144,39,Female,Married,High School,Sales,Sales Development Rep,2,4599,12.9,3.7,4.6,1.7,1,Onsite,11.9,22,4.9,6.8,3.7,3,10,TRUE,4.2,No
1145,39,Male,Married,Bachelors,Research & Development,Product Researcher,2,6466,17.7,1.8,7.6,0.7,1,Onsite,11.8,4,5.6,6.6,4.8,3,7.9,TRUE,5.5,No
1146,21,Male,Married,Bachelors,Engineering,Data Engineer,1,4231,12.1,0,1,0,1,Hybrid,10.2,2,3.7,7,5.5,4,8.2,TRUE,4,No
1147,47,Male,Married,Masters,Engineering,Software Engineer,4,10244,8.4,4.7,11.1,4.7,1,Remote,2,5,2.5,7.2,6.8,4,8.6,TRUE,2.2,No
1148,26,Female,Married,Bachelors,Sales,Account Executive,3,7102,13.2,2.9,6,1.5,3,Onsite,12.5,18,2.1,8.7,6.1,4,6.1,TRUE,2.7,No
1149,39,Female,Single,Masters,Engineering,Software Engineer,3,6894,14,10.2,16.3,1.2,1,Onsite,7.7,6,2.3,7.2,5.6,4,8.8,TRUE,3.3,No
1150,30,Female,Single,Bachelors,Engineering,Software Engineer,2,6487,8.7,7,10,2.6,0,Onsite,0.9,11,3.6,5.5,7.5,3,7.2,TRUE,3.3,No
1151,44,Male,Single,Bachelors,Customer Support,Support Team Lead,5,6915,2.1,9.6,14.6,4.2,2,Hybrid,9.2,5,5.2,4.4,4.9,3,5.8,FALSE,5.7,No
1152,27,Male,Divorced,PhD,Sales,Account Executive,2,6933,13.2,4.4,7,1,1,Onsite,6.7,33,3.3,8,6,3,7.9,FALSE,4.9,No
1153,42,Male,Married,Masters,Finance,Finance Manager,4,9538,11.1,9.2,20.9,4.6,4,Hybrid,8.3,4,4.1,8.5,6.6,4,8.1,FALSE,5.7,No
1154,41,Male,Single,Bachelors,Engineering,Software Engineer,5,11873,16.1,9.8,11.9,2.3,1,Remote,5.2,9,2.1,7.4,8.2,4,6.3,FALSE,3.6,No
1155,38,Male,Single,Masters,Operations,Operations Manager,4,8944,10.1,8.8,12.4,2.7,1,Hybrid,13.4,27,3.7,5.5,5,4,10,TRUE,6.2,Yes
1156,37,Male,Married,Bachelors,Engineering,Engineering Manager,4,13288,16.6,11,14.5,0.6,1,Onsite,1,5,3.6,7.1,7.3,4,7.8,TRUE,3.6,No
1157,38,Male,Single,Bachelors,Operations,Operations Manager,2,4971,7.6,6.1,7,1,1,Onsite,3.9,22,3,6.9,4.6,5,6.4,FALSE,4.4,No
1158,39,Male,Single,Bachelors,Sales,Account Executive,3,6871,12.5,6.7,19,1.6,6,Onsite,5.3,20,3.8,7.3,5.3,4,10,FALSE,8.3,No
1159,45,Male,Married,Bachelors,Engineering,Software Engineer,2,5950,12.1,7.7,9.3,2.4,0,Hybrid,11.8,4,4.2,6.5,5.1,3,6.7,TRUE,6,No
1160,36,Male,Single,Bachelors,Operations,Operations Manager,2,4852,18.2,3.7,8.4,1.6,0,Onsite,1.9,26,4.8,4.9,7,4,8.6,TRUE,2.4,No
1161,42,Male,Married,Masters,Human Resources,HR Manager,5,8978,12.1,12.5,22,3.4,3,Hybrid,2.5,5,2.8,8.1,6.5,4,9.3,TRUE,1,No
1162,38,Female,Single,PhD,Sales,Sales Manager,3,5836,11.2,5,7.8,1.1,1,Onsite,15,22,4.7,6.4,5.4,5,10,FALSE,4.8,No
1163,56,Non-binary,Divorced,Masters,Engineering,Engineering Manager,5,14482,13,12.4,18.7,0.9,2,Onsite,7.5,6,6,8.3,5.7,3,8.8,FALSE,5.4,No
1164,45,Male,Married,Bachelors,Operations,Program Manager,4,8585,13.9,10.5,21.8,0,3,Hybrid,3.9,20,2.9,7.4,4.9,4,7.7,FALSE,3.8,No
1165,21,Female,Single,Bachelors,Sales,Account Executive,2,5867,14.4,0,1,0,1,Hybrid,2.5,21,3.9,5.1,6.6,3,7.7,FALSE,7,No
1166,29,Male,Single,Bachelors,Engineering,QA Engineer,2,5233,12,3.9,9,0.7,2,Onsite,2,12,2.3,8.2,7,4,8.3,FALSE,3,No
1167,44,Male,Single,Bachelors,Research & Development,Research Scientist,4,8746,17.7,9.1,12.1,0.9,2,Onsite,7.5,10,4.4,7.5,4.2,3,10,FALSE,5.1,No
1168,36,Male,Single,Masters,Engineering,QA Engineer,3,10259,12.7,5,6,5,1,Hybrid,3.5,2,2,8.3,6.2,4,7.8,TRUE,2.6,No
1169,31,Male,Married,Masters,Engineering,Engineering Manager,3,8326,19.2,9.7,11,1.3,3,Onsite,9.5,5,3.3,6.5,6.5,3,5.9,TRUE,6,Yes
1170,26,Female,Single,High School,Marketing,Marketing Specialist,2,3849,7,5,6,1.2,3,Hybrid,4.1,6,2,6.3,9,4,10,TRUE,9.1,No
1171,42,Male,Divorced,Masters,Engineering,QA Engineer,4,13009,9.3,7.9,19.3,0,5,Onsite,4.5,8,3.4,7.4,5,3,10,TRUE,4,No
1172,34,Male,Single,Bachelors,Sales,Account Executive,3,6038,8.2,5.7,8.9,3.7,1,Hybrid,3.3,21,4,5.3,6.7,3,8.2,TRUE,5.3,Yes
1173,33,Female,Single,Bachelors,Human Resources,Recruiter,3,5370,13.9,3.8,11.6,3.8,3,Remote,7,5,2.5,6.1,6.6,4,6.2,TRUE,3.4,No
1174,34,Male,Single,PhD,Research & Development,Research Scientist,2,6800,9.7,8.2,8.3,2.5,0,Onsite,9.9,3,6.4,4,6.7,3,7.3,TRUE,2.2,No
1175,35,Female,Married,Bachelors,Research & Development,Research Scientist,2,5063,13.3,3.7,13.1,2.2,5,Onsite,7.2,5,1,7.7,6.5,4,8.3,FALSE,3.6,No
1176,37,Male,Married,Bachelors,Engineering,Software Engineer,1,3004,9.6,2.2,10.4,0.4,2,Hybrid,20,8,6.7,6.2,4.7,3,8.1,TRUE,7.7,Yes
1177,29,Female,Single,Masters,Customer Support,Support Specialist,1,3203,9.6,2.5,9,1.2,0,Hybrid,6.3,5,2.9,7.9,6.7,3,7.5,TRUE,7.4,No
1178,39,Male,Single,Masters,Engineering,QA Engineer,3,8326,15.6,6.3,11.3,3.2,2,Onsite,10.4,2,5.4,6.6,4.5,3,9.7,TRUE,1.6,No
1179,47,Female,Single,Bachelors,Customer Support,Support Team Lead,5,7019,12.7,9.5,12.3,0.3,0,Onsite,8,7,5.7,5.5,6,3,8.4,FALSE,4.9,Yes
1180,45,Male,Single,Masters,Sales,Account Executive,5,10380,14.2,7.5,20.4,1.8,4,Hybrid,10.8,30,4.1,5.7,5.8,3,7.7,TRUE,3.4,Yes
1181,42,Female,Single,Bachelors,Operations,Program Manager,4,7164,6.6,8.3,22,3.6,5,Hybrid,6.3,17,1.1,6,6.2,4,7.9,TRUE,3.7,No
1182,28,Female,Married,PhD,Operations,Operations Manager,4,8415,7.1,7,8,6,1,Onsite,4.2,19,3,4.6,6.3,4,7.4,TRUE,5.5,No
1183,43,Female,Single,Bachelors,Customer Support,Support Specialist,2,5096,15.9,8,14.1,1.3,1,Onsite,4.7,7,3.3,7.4,5.5,5,7.9,TRUE,6,Yes
1184,51,Female,Married,Bachelors,Research & Development,R&D Manager,3,7024,8.6,7.8,11.8,7.8,1,Remote,3,8,3.9,4.1,8.1,3,8.7,TRUE,3.5,No
1185,21,Male,Divorced,PhD,Engineering,Data Engineer,2,8952,12.9,0,1,0,2,Remote,14.8,4,4,8,7.6,3,8.6,FALSE,2.3,No
1186,42,Male,Single,Masters,Finance,Accountant,3,5310,17.3,5.7,10.1,1.9,1,Remote,12.7,7,5.2,4.3,5.2,3,7.9,TRUE,3.6,No
1187,26,Male,Married,Bachelors,Operations,Operations Manager,2,4203,14.1,5,6,0,0,Hybrid,7.5,20,6.4,4.2,7.9,3,9,FALSE,6,No
1188,30,Male,Single,Masters,Engineering,QA Engineer,3,8960,6.7,6.3,10,5,0,Hybrid,8.6,6,2.7,6.2,5.5,4,9.1,TRUE,1,No
1189,43,Male,Single,Masters,Operations,Operations Manager,5,12746,15.9,11.6,15.6,1.2,1,Onsite,6.3,23,3.1,7.4,6.9,4,7.2,TRUE,4.2,No
1190,36,Male,Single,High School,Sales,Sales Manager,5,8338,7.7,13,16,4.6,2,Hybrid,4.3,26,2.4,6,7.6,4,8.7,TRUE,5.6,No
1191,39,Male,Single,Masters,Engineering,Engineering Manager,3,8770,12.5,8.6,16.3,0.6,1,Remote,5.2,4,1.7,6.4,7.3,5,7.1,TRUE,3.4,No
1192,44,Female,Divorced,High School,Human Resources,HR Manager,5,10599,5.2,10.6,12.8,6,0,Hybrid,10.6,3,5.6,5.4,4.4,4,7.7,FALSE,6.9,No
1193,36,Female,Married,High School,Marketing,Content Strategist,3,4996,17.2,4.6,10.8,0.4,1,Hybrid,4.8,4,2,6.9,6,3,10,TRUE,5.1,No
1194,35,Male,Married,High School,Human Resources,HR Manager,2,4219,4.2,7.3,13.1,7.1,1,Remote,0.8,3,1,5.6,7.6,2,8.1,FALSE,3.9,No
1195,23,Male,Single,PhD,Finance,Accountant,1,4341,14.8,1.5,3,0.9,2,Hybrid,6,7,3.7,8,6.5,3,5.9,TRUE,6.7,No
1196,37,Male,Married,Bachelors,Marketing,Marketing Specialist,2,4716,12.1,4.7,10.5,2.9,1,Onsite,11.1,6,5.4,5.3,6.3,3,9,TRUE,7.3,Yes
1197,36,Female,Single,Bachelors,Customer Support,Support Specialist,3,5004,3,7.1,12.9,7.1,2,Remote,7.6,1,2.4,5.2,7.6,5,8.7,FALSE,5.9,No
1198,39,Female,Married,Bachelors,Engineering,QA Engineer,2,7682,8.7,8.3,19,2,5,Hybrid,3,4,2.3,3.9,6.1,4,8,TRUE,2.5,No
1199,27,Female,Married,Bachelors,Sales,Sales Development Rep,2,4124,9.5,3.5,7,3.5,3,Onsite,10.2,21,5.4,6.5,6.9,3,8.5,FALSE,8.8,Yes
1200,30,Female,Married,Masters,Sales,Sales Development Rep,2,5012,8.2,2.8,6.6,1.3,2,Onsite,5.3,24,4,5.6,6,2,8.6,TRUE,9.2,No
1201,48,Male,Married,Masters,Operations,Operations Analyst,2,6245,11.3,4,13.1,2.7,3,Onsite,7.3,25,6.6,4.5,5.3,3,7.3,TRUE,9.1,Yes
1202,38,Female,Married,Masters,Finance,Financial Analyst,3,7209,13.8,6.3,12.3,1.3,0,Onsite,1.4,7,1.7,10,5.6,5,9.3,TRUE,6.7,No
1203,46,Female,Married,Masters,Engineering,Engineering Manager,4,12157,15.8,11.3,18,0.3,2,Onsite,3.3,5,5.4,5.9,5.2,3,8.6,FALSE,4.2,No
1204,45,Male,Single,Bachelors,Operations,Operations Manager,2,4851,5.7,9.3,17.4,4.2,4,Onsite,5.5,21,4.1,6.3,6.1,3,8,TRUE,2.2,Yes
1205,28,Female,Married,Masters,Operations,Operations Analyst,1,4790,11.8,3.1,8,3.1,3,Onsite,8.5,17,7.3,5.7,5,3,8.9,TRUE,2.9,No
1206,28,Female,Single,Bachelors,Operations,Operations Analyst,1,3718,12.6,0,4.4,0,1,Hybrid,5.3,14,4,5.3,7.5,4,7.8,FALSE,3.2,No
1207,34,Female,Married,Bachelors,Engineering,Software Engineer,2,7685,11.1,6.1,10.2,1.5,2,Hybrid,3.6,7,2.6,7.4,6.9,4,9,FALSE,4,No
1208,38,Female,Single,High School,Engineering,Software Engineer,3,6647,14.2,7.1,12,0.9,2,Onsite,5,5,2.5,8.9,8.3,4,7.7,FALSE,2.4,No
1209,41,Male,Married,Bachelors,Customer Support,Support Team Lead,4,6881,11.1,9.6,15.4,2.2,2,Onsite,3.4,10,2.6,9.1,4.4,4,7.2,FALSE,6.3,No
1210,39,Male,Married,Masters,Customer Support,Customer Success Manager,3,6060,6.1,5.4,14.3,2.2,3,Hybrid,18.9,7,7.2,4.2,3.3,3,8.4,FALSE,5.7,Yes
1211,35,Female,Married,Bachelors,Engineering,Data Engineer,2,6682,16.2,5.5,9.6,1.4,0,Onsite,3.6,8,6.4,5.3,6.3,4,8.1,TRUE,2.2,No
1212,53,Male,Married,Bachelors,Human Resources,HR Manager,4,9074,4.8,8.6,21,7.2,5,Onsite,4.1,10,5.3,5.9,5.4,3,6.2,FALSE,6.3,Yes
1213,21,Male,Divorced,PhD,Engineering,QA Engineer,1,4096,15.9,0,1,0,1,Onsite,5.8,5,3.4,5.6,6.6,3,10,TRUE,2.1,Yes
1214,42,Prefer not to say,Married,PhD,Sales,Sales Manager,3,9099,15.7,6.7,17.1,1.8,4,Remote,5.3,16,5.4,7.1,5.6,3,6.3,FALSE,7.2,No
1215,34,Male,Single,High School,Engineering,Engineering Manager,3,5995,10.4,6.6,9.7,0,0,Onsite,5.9,6,4.4,6.9,7.6,4,9.6,TRUE,2.3,No
1216,47,Male,Single,Bachelors,Sales,Sales Manager,4,8378,8.7,9.6,16.7,1.7,2,Onsite,7.3,14,4.3,7.1,7.3,4,10,TRUE,4,No
1217,41,Female,Single,Bachelors,Engineering,QA Engineer,3,7649,8.3,2.6,5,0.9,0,Hybrid,9.5,3,3.7,6.6,5.5,3,5.6,TRUE,1,No
1218,34,Female,Married,Bachelors,Customer Support,Support Team Lead,5,5802,14.2,10.3,14,0.4,2,Remote,7.7,5,4.5,5.2,5.9,2,7.2,FALSE,2.2,No
1219,25,Prefer not to say,Married,Bachelors,Finance,Financial Analyst,1,3300,5.3,4,5,2.5,0,Remote,2.6,5,2.1,6.9,8.4,5,10,FALSE,4.2,No
1220,44,Female,Single,Masters,Engineering,Data Engineer,3,10052,10.2,3.6,15,0.8,4,Remote,11.1,5,5.3,5.7,5.2,3,7.8,TRUE,5.6,No
1221,41,Male,Married,Masters,Sales,Sales Development Rep,5,9067,4.4,8.1,11.2,8.1,1,Remote,7.6,30,4.4,7.1,4.2,3,8.8,TRUE,2.3,No
1222,36,Male,Single,Bachelors,Marketing,Marketing Specialist,1,2425,13.4,3.7,5.4,1.9,0,Remote,13.9,3,4.6,4.6,5.6,4,9.1,TRUE,4.5,No
1223,31,Female,Married,Bachelors,Finance,Accountant,2,6443,21.7,6.4,11,0.2,2,Hybrid,4.8,5,4.3,8.2,5.7,4,9.7,FALSE,2.7,No
1224,27,Female,Single,Bachelors,Human Resources,HR Business Partner,3,6427,15.5,5.2,7,2.1,1,Remote,15,9,2.8,8.7,6,4,8.9,FALSE,2.2,No
1225,35,Female,Divorced,Bachelors,Sales,Sales Manager,3,8904,13.6,9.5,15,0.6,2,Remote,9.4,24,3.7,5.2,5,4,9,TRUE,4.9,No
1226,23,Female,Married,Bachelors,Sales,Account Executive,2,4675,14.2,2,3,0.3,1,Onsite,8.9,22,2.8,7.6,6.3,3,8.7,TRUE,3,No
1227,55,Female,Single,Bachelors,Human Resources,HR Manager,5,8537,10.6,11.8,16.7,3.3,1,Onsite,1.8,11,2,6.7,6.4,4,9.4,TRUE,1.4,No
1228,34,Female,Single,PhD,Research & Development,Research Scientist,2,6858,8.6,8.4,14,0.8,4,Hybrid,3.1,4,4.2,6.6,6.4,5,10,TRUE,3.1,No
1229,25,Male,Married,Bachelors,Human Resources,Recruiter,1,3065,16.8,2.8,5,1.3,0,Onsite,7.6,8,5.3,6.3,7.2,4,9.1,TRUE,4.9,No
1230,45,Male,Married,High School,Customer Support,Customer Success Manager,4,4816,9.7,4.7,15.5,2.1,3,Hybrid,3.6,6,2.6,7.5,6.5,5,8.3,FALSE,4.1,No
1231,48,Male,Single,Masters,Engineering,Engineering Manager,5,15738,10.3,11.8,14.4,1.8,1,Hybrid,5.1,9,3.6,7.4,6.5,5,10,TRUE,6.2,No
1232,33,Female,Married,Bachelors,Engineering,Software Engineer,2,7086,14.1,1.9,9,1.9,1,Remote,10,11,2.7,7.2,6.1,4,9.2,FALSE,3.8,No
1233,33,Female,Single,Bachelors,Customer Support,Customer Success Manager,4,6699,14.4,8.5,13,0.8,2,Hybrid,4.9,8,5.3,4.9,6.3,3,9.4,TRUE,7.7,No
1234,53,Male,Married,Bachelors,Human Resources,Recruiter,5,11069,7.3,11.4,17.7,5,1,Onsite,7.8,3,4.6,5.2,6.8,4,6.3,TRUE,3.1,Yes
1235,32,Female,Divorced,Bachelors,Marketing,Content Strategist,2,4320,17.3,5.4,9.8,2,2,Hybrid,7.6,4,3,8.4,6.6,4,8.8,FALSE,7.2,No
1236,52,Female,Single,High School,Sales,Sales Manager,4,7930,16.2,6.4,15.8,3,3,Hybrid,6.4,21,5.8,3.9,5.2,4,10,FALSE,5.5,Yes
1237,21,Female,Married,Bachelors,Sales,Sales Manager,3,4573,13.9,0,1,0,0,Onsite,6.9,21,3.7,7.2,6.3,4,9.4,FALSE,7.3,No
1238,28,Male,Single,Bachelors,Operations,Operations Manager,3,5176,14.2,5.7,8,0.6,2,Onsite,9.1,17,7.9,2.6,4.2,3,8.3,TRUE,1.1,Yes
1239,33,Male,Married,Bachelors,Sales,Sales Development Rep,3,7054,8.6,6.4,10.1,2.9,0,Onsite,12.9,23,5.8,5.7,5.3,4,7.7,FALSE,4.4,Yes
1240,44,Female,Married,High School,Sales,Account Executive,2,4505,7.4,10.3,18.8,4,3,Onsite,4.1,18,3.1,7.1,5.3,4,6.2,FALSE,4,No
1241,44,Female,Single,Bachelors,Operations,Operations Analyst,2,4347,7.4,5.8,13.3,1.2,2,Hybrid,8.3,24,6.9,5.5,4.5,4,9.4,TRUE,4.5,Yes
1242,50,Female,Divorced,Masters,Research & Development,R&D Manager,5,11941,10.7,8.6,11.4,2.4,0,Hybrid,4.2,7,4.5,7,6.9,3,8.9,FALSE,2.3,Yes
1243,36,Female,Married,PhD,Research & Development,Product Researcher,1,4153,6.6,0,6.8,0,1,Onsite,11.3,6,5.3,5.1,5.7,3,7.1,FALSE,3.1,No
1244,28,Female,Single,High School,Marketing,Growth Manager,3,5093,10.8,7,8,2.2,2,Remote,2.5,7,2.1,7.4,7.6,4,8.3,TRUE,3.3,No
1245,41,Female,Single,Masters,Engineering,QA Engineer,4,10352,12.7,12.3,17.5,1,2,Remote,5.7,6,2.4,7.7,6.6,4,8.5,TRUE,4.7,No
1246,35,Female,Single,Bachelors,Engineering,Software Engineer,5,12425,13.9,14,15,1.1,1,Hybrid,3.6,6,2.7,8.6,7.3,3,7.1,FALSE,4.8,No
1247,38,Male,Divorced,Masters,Marketing,Content Strategist,2,4063,10,7.2,9.8,2,1,Remote,9.9,10,3.9,6.7,7.3,5,10,TRUE,3.5,No
1248,24,Female,Married,Masters,Engineering,Data Engineer,2,7196,16.1,3,4,1.3,3,Hybrid,3.8,7,4.2,7.8,6.1,4,9.5,TRUE,5.3,No
1249,31,Male,Divorced,Bachelors,Engineering,QA Engineer,3,7831,12.7,8.6,11,6.5,1,Onsite,3.9,7,1.6,9.1,6.7,5,10,TRUE,4.1,No
1250,22,Male,Single,Bachelors,Engineering,QA Engineer,1,3685,12.4,1,2,1,1,Hybrid,2.1,5,1.9,8,6.8,5,9.4,TRUE,4.5,No
1251,24,Female,Married,Bachelors,Research & Development,R&D Manager,2,7247,5.8,3,4,3,0,Hybrid,6.7,8,5.4,4.7,5.8,3,6.8,TRUE,4.4,No
1252,32,Male,Single,Masters,Engineering,Engineering Manager,4,13650,14.9,8.8,12,2.3,1,Onsite,4.5,8,5.6,6.6,7.7,2,6.5,TRUE,4.3,No
1253,49,Male,Married,Bachelors,Engineering,Engineering Manager,5,12182,16,11.8,17.4,2.9,1,Onsite,10.7,6,4.4,7.5,6.7,4,8.3,FALSE,2.2,No
1254,31,Male,Single,PhD,Customer Support,Customer Success Manager,4,7810,16.2,8.7,11,2.1,0,Hybrid,11.3,4,2.5,7.9,6,4,8.2,TRUE,5.4,No
1255,36,Female,Single,Bachelors,Finance,Accountant,3,5560,13.2,3.1,3.7,1.4,1,Onsite,5,10,3,6.5,6.1,4,8.1,FALSE,4.5,No
1256,34,Female,Married,Bachelors,Operations,Program Manager,2,3836,14.2,2.9,9.1,2.1,1,Onsite,1.1,24,2.7,8.3,6.6,4,8.3,TRUE,5.9,No
1257,30,Female,Divorced,PhD,Sales,Sales Manager,2,5303,14.2,6.7,8.6,0.4,2,Onsite,9.4,19,4.7,7.1,3.9,3,8,FALSE,6.5,No
1258,43,Male,Single,Masters,Research & Development,Research Scientist,5,9823,11,16.3,23,0.6,5,Hybrid,4.2,3,4,7.7,7.4,3,6.9,FALSE,1.3,No
1259,42,Female,Single,High School,Research & Development,Product Researcher,2,4973,14.1,5.8,18.5,1.7,3,Hybrid,6.3,5,3.3,5.1,6.2,3,8.7,FALSE,1.6,No
1260,46,Female,Single,Bachelors,Human Resources,HR Manager,4,9411,15.3,11.6,18.4,1.1,0,Hybrid,7.9,6,3.5,7.8,6.7,4,5.4,FALSE,4.9,No
1261,35,Male,Married,High School,Research & Development,Product Researcher,2,4933,17,7.3,13.8,2.2,1,Hybrid,10.5,9,4.5,3.9,5.3,3,7.3,TRUE,1.8,No
1262,30,Female,Single,PhD,Marketing,Marketing Specialist,3,6836,9.8,8.6,10,1.9,2,Hybrid,4.5,5,3.9,7.9,6.1,4,8.4,TRUE,4.7,No
1263,43,Prefer not to say,Married,Bachelors,Sales,Sales Manager,3,8434,7.6,6.1,14.9,1,3,Hybrid,16.7,30,5.4,6,4.7,3,8.9,TRUE,4.6,No
1264,34,Female,Married,Masters,Operations,Operations Manager,2,5435,15.1,7.8,11.3,0.7,2,Remote,4.3,23,3.1,6.5,7.2,4,6.4,TRUE,5,No
1265,38,Male,Married,Bachelors,Finance,Accountant,3,7249,3.9,5.5,13.4,2.1,3,Remote,1.7,10,4.4,4.7,7.4,4,9.1,FALSE,4.6,No
1266,47,Female,Married,Bachelors,Engineering,Engineering Manager,3,6919,11.6,0,7,0,2,Hybrid,8.2,7,4.5,8,5.2,3,9,TRUE,3.5,No
1267,28,Male,Single,Masters,Marketing,Content Strategist,2,5083,15.6,7,8,0.2,2,Hybrid,10,5,6.1,6.1,4.8,2,8.8,FALSE,7.5,No
1268,31,Female,Married,Bachelors,Engineering,QA Engineer,2,6711,17.1,7,11,0.6,2,Hybrid,0.6,6,1.9,7.6,8.1,3,7.8,TRUE,4.1,No
1269,36,Female,Divorced,Masters,Customer Support,Support Team Lead,3,5812,11.8,11.5,12,2.3,0,Hybrid,8,9,4.9,4.9,4.6,2,7,FALSE,9.4,Yes
1270,48,Female,Married,Bachelors,Human Resources,Recruiter,3,6770,12.9,7.4,21.5,0.5,4,Hybrid,5.7,10,2.1,5.8,7.9,4,9.5,TRUE,4,No
1271,35,Male,Married,Bachelors,Engineering,QA Engineer,3,7474,10.8,12.7,15,5.8,4,Remote,1.3,7,1.2,8.7,8.7,4,9.6,TRUE,5.4,No
1272,46,Male,Single,Masters,Research & Development,Research Scientist,2,6820,15.2,4.7,11.9,3.6,3,Hybrid,1.2,2,6.1,3.9,7.4,3,9.9,FALSE,4.4,No
1273,36,Male,Married,Bachelors,Research & Development,Product Researcher,3,10193,12.8,7,11.8,1.7,1,Hybrid,7.7,14,5,6.5,6.3,4,6.8,TRUE,5.6,No
1274,46,Male,Married,Masters,Operations,Operations Analyst,4,6313,8,9.5,13.2,0.8,0,Hybrid,8.1,23,2.8,7.6,5.4,4,8.2,TRUE,4.3,No
1275,36,Male,Single,PhD,Sales,Sales Manager,5,15060,19.2,14.2,16,0.9,3,Hybrid,10.7,24,3.1,8.7,6.7,5,8.4,FALSE,7,No
1276,30,Female,Single,Bachelors,Finance,Financial Analyst,1,2826,9.3,4.4,8.8,1.2,1,Hybrid,7.4,6,2.7,7.6,6.7,3,8.8,TRUE,7.5,No
1277,36,Female,Married,Bachelors,Engineering,Data Engineer,3,8913,10.4,9.2,13.4,3.6,2,Onsite,5,3,4.3,5.9,5.4,4,7.1,FALSE,1.7,No
1278,37,Male,Married,Bachelors,Engineering,QA Engineer,3,8677,17.7,7,15,2.8,3,Remote,6.6,7,1.5,10,7.9,4,6.4,TRUE,3.8,No
1279,30,Female,Married,Masters,Sales,Sales Development Rep,3,7135,10.6,7.2,10,1.4,2,Remote,19.8,32,5.6,6,4.1,3,8.7,FALSE,5.8,No
1280,51,Female,Married,Masters,Sales,Account Executive,4,10810,6.8,10.2,9.4,2.8,0,Remote,8.8,25,3,6.6,7.3,4,8.5,FALSE,6.5,Yes
1281,31,Male,Married,Bachelors,Operations,Operations Analyst,1,3258,13.3,0,6.2,0,0,Onsite,1.1,20,3.3,5.2,7,3,7.9,TRUE,7.1,Yes
1282,38,Female,Married,Bachelors,Engineering,Data Engineer,1,5179,14,4.7,10.6,0.1,0,Hybrid,8.3,5,4,7.3,5.3,4,8.5,TRUE,3.1,Yes
1283,26,Male,Single,Bachelors,Engineering,Software Engineer,1,4537,10.9,0.4,6,0.4,5,Onsite,6.1,2,4.2,8.9,5.9,4,9,FALSE,3.2,No
1284,55,Male,Married,Bachelors,Operations,Program Manager,5,9413,11.6,7.6,15.1,2,3,Remote,3.9,21,2,8.4,8,5,9.4,TRUE,5.1,No
1285,36,Female,Single,Bachelors,Customer Support,Support Specialist,3,4108,14.5,8.2,12.2,0.4,1,Hybrid,13.7,7,4.2,7.9,4.3,4,10,FALSE,6.2,No
1286,46,Male,Married,Masters,Customer Support,Customer Success Manager,4,7190,16.3,6.8,9.8,0,1,Hybrid,4.2,8,2.2,8.4,5.6,5,9.5,TRUE,4.2,No
1287,44,Female,Single,Bachelors,Operations,Operations Analyst,3,6488,12.9,9.4,14.8,0.3,2,Onsite,8.7,27,3.1,7.3,6.1,4,8.6,TRUE,5.5,Yes
1288,30,Male,Married,Bachelors,Research & Development,Product Researcher,2,5433,15.1,8.5,10,3.2,1,Hybrid,2.1,9,2,10,7.5,4,7.8,FALSE,5.4,No
1289,44,Male,Divorced,Bachelors,Marketing,Content Strategist,3,11471,7.7,9.3,13.6,4.2,1,Onsite,3.3,3,3.9,6.3,7.7,2,7.3,FALSE,3.7,No
1290,47,Female,Married,Bachelors,Operations,Program Manager,4,8883,13,5.6,10.5,1.1,0,Onsite,4.1,16,4.5,7.1,5.7,4,9.4,TRUE,5.4,No
1291,46,Non-binary,Married,PhD,Sales,Account Executive,4,14299,9.5,9.4,12.8,4.6,0,Onsite,8.5,16,5.6,5.8,5.2,2,6.5,FALSE,5.9,No
1292,29,Male,Single,Bachelors,Sales,Sales Manager,2,6384,9.7,5,8.6,2.9,2,Hybrid,6.8,19,4.3,7.2,4.7,3,8.4,FALSE,7.9,No
1293,32,Male,Married,High School,Customer Support,Support Specialist,1,2479,10.7,1.6,6.7,1.6,0,Onsite,10.5,4,6.4,5.3,4.9,4,8.6,TRUE,2.3,No
1294,46,Male,Single,Masters,Sales,Account Executive,3,7048,16,4,11.7,1.5,1,Remote,2.7,22,3.9,6.8,6.7,3,6.8,TRUE,7.5,No
1295,36,Male,Married,High School,Operations,Operations Analyst,2,4013,11.9,2.8,15.3,2.8,4,Remote,8.3,31,3.8,5,6.7,4,6.8,TRUE,6,Yes
1296,31,Male,Married,Bachelors,Marketing,Growth Manager,3,6529,13.9,9.2,11,0.1,2,Hybrid,6.8,7,4.2,7.3,4.9,4,8.7,FALSE,5.5,No
1297,47,Female,Single,High School,Engineering,Data Engineer,3,9884,15.8,5.5,13.9,0,3,Hybrid,5.7,6,3.4,6.9,4.7,4,9.9,TRUE,1.6,No
1298,21,Male,Single,Bachelors,Engineering,Software Engineer,1,4179,13.4,0,1,0,5,Remote,7.9,4,5.3,6.6,8.2,3,9.1,TRUE,6.4,No
1299,55,Non-binary,Married,High School,Marketing,Growth Manager,5,6646,19.2,9.9,14.1,0,2,Hybrid,21.2,3,6.2,6.2,4,3,6.8,FALSE,7.5,No
1300,43,Male,Married,Masters,Operations,Operations Analyst,3,7246,8.6,5.4,5.2,1.7,0,Onsite,8.2,26,5,6,5.8,3,6.9,TRUE,6.9,Yes
1301,36,Male,Single,Bachelors,Operations,Operations Analyst,2,4883,15.5,5.8,13.2,0.8,4,Hybrid,3.7,16,2.6,9.3,6.9,4,7.8,TRUE,7.5,No
1302,45,Male,Single,Masters,Sales,Sales Manager,3,5985,10.3,3.5,7.1,3.4,1,Onsite,7.5,25,5.1,5.1,5.3,3,8.7,FALSE,5.9,Yes
1303,36,Male,Married,Bachelors,Engineering,Engineering Manager,3,6249,13.9,8.6,16,1,3,Remote,4.1,6,1.5,7.9,8.3,4,9,TRUE,3.8,No
1304,55,Female,Married,Bachelors,Human Resources,HR Business Partner,5,8076,11.9,10.9,17.8,3,1,Onsite,1.3,8,3.5,7.6,7.5,4,10,FALSE,3.7,No
1305,36,Female,Married,Masters,Engineering,Data Engineer,2,7732,7.6,6.3,16,1.6,6,Hybrid,5,6,2.3,7,6,3,6.2,FALSE,1,No
1306,27,Female,Single,Bachelors,Sales,Sales Development Rep,1,2957,10.7,4,7,0.9,2,Hybrid,3.7,21,3.3,5.3,4,3,6,FALSE,5.6,No
1307,36,Female,Single,High School,Human Resources,HR Manager,4,5348,9.3,10.5,15.8,3.1,1,Onsite,19.7,7,5.8,5.8,4.2,4,7.5,TRUE,3.2,No
1308,51,Female,Married,Masters,Sales,Account Executive,3,7469,3.7,6.8,10.8,2.7,0,Hybrid,4.1,26,4.4,7.1,9,3,6.2,FALSE,5.7,No
1309,35,Male,Single,Bachelors,Marketing,Growth Manager,3,6181,8.9,4.6,13,4.6,2,Onsite,11.6,4,4.4,5.7,5.3,3,8,FALSE,2.2,No
1310,41,Female,Married,Bachelors,Engineering,Data Engineer,2,4706,13.3,9.5,13.1,1,2,Remote,2.8,6,3.4,8.4,6.8,4,7.4,TRUE,2.9,No
1311,32,Male,Divorced,Masters,Engineering,Engineering Manager,3,11266,17.1,9.4,12,2.8,3,Onsite,10.2,8,4.1,8,5.6,4,7.6,TRUE,3.2,No
1312,39,Female,Single,Bachelors,Customer Support,Customer Success Manager,2,4334,7.8,6.9,15.1,2.1,2,Onsite,15.2,7,8.5,4.5,1.9,4,8.4,FALSE,8,No
1313,43,Male,Married,Masters,Marketing,Marketing Specialist,3,9328,9.9,9,14.3,3.1,1,Hybrid,10.7,9,4,6.8,4.4,4,9.2,TRUE,3.6,Yes
1314,51,Female,Single,Bachelors,Customer Support,Customer Success Manager,5,8045,9.8,6.9,13.6,0.4,0,Hybrid,8.7,2,5.7,4.8,5.6,3,6.8,FALSE,5.8,No
1315,31,Female,Single,Masters,Customer Support,Support Specialist,1,2443,9.2,0,5,0,2,Hybrid,5.1,6,4.4,5.8,4.3,4,8.7,TRUE,4.3,No
1316,35,Female,Married,Bachelors,Engineering,QA Engineer,2,6257,16,8.5,15,2.8,3,Onsite,6.7,7,3,7.4,5.4,5,9.5,TRUE,3.1,No
1317,49,Male,Married,PhD,Sales,Sales Manager,4,12783,10.4,4.5,10.2,4.5,2,Hybrid,5.4,16,2.7,5.4,6.6,4,6.5,TRUE,3.2,No
1318,29,Male,Single,PhD,Marketing,Marketing Specialist,1,3569,17.6,1.4,7.5,0.1,1,Onsite,3.4,6,5.6,4.9,6,3,9.1,TRUE,5.7,No
1319,38,Female,Married,Bachelors,Engineering,Software Engineer,2,6208,15.5,8.2,18,3,3,Hybrid,9,6,4.2,7.1,5.8,4,8.4,TRUE,4.8,No
1320,46,Male,Married,High School,Engineering,Engineering Manager,3,6432,13.9,6.9,12.6,0.7,2,Remote,2.2,7,2.2,8.9,7.8,4,8.2,TRUE,1.4,No
1321,41,Male,Married,Bachelors,Customer Support,Support Team Lead,3,5047,14,6.6,16.8,0,3,Onsite,4.6,8,4.4,7.3,6.6,4,10,FALSE,3.2,No
1322,44,Female,Single,Bachelors,Customer Support,Customer Success Manager,4,8342,12.5,9.4,13.8,4,0,Remote,3,4,5.5,4.9,8.5,4,10,FALSE,5.5,Yes
1323,39,Female,Married,Bachelors,Sales,Sales Development Rep,2,4451,9.4,4.8,7.6,3.6,2,Hybrid,6,23,3.1,6.5,7.2,3,8.2,TRUE,5.4,No
1324,22,Male,Married,Bachelors,Operations,Operations Analyst,1,3249,11.4,0.9,2,0.9,2,Onsite,2.1,14,6.3,4.1,6.4,3,7.7,TRUE,6.6,No
1325,35,Female,Married,Bachelors,Marketing,Content Strategist,3,7139,16.2,4.2,10.2,1.1,2,Onsite,8.8,3,4.1,7,5.9,3,6.7,TRUE,3.1,No
1326,47,Female,Single,Bachelors,Operations,Operations Manager,5,8703,11.8,11.2,22.3,1.3,4,Hybrid,6,29,3.9,6.2,6.6,3,8,FALSE,2.5,No
1327,31,Female,Married,Bachelors,Sales,Account Executive,4,12511,6.8,9.4,11,3.6,3,Onsite,6,25,5.3,6.8,6.8,4,5.7,TRUE,4.1,No
1328,39,Female,Single,Bachelors,Marketing,Content Strategist,3,6581,8.8,9.4,14.2,3.5,0,Onsite,7.3,8,3.1,7.4,4.7,3,2.8,TRUE,7.8,No
1329,40,Male,Single,Masters,Customer Support,Support Team Lead,4,7672,7.5,9.1,10.6,1.6,1,Remote,9.1,6,6.3,4.3,6.7,3,6.8,FALSE,7.9,Yes
1330,30,Male,Married,PhD,Customer Support,Support Specialist,2,4980,18.4,0.9,10,0.2,4,Hybrid,17.3,10,5.8,8.3,4.7,4,8.9,TRUE,7.9,No
1331,32,Male,Married,Bachelors,Sales,Sales Development Rep,2,7044,16.4,2.6,9.5,0.8,3,Remote,2.6,17,1.4,9.8,8.4,5,9,FALSE,7.8,No
1332,48,Male,Single,Masters,Customer Support,Support Specialist,2,2996,9.2,5.5,6.4,1.4,0,Onsite,4.6,9,2.9,5.8,7.3,5,8,TRUE,5.8,No
1333,31,Female,Single,Bachelors,Sales,Sales Manager,4,7427,11.6,10,11,4.9,0,Onsite,5,31,3.8,6.7,4.8,4,7.8,FALSE,5.7,No
1334,56,Male,Married,Bachelors,Operations,Program Manager,5,11443,9.4,15.4,20.8,4.7,1,Remote,3.6,16,2.1,6.2,7,4,8.7,TRUE,2.3,No
1335,43,Prefer not to say,Single,Bachelors,Operations,Program Manager,5,6537,10.9,10.1,11,3.2,0,Onsite,10.3,24,4.7,4.6,3.2,3,6.7,FALSE,4.6,No
1336,36,Male,Single,Bachelors,Sales,Sales Development Rep,2,5015,7.1,6.3,13.8,2.2,3,Hybrid,4.8,20,2.9,5.1,6.9,3,8.8,FALSE,7.2,No
1337,32,Male,Single,Bachelors,Customer Support,Customer Success Manager,2,3924,13.9,5.9,12,1.4,3,Remote,7.3,3,5.2,6.3,5.7,4,7.8,TRUE,9.6,Yes
1338,22,Female,Divorced,Bachelors,Marketing,Growth Manager,3,6221,12,1,2,1,2,Remote,4.4,8,6,6.2,6.4,4,9.2,TRUE,7.7,No
1339,44,Female,Single,Bachelors,Research & Development,Product Researcher,3,9955,13.6,4.5,16.3,4.5,5,Hybrid,7.8,7,1.4,8.6,6.8,4,7.6,FALSE,4,No
1340,38,Female,Married,Bachelors,Research & Development,Product Researcher,2,6137,11.7,2.7,5.3,0.8,1,Hybrid,0.9,8,1.9,6.7,7.1,4,8.4,TRUE,1.3,No
1341,33,Male,Married,Bachelors,Customer Support,Customer Success Manager,3,4454,9.2,6.1,12.6,1.1,2,Hybrid,10.8,4,2.9,8.9,4.7,4,8.1,FALSE,5,No
1342,42,Female,Single,Bachelors,Customer Support,Support Team Lead,4,5942,9.6,18.1,22,3.4,2,Hybrid,3.4,10,4,5.9,7.7,3,6.9,FALSE,7.1,Yes
1343,27,Female,Married,Masters,Engineering,Data Engineer,2,7156,13,5.3,6.1,1,0,Hybrid,5.5,5,4.1,8.1,6.1,4,9.2,FALSE,4.3,No
1344,43,Female,Single,Bachelors,Finance,Finance Manager,3,8290,12.2,11.1,16.3,1.1,1,Remote,2.8,8,2.3,7.9,8.4,4,7.3,TRUE,5.2,No
1345,21,Male,Single,PhD,Operations,Operations Manager,3,5826,11.3,0,1,0,2,Onsite,4.8,19,6.6,5.2,6.1,4,6.8,TRUE,6.1,No
1346,30,Female,Married,Bachelors,Marketing,Content Strategist,2,5265,15.6,5.9,10,1.5,2,Hybrid,7.8,5,5,6.7,5.7,4,6,TRUE,3.3,No
1347,35,Male,Single,Masters,Marketing,Growth Manager,3,6829,14.4,9.9,15,2.2,0,Hybrid,3.6,3,2,7.4,6,4,8.2,FALSE,4.7,No
1348,24,Female,Divorced,Bachelors,Engineering,QA Engineer,1,3306,12.4,0,4,0,3,Onsite,0.8,3,3,8,7.9,4,7.1,FALSE,3.9,No
1349,40,Male,Single,Masters,Engineering,QA Engineer,2,6541,10.8,5.6,17.1,1.7,6,Remote,3.1,4,1,8.5,7.1,4,8.8,TRUE,3.1,No
1350,38,Female,Divorced,Masters,Operations,Operations Analyst,2,7374,15.9,7.1,12.6,0.7,1,Onsite,14.7,15,6.4,6.9,4.6,4,6.8,FALSE,6.4,No
1351,46,Male,Divorced,Bachelors,Engineering,Software Engineer,2,6819,11.7,5,12.5,2.2,3,Hybrid,11.5,3,5.5,5.3,5.8,4,8.9,TRUE,6.7,No
1352,55,Male,Married,Masters,Operations,Operations Manager,5,10341,9.1,9.3,24.8,4.1,6,Remote,2.1,27,3.8,5.5,7.8,4,6.5,TRUE,5.8,No
1353,39,Male,Single,PhD,Engineering,QA Engineer,1,4639,19.2,4.2,8.7,0.6,1,Remote,7.4,6,5.2,6.6,6.3,4,8.5,FALSE,5,No
1354,46,Male,Married,Masters,Sales,Sales Manager,3,8687,13.5,4.9,7.6,4.2,2,Hybrid,4.6,23,2.8,7,7.9,4,9.2,TRUE,7.7,No
1355,36,Female,Single,Bachelors,Engineering,QA Engineer,3,10803,10.1,4.6,16,1.6,6,Onsite,2.3,10,3.5,7.8,7.5,4,7.1,FALSE,4.5,No
1356,46,Female,Married,High School,Operations,Program Manager,4,5220,8.5,11.7,20.5,2.4,3,Onsite,9.3,20,2.8,8.8,5.2,4,9,FALSE,6.1,No
1357,49,Male,Divorced,Bachelors,Sales,Account Executive,3,6212,9.5,11.2,22.7,2.2,3,Onsite,9.3,31,5.4,5.3,4.9,3,6.4,FALSE,7.4,No
1358,33,Female,Married,Bachelors,Marketing,Content Strategist,2,5220,8.3,9.2,12.5,4.8,0,Onsite,4.1,9,2.6,5.1,7.7,4,9.8,FALSE,4.7,Yes
1359,45,Female,Married,High School,Sales,Sales Manager,4,11190,4,12.6,22.9,5.1,4,Onsite,5.8,15,4,5.1,7.2,4,8.6,FALSE,4.2,No
1360,26,Male,Married,Bachelors,Marketing,Content Strategist,2,4286,13.4,5,6,1.6,3,Remote,7.3,4,2.1,7.6,7,5,10,TRUE,8,No
1361,40,Female,Married,Bachelors,Finance,Finance Manager,4,8179,17.1,10.1,11.3,0.9,1,Hybrid,12.2,4,4.2,8.6,4.5,4,7.4,TRUE,3.6,No
1362,35,Female,Married,Bachelors,Engineering,Engineering Manager,2,6959,7.2,1.9,11.4,1.9,4,Onsite,2.4,6,1.6,7.4,8.3,4,7.3,TRUE,1.4,No
1363,39,Female,Single,Bachelors,Operations,Program Manager,5,9747,14.8,6.2,11.4,1.3,1,Onsite,3.3,15,4.7,6.3,6.2,4,9.3,FALSE,4.3,No
1364,38,Male,Married,Bachelors,Operations,Operations Manager,3,5264,10.3,9.9,16.4,0.4,3,Onsite,8.6,20,5.1,5.6,5,4,9.9,TRUE,7.3,No
1365,41,Male,Single,High School,Research & Development,R&D Manager,3,6729,12,8.9,13.7,1.9,0,Hybrid,3,6,3.8,6.9,5.6,4,9.8,TRUE,2.9,No
1366,21,Female,Married,Bachelors,Sales,Sales Manager,3,7284,13.1,0,1,0,0,Hybrid,7,15,5,4.7,5.2,3,8.3,TRUE,4,Yes
1367,36,Female,Divorced,High School,Customer Support,Support Specialist,3,4779,18.2,7.4,16,0.8,4,Remote,2.8,7,2.7,8.6,7,4,10,TRUE,7.7,No
1368,29,Male,Married,PhD,Engineering,Data Engineer,2,8523,14,7.2,9,1.1,2,Hybrid,4,5,4.1,6.3,6.7,3,9.2,FALSE,3.8,No
1369,46,Male,Divorced,PhD,Research & Development,R&D Manager,3,9177,12.8,5.1,13,2.5,3,Onsite,1.1,7,2.8,7.7,8.3,3,9.5,TRUE,4.6,No
1370,41,Female,Married,Masters,Engineering,QA Engineer,2,6736,12.1,4.1,15.3,1,6,Hybrid,4.6,8,4.1,5.3,5.7,3,7.2,TRUE,2.4,Yes
1371,32,Prefer not to say,Married,Bachelors,Sales,Account Executive,1,3837,11,4,8.5,0.6,2,Onsite,5,28,3.8,6.6,4.8,4,9.7,FALSE,7.1,Yes
1372,49,Female,Single,Masters,Engineering,QA Engineer,4,10559,15.4,10.6,18.4,0.4,1,Remote,6.1,6,2.4,9.1,7.5,4,8.4,FALSE,4.2,No
1373,33,Female,Single,Masters,Customer Support,Support Specialist,3,6547,19.6,8.1,11.7,1,0,Remote,4.4,4,4,8.5,6.7,4,8.1,TRUE,6.9,No
1374,21,Male,Married,Bachelors,Marketing,Content Strategist,1,2790,7.4,0,1,0,3,Hybrid,12,2,5,5.7,5.6,4,9.3,TRUE,6,No
1375,22,Male,Married,Masters,Research & Development,Research Scientist,1,4251,15.3,0.1,2,0.1,1,Hybrid,3.7,4,2.3,6.5,8.1,3,8.4,TRUE,6.5,No
1376,26,Female,Married,Bachelors,Engineering,Data Engineer,2,5529,14,2.3,6,2.3,3,Remote,2.8,4,3.1,7,7.5,4,9,TRUE,1.3,No
1377,47,Female,Single,Masters,Customer Support,Support Team Lead,4,8453,6.3,11.2,24.1,6.9,5,Remote,8.6,5,3.5,5.8,5.6,3,9.9,FALSE,5.4,Yes
1378,48,Male,Married,Bachelors,Sales,Sales Development Rep,4,11556,10.5,7.1,14.5,1.7,1,Onsite,7.4,23,5.2,5.4,4.9,4,8,FALSE,4.5,No
1379,47,Male,Single,Bachelors,Engineering,QA Engineer,5,9217,7.6,11.9,18.3,2.1,2,Remote,5.2,6,2.2,6.3,6.8,3,8.3,TRUE,3.4,No
1380,36,Female,Divorced,Masters,Finance,Accountant,1,4110,7.5,3.8,8,3.8,0,Remote,13.9,3,5.7,8.1,4.3,4,8.7,FALSE,6.1,Yes
1381,51,Female,Single,Bachelors,Engineering,Software Engineer,4,6773,11.5,11.3,14.4,1.9,1,Hybrid,11.8,9,5.5,6.7,4.4,4,9.8,FALSE,5.6,No
1382,40,Male,Single,Masters,Marketing,Content Strategist,3,6080,8.6,6.8,11.9,2,0,Hybrid,3.7,2,3.2,6.7,6.6,3,8.5,TRUE,6.7,No
1383,47,Female,Married,Masters,Marketing,Marketing Specialist,4,11392,8.1,9.6,16.6,2.6,2,Hybrid,3.8,5,2.8,8.1,6.1,3,7.3,TRUE,6.4,No
1384,42,Female,Married,Bachelors,Engineering,Data Engineer,2,3767,14.2,5.6,13.8,1.9,2,Hybrid,8.8,5,5.4,6,4.8,3,5.8,TRUE,3.6,No
1385,49,Prefer not to say,Divorced,Bachelors,Sales,Sales Manager,5,12491,11.4,9.9,20.1,3.8,3,Onsite,6.1,13,2.6,5.6,7.4,4,8.5,FALSE,2.6,Yes
1386,48,Female,Single,Bachelors,Sales,Sales Manager,4,7316,13.2,11,19.6,5.3,2,Hybrid,4.6,24,3.8,7.8,5.8,3,6.3,TRUE,5.5,No
1387,38,Female,Single,PhD,Engineering,Data Engineer,1,4580,11.7,4.6,15.1,1.3,3,Remote,4.8,5,1.4,6.4,7.7,3,7.1,TRUE,5.4,No
1388,43,Male,Single,Bachelors,Research & Development,Research Scientist,4,10360,9.8,10.7,15,2.3,1,Hybrid,10.5,8,6.2,5.7,5.2,4,8.1,TRUE,2.9,Yes
1389,27,Female,Single,Bachelors,Finance,Accountant,2,6142,11.7,0,7,0,3,Remote,7.7,3,6.3,3.2,5.1,2,7.2,TRUE,6.5,Yes
1390,39,Male,Married,Bachelors,Engineering,Engineering Manager,4,12769,15.9,5.9,14.2,0.4,2,Remote,13.7,4,2.7,8.8,6.6,4,9.7,TRUE,5.3,No
1391,31,Male,Married,Bachelors,Operations,Operations Manager,2,4090,8.8,5.7,11,5.1,0,Remote,1.5,14,1,7.1,8.9,4,7.2,TRUE,5.6,No
1392,31,Male,Married,High School,Sales,Sales Manager,4,11547,15,8.1,11,1.7,1,Hybrid,12.1,26,4,8.9,6.4,4,10,FALSE,6.7,No
1393,38,Female,Married,Bachelors,Finance,Accountant,2,5726,16.4,9.9,18,0.3,4,Hybrid,1.3,4,2.3,8.1,6.3,3,7.5,TRUE,4.7,No
1394,56,Male,Married,Masters,Sales,Sales Manager,5,8230,11.1,11.1,16.2,4.1,1,Hybrid,3.2,27,3.9,5.9,7.6,3,6.8,TRUE,3.6,No
1395,33,Non-binary,Married,Masters,Finance,Financial Analyst,3,6047,12.9,8.5,13,2.1,3,Onsite,3.8,5,3,8.3,8.2,5,10,FALSE,4.4,No
1396,34,Female,Single,Masters,Operations,Program Manager,3,6384,11.5,5.5,14,3.6,3,Hybrid,7.8,23,5.7,4.4,5.9,3,9.8,TRUE,5.8,No
1397,28,Female,Single,Bachelors,Sales,Account Executive,3,7055,6.1,3.6,8,2.1,3,Onsite,7.2,22,4.1,5.6,6.9,4,7.2,TRUE,6.8,Yes
1398,35,Female,Single,Bachelors,Customer Support,Customer Success Manager,4,8863,12.7,9.4,14.9,0.1,2,Hybrid,8.8,5,5,5.7,4.5,3,7.4,TRUE,5.7,No
1399,45,Male,Single,Bachelors,Finance,Finance Manager,3,6607,10.2,6.5,15.8,1.3,2,Onsite,17.1,8,6.7,5.4,4,3,9.3,TRUE,2.1,Yes
1400,31,Male,Single,Masters,Finance,Finance Manager,2,5468,10.1,7.4,11,1.2,2,Hybrid,5.2,4,5.9,6,5.1,3,9.6,TRUE,7,No
1401,44,Male,Married,Bachelors,Engineering,Software Engineer,3,9720,4.3,9,13.9,9,1,Remote,3.1,6,1,7,8.5,4,6.5,FALSE,3.7,No
1402,48,Male,Married,PhD,Engineering,QA Engineer,2,7436,11.2,4.3,16,2.2,3,Hybrid,3.5,9,3.3,6.6,7.5,3,9.8,TRUE,4.6,No
1403,26,Female,Single,Masters,Sales,Sales Development Rep,3,7022,8.8,5,6,1.3,2,Onsite,7.2,21,3.6,5.2,5.9,3,8.8,FALSE,3.7,No
1404,51,Female,Single,Bachelors,Engineering,Software Engineer,5,12435,9.1,9.3,15.1,5.3,2,Hybrid,9.1,3,4.7,5.5,5.5,3,8.1,TRUE,2.1,No
1405,33,Male,Married,High School,Engineering,QA Engineer,3,7220,14.5,7.7,11.4,2.5,0,Onsite,7.1,7,4.1,6.1,4.5,4,8.9,FALSE,1.6,No
1406,26,Male,Divorced,Bachelors,Operations,Program Manager,3,4181,8.3,5,6,1.6,1,Onsite,2.3,31,1.7,6.7,9.1,4,9.2,TRUE,5.2,No
1407,29,Male,Married,Bachelors,Sales,Account Executive,3,6773,7.3,8,9,1.6,4,Hybrid,6.3,16,2.8,6,5.6,4,7.5,TRUE,6.2,No
1408,34,Male,Married,Masters,Operations,Operations Analyst,5,9247,1.3,10.3,14,9.1,5,Onsite,7.9,28,6.6,4.2,5.1,3,8.6,FALSE,4.5,Yes
1409,21,Female,Divorced,Bachelors,Engineering,QA Engineer,1,3867,10.8,0,0,0,0,Hybrid,6.7,6,5.2,5.5,7.1,4,8.7,TRUE,5.8,Yes
1410,37,Male,Married,Masters,Operations,Operations Manager,3,8624,12.5,6,14.1,1,3,Remote,1.3,27,2.4,9.2,7.2,4,9.7,FALSE,3.1,No
1411,29,Non-binary,Single,Bachelors,Engineering,Data Engineer,3,7803,9.9,7.5,9,1.5,2,Hybrid,5.6,6,3.5,5.8,7.2,3,7.2,TRUE,2.4,No
1412,39,Female,Single,Masters,Customer Support,Support Team Lead,2,3941,9.6,9.7,13.5,2,1,Onsite,3.2,5,3.8,5,6.3,4,6.7,TRUE,6.7,Yes
1413,38,Female,Married,Bachelors,Customer Support,Support Specialist,1,2585,14.6,0,8.4,0,3,Onsite,11.8,7,5.3,7.5,6.3,3,8.5,TRUE,7.5,No
1414,43,Male,Married,Bachelors,Operations,Operations Manager,5,10031,13.8,12.9,21,1.6,3,Onsite,14.6,21,6.1,6.4,4.3,3,7.7,FALSE,6,Yes
1415,45,Female,Married,Bachelors,Sales,Sales Development Rep,2,5329,12.3,6.1,17.6,0.9,5,Hybrid,2.7,18,5.5,4.3,6.7,4,9.3,FALSE,8.2,No
1416,44,Female,Married,Bachelors,Engineering,Data Engineer,3,7823,9.3,6,18.3,2.1,5,Hybrid,4.9,7,3.8,6.3,6.8,4,9,FALSE,5.3,No
1417,48,Non-binary,Divorced,Masters,Operations,Operations Manager,3,6329,7.9,2.4,16.2,0.2,4,Hybrid,14.7,19,3.9,8,4,3,6.7,FALSE,6,No
1418,42,Female,Single,Bachelors,Human Resources,HR Manager,3,6114,14.5,7.9,15.2,0.1,3,Hybrid,0.3,4,4.6,6.4,8.9,3,9,FALSE,4.6,No
1419,39,Male,Single,PhD,Engineering,Engineering Manager,3,11418,9.5,9.2,19,2.9,4,Onsite,1.9,6,4.6,6.6,7.2,3,7.4,TRUE,6,Yes
1420,48,Female,Single,Masters,Human Resources,HR Manager,5,9375,12.1,12.1,18.2,3.3,1,Remote,1,5,2.9,6.8,8.3,4,9.5,TRUE,1.8,No
1421,29,Female,Married,Bachelors,Engineering,Data Engineer,1,4225,14.4,2.8,9,0.2,3,Hybrid,3.2,7,3.6,6.4,7,4,10,TRUE,3.4,No
1422,39,Male,Married,Bachelors,Marketing,Content Strategist,2,4545,6.6,5.1,12.4,2.7,3,Remote,0.9,9,1,8.1,8.6,5,10,TRUE,7.9,No
1423,39,Male,Married,Bachelors,Finance,Finance Manager,3,10237,11.2,5.6,8.7,3,1,Remote,1.7,2,3,6,6.5,4,8.8,FALSE,4.6,No
1424,39,Male,Single,PhD,Customer Support,Customer Success Manager,2,3955,11.1,7.6,10.8,3.7,1,Onsite,5.1,6,4.8,5.6,6.4,4,10,TRUE,5,Yes
1425,37,Female,Single,Bachelors,Sales,Sales Development Rep,1,3574,9.5,4.8,14.6,0.7,2,Onsite,4.1,29,3.9,6.4,5.8,4,8.8,TRUE,5.4,Yes
1426,41,Male,Married,Masters,Engineering,Data Engineer,4,9758,14.9,6.9,18,0.3,3,Remote,7.5,9,5.7,4.4,4.7,3,7.4,FALSE,5.5,Yes
1427,36,Female,Married,Bachelors,Sales,Sales Manager,3,6715,13.5,7.8,15.6,1.3,2,Hybrid,15.8,17,6.6,4.4,4.3,4,8,TRUE,3,Yes
1428,26,Female,Married,Masters,Engineering,Software Engineer,1,5285,13.1,0.5,6,0.5,5,Hybrid,1.8,5,3.4,4.8,6,3,5.9,FALSE,6,No
1429,33,Female,Single,Bachelors,Research & Development,Research Scientist,3,9080,11.7,6.2,8.1,1.4,2,Hybrid,6.1,5,2.7,7.9,7.6,4,9.7,FALSE,2.1,No
1430,52,Male,Married,Bachelors,Customer Support,Customer Success Manager,4,6990,7.1,9,8.7,1.9,0,Onsite,13.4,10,6,6.2,5.8,5,9,FALSE,5.7,No
1431,43,Female,Married,Bachelors,Finance,Financial Analyst,3,5787,10.9,10,21.7,0.8,3,Hybrid,6.8,9,4.4,7.3,5.1,4,10,FALSE,5.2,No
1432,38,Female,Single,Bachelors,Engineering,Data Engineer,2,5116,12.9,2.9,8.8,1.4,2,Onsite,3.6,5,4.1,5.5,3.8,3,8.8,TRUE,3.9,No
1433,44,Male,Married,Bachelors,Engineering,Engineering Manager,5,14036,12.8,9.9,15.1,3,1,Onsite,6.5,7,5.1,6.1,5.9,4,7.8,TRUE,4.5,No
1434,57,Male,Single,Bachelors,Research & Development,Product Researcher,5,12766,13,11.3,15.3,1.1,1,Remote,7.6,5,3.4,6.5,7.1,4,8.1,TRUE,3.6,No
1435,48,Female,Married,High School,Engineering,QA Engineer,4,7520,17.5,9.6,12.9,0.4,1,Hybrid,7.4,6,4.6,4.4,7,3,8.7,TRUE,2.4,No
1436,38,Female,Married,Bachelors,Engineering,Engineering Manager,3,8889,13.7,7.8,18,0.3,4,Hybrid,7.8,4,5.7,7.2,4.1,3,8.9,TRUE,2.5,No
1437,49,Female,Single,Bachelors,Operations,Program Manager,5,7961,5.8,11.1,14.4,1.5,2,Hybrid,5.7,14,3.5,4.2,4.7,3,7.4,TRUE,2.5,No
1438,45,Male,Single,Masters,Sales,Account Executive,1,3628,15.7,2.8,6.6,1.9,0,Onsite,4.5,17,3.3,7.6,8,5,8.4,FALSE,4.7,No
1439,45,Female,Single,Bachelors,Sales,Sales Manager,2,4894,15.2,2.1,10.9,0.3,2,Hybrid,3.8,16,1,9.4,4.9,4,9.3,FALSE,3.7,No
1440,21,Female,Single,Masters,Sales,Sales Development Rep,1,3752,12.1,0,1,0,1,Remote,4.5,24,3.5,6.9,8.4,4,9.6,FALSE,5.7,No
1441,42,Male,Married,Masters,Operations,Program Manager,2,4563,10.3,3.2,10,1,3,Remote,6.3,15,1.7,7.1,7.2,3,5.5,FALSE,3.3,No
1442,59,Female,Single,Bachelors,Marketing,Content Strategist,5,9971,2,12.4,19.3,6.6,2,Hybrid,17.5,9,7.3,6.1,6,4,8.7,FALSE,5.1,Yes
1443,36,Male,Married,Masters,Customer Support,Support Specialist,2,3718,12.7,7.6,7.9,0.6,0,Hybrid,2.7,10,3.7,6.9,8.3,4,6.9,TRUE,3,Yes
1444,22,Male,Married,Bachelors,Marketing,Content Strategist,3,7032,12.9,1,2,1,0,Hybrid,17.4,4,5.7,6.8,3.6,3,8.5,TRUE,5.8,Yes
1445,35,Male,Single,Masters,Sales,Sales Manager,3,9315,15.6,7.5,8.3,1.9,1,Onsite,16.9,27,4.1,7.8,5.1,4,7.8,FALSE,2.7,No
1446,25,Male,Married,Bachelors,Engineering,QA Engineer,3,7225,8.9,4,5,4,3,Hybrid,2.9,5,4.4,6.3,4.4,3,6.8,TRUE,5.2,No
1447,34,Male,Married,High School,Operations,Operations Manager,3,6086,6.2,5.8,14,3.8,5,Onsite,7.9,24,6,3.3,5.3,3,6.8,FALSE,5.2,No
1448,35,Female,Single,Bachelors,Engineering,Data Engineer,3,7631,9.6,4.7,8.9,4.7,3,Onsite,17.8,5,6.3,4.6,4.2,3,9.3,TRUE,4,Yes
1449,41,Female,Married,Bachelors,Finance,Financial Analyst,2,4009,10.4,5.1,10.9,1.7,1,Remote,5.9,2,4,7.9,6,3,7.7,FALSE,7.5,No
1450,25,Female,Single,Bachelors,Finance,Accountant,1,3316,15,4,5,1.1,1,Remote,2.2,6,1,7.6,9.2,3,6.3,TRUE,6.1,No
1451,35,Male,Single,High School,Research & Development,Research Scientist,3,5287,17.8,7,13,0.3,0,Remote,1,8,1,9.5,8,4,7.9,TRUE,5.1,No
1452,31,Male,Single,Bachelors,Engineering,QA Engineer,1,3954,14,0.3,4.4,0,2,Remote,3.6,6,1.9,8.4,8.4,5,10,TRUE,5.6,No
1453,39,Female,Single,PhD,Engineering,Engineering Manager,3,11803,8.8,8,17.2,1.7,3,Hybrid,7.9,4,4.5,3.6,7.3,3,9.3,TRUE,4.1,No
1454,25,Female,Married,Bachelors,Operations,Operations Manager,2,4085,10.3,4,5,3,0,Onsite,5.8,20,6.6,5.7,5.7,4,9.3,FALSE,4.6,Yes
1455,33,Female,Married,Bachelors,Sales,Sales Development Rep,2,5258,9.9,7.1,7.4,0.8,0,Hybrid,5.4,24,3.6,6.7,4.7,4,8.7,TRUE,3.7,No
1456,40,Male,Married,Bachelors,Engineering,Engineering Manager,3,9335,11.3,0.5,9,0.5,2,Remote,8.8,10,3.2,8.8,5.1,3,7.9,TRUE,3.7,No
1457,33,Male,Married,Bachelors,Customer Support,Support Team Lead,5,6791,8.5,10.7,13,5.3,4,Remote,4.6,5,3.5,5,6.1,4,7.4,TRUE,3,No
1458,34,Male,Married,Bachelors,Operations,Program Manager,4,9217,11.6,6.1,9.2,0.9,2,Hybrid,19.9,32,7.6,7.8,3.3,4,6.3,TRUE,3.8,Yes
1459,33,Male,Married,Bachelors,Engineering,QA Engineer,1,3836,12.4,2.6,8.3,2.6,0,Onsite,4.2,5,6.2,4.6,5.7,3,9.1,TRUE,6,No
1460,46,Female,Divorced,Bachelors,Engineering,Data Engineer,3,6895,9.7,3.3,11.2,3.3,3,Hybrid,4.5,5,5.4,4.5,6.9,3,9.2,TRUE,4.1,No
1461,38,Male,Married,High School,Customer Support,Customer Success Manager,3,3399,17.1,10,15.7,0,3,Hybrid,3.3,7,2.6,7.6,6,4,9,FALSE,6.5,No
1462,38,Female,Married,Masters,Human Resources,Recruiter,4,7815,9,11.4,12.4,3.1,1,Onsite,6.2,6,5.5,5.2,6.3,4,8.6,FALSE,4.3,No
1463,35,Female,Married,Bachelors,Research & Development,Product Researcher,2,5226,11.8,2.3,5.9,0.8,0,Hybrid,6.9,12,3.5,7.8,6.9,4,8,TRUE,5.2,No
1464,42,Male,Single,Masters,Marketing,Growth Manager,5,7457,13.4,8.6,13.3,2.8,1,Remote,6.7,5,1.3,8.9,8,4,7.1,FALSE,2.3,No
1465,23,Male,Single,High School,Engineering,Software Engineer,3,6733,13.7,2,2.4,1.6,0,Remote,4.3,12,3.1,7.1,8,3,8.4,TRUE,1.1,No
1466,24,Male,Single,Bachelors,Engineering,QA Engineer,2,6006,11.9,3,2,1.5,0,Hybrid,7.2,8,5,6.2,5,4,9.1,TRUE,6.4,No
1467,60,Female,Married,Bachelors,Sales,Sales Manager,5,12278,4.9,9.7,17.9,2.6,3,Hybrid,10.9,23,3.8,7.5,5.7,4,10,FALSE,4.3,Yes
1468,34,Female,Married,PhD,Operations,Operations Analyst,3,6710,9.8,4.2,11.8,4.2,1,Hybrid,1.8,25,1,7.1,7,4,8,FALSE,7.6,No
1469,48,Male,Married,Masters,Engineering,Engineering Manager,3,5519,10.7,3.4,5.1,3.1,1,Onsite,8,6,6.7,4.3,4.7,3,8.2,TRUE,4.2,Yes
1470,32,Female,Divorced,Bachelors,Sales,Sales Manager,2,6869,14.7,1.6,11.3,1.6,2,Hybrid,7.5,23,4.7,4.6,6.3,3,8.7,FALSE,7,No
1471,41,Male,Married,Masters,Sales,Sales Development Rep,2,5527,8,8.4,14.9,2.2,3,Remote,5.9,20,5.7,6.6,5.8,3,9.4,TRUE,5.8,No
1472,51,Prefer not to say,Single,Bachelors,Operations,Program Manager,5,7836,16,12.3,17,2.2,2,Onsite,14.7,19,8.4,6.3,3.5,2,7.7,FALSE,3.4,No
1473,42,Female,Divorced,Bachelors,Engineering,Engineering Manager,5,14214,11.7,12.9,19.9,3.3,3,Remote,8.7,6,4.7,6.3,6.6,3,6.7,TRUE,3.2,Yes
1474,37,Female,Single,Bachelors,Customer Support,Support Specialist,2,4066,15.2,3.6,8,0.7,0,Hybrid,4.7,14,5.4,5.8,6.6,3,10,TRUE,6.9,Yes
1475,38,Male,Single,Bachelors,Sales,Sales Manager,3,9330,7.7,2.3,5.9,2.3,2,Hybrid,10,20,4.3,8.3,5,5,8.1,FALSE,5.2,No
1476,32,Female,Single,High School,Customer Support,Support Team Lead,2,4196,7.9,8.7,12,4.7,2,Hybrid,19.9,7,7.9,5.7,1.3,3,6.7,FALSE,8.8,Yes
1477,48,Male,Single,High School,Customer Support,Customer Success Manager,4,4989,10.2,9.4,16,1.7,3,Hybrid,9,6,5.4,6.8,4.9,3,5.8,FALSE,5.8,No
1478,42,Male,Single,Bachelors,Customer Support,Support Team Lead,5,7518,13.7,12.3,16.4,0,2,Onsite,4.5,10,3.3,8.3,6.6,4,10,TRUE,5.1,No
1479,43,Female,Single,Bachelors,Engineering,Data Engineer,3,7920,10.6,5.6,13.7,3.4,2,Remote,2,3,2.7,4.8,9.3,4,9.8,TRUE,1.8,No
1480,38,Female,Married,Bachelors,Customer Support,Customer Success Manager,3,5677,7.5,3,5.3,1.2,0,Hybrid,10,7,6.6,3.6,3.9,4,8.3,FALSE,6.6,No
1481,31,Male,Married,Masters,Engineering,QA Engineer,1,4332,10.8,2.2,6.1,1.8,1,Onsite,4.6,2,5.6,3.4,5.6,3,8.7,TRUE,6.5,Yes
1482,27,Female,Single,Bachelors,Sales,Sales Manager,2,3886,13,6,7,1.2,0,Onsite,9.9,26,7.1,5.1,4.1,2,6.7,FALSE,5.5,No
1483,46,Female,Married,High School,Engineering,Data Engineer,4,7875,8.8,9.5,15.7,2.9,3,Hybrid,2.7,5,3,7.3,6.7,3,8.5,TRUE,3.2,No
1484,38,Male,Married,Bachelors,Marketing,Growth Manager,3,6735,11.8,5.7,7.5,1,0,Onsite,9.5,9,7.3,5.8,5.3,3,8,TRUE,5.2,No
1485,38,Female,Single,Bachelors,Engineering,Engineering Manager,4,9572,16.9,10.3,16.3,0.8,1,Hybrid,11.7,4,4.7,7.6,4.8,4,6.7,TRUE,5.1,No
1486,37,Female,Single,Bachelors,Research & Development,R&D Manager,2,5835,18.8,7.5,17,0.4,3,Hybrid,8,6,3.1,7.8,5.9,3,8,FALSE,1.5,No
1487,32,Male,Single,High School,Engineering,Data Engineer,1,3625,6.5,6,12,2.1,5,Hybrid,6.8,10,5.6,5.4,6,4,9.7,TRUE,5.4,Yes
1488,47,Female,Divorced,Masters,Marketing,Growth Manager,5,11381,9.8,11.3,14.2,3.9,1,Onsite,26.7,10,5.4,8.2,1.7,3,8.8,TRUE,3.3,Yes
1489,28,Male,Married,Bachelors,Customer Support,Support Specialist,2,3720,11,4.9,8,0.4,0,Onsite,12.8,6,7.6,3.6,4.6,3,7.6,TRUE,6.8,Yes
1490,40,Female,Married,Bachelors,Engineering,Software Engineer,3,6792,7.5,11.9,18.7,2.9,2,Onsite,9.1,6,3.4,7.8,5.5,3,8.2,FALSE,4.1,No
1491,57,Male,Married,High School,Finance,Accountant,5,9885,8.7,13.5,20.7,3.2,2,Onsite,3.5,7,4,6.6,6.9,3,7.5,FALSE,6,Yes
1492,30,Male,Married,Bachelors,Human Resources,Recruiter,3,5304,14.2,2.3,8.8,2.3,3,Onsite,4.5,4,3,6.8,6.4,4,9.9,TRUE,4.5,No
1493,48,Female,Married,Masters,Operations,Operations Analyst,4,10127,7.9,10.3,12.3,3.1,0,Remote,4.1,25,3.4,7.5,6.6,3,8.1,TRUE,3.6,Yes
1494,43,Male,Married,Masters,Operations,Program Manager,4,7392,16.8,13.4,18.7,3.7,1,Hybrid,8.8,15,4.2,5.8,5.6,4,8.1,FALSE,5.1,No
1495,44,Male,Married,Bachelors,Customer Support,Customer Success Manager,5,7174,13.4,14.3,17.9,2.2,2,Hybrid,9.3,4,4.2,7.5,5.9,5,8.4,TRUE,4.4,No
1496,36,Female,Divorced,High School,Customer Support,Customer Success Manager,4,5303,9.6,7.1,11.2,2.2,0,Onsite,4.9,2,3.9,6.2,5.8,4,9.2,FALSE,7.8,No
1497,22,Male,Single,Bachelors,Finance,Financial Analyst,2,4510,15.1,1,2,1,1,Onsite,8.5,6,6.1,5,4.1,3,9.1,FALSE,6.1,Yes
1498,51,Female,Single,High School,Sales,Sales Manager,5,7252,0,10.4,17.1,10.4,0,Onsite,7.8,18,3.5,5,4.6,4,10,TRUE,4.7,No
1499,23,Male,Single,Bachelors,Engineering,Software Engineer,1,4608,11.9,2,3,2,0,Remote,15,6,4.8,4.4,6.2,4,9.7,TRUE,2.3,No
1500,42,Female,Married,Masters,Engineering,Data Engineer,4,9952,6.9,8.7,15,5.2,1,Remote,2.5,6,1.4,7.1,6.7,4,8.9,TRUE,2.6,No
1501,37,Female,Married,Bachelors,Customer Support,Support Specialist,2,3715,9.7,8.8,15.9,2.6,2,Hybrid,5.7,7,2.8,6.8,6.7,5,10,TRUE,5.8,No
1502,31,Female,Single,High School,Engineering,QA Engineer,1,3413,14.4,0.6,7.2,0.6,1,Remote,5.5,12,3,8.7,6,5,8.9,FALSE,5.8,No
1503,26,Male,Single,High School,Customer Support,Support Team Lead,3,3130,13,5,6,0.6,1,Hybrid,4.5,4,3.2,6.6,7.3,4,8.7,FALSE,9.8,No
1504,49,Male,Married,Bachelors,Sales,Sales Development Rep,4,8080,14.1,7.6,15,2.7,3,Remote,17.4,17,5.6,5.7,5.3,3,8,FALSE,2.2,No
1505,22,Male,Single,PhD,Engineering,QA Engineer,1,4433,16.2,0,2,0,1,Hybrid,6.3,7,5.7,6,4.9,3,8.7,FALSE,4.7,No
1506,23,Male,Married,Masters,Sales,Sales Manager,3,5586,10.5,2,3,2,2,Hybrid,5.7,23,4.6,4.9,6.8,3,7.9,FALSE,8.4,No
1507,55,Male,Married,Bachelors,Sales,Sales Development Rep,3,8534,10,5.5,7.1,1.7,0,Hybrid,5.3,23,4,8.4,6.9,5,8.9,TRUE,4.7,No
1508,27,Male,Married,Masters,Engineering,Data Engineer,1,4212,18.8,4.6,7,0.9,0,Onsite,1.8,4,2.3,8.1,5.9,3,6.3,TRUE,4.5,No
1509,31,Male,Single,Masters,Sales,Sales Manager,3,7201,4.8,5.3,11,2.4,3,Onsite,3,26,3.4,7.2,9.4,4,9.4,TRUE,7.5,No
1510,49,Female,Married,Masters,Customer Support,Support Team Lead,4,6868,10.8,6.2,9.8,3.4,0,Onsite,8.5,9,6.7,3.9,6,4,8.1,FALSE,4.4,No
1511,46,Female,Married,Bachelors,Sales,Account Executive,5,10317,9.9,8.4,20.7,1.4,5,Hybrid,8.6,16,3.7,7.3,7.2,4,10,FALSE,6.1,No
1512,22,Non-binary,Married,PhD,Marketing,Content Strategist,2,4717,12.5,1,2,1,0,Hybrid,10.5,9,2.6,5.9,5.9,3,9.2,FALSE,7.3,Yes
1513,28,Female,Married,Bachelors,Research & Development,Product Researcher,1,4755,8.6,1.6,8,1.6,3,Hybrid,7.7,9,6.9,3.7,6.3,3,6.6,FALSE,4.5,No
1514,35,Male,Single,PhD,Engineering,Data Engineer,3,9012,14.7,6.8,12.5,0.9,1,Hybrid,3.5,6,3.7,6.3,6.4,4,9,TRUE,4.1,No
1515,30,Female,Single,Bachelors,Human Resources,Recruiter,2,4704,8.9,6.7,10,0.6,4,Hybrid,7.6,4,2.7,6.9,6,4,10,FALSE,6.7,No
1516,33,Female,Single,Bachelors,Research & Development,Product Researcher,5,11056,0,10.6,13,9.3,1,Remote,6.1,7,1.2,7.3,8.8,4,8.9,FALSE,4.5,No
1517,36,Female,Married,Masters,Marketing,Marketing Specialist,4,9833,7.1,9.1,16,3.5,2,Remote,1.6,5,2.7,7.8,5.5,4,9.4,TRUE,6.5,No
1518,40,Female,Married,Masters,Finance,Finance Manager,4,9102,13.3,10,18.2,1.3,2,Hybrid,2.6,6,1,8.3,8,4,7.2,TRUE,5.8,No
1519,36,Male,Married,Masters,Human Resources,HR Manager,2,5242,11.2,4.8,11.1,1.7,2,Remote,2.4,4,4,7.3,8.2,4,7.8,TRUE,7,No
1520,39,Male,Married,Masters,Engineering,Data Engineer,3,8082,9.8,5,14.2,4,2,Remote,6.4,7,2,7.5,7.3,4,8.7,TRUE,2.8,No
1521,32,Female,Single,Bachelors,Operations,Operations Analyst,3,6634,10.2,4.3,10.7,2.9,3,Hybrid,6.7,23,5.2,7.4,6,3,7.3,TRUE,4,Yes
1522,48,Female,Married,Bachelors,Customer Support,Support Team Lead,3,4676,12,2.9,10.1,2.9,2,Hybrid,6.3,11,5.4,6,5.2,3,7.7,TRUE,6.3,Yes
1523,39,Female,Single,Masters,Research & Development,R&D Manager,3,9495,11.4,4.3,10.8,0.3,1,Onsite,4.3,9,3.1,4,6.2,4,7.2,TRUE,2.7,No
1524,32,Prefer not to say,Single,Bachelors,Finance,Financial Analyst,2,5087,14.2,8.1,12,1,1,Remote,4.5,2,1.1,5.7,7.1,4,7.4,TRUE,5.5,No
1525,49,Male,Married,Bachelors,Sales,Account Executive,3,7215,7.9,8,21.6,2.5,3,Hybrid,20.6,18,8.9,5.4,3.2,3,8.2,FALSE,2.7,Yes
1526,21,Non-binary,Single,Masters,Operations,Operations Manager,2,4120,11.4,0,1,0,0,Onsite,2.5,24,1.4,6.6,7.1,4,9,TRUE,4.6,No
1527,30,Male,Single,Masters,Research & Development,Research Scientist,2,5361,9.6,5.4,10,3.4,3,Onsite,8.4,11,4,5.4,6.5,3,9.2,TRUE,1,Yes
1528,53,Female,Single,Bachelors,Research & Development,R&D Manager,5,10614,9.3,11.9,18.1,0.9,3,Hybrid,0.5,9,2.7,7.1,7.2,3,9,TRUE,3.2,No
1529,42,Female,Single,Masters,Sales,Sales Development Rep,2,6912,5.6,7.3,17.8,6.2,4,Remote,14.2,17,5.5,5.3,5.3,3,8.2,TRUE,7.1,No
1530,45,Male,Single,Bachelors,Research & Development,R&D Manager,3,7575,12.8,6.3,15.3,0,2,Hybrid,6.6,6,3.9,3.8,6.5,5,9.6,FALSE,5.1,No
1531,41,Female,Married,Masters,Operations,Operations Manager,4,7837,14,10.2,14.6,2,2,Hybrid,14.6,20,8.1,5.9,3.1,3,9.2,FALSE,3.1,No
1532,50,Female,Married,Bachelors,Customer Support,Customer Success Manager,5,6107,11.1,11.3,17.2,0.4,1,Hybrid,7.4,10,4.1,5.2,6.6,3,7.3,FALSE,6.5,No
1533,53,Female,Single,High School,Engineering,Engineering Manager,4,11075,15,10.1,16.9,2.5,3,Hybrid,2.6,7,1,7.3,8.1,4,8.2,TRUE,5,No
1534,38,Female,Married,Masters,Research & Development,Research Scientist,2,5917,8,3.8,8.7,3.8,2,Remote,9,5,5.5,3.8,5,4,9.8,FALSE,5.3,No
1535,43,Male,Married,Bachelors,Operations,Program Manager,5,10952,9.8,10.3,16.3,1.4,1,Onsite,3.3,19,3.1,5.7,6.2,4,9.4,TRUE,7.8,No
1536,43,Female,Divorced,Bachelors,Engineering,Engineering Manager,3,7816,11.5,7.2,12.6,1.1,1,Onsite,6.2,6,6,4.7,5.1,4,7.7,FALSE,3.5,No
1537,36,Female,Single,Masters,Human Resources,Recruiter,3,7662,14,6.6,13.9,1.5,3,Hybrid,8.6,10,5.3,5,5.7,3,10,TRUE,3.8,No
1538,25,Male,Married,Masters,Engineering,Software Engineer,2,4487,7.5,4,5,3.4,1,Remote,2.6,1,3,4.3,6.2,4,7.6,TRUE,3.3,No
1539,49,Male,Married,Masters,Operations,Program Manager,5,11016,9.7,16.1,23.4,2.2,3,Hybrid,3.3,15,5.2,7,5.8,4,9.7,TRUE,6.3,Yes
1540,35,Male,Married,High School,Finance,Finance Manager,2,4531,14.5,4.2,6.5,0.7,1,Remote,8.3,6,1.3,5.9,6.6,4,8.6,FALSE,3.7,No
1541,25,Female,Single,Bachelors,Human Resources,HR Business Partner,2,3719,13,4,5,4,2,Hybrid,3.3,6,2.5,7.1,6.3,4,9,FALSE,5.6,No
1542,48,Female,Divorced,Masters,Customer Support,Customer Success Manager,4,9922,11.7,7.6,15.4,2.3,1,Hybrid,7.3,11,3.7,5.3,7.6,4,7.3,FALSE,6.2,Yes
1543,29,Female,Married,Bachelors,Operations,Program Manager,3,7884,9.1,6,9,2.6,1,Hybrid,9.7,24,5.7,3.3,3.7,3,7.9,TRUE,6.8,No
1544,44,Non-binary,Married,PhD,Engineering,Engineering Manager,5,17915,11.6,14.9,23.6,0.4,3,Onsite,11.5,2,2.7,5.9,6.4,3,8.5,TRUE,3.5,No
1545,37,Male,Single,Bachelors,Operations,Operations Analyst,3,5302,13.4,6.6,15.5,2.9,1,Onsite,7.8,18,5,6.8,6.4,4,8.8,FALSE,4.6,No
1546,39,Male,Divorced,Masters,Human Resources,Recruiter,4,6616,13.5,8.7,6.9,2.2,0,Remote,3.7,9,3.4,5.1,7.1,3,6.2,FALSE,4.1,No
1547,33,Male,Married,Bachelors,Engineering,Software Engineer,3,9427,14.6,1.3,2.4,1.3,0,Hybrid,0.6,6,1.2,6.3,7.9,4,7.7,FALSE,3.9,No
1548,30,Female,Single,PhD,Sales,Account Executive,1,3544,11.8,0.3,3.3,0.3,1,Hybrid,6.1,24,1,8.6,8.6,4,6.9,FALSE,5.7,No
1549,34,Male,Single,Bachelors,Marketing,Content Strategist,2,4758,13.6,8.5,13,2.7,1,Onsite,0.6,2,2.9,6.6,7,4,6.5,TRUE,4.9,No
1550,38,Female,Married,Masters,Customer Support,Customer Success Manager,3,6081,6,9.1,16.8,4.4,3,Hybrid,1.9,8,2.8,6.9,6.9,4,10,TRUE,6.6,No
1551,31,Female,Divorced,High School,Customer Support,Support Team Lead,3,6091,9.1,9.1,11,1.8,2,Hybrid,9.2,5,2.4,5.3,4.5,5,9.6,TRUE,6.4,No
1552,28,Male,Single,Bachelors,Engineering,Software Engineer,2,6611,9.9,7,8,2.4,1,Onsite,3.1,4,2.8,9.2,6.4,4,8.5,TRUE,7.5,No
1553,28,Female,Divorced,Bachelors,Marketing,Content Strategist,1,3252,7.4,5.2,8,2,2,Hybrid,6.3,5,5.2,6,6.3,3,8.1,TRUE,5.6,No
1554,34,Female,Married,Masters,Customer Support,Customer Success Manager,3,6112,8.2,9,14,1.6,2,Onsite,4.3,6,2.6,6.5,5.8,3,10,FALSE,6.1,No
1555,35,Male,Single,Bachelors,Finance,Financial Analyst,2,4710,12.5,4.8,9.8,1.8,2,Hybrid,6.9,2,6.2,5,5.2,2,9,FALSE,6.3,Yes
1556,54,Female,Married,Bachelors,Customer Support,Support Team Lead,5,9611,11.9,13.8,17.7,1.9,1,Hybrid,13.5,12,5.2,5.9,3.9,3,10,FALSE,7.5,No
1557,63,Male,Single,Bachelors,Finance,Finance Manager,5,8131,14.1,9.4,15.7,1,3,Hybrid,5.4,8,4.2,6.2,5.3,3,8.2,FALSE,3.1,No
1558,36,Female,Married,Bachelors,Engineering,Software Engineer,2,5690,15.1,11.6,16,0,1,Hybrid,1.2,6,3.5,7,6.8,4,8.1,FALSE,6,No
1559,21,Female,Married,Masters,Marketing,Marketing Specialist,2,3262,16.6,0,1,0,1,Onsite,10.1,4,4.6,8.6,6.1,4,9.5,TRUE,6.6,No
1560,30,Male,Married,Masters,Marketing,Marketing Specialist,1,3458,13.1,4.1,10,0,2,Onsite,6.4,6,5,5.1,6.1,4,7,TRUE,3.8,No
1561,35,Female,Single,Bachelors,Customer Support,Customer Success Manager,3,6208,15.4,9.1,11.7,0.4,1,Onsite,9,4,6.2,5.7,6.3,3,9.2,FALSE,6.2,No
1562,37,Male,Married,Masters,Sales,Account Executive,3,8078,12.7,5.5,6.6,1.3,1,Remote,11.9,24,3.6,7.7,4.7,4,7.9,TRUE,2.5,No
1563,39,Male,Divorced,PhD,Engineering,Data Engineer,1,5090,11.6,2.4,9.9,2.4,2,Remote,5.3,7,3,7.3,7.3,3,5.6,TRUE,4.7,No
1564,29,Male,Married,Masters,Operations,Program Manager,2,6227,10.4,3.5,9,2.7,5,Hybrid,3,25,3.1,6.4,8.3,2,8.4,FALSE,9.1,No
1565,57,Male,Divorced,PhD,Sales,Sales Development Rep,5,13410,9.6,11.4,20.9,7.5,2,Onsite,12.4,20,3,8.1,7.3,4,9.6,FALSE,5.3,Yes
1566,35,Female,Single,Bachelors,Marketing,Marketing Specialist,3,8199,17.5,6.2,10.2,0.9,2,Hybrid,12.5,5,4.9,7.1,5.8,4,8.2,FALSE,6.2,No
1567,35,Male,Married,PhD,Research & Development,R&D Manager,3,8701,9.1,4.2,9.1,2.1,1,Onsite,15.1,6,7.9,3.3,5.4,3,10,TRUE,3.3,Yes
1568,42,Male,Married,Bachelors,Operations,Operations Analyst,3,7907,6.6,7.1,18.8,4.1,5,Remote,5.2,21,4,5.2,7.2,4,7.9,FALSE,6.7,Yes
1569,33,Female,Married,Bachelors,Operations,Operations Manager,3,6665,11,2.2,7.4,2.2,1,Onsite,5.5,27,7.1,3.5,6.2,3,7.7,TRUE,5.1,No
1570,21,Female,Divorced,Bachelors,Research & Development,Research Scientist,1,2340,11.3,0,1,0,1,Onsite,3.5,6,2.8,5.9,5.8,3,9.8,TRUE,3.7,No
1571,38,Female,Single,Masters,Operations,Operations Manager,2,4971,10.1,6.1,16.5,0,2,Onsite,8.3,22,5.5,6.2,5.9,4,6.7,FALSE,5.8,No
1572,48,Male,Single,Bachelors,Research & Development,R&D Manager,4,7341,7.1,12.5,20.6,1.2,1,Onsite,10.7,5,4.6,6.9,4.3,4,9.8,TRUE,1,No
1573,32,Female,Married,PhD,Finance,Financial Analyst,3,7770,13.8,6.7,8.8,3,1,Remote,10.1,7,3.3,6.5,6.9,3,6.6,FALSE,4.4,No
1574,42,Male,Single,Bachelors,Finance,Finance Manager,3,8077,11.4,7.6,22,1.9,7,Onsite,19,1,7.5,7.3,3.7,4,8.7,FALSE,7.6,Yes
1575,42,Female,Single,Masters,Sales,Sales Development Rep,1,3855,7.7,2.3,12.7,1,4,Hybrid,10.2,21,5,5.9,4.9,5,7.9,TRUE,7.7,Yes
1576,31,Male,Single,Masters,Engineering,QA Engineer,1,4466,6.1,6.8,11,3.6,2,Hybrid,9.3,3,5.7,4.1,5,4,9.2,TRUE,7.2,No
1577,41,Male,Single,Masters,Human Resources,HR Manager,2,4068,14.2,6.7,10.7,1.9,2,Hybrid,2.6,7,5,7.9,5.7,4,7.1,FALSE,4.9,No
1578,31,Male,Married,Bachelors,Engineering,QA Engineer,1,4630,11.8,6.2,11,1.8,2,Onsite,12,1,5.7,4.9,5.3,4,9.7,FALSE,3.9,No
1579,29,Male,Married,Bachelors,Engineering,QA Engineer,2,5563,18.8,1.5,7.4,1.5,1,Hybrid,10.4,11,3.2,6.5,5.6,4,8.8,TRUE,2.7,No
1580,43,Male,Single,Masters,Operations,Operations Manager,4,11855,11.1,9.1,11,0.4,0,Onsite,8.6,20,5.6,5.2,6.3,4,9.5,TRUE,5.5,Yes
1581,31,Female,Single,Bachelors,Operations,Operations Analyst,2,4389,12.8,5.1,8,2.9,1,Remote,2,23,4.2,5.3,6.3,4,8.3,FALSE,6.1,No
1582,48,Male,Married,Bachelors,Engineering,Engineering Manager,5,12673,10.1,7.1,11.6,1,1,Onsite,4.7,7,3.9,5.8,7.3,4,7.5,TRUE,5.8,No
1583,46,Female,Married,High School,Engineering,Software Engineer,2,4649,11.8,4.1,8,1.5,1,Hybrid,4,3,2,6.3,8.2,5,8.2,TRUE,3,No
1584,53,Male,Single,High School,Finance,Finance Manager,4,8719,5.5,10.8,17.5,7.9,3,Hybrid,8.6,4,5.8,5,5.6,3,10,TRUE,6.1,No
1585,49,Female,Married,Bachelors,Sales,Sales Manager,3,5693,14.1,5.4,7.5,2.2,1,Remote,5.2,25,3.9,8.8,6.2,4,8.1,TRUE,3.4,No
1586,33,Female,Married,High School,Finance,Accountant,2,4779,11.5,3.7,12.3,0.8,2,Hybrid,3,4,1.6,5.6,5.6,3,6.8,FALSE,7.3,No
1587,32,Male,Married,Bachelors,Engineering,Data Engineer,2,9741,7.9,5.2,9.4,3.2,1,Remote,2.3,4,1,8.8,9.1,4,7.5,TRUE,1.5,No
1588,47,Female,Single,Masters,Customer Support,Customer Success Manager,4,7102,5.8,7.6,14,3.5,1,Hybrid,7.2,7,3,7.5,5.8,4,8.6,TRUE,4.9,No
1589,43,Female,Single,Bachelors,Engineering,Data Engineer,3,6889,10.8,8.9,10.1,2.5,1,Hybrid,5,8,1.6,7.5,7.3,4,7.3,TRUE,3.2,No
1590,35,Female,Married,Masters,Sales,Sales Development Rep,3,7689,6.5,6.8,12.9,6.8,1,Remote,8.1,21,2.9,7.7,7.5,4,8.7,FALSE,4.4,Yes
1591,47,Male,Married,Masters,Marketing,Growth Manager,3,9734,13.7,10,24.2,2.2,4,Hybrid,5.6,1,4.6,6.7,5.2,3,7.6,TRUE,5.9,No
1592,27,Female,Single,Bachelors,Finance,Accountant,2,4337,8.3,3.3,7,0.5,5,Onsite,2.5,6,1.7,8,7.6,4,9.9,FALSE,1.6,No
1593,35,Male,Married,Masters,Research & Development,Product Researcher,4,8172,12.8,3.3,10.7,2.8,0,Hybrid,14.3,7,4,6.4,5.3,4,8.3,TRUE,3.9,No
1594,28,Male,Married,High School,Engineering,QA Engineer,2,5861,16.6,7,8,1.7,0,Hybrid,2.2,5,3.4,8,6.5,4,9.4,TRUE,6.3,No
1595,21,Male,Single,Bachelors,Engineering,QA Engineer,2,3856,16,0,1,0,1,Hybrid,3.7,2,3.6,8.3,6.8,4,7.1,TRUE,4.2,No
1596,47,Male,Single,Masters,Engineering,QA Engineer,2,8009,9.9,10.4,13.7,1.4,1,Remote,2,7,2.4,4.8,8.8,4,8.5,FALSE,4.4,No
1597,34,Female,Married,Bachelors,Operations,Operations Manager,3,6027,9.7,6.3,12.6,1.1,2,Hybrid,2.9,22,3.9,6.7,6.8,4,7.4,TRUE,5.3,No
1598,45,Female,Married,Bachelors,Sales,Sales Manager,4,9603,9.8,12.2,19.2,1.7,2,Hybrid,6.7,19,6.1,4.1,5.9,3,6.4,FALSE,6.6,Yes
1599,39,Female,Married,Bachelors,Research & Development,Research Scientist,3,7393,13.3,4.1,19,1.3,6,Onsite,3.7,5,3.9,4.5,7.3,3,6.3,TRUE,3.6,Yes
1600,26,Male,Married,PhD,Engineering,QA Engineer,2,6768,6.5,2.4,6,2.4,3,Onsite,4.7,6,4.6,4.8,6.9,3,7.3,TRUE,1,Yes
1601,42,Female,Married,Masters,Human Resources,Recruiter,2,4767,6.3,3.6,13.2,3.6,2,Hybrid,5.2,5,2.9,7.8,6.9,2,7.5,FALSE,5.1,No
1602,45,Male,Single,Masters,Operations,Program Manager,3,6372,11.3,6.4,9.3,1.4,1,Hybrid,6,28,3.6,7.5,6.4,4,7.3,FALSE,2.1,No
1603,24,Male,Single,Masters,Marketing,Marketing Specialist,1,4431,13.8,3,4,1.1,0,Onsite,6.7,4,5.7,5.6,5,2,7.1,TRUE,5,No
1604,31,Male,Single,Masters,Sales,Account Executive,1,2958,12.6,7.2,11,1.2,1,Hybrid,18.4,27,5.5,6.8,4.6,3,7.1,TRUE,6.2,No
1605,33,Male,Single,Masters,Customer Support,Support Team Lead,3,4823,18.3,6.5,13,1.3,3,Hybrid,11,4,6.2,3.7,5.6,2,9.7,TRUE,5,No
1606,24,Female,Divorced,Bachelors,Marketing,Content Strategist,2,2985,7.5,3,4,1.7,2,Onsite,2.9,6,5.4,6.3,6.4,2,6.5,FALSE,7.5,Yes
1607,25,Female,Married,Bachelors,Customer Support,Support Team Lead,3,5261,12.3,4,5,1.9,4,Hybrid,26.2,5,9.1,6,1,3,8.2,FALSE,5.4,Yes
1608,52,Male,Married,Masters,Engineering,Data Engineer,5,13638,6.3,9.5,14.4,0.7,1,Onsite,4.7,8,3.1,7.7,8.4,3,8.4,TRUE,1.2,No
1609,49,Male,Divorced,Bachelors,Finance,Finance Manager,4,9525,15.5,9.4,13.9,0,0,Hybrid,2.2,5,3.5,7,7.8,4,8.4,TRUE,3,No
1610,23,Female,Married,Masters,Finance,Finance Manager,3,7951,15.2,2,3,1.5,0,Hybrid,1.2,5,2.2,7,7.3,4,9.6,FALSE,5.3,Yes
1611,45,Male,Single,Bachelors,Customer Support,Support Team Lead,3,5544,7,8.1,12.6,3.3,0,Remote,11.9,3,2.8,7.9,7.3,4,7.8,TRUE,6.9,No
1612,50,Female,Single,Bachelors,Engineering,Engineering Manager,4,9209,12.7,7.8,14.8,0.5,2,Onsite,5.7,6,6,6.9,5.4,3,8.1,TRUE,2.6,No
1613,35,Male,Single,Bachelors,Customer Support,Support Specialist,2,4068,13.6,6.2,14.9,1.9,3,Hybrid,3.4,5,6.1,5.4,6.7,3,7.9,FALSE,6.5,Yes
1614,41,Male,Married,Masters,Operations,Operations Manager,4,4992,16.7,5.2,11.5,1.3,1,Hybrid,3,35,2.7,7.8,6.1,5,8.4,FALSE,4,No
1615,44,Male,Married,Masters,Customer Support,Support Specialist,2,4944,9.9,8.3,10.6,6.7,0,Hybrid,3.1,5,4.4,5.2,5.5,3,6.9,TRUE,6.3,Yes
1616,39,Male,Married,Masters,Finance,Financial Analyst,2,6852,16.1,7,13.3,0.2,1,Onsite,10.5,7,4.8,5.3,4.5,3,6.2,FALSE,5.2,No
1617,41,Female,Single,Bachelors,Marketing,Marketing Specialist,3,6789,11.6,7.8,13.9,5.2,3,Remote,3.2,5,1.8,7.2,8.7,5,9.6,TRUE,5,No
1618,50,Male,Single,Bachelors,Customer Support,Support Team Lead,4,6509,14.8,8,13.4,3.9,3,Remote,5.9,1,3.2,6,5.1,3,7,TRUE,4.1,No
1619,29,Non-binary,Single,Bachelors,Sales,Account Executive,2,4464,13,6.3,9,0.8,1,Remote,8.8,30,4.3,7.7,6.5,4,8.6,TRUE,4.8,Yes
1620,39,Male,Divorced,Bachelors,Engineering,QA Engineer,2,6348,12.1,5.8,7.8,3.2,1,Hybrid,5.4,10,1.7,8.8,6.1,4,8.1,TRUE,4,No
1621,45,Male,Divorced,Bachelors,Operations,Program Manager,4,9194,14.1,13,25,0.7,5,Remote,1.5,18,3.8,8.3,7.2,4,10,TRUE,4,No
1622,40,Male,Married,PhD,Customer Support,Support Specialist,2,4012,8.7,0.3,8.6,0.3,2,Onsite,6.1,6,2,8.9,5.9,4,7.9,FALSE,2.1,No
1623,35,Female,Married,High School,Customer Support,Support Team Lead,2,4290,12.6,5.3,15,1,3,Onsite,10.3,6,4.8,7.8,6.8,4,8.5,FALSE,6.2,No
1624,36,Male,Married,Bachelors,Marketing,Content Strategist,1,3264,11.3,0,7.4,0,3,Hybrid,0.6,4,2.1,7,7.1,4,7.4,TRUE,5.9,No
1625,42,Female,Married,Bachelors,Operations,Operations Manager,4,7816,8,8.6,14.5,8.6,1,Hybrid,5,19,5.3,5.6,5.9,3,9.8,FALSE,6.8,Yes
1626,44,Male,Married,Bachelors,Operations,Program Manager,2,4212,11.8,0.3,10.5,0.3,2,Remote,31.8,25,9.6,4.1,4.3,3,7.1,FALSE,5.1,No
1627,43,Male,Single,High School,Sales,Sales Development Rep,3,5791,12.8,5,10.7,2.5,1,Hybrid,8.7,26,3.1,4.8,6.2,4,8.2,FALSE,1.4,No
1628,42,Female,Single,Bachelors,Operations,Operations Analyst,5,8795,11.7,17.3,21.6,1.1,2,Hybrid,11.8,31,3.6,7.2,5.6,5,8.5,TRUE,3.3,No
1629,29,Female,Single,PhD,Research & Development,R&D Manager,4,10193,11.1,8,9,3.7,3,Remote,1.5,5,1.6,6.5,8.2,2,7,TRUE,2.1,No
1630,37,Prefer not to say,Single,Bachelors,Sales,Sales Development Rep,2,4940,8.4,5.2,9,1.4,3,Onsite,9,23,6.7,2.9,4.9,3,8.8,FALSE,6.9,Yes
1631,34,Male,Married,High School,Engineering,Data Engineer,2,3871,14.1,4.5,12.7,1.4,3,Onsite,1.1,5,4.2,6.2,6.5,3,5.3,TRUE,3.2,No
1632,38,Male,Married,Bachelors,Finance,Finance Manager,4,6327,14.4,10.4,18,2.9,3,Onsite,4.7,7,1.6,9.7,7.4,3,7,FALSE,4.3,No
1633,29,Female,Single,Masters,Customer Support,Support Specialist,4,6089,13.9,8,9,1.3,3,Hybrid,5.4,5,1.9,7.1,7,4,8.2,TRUE,1.5,No
1634,46,Male,Married,Bachelors,Finance,Financial Analyst,4,10476,11.8,8.8,14.8,1.4,1,Hybrid,11.8,6,5.1,7.6,3.9,5,8.6,FALSE,4.5,Yes
1635,45,Male,Single,Masters,Research & Development,Research Scientist,3,7765,16.6,7.7,11.4,0.7,1,Onsite,5.4,7,5.3,5.3,7,4,10,FALSE,4.8,No
1636,49,Non-binary,Single,Bachelors,Research & Development,R&D Manager,3,5901,14.6,6.5,6.8,0.9,0,Remote,0.6,3,1,7,8.4,4,9.5,TRUE,4.1,No
1637,33,Non-binary,Single,Bachelors,Operations,Program Manager,3,5347,14,11.3,13,0.2,2,Hybrid,6.8,19,4.3,5.7,6.8,4,8.6,TRUE,4.2,No
1638,34,Male,Single,Masters,Operations,Program Manager,3,7294,6.9,8.6,12.5,4.5,1,Onsite,13.3,33,6.9,4,5.1,3,6.9,FALSE,6.2,Yes
1639,34,Male,Married,Bachelors,Engineering,Software Engineer,2,7728,7.3,4.2,9.3,2.3,0,Hybrid,2.4,6,2.8,9.1,7.2,3,9.3,FALSE,3.8,No
1640,54,Male,Married,High School,Sales,Sales Manager,5,9412,12.9,11.8,18.6,0,2,Onsite,4.2,23,5.1,6.9,6,3,8.5,TRUE,3.3,No
1641,44,Female,Married,Bachelors,Customer Support,Customer Success Manager,5,7458,7.5,10.1,12.7,1.2,0,Onsite,10.8,10,3.1,5.8,6.3,4,9,FALSE,7.7,No
1642,41,Female,Married,Bachelors,Sales,Sales Development Rep,2,5121,14,2.8,7,2.2,1,Hybrid,8.3,24,5.3,5.5,5.7,4,8.2,TRUE,6.5,Yes
1643,38,Female,Married,High School,Engineering,Data Engineer,3,9095,14.3,1.8,12.3,1.8,5,Remote,5.3,3,6.2,5,4.4,3,8,TRUE,4.5,Yes
1644,36,Female,Single,Bachelors,Engineering,Engineering Manager,3,6142,6.5,11.2,16,2.3,1,Hybrid,3.2,4,4,4.6,5.3,4,9.1,TRUE,6.8,No
1645,32,Male,Single,High School,Engineering,Data Engineer,2,4505,12.3,8.6,12,1,1,Onsite,5.4,7,2.5,4.7,6.1,4,9.7,TRUE,5,No
1646,45,Female,Married,Bachelors,Human Resources,HR Manager,2,7183,9.3,4.3,14.3,3.8,2,Onsite,5,8,2.9,8.6,8,5,9.5,FALSE,2.7,No
1647,45,Male,Divorced,Bachelors,Research & Development,Product Researcher,3,7744,12.1,8.9,16.8,4.1,2,Hybrid,1.9,5,1.7,6.2,6.5,4,9.3,FALSE,4.3,No
1648,36,Female,Married,Masters,Sales,Account Executive,3,8511,6.5,7.7,16,3,2,Remote,3.7,24,2.2,5.8,6.9,4,9.1,FALSE,6,No
1649,36,Male,Divorced,Masters,Operations,Operations Analyst,3,6298,9,6.3,7.5,1.3,0,Hybrid,5,24,3.6,7.2,7.7,4,8.8,TRUE,7.6,No
1650,22,Female,Married,High School,Engineering,Engineering Manager,3,5835,6.6,1,2,0.8,1,Onsite,3.3,9,3.6,4.7,8,3,7.2,TRUE,5.4,No
1651,47,Male,Divorced,Bachelors,Customer Support,Customer Success Manager,3,4444,12.2,8.1,14.7,4,2,Onsite,5.6,7,3.4,8.7,8,4,7.1,TRUE,6.3,Yes
1652,31,Male,Married,Bachelors,Research & Development,Research Scientist,4,8494,17.2,9.9,11,0.4,2,Hybrid,0.1,10,2.4,9.1,7.6,4,8,TRUE,1.9,No
1653,30,Male,Single,PhD,Marketing,Marketing Specialist,1,4765,12.7,3.9,6.9,0.6,1,Hybrid,11.6,5,3.8,6.5,6.2,4,9.2,FALSE,4.7,Yes
1654,24,Male,Married,Bachelors,Marketing,Growth Manager,2,3960,15.7,3,4,1,2,Hybrid,0.3,4,4.3,5.4,6.8,4,8.9,TRUE,5.2,No
1655,52,Male,Single,Bachelors,Customer Support,Support Team Lead,5,5292,10,12.5,15.3,5.4,0,Onsite,8.2,6,5.4,5.3,5.7,3,8.3,TRUE,6.5,No
1656,35,Male,Single,Bachelors,Engineering,QA Engineer,2,5801,11.8,4.3,10.3,3.3,1,Hybrid,6.3,5,3,8.2,6.2,4,9,TRUE,3.2,No
1657,27,Male,Married,PhD,Research & Development,Research Scientist,1,4364,19.4,1.7,5.9,0.6,2,Onsite,3.8,2,1.8,8.7,7.3,5,9.1,FALSE,5.1,Yes
1658,43,Female,Divorced,Masters,Customer Support,Customer Success Manager,3,5104,15.4,9.2,16.1,0.7,1,Hybrid,5.1,5,5.4,5.7,5.6,3,9,FALSE,4.4,No
1659,50,Male,Single,Bachelors,Research & Development,R&D Manager,4,8307,12.5,9,11.9,4.7,1,Onsite,13.5,6,5.1,6,3.8,3,8.4,TRUE,3.5,No
1660,49,Female,Married,Bachelors,Customer Support,Support Team Lead,4,6816,4,9.8,17.7,4.2,3,Onsite,6.2,7,6.2,5.2,6.2,2,6.7,TRUE,5.2,No
1661,35,Female,Married,Masters,Marketing,Growth Manager,4,9973,10.6,10,15,2.7,2,Onsite,13,10,6.8,5,3.7,3,9.6,TRUE,5.8,No
1662,39,Female,Married,PhD,Operations,Operations Manager,5,11910,9.6,9,19,4.6,4,Hybrid,6.4,26,4.2,6.3,5.1,4,6.7,TRUE,7.4,No
1663,41,Male,Married,Masters,Human Resources,Recruiter,4,10082,10.4,5.7,14.9,2,2,Hybrid,2.6,8,3,6.7,6.9,5,10,FALSE,2.5,No
1664,47,Female,Married,Bachelors,Sales,Sales Development Rep,2,4823,12.6,4.9,15.4,3.7,3,Hybrid,16,19,4.8,7.8,5.3,3,6.8,TRUE,7.3,No
1665,40,Male,Married,PhD,Research & Development,Research Scientist,5,13935,12.9,13.4,16.5,1.2,1,Onsite,6.5,5,3.1,8.2,6.9,4,9.3,FALSE,2.8,No
1666,35,Male,Married,PhD,Engineering,Data Engineer,1,5133,11.6,5.6,10.4,2.3,1,Remote,0.7,5,1,9,7.9,4,9.1,FALSE,4.3,No
1667,43,Female,Single,Bachelors,Engineering,Software Engineer,2,6663,9.2,5.5,12.4,3,3,Hybrid,5.7,3,3.3,6.4,6.6,3,10,FALSE,3.3,No
1668,33,Female,Married,Masters,Research & Development,R&D Manager,2,7601,14.2,7.9,13,1,1,Hybrid,4.8,4,2.3,10,8,3,9.7,TRUE,4.7,No
1669,38,Female,Married,Masters,Research & Development,Product Researcher,2,6203,11.8,0,8,0,2,Onsite,6.8,6,4.1,5.2,5.7,4,7.1,TRUE,2.8,No
1670,29,Male,Married,Masters,Engineering,Software Engineer,2,5702,18.6,8,9,0.5,2,Hybrid,12.4,8,5.9,4.1,6.6,4,6.8,FALSE,5.2,Yes
1671,32,Female,Married,Bachelors,Research & Development,R&D Manager,3,9729,11.7,5.2,11,0,1,Hybrid,2.2,8,1.7,8.1,6.4,3,8.6,TRUE,2.7,No
1672,43,Male,Single,PhD,Customer Support,Support Specialist,5,8518,8.4,8,14.3,2,2,Hybrid,6.3,12,2.9,8.1,6.5,3,7.8,TRUE,5.2,No
1673,51,Male,Single,Masters,Operations,Operations Analyst,5,13426,15.7,9.2,18.9,3.1,2,Hybrid,13.4,26,4.6,7.3,6.3,4,7.7,FALSE,6.4,No
1674,27,Male,Married,Bachelors,Human Resources,Recruiter,3,5299,15.4,6,7,1,2,Remote,10.3,9,4.3,6.2,2.8,3,6.6,FALSE,4.3,No
1675,43,Male,Divorced,Masters,Sales,Sales Manager,5,9782,10.5,9.2,16,2,0,Onsite,4.2,15,4.1,7.7,7,4,7.6,TRUE,4.1,No
1676,46,Female,Single,High School,Engineering,Engineering Manager,3,8138,11.5,7.9,11.2,1.3,1,Hybrid,9.6,7,4.6,8.3,6.2,5,10,TRUE,3.1,No
1677,27,Male,Single,Bachelors,Sales,Sales Development Rep,2,6609,9.5,2.8,6.2,1.5,1,Onsite,6.2,23,3.6,6.8,5.8,3,8.9,TRUE,6.9,No
1678,31,Female,Married,Masters,Sales,Sales Development Rep,1,3260,11.2,3.2,4.7,0.9,0,Onsite,9.3,22,3,4.9,5.6,3,10,TRUE,7.7,No
1679,37,Female,Divorced,High School,Engineering,Software Engineer,3,6209,10.3,7,13.4,1.3,1,Onsite,2.4,5,3.5,8.1,5.8,5,9.3,FALSE,4.9,No
1680,31,Female,Single,Bachelors,Engineering,Software Engineer,3,8606,15.9,9.4,11,0.4,2,Hybrid,6.3,4,2.8,7.9,7.3,4,8.8,FALSE,2,Yes
1681,36,Male,Married,Bachelors,Engineering,Software Engineer,4,14457,10.4,7.6,15.9,2.4,4,Onsite,6.3,3,3,6.7,5.7,3,8.6,TRUE,2.7,No
1682,36,Male,Divorced,Masters,Marketing,Growth Manager,2,3775,8,2.2,7.6,1.2,1,Remote,2.9,5,3.1,7.2,9.1,5,8.2,TRUE,8,Yes
1683,35,Male,Married,Masters,Operations,Operations Analyst,1,4437,13.9,5.6,12.9,1.7,2,Remote,8.2,22,1.6,8.6,6.7,4,10,FALSE,6.9,No
1684,42,Male,Married,Masters,Finance,Accountant,2,5333,13.1,0.9,12.4,0.9,4,Hybrid,1,7,4.1,4.5,6,3,9,TRUE,3.7,No
1685,27,Male,Single,PhD,Human Resources,HR Business Partner,3,7397,13.2,6,7,0.9,0,Hybrid,4.6,4,5.3,6.1,5.2,3,9.9,FALSE,5.5,No
1686,46,Female,Married,Bachelors,Customer Support,Support Specialist,5,7904,14.5,9.2,13.3,1,1,Onsite,2.9,8,2.4,6.9,7.3,3,8.7,TRUE,3.8,No
1687,23,Female,Married,Masters,Customer Support,Customer Success Manager,2,4087,9.4,1,3,1,1,Remote,5.2,5,5.6,4.7,7.8,3,8,FALSE,6.1,No
1688,44,Female,Married,Bachelors,Sales,Sales Manager,3,5179,8.6,10.9,15.6,1.1,2,Onsite,6.1,22,3.9,6,7,3,9.6,FALSE,5.8,No
1689,37,Male,Married,Masters,Finance,Accountant,2,6942,15.8,5.9,8.5,1.5,1,Remote,1.3,4,1.7,7.2,9.9,3,8.8,FALSE,8.1,No
1690,55,Female,Married,High School,Research & Development,R&D Manager,5,11012,10.3,11,18.3,3.3,4,Remote,6,4,4.2,7,5.7,4,8.6,FALSE,2.2,No
1691,35,Male,Single,Masters,Engineering,Data Engineer,2,6188,14.1,5.3,12.9,0.6,3,Hybrid,5,7,3.9,5.1,6.7,4,8.2,TRUE,5.3,No
1692,38,Female,Single,High School,Finance,Financial Analyst,2,5073,14.5,7.5,8.5,1.9,0,Remote,1.5,5,1.2,8.1,7.5,5,10,TRUE,6.3,No
1693,50,Female,Single,Bachelors,Operations,Program Manager,5,9670,16.5,13.8,22.3,0.6,1,Hybrid,3.7,19,2.7,10,6.2,5,9.4,FALSE,4.9,No
1694,52,Male,Single,Masters,Sales,Sales Manager,5,10288,3.6,11.6,19.9,1.7,3,Onsite,5.9,23,4.5,4.1,4,4,7.5,FALSE,5.7,No
1695,32,Male,Married,PhD,Operations,Operations Analyst,2,5146,10.7,5.6,9.1,2.1,1,Onsite,10.1,22,2.4,8.6,6.1,4,7.9,TRUE,5.3,No
1696,35,Male,Single,Bachelors,Customer Support,Support Team Lead,3,4397,9.2,7.6,15,3.2,3,Hybrid,4.9,8,2,6.9,4.8,4,9.8,FALSE,5.5,No
1697,31,Male,Single,Masters,Operations,Operations Manager,3,6131,8.9,6.4,11,2.2,1,Hybrid,7.8,19,3,6.3,6.3,4,7.7,FALSE,1,No
1698,36,Female,Single,High School,Human Resources,HR Business Partner,3,5730,9.7,9.3,16,4,2,Hybrid,4.2,11,4.7,6.7,5.8,3,7.6,FALSE,4.7,No
1699,43,Female,Married,Masters,Operations,Program Manager,4,7474,14.4,8.5,15.9,0.8,1,Onsite,7.4,18,4.6,7.1,5.3,4,7.1,FALSE,6.4,No
1700,28,Prefer not to say,Married,PhD,Operations,Program Manager,3,7500,8.7,5.4,8,2.3,0,Remote,6.3,19,6.5,6.6,6.7,3,6.5,FALSE,7,No
1701,34,Male,Single,Masters,Sales,Account Executive,2,7101,4.5,4.9,12.1,0.8,2,Onsite,5.5,18,4.1,6.8,5.8,4,8.8,FALSE,4.5,No
1702,23,Female,Married,Masters,Engineering,QA Engineer,1,4570,15.4,0,3,0,1,Onsite,15.9,5,6.3,5.4,5.3,4,8.5,TRUE,2.4,No
1703,34,Female,Married,Bachelors,Research & Development,Product Researcher,2,6572,3.1,6.6,12.7,5.3,2,Remote,9.3,2,4,8.1,5.9,4,9.7,FALSE,4.7,No
1704,39,Female,Married,Bachelors,Marketing,Growth Manager,2,4063,9.3,5.6,10.5,3.4,1,Remote,15.6,3,6.2,4.4,4.1,4,10,TRUE,7.2,Yes
1705,41,Prefer not to say,Married,Bachelors,Sales,Sales Manager,4,8330,5.9,10.4,11.5,1,0,Hybrid,14.1,19,6.7,5.2,4.5,4,9.1,TRUE,4.2,No
1706,25,Female,Single,Bachelors,Engineering,Engineering Manager,2,4592,11.6,4,5,2.1,2,Hybrid,1,5,3.2,7,7.1,4,8.6,FALSE,6,No
1707,39,Male,Single,Bachelors,Sales,Sales Manager,2,4567,12.4,2,6.1,2,1,Onsite,7.1,30,5.9,4,5.4,3,9.6,TRUE,6.2,No
1708,27,Male,Married,Bachelors,Human Resources,HR Business Partner,3,5610,11.9,5.4,7,2.3,3,Onsite,8.2,6,3.4,7.1,6.2,4,10,TRUE,4.2,No
1709,59,Male,Single,Masters,Marketing,Growth Manager,4,7269,3.6,12.5,18.4,3.2,1,Remote,6.5,5,3.7,5.7,7.4,3,8.7,TRUE,6.1,No
1710,34,Male,Married,Masters,Sales,Account Executive,2,4712,7.7,8.5,9.5,6.4,0,Hybrid,4.1,27,2.7,5,7.4,4,7.5,FALSE,2.4,No
1711,27,Male,Married,Masters,Engineering,Engineering Manager,2,4734,11.1,3.9,7,1.2,1,Remote,13.5,11,5.2,6.1,4.2,4,8.6,FALSE,5,No
1712,36,Male,Married,Masters,Research & Development,R&D Manager,4,10549,8.5,12,16,0.4,2,Hybrid,2.7,6,2.9,7,6.1,3,9.8,TRUE,2.4,No
1713,30,Male,Divorced,Masters,Engineering,Engineering Manager,2,5926,7.1,8.1,10,0.9,3,Onsite,2.6,4,4.6,4.9,5,3,8.1,TRUE,5.6,No
1714,47,Male,Single,Bachelors,Customer Support,Customer Success Manager,2,3659,15.4,6.4,11.2,0.4,2,Onsite,9.7,7,4.5,5.7,5.8,4,8.4,FALSE,6.7,No
1715,28,Male,Single,Bachelors,Engineering,Software Engineer,2,6249,6.6,7,8,2,3,Remote,2,6,3.9,5.5,9.4,3,9,TRUE,6.3,No
1716,36,Female,Divorced,Masters,Marketing,Marketing Specialist,5,10709,10.2,11.1,16,3.3,1,Remote,9.3,5,3.2,7.5,6.1,4,7.7,FALSE,6.2,No
1717,39,Female,Married,PhD,Operations,Operations Manager,3,8036,19.2,7.3,11.9,0.5,2,Onsite,2,23,4,8.7,4.8,4,8.1,TRUE,2.6,No
1718,33,Male,Single,Masters,Operations,Operations Analyst,2,4231,10.6,7.8,9.8,4.3,0,Hybrid,0.4,32,2.8,5.5,8.4,4,9.6,FALSE,4.4,No
1719,34,Male,Married,Bachelors,Operations,Operations Manager,3,4460,5.4,8.7,14,2.3,3,Onsite,9.6,21,4,5.2,5.4,3,7.8,TRUE,2.7,No
1720,36,Male,Married,Masters,Engineering,QA Engineer,3,8878,16.3,8.6,16,2,2,Remote,4.6,8,4.1,5.6,7.2,4,6.6,FALSE,5.7,No
1721,30,Male,Divorced,Bachelors,Customer Support,Customer Success Manager,2,3340,15.4,3.4,10,0.9,1,Onsite,10.5,8,6.2,7.7,3.7,3,7.3,FALSE,5.1,No
1722,36,Female,Married,Bachelors,Finance,Finance Manager,3,6578,9.9,4.9,14.4,0.5,2,Onsite,12.2,12,5.1,8.8,5.7,4,7.4,TRUE,4.6,No
1723,31,Female,Married,Bachelors,Research & Development,Product Researcher,2,5960,7.3,4.2,4,1.2,1,Hybrid,2.6,5,4.4,5.5,9.1,3,9.5,TRUE,6.3,No
1724,36,Female,Married,PhD,Research & Development,R&D Manager,4,12185,7.5,9.1,16,4,5,Hybrid,4,3,5.6,5.6,7.2,4,10,TRUE,6.5,Yes
1725,36,Female,Single,PhD,Operations,Operations Analyst,1,2604,14.4,5.7,13,5.1,2,Remote,4.1,23,1.3,9,6.8,4,10,FALSE,9.5,No
1726,41,Female,Single,High School,Customer Support,Customer Success Manager,5,7749,8.8,10.8,15,0.4,1,Onsite,12.5,6,6.4,3.3,5.6,5,7.7,FALSE,3.8,No
1727,43,Female,Married,Masters,Research & Development,Research Scientist,3,10356,12.9,13.9,18.3,0.5,0,Onsite,2.3,5,2.6,7.7,7.6,4,8.1,TRUE,5,No
1728,47,Male,Married,PhD,Operations,Program Manager,5,14316,9.8,12.4,19.8,1.7,1,Hybrid,12.8,26,4.4,7.6,4.7,4,9.9,TRUE,3.1,No
1729,35,Non-binary,Married,Masters,Finance,Finance Manager,2,6794,11.2,3.9,11.2,0,0,Hybrid,3.7,5,3.9,5.8,6.3,3,7.8,TRUE,5.2,No
1730,37,Female,Married,Bachelors,Marketing,Growth Manager,3,7010,10.4,6.8,11.9,2.8,1,Hybrid,6.1,7,4.3,6,5.4,3,6.1,FALSE,6.8,Yes
1731,30,Male,Single,Bachelors,Marketing,Marketing Specialist,2,4709,9.9,3.2,9.8,2.3,1,Remote,4.9,8,2.9,6,5.7,5,8.9,FALSE,3.2,No
1732,30,Male,Divorced,Masters,Finance,Finance Manager,4,10958,15,9,10,1,1,Hybrid,6.1,7,2.4,6,6.2,4,8,FALSE,2.9,No
1733,28,Female,Married,Bachelors,Finance,Accountant,1,3697,9.7,4.5,8,2.5,2,Hybrid,17.2,6,6.4,5.2,2.9,3,7.9,FALSE,4.7,Yes
1734,41,Male,Married,Bachelors,Engineering,Data Engineer,3,6576,11.9,10.6,15.1,0.9,0,Onsite,3.4,8,4.6,6.3,6.9,3,9.6,TRUE,2.2,Yes
1735,34,Female,Single,Bachelors,Engineering,Software Engineer,1,4249,9.4,4.4,14,0.3,2,Onsite,4.6,4,4.3,6.1,6.1,4,9.3,TRUE,3,No
1736,21,Female,Single,Masters,Sales,Sales Manager,2,4935,11.3,0,1,0,5,Onsite,14,20,5.4,8,4.9,3,8.5,TRUE,4.1,No
1737,31,Male,Single,Bachelors,Sales,Sales Manager,3,5912,7.5,8.5,9.4,0.7,0,Onsite,14.5,19,6.5,5.9,4.4,4,8.9,FALSE,6.3,No
1738,40,Female,Single,Bachelors,Operations,Program Manager,3,6203,6.3,8.2,13.6,3.9,2,Hybrid,6.1,29,5.7,4.1,7.8,4,8.7,FALSE,4.9,Yes
1739,24,Male,Married,Bachelors,Research & Development,Product Researcher,2,7196,3.3,3,4,3,1,Onsite,5.4,6,4.9,4.7,5.7,2,8.4,FALSE,4.3,Yes
1740,37,Female,Single,Masters,Engineering,Data Engineer,3,7262,11.2,5.5,13.4,3.2,2,Hybrid,8.3,2,6.7,2.5,4.7,3,7.9,TRUE,3.7,No
1741,32,Male,Married,PhD,Customer Support,Support Team Lead,2,4187,18,7.4,12,0.7,1,Remote,12,4,3.8,7.2,5.9,3,9.2,FALSE,8.4,Yes
1742,40,Male,Single,Bachelors,Sales,Account Executive,1,3697,15.8,2.2,9.3,1.2,2,Onsite,9.5,15,4.9,6.1,5.3,3,8.2,FALSE,7.8,No
1743,49,Female,Married,Bachelors,Operations,Operations Analyst,5,10535,10.5,10.8,15.6,0.1,3,Hybrid,17.9,21,8.1,5.8,3.4,4,6.8,FALSE,3.8,Yes
1744,45,Female,Single,Bachelors,Engineering,Software Engineer,3,7784,14.9,7.3,12,2,3,Onsite,10.8,6,4.7,5.4,6.2,3,7.8,FALSE,4.2,No
1745,38,Female,Divorced,Bachelors,Finance,Finance Manager,2,6758,9.4,6.1,12,1.1,2,Remote,6.3,10,1.7,7.9,7.4,4,8.3,FALSE,6.2,No
1746,37,Male,Married,High School,Marketing,Content Strategist,2,3928,11.4,2.8,14,2.4,3,Onsite,0.7,5,4.4,3.2,6.3,3,7.7,FALSE,3.5,Yes
1747,40,Male,Single,Masters,Customer Support,Support Team Lead,3,5768,8,6.7,10,2.6,1,Hybrid,5.6,10,4.6,5.7,5.9,4,8.5,FALSE,9.3,No
1748,41,Male,Married,Bachelors,Engineering,Engineering Manager,5,10109,12,11.9,19.1,0.1,2,Hybrid,8.1,8,2.9,8.7,6.4,4,9.4,TRUE,1,No
1749,26,Female,Single,Masters,Marketing,Content Strategist,2,5226,10.2,0.8,6,0.8,3,Hybrid,3.8,6,2.7,6.7,6.9,4,8.6,TRUE,7.2,No
1750,46,Male,Single,Masters,Customer Support,Customer Success Manager,4,6482,8.2,8.3,19,2.9,4,Onsite,9.2,4,6.3,4.7,4.6,3,8.6,TRUE,8.1,Yes
1751,42,Male,Single,Bachelors,Operations,Operations Manager,4,6925,7.7,10.3,14,0.5,1,Onsite,2,20,2.5,8.3,6.1,3,9.2,TRUE,3.9,No
1752,29,Male,Single,High School,Engineering,Engineering Manager,2,5199,8.9,3.6,9,2.5,4,Remote,5,7,3.1,6.5,5.6,3,6.6,TRUE,5.2,No
1753,32,Female,Married,PhD,Customer Support,Support Specialist,2,5036,7,7.6,10.3,6.4,0,Remote,6.8,7,3.3,7.3,6.3,4,9.3,TRUE,6.3,No
1754,43,Female,Single,Masters,Engineering,Software Engineer,5,16539,9.6,12.1,17,2,1,Hybrid,5.9,6,2.5,5.9,8,3,8.2,TRUE,3.3,No
1755,41,Female,Married,Bachelors,Engineering,QA Engineer,3,9007,12,9.8,14.7,0.4,2,Hybrid,4.6,12,1.6,5.4,7.3,4,8.3,TRUE,5.6,No
1756,27,Female,Married,Bachelors,Engineering,Engineering Manager,2,7086,13.2,6,7,0.4,1,Remote,5.4,5,4,4.8,7,4,9.5,TRUE,5.3,Yes
1757,52,Female,Single,Masters,Operations,Operations Analyst,5,12981,13.6,9.9,15.8,4.1,1,Onsite,3.7,22,4.8,6.8,8.1,3,8.4,FALSE,4.2,No
1758,26,Female,Married,Bachelors,Customer Support,Customer Success Manager,3,4693,4.7,5,6,5,3,Remote,8.6,4,3.6,8.1,8.4,4,8.4,TRUE,5.8,Yes
1759,34,Male,Married,Bachelors,Customer Support,Support Team Lead,3,4631,15.2,3.8,12.4,1.7,0,Onsite,7.2,11,3.2,6.9,5.7,4,8.4,TRUE,5.6,No
1760,39,Female,Single,Bachelors,Operations,Operations Manager,2,4965,8.4,5.1,16.3,2.3,3,Remote,10.1,25,3.9,4.4,7.6,3,8,FALSE,7.5,Yes
1761,34,Male,Single,Bachelors,Customer Support,Support Team Lead,2,5093,14.6,7.8,14,0.2,4,Hybrid,17.3,8,3.9,7.2,5.1,3,8.4,FALSE,3.7,No
1762,31,Male,Married,Masters,Research & Development,Research Scientist,2,5351,11.4,5.5,8.6,2.6,0,Remote,11,6,2.9,7.9,5.3,5,8.5,TRUE,5.5,No
1763,25,Female,Married,Bachelors,Human Resources,Recruiter,3,4733,10.5,4,5,2.1,3,Onsite,4.8,2,4.9,5.9,5.7,3,9.9,FALSE,5.8,No
1764,31,Male,Divorced,Masters,Finance,Accountant,2,5972,3.2,8.4,11,4.2,1,Remote,2.3,8,3.9,5.9,5.9,3,7.3,FALSE,6.6,No
1765,45,Female,Single,Masters,Research & Development,R&D Manager,4,8555,9.2,7,14.7,2.6,4,Onsite,5.9,7,3.3,7,7.8,4,10,FALSE,4.5,No
1766,59,Female,Married,Bachelors,Marketing,Marketing Specialist,5,8700,5.7,14.2,23.4,3.6,2,Onsite,4.1,9,3.1,8.7,5.5,4,8.9,TRUE,4.5,No
1767,39,Female,Single,Bachelors,Engineering,QA Engineer,4,11093,8.5,10.2,14.6,0.2,1,Hybrid,2.7,7,5.5,5.5,6.1,4,7.2,FALSE,5.6,No
1768,41,Female,Married,Masters,Research & Development,Research Scientist,4,9768,10.7,9.9,15.7,0.3,1,Onsite,5.8,4,4.8,5.2,5.1,3,8.5,TRUE,1.6,No
1769,44,Male,Married,Bachelors,Engineering,QA Engineer,5,10867,9.7,6.9,16.8,3.1,1,Onsite,13.5,6,6.5,7,4.2,4,10,TRUE,6.5,Yes
1770,44,Male,Married,Bachelors,Finance,Accountant,4,9805,8.6,11.2,16.8,1,2,Hybrid,10.1,3,4.3,4.1,4.5,3,9.1,TRUE,4.2,No
1771,25,Prefer not to say,Single,Bachelors,Research & Development,Product Researcher,1,4254,15.8,4,5,4,3,Onsite,4.9,7,2.3,5.2,6.4,4,9.8,TRUE,1.8,No
1772,27,Female,Married,Masters,Operations,Program Manager,2,4655,13,3.6,4.1,2.1,0,Hybrid,15.9,32,6.4,6.8,4.9,4,6.6,TRUE,6.5,Yes
1773,30,Male,Married,Masters,Finance,Accountant,1,4557,11.2,6.9,10,1.4,2,Onsite,9.6,9,3.8,7.3,4.8,4,7.6,FALSE,6.7,No
1774,34,Female,Married,PhD,Marketing,Growth Manager,2,5032,14.1,1.5,11.4,0.9,2,Hybrid,9.1,10,4,5.5,4.6,3,5.8,TRUE,6.1,No
1775,36,Female,Single,Bachelors,Engineering,Data Engineer,3,10090,13.1,6.7,10.5,1.9,0,Onsite,5.6,11,3.1,8.2,5.5,4,7.6,TRUE,5.9,No
1776,32,Male,Single,Bachelors,Human Resources,HR Manager,5,7364,2.4,9.3,12,4.9,1,Remote,5.9,8,3.4,5.1,7.5,3,7.7,TRUE,3.4,No
1777,29,Male,Single,Masters,Operations,Operations Analyst,2,5116,11.9,7,9,3,1,Onsite,14.7,13,5.5,2.8,6.3,3,8.7,TRUE,5,No
1778,45,Male,Single,High School,Human Resources,HR Business Partner,4,8543,5.4,11.1,23.1,4,4,Onsite,8.8,12,2.1,8.7,6.7,4,9.6,TRUE,4.5,No
1779,50,Female,Single,Bachelors,Operations,Operations Analyst,5,8485,12.7,11.6,15.3,2.5,1,Hybrid,4,24,6.2,4.2,5.4,3,8.9,TRUE,5.5,No
1780,33,Non-binary,Married,Bachelors,Research & Development,Research Scientist,2,6357,11.2,1.5,7,1.5,2,Hybrid,2.9,8,3.2,6.9,6.8,4,8.4,TRUE,2.9,No
1781,50,Male,Single,Bachelors,Finance,Finance Manager,5,12434,13.2,11,23.8,0.9,5,Remote,7.6,6,3.8,7.4,8.1,4,5.6,FALSE,3.7,No
1782,44,Male,Divorced,Bachelors,Operations,Program Manager,5,8656,10.5,4.9,16.1,1.4,5,Hybrid,0.3,32,5.4,6.6,6.5,3,6.7,FALSE,1,No
1783,37,Female,Married,Bachelors,Customer Support,Support Team Lead,2,3269,4.7,5.1,5.7,3.1,0,Hybrid,5.9,2,2.7,5.1,6.6,4,6.8,FALSE,5.5,No
1784,46,Male,Married,Masters,Human Resources,HR Manager,4,7344,14.2,8.9,12.7,3.2,2,Onsite,4.7,6,6.3,5.5,5.8,4,6.6,FALSE,2.2,No
1785,34,Male,Single,Bachelors,Sales,Sales Manager,4,8473,9.1,10.4,14,3.6,1,Hybrid,9.9,16,3.6,6.7,6.3,4,8.3,FALSE,3.9,No
1786,47,Female,Married,High School,Customer Support,Customer Success Manager,5,7555,11.2,12.8,27,0.9,5,Remote,10.9,1,5.8,5.3,5.9,3,8.2,TRUE,7.2,No
1787,31,Male,Married,Bachelors,Customer Support,Support Specialist,3,4731,8.8,8.9,11,2.4,1,Hybrid,6.3,5,4,7.3,6.4,4,10,FALSE,5.7,No
1788,25,Male,Single,High School,Research & Development,Research Scientist,1,3280,12.8,4,5,1.1,1,Hybrid,3.9,5,3,6.4,6.8,4,6.7,FALSE,5.8,No
1789,32,Male,Married,PhD,Engineering,Software Engineer,1,4985,2.3,7.2,11.2,5.1,1,Hybrid,0.9,5,4.6,4.7,7.7,4,8.6,TRUE,6.2,No
1790,43,Male,Single,Bachelors,Marketing,Marketing Specialist,4,7533,10.7,8.4,12.3,0.9,1,Hybrid,2.3,6,4.6,6.3,7.3,4,5.5,TRUE,7.5,No
1791,34,Male,Married,Masters,Engineering,Data Engineer,3,12781,15.2,5.3,10.7,1.8,1,Onsite,4.2,11,4.5,7.8,5.4,3,10,FALSE,4.6,No
1792,41,Male,Single,Bachelors,Marketing,Content Strategist,3,6762,15.5,7.1,12.3,0.3,1,Hybrid,2,2,4.2,7.9,7,4,8.4,TRUE,5.5,No
1793,33,Female,Single,Bachelors,Marketing,Marketing Specialist,3,7578,11.8,7.9,13,5.2,2,Hybrid,5.6,6,4,6.7,8.5,4,7,TRUE,6.4,No
1794,29,Female,Divorced,Bachelors,Engineering,Engineering Manager,3,7702,11,8,9,3.1,1,Hybrid,3.5,12,3.9,5.9,7,4,7.8,TRUE,2.5,No
1795,34,Female,Single,High School,Research & Development,Product Researcher,1,3258,15,0.4,5.2,0.4,1,Hybrid,5.7,6,3.6,8,5.3,4,7.9,TRUE,5,Yes
1796,40,Male,Married,Bachelors,Operations,Operations Manager,5,7055,11.9,10.6,14,1.1,1,Hybrid,9.4,24,5.4,8.7,6.2,3,8.4,FALSE,7.6,No
1797,39,Male,Married,Bachelors,Sales,Sales Manager,3,6624,10.6,6.2,9,2.1,0,Hybrid,6,18,2.5,6.8,6.1,3,8.5,FALSE,4.5,No
1798,32,Male,Single,PhD,Customer Support,Support Specialist,2,4294,16.8,3,8.9,0.7,1,Remote,8.9,8,5.7,8,5.8,4,10,FALSE,5.5,No
1799,32,Female,Single,Masters,Engineering,QA Engineer,1,5265,11.1,4.4,12,0,2,Onsite,6.9,2,5.3,6.2,5,3,7,FALSE,5.2,No
1800,35,Male,Single,High School,Sales,Sales Development Rep,2,5487,11.2,7.3,12.6,0.4,2,Hybrid,14.8,17,5.1,5.8,4.1,3,7.5,FALSE,2.6,No
1801,41,Male,Single,Bachelors,Operations,Operations Manager,3,7343,17.3,6.7,14.4,1.9,4,Remote,6.2,21,4.3,5.5,6.5,4,7,FALSE,3.5,No
1802,50,Male,Single,Masters,Operations,Operations Analyst,4,8772,8.9,8.7,19.4,3.6,3,Hybrid,2.6,20,3.1,7.1,7.6,5,8.4,TRUE,6,Yes
1803,43,Female,Married,Masters,Operations,Program Manager,4,8475,6.2,10.5,17,7.7,2,Hybrid,1.9,19,2.9,5.1,7.7,3,7.8,TRUE,2.4,No
1804,48,Male,Single,Bachelors,Sales,Sales Manager,5,10024,14.1,10.4,15.1,2.4,1,Hybrid,16.7,28,5,5.4,5,3,8.5,TRUE,6.5,No
1805,55,Female,Divorced,PhD,Engineering,QA Engineer,3,9674,3.6,10.5,18.2,5.1,3,Hybrid,5.1,7,5.3,5.5,6.4,3,9.4,TRUE,4,No
1806,37,Male,Divorced,High School,Sales,Account Executive,4,8425,5.4,6.6,13.9,2.1,4,Remote,8.8,25,5.6,5.1,6.5,4,7.9,TRUE,4.3,Yes
1807,33,Female,Married,Masters,Operations,Operations Manager,2,5335,9.2,8.3,13,4.5,3,Remote,4.5,24,4.3,6.4,6.6,4,10,FALSE,8.4,Yes
1808,46,Female,Single,Bachelors,Customer Support,Support Team Lead,4,6648,1.6,8.1,18.7,5.5,3,Onsite,3.4,7,4.8,5.9,7,4,9.1,TRUE,4.7,Yes
1809,39,Male,Single,Masters,Customer Support,Support Specialist,4,6791,16.3,5.6,11,2.9,2,Remote,18,9,6.4,5.9,4.6,4,6.9,FALSE,8.2,No
1810,53,Male,Married,High School,Research & Development,R&D Manager,5,10402,9.5,8.6,10.2,1.4,1,Onsite,3,5,4.2,7.3,6.7,3,7.4,FALSE,3.2,No
1811,21,Male,Single,Bachelors,Sales,Sales Manager,3,6761,11.1,0,1,0,2,Remote,8.3,26,6.3,5.4,5.7,4,6.6,FALSE,5.3,No
1812,32,Female,Married,Masters,Customer Support,Support Team Lead,2,3947,10,5,11.3,2.5,2,Remote,14.9,7,4.9,8.2,4.8,5,8.8,FALSE,9.4,No
1813,39,Prefer not to say,Single,Masters,Research & Development,Research Scientist,4,10792,14.5,9.6,14.4,0.7,1,Remote,2.1,5,3.2,7.3,7.8,4,10,FALSE,2.7,No
1814,21,Female,Married,Bachelors,Engineering,Software Engineer,2,4493,15.5,0,1,0,0,Hybrid,7.7,4,4.7,7.7,6.1,3,8,FALSE,5.4,No
1815,43,Non-binary,Single,Bachelors,Engineering,Data Engineer,2,5853,8.8,3.7,11,3.7,2,Remote,5.7,10,2,7.5,6,3,6.2,FALSE,6.1,No
1816,25,Male,Divorced,Masters,Engineering,Software Engineer,1,5403,14.9,0,5,0,1,Onsite,4.5,8,5,7.8,6.5,4,5.1,TRUE,4.9,No
1817,58,Male,Married,Masters,Operations,Operations Analyst,4,7317,12.9,12.9,18,1.6,3,Remote,1.1,19,2.6,5.1,7.8,4,8.5,TRUE,2.7,Yes
1818,29,Non-binary,Married,Masters,Customer Support,Customer Success Manager,2,4367,10.3,8,9,0.2,3,Remote,4.6,5,3.5,5.2,8,4,9.7,FALSE,6.5,No
1819,29,Male,Married,PhD,Engineering,QA Engineer,3,6875,17.2,6.7,8.4,1,1,Hybrid,8.2,5,2.8,8.3,5.5,4,7.8,TRUE,2.9,No
1820,28,Female,Divorced,Masters,Research & Development,Product Researcher,3,8693,9.9,5.8,7.6,3.4,1,Hybrid,3,7,1,6.2,7.6,4,8.2,FALSE,1.8,No
1821,35,Female,Married,Bachelors,Engineering,Engineering Manager,3,8048,10.9,7.2,9.1,3.5,0,Onsite,4.4,4,1.6,8.2,6.9,3,8.7,TRUE,1,No
1822,36,Female,Single,Masters,Operations,Operations Manager,4,6825,15.9,7.7,10.6,1.4,0,Remote,2.3,15,1.8,7.4,8.8,3,8.8,TRUE,4.7,No
1823,39,Female,Married,Masters,Engineering,QA Engineer,5,13053,12.6,9.8,18.3,3.7,2,Onsite,5.9,3,5.2,6.1,6.7,4,10,FALSE,2.9,Yes
1824,41,Male,Married,Bachelors,Operations,Operations Manager,3,5576,13.6,8.9,14.6,1.8,1,Remote,4.5,21,3.8,6.4,6.7,4,9,FALSE,5.6,No
1825,44,Male,Married,Bachelors,Engineering,Data Engineer,4,12340,15,13.4,20.6,0.6,1,Onsite,7.8,8,4.3,6.1,4.7,3,5.2,TRUE,4.6,No
1826,42,Female,Married,Masters,Finance,Financial Analyst,3,10718,15.9,9.9,22,0.7,5,Hybrid,4.5,4,4.8,7.5,6.7,3,9.2,FALSE,6.8,No
1827,29,Female,Single,Bachelors,Sales,Sales Development Rep,3,8313,11.8,5.4,9,1.3,1,Hybrid,5.1,17,4.3,4.4,5.8,3,9.6,FALSE,4.3,No
1828,54,Female,Single,Bachelors,Finance,Accountant,5,11524,6.4,9.8,21.7,5.5,5,Hybrid,2.8,6,4.2,5.7,7.1,3,6.3,FALSE,7.6,No
1829,36,Male,Single,Masters,Customer Support,Support Team Lead,4,6994,16.2,7.8,14.4,0,2,Hybrid,9.1,4,3.3,5.9,6.6,3,6.4,FALSE,5.5,No
1830,29,Male,Single,Masters,Sales,Sales Development Rep,3,5498,13.7,7.1,9,3.1,2,Hybrid,7.1,25,2.8,9.4,6.6,4,8.6,FALSE,4.2,No
1831,24,Male,Married,Masters,Research & Development,Research Scientist,1,3989,7.6,3,4,2.3,1,Remote,9,5,4.4,5.6,5.7,5,6.6,TRUE,4.8,Yes
1832,27,Female,Single,Bachelors,Marketing,Marketing Specialist,1,2859,10.7,6,7,1.7,4,Onsite,1.9,6,3.9,5.7,7.5,3,9.4,TRUE,4.2,No
1833,48,Male,Married,PhD,Sales,Sales Manager,3,7211,16.4,9.9,11.5,0.4,0,Onsite,7.2,37,3.6,8,5.3,4,6.9,TRUE,5.4,No
1834,44,Female,Single,Bachelors,Engineering,Data Engineer,5,14851,10.3,8.4,19.7,1.4,4,Hybrid,3.4,7,3,7.7,8.2,4,9.4,TRUE,3.8,No
1835,26,Female,Married,Masters,Engineering,Data Engineer,2,6749,6.4,5,6,3.6,5,Hybrid,1.2,3,3.1,8.2,7.7,4,9.3,TRUE,2.6,No
1836,51,Male,Single,Bachelors,Engineering,Engineering Manager,5,15647,8.9,9.6,19.2,2.3,3,Hybrid,5.8,2,3.7,6.7,5.7,3,10,TRUE,1,Yes
1837,29,Female,Married,Bachelors,Customer Support,Support Specialist,1,2385,7.9,1.9,9,1.9,4,Onsite,6.2,6,4.1,3.8,5.5,3,8.8,FALSE,10,Yes
1838,31,Male,Married,High School,Engineering,QA Engineer,1,4474,8.3,4.2,11,4.2,1,Hybrid,5.5,12,1.8,7.3,6.7,4,7.1,FALSE,4.2,No
1839,43,Male,Single,Bachelors,Finance,Finance Manager,4,9495,8.1,10.2,12.6,2.6,1,Remote,3.7,8,1.5,5.6,6.7,3,8.7,FALSE,6.4,No
1840,37,Male,Divorced,High School,Finance,Finance Manager,2,4788,15.4,2.6,11.2,0.2,4,Onsite,8.4,3,5.8,4.3,4.5,3,6.7,TRUE,4.9,Yes
1841,46,Female,Married,Bachelors,Finance,Accountant,2,6385,10.4,9.3,14.3,2.4,1,Onsite,6.3,6,4.9,4.6,6,3,6.6,FALSE,5.2,Yes
1842,33,Female,Married,Bachelors,Marketing,Marketing Specialist,3,5838,10.9,6.7,10.7,0,0,Hybrid,6.4,7,2.9,5.3,7.4,4,10,FALSE,5.1,No
1843,36,Male,Single,Bachelors,Engineering,Engineering Manager,3,8771,15.3,5.4,9.6,0.9,0,Onsite,4.4,10,4.9,5.8,6.3,3,8.5,TRUE,3.4,No
1844,46,Male,Single,Masters,Engineering,Engineering Manager,4,11066,7.6,8,16.4,1.7,4,Hybrid,2,4,2.3,6.7,7.4,3,7.7,TRUE,3.5,No
1845,41,Male,Divorced,Bachelors,Operations,Operations Analyst,2,6739,16.7,5.6,15.5,0.6,3,Remote,6.7,19,3.1,7.2,7.4,4,9.8,FALSE,5.1,Yes
1846,37,Female,Married,Masters,Customer Support,Support Specialist,2,4629,17,9,11.5,1.4,0,Onsite,6.9,6,4,8,4.5,4,8.5,TRUE,9.7,No
1847,25,Female,Divorced,Bachelors,Marketing,Growth Manager,2,6631,17.2,4,5,2.4,1,Remote,17.7,4,6.5,3.1,3.8,3,8.2,FALSE,7.5,No
1848,38,Male,Married,Bachelors,Sales,Sales Development Rep,1,4837,15.5,0,0,0,0,Remote,11,23,5.2,3.8,5.2,3,5.5,FALSE,7,No
1849,26,Female,Single,PhD,Customer Support,Customer Success Manager,3,4864,12.5,5,6,1.3,1,Hybrid,6.9,9,1.8,7.4,7,4,9.2,TRUE,4.6,No
1850,38,Female,Single,Bachelors,Engineering,QA Engineer,3,8020,16.1,4.3,9.7,1.6,1,Remote,7.7,5,5.1,5.9,5,4,8.1,TRUE,2.2,No
1851,36,Female,Married,Masters,Finance,Financial Analyst,5,10957,4.8,9.1,15.8,5.1,3,Onsite,8.5,4,6.2,6.1,5.4,4,8.2,FALSE,5.8,No
1852,46,Female,Married,PhD,Research & Development,Research Scientist,3,8068,12.9,7.3,11.9,1.7,1,Onsite,7.8,4,3.4,7.1,5.8,3,9.2,FALSE,4.6,Yes
1853,47,Male,Single,Masters,Sales,Sales Development Rep,4,7304,8.2,7.1,11.5,3,3,Hybrid,3.3,36,2.6,7.9,5.9,4,10,TRUE,5,No
1854,32,Female,Divorced,Masters,Sales,Sales Development Rep,2,4105,13.3,1.9,7.7,1.9,2,Onsite,4.9,28,3.6,5.6,6.9,3,8.7,TRUE,6.5,No
1855,33,Male,Married,PhD,Sales,Sales Development Rep,3,10324,11.2,5.3,13,1.4,7,Hybrid,9.6,25,4.7,5.8,4.1,4,7,FALSE,2.2,No
1856,30,Male,Married,Bachelors,Human Resources,HR Manager,2,3701,10.9,7.8,10,1.4,5,Remote,1.3,8,4.9,4.5,7.7,4,8.5,TRUE,3,Yes
1857,37,Male,Married,Masters,Customer Support,Support Team Lead,3,5810,9.5,1.9,6.4,1.9,1,Onsite,5.1,8,5.2,6.2,4,4,7.1,FALSE,6.8,No
1858,35,Male,Divorced,High School,Operations,Operations Manager,2,4281,14.6,5.7,13.5,0.7,2,Hybrid,16.4,30,4,7.5,4.8,3,9,FALSE,7.3,No
1859,49,Prefer not to say,Married,Bachelors,Sales,Sales Manager,3,6214,17.9,4.9,7.2,0.5,0,Hybrid,11.1,27,4.6,6.1,4.8,3,5.8,FALSE,6.2,No
1860,56,Male,Single,High School,Sales,Account Executive,4,6078,15.7,3.2,5.5,0.1,1,Hybrid,4.1,24,3.6,7.6,7.4,4,9.8,FALSE,3.4,No
1861,51,Male,Married,Masters,Finance,Finance Manager,4,9757,7.9,10.5,15.8,9.3,2,Hybrid,3.4,4,3.3,7.5,6.8,4,8.9,TRUE,5.4,No
1862,37,Male,Married,Bachelors,Finance,Financial Analyst,4,10307,9.9,14.9,17,5,1,Onsite,2,7,2.9,6.2,5.3,3,8.1,FALSE,5.2,No
1863,33,Male,Married,Bachelors,Engineering,Data Engineer,2,5660,13.6,5.6,11.6,1.4,2,Onsite,9.4,10,3,9.3,6.6,4,9.9,TRUE,5.3,No
1864,44,Female,Single,High School,Human Resources,HR Business Partner,5,8399,11,11.4,24,0.7,4,Hybrid,1.4,10,1,7,7.2,3,8.3,TRUE,4.8,No
1865,42,Female,Married,Masters,Operations,Operations Analyst,3,6937,15.5,8.6,17.8,1.2,2,Onsite,3.7,16,4.2,6.7,6.9,4,10,TRUE,3.6,No
1866,45,Female,Divorced,Bachelors,Engineering,Engineering Manager,5,16323,7.8,9.6,18.9,2.7,4,Hybrid,11.1,10,3.1,7.2,5.6,3,7.8,TRUE,3.3,No
1867,46,Female,Divorced,Masters,Operations,Operations Analyst,4,7969,14.2,6.2,12.9,0.9,2,Onsite,7.1,17,1,8,7.2,4,6.5,TRUE,5.2,No
1868,35,Female,Married,Masters,Engineering,Software Engineer,3,11109,8.7,8.3,13.3,4.5,1,Onsite,12.5,6,3.7,8,5.1,5,10,TRUE,4.5,No
1869,23,Female,Single,High School,Engineering,Software Engineer,1,3941,15.5,2,3,0.7,4,Onsite,4.6,5,4.2,5.6,7,4,7.6,FALSE,5.4,No
1870,44,Female,Married,Bachelors,Human Resources,HR Business Partner,2,4185,10.9,0,2.6,0,1,Hybrid,3.1,3,2.9,6.4,6.3,4,8.9,TRUE,5.8,No
1871,29,Female,Married,Masters,Operations,Program Manager,3,7456,8.4,8,9,0.4,5,Hybrid,2.3,25,4.2,5.3,7.6,4,9,TRUE,5.1,Yes
1872,28,Male,Married,Masters,Finance,Financial Analyst,2,4638,8.8,5.8,8,0.3,1,Remote,6.1,6,4,6.4,6.1,4,8,FALSE,7.6,No
1873,25,Male,Married,Masters,Finance,Finance Manager,2,4845,13.4,4,5,2.3,4,Hybrid,11.9,5,6.1,5.7,5.2,3,9,TRUE,7.9,No
1874,46,Male,Married,PhD,Engineering,Software Engineer,3,10032,11.2,9.7,16.1,3.9,2,Onsite,3.3,4,3,7.1,6.3,4,5.8,TRUE,3.1,No
1875,52,Male,Divorced,Masters,Human Resources,HR Manager,4,6690,10.4,11.6,17.7,3.8,1,Remote,17.7,5,5.8,5,5.1,4,9,FALSE,3.4,No
1876,41,Male,Married,Masters,Marketing,Marketing Specialist,4,11416,9.7,10.1,21,0.8,6,Hybrid,0.6,10,1.2,7.3,7.9,4,8.6,TRUE,7.9,No
1877,34,Male,Married,Bachelors,Engineering,Data Engineer,4,14075,10,13,14,1.4,3,Onsite,15.8,3,4.5,8.6,4.5,4,9.6,TRUE,3.2,No
1878,33,Female,Married,Bachelors,Operations,Operations Analyst,2,5199,11.6,6,8.3,2.3,0,Onsite,8.5,24,4,4,6.4,3,8.4,FALSE,5,No
1879,22,Female,Divorced,High School,Engineering,QA Engineer,2,6027,12.5,1,2,1,3,Hybrid,6.5,5,2.2,6.8,5.6,4,8.4,TRUE,1,No
1880,44,Female,Single,Bachelors,Marketing,Content Strategist,3,5506,9.1,7.3,18.7,1.9,5,Hybrid,0.5,7,1.9,8.1,7.1,4,8.5,TRUE,8.3,No
1881,24,Female,Single,Bachelors,Marketing,Growth Manager,2,4862,13.2,3,4,3,2,Onsite,2.4,4,4,6.2,6.9,3,8.1,TRUE,4.4,No
1882,50,Male,Married,Bachelors,Operations,Operations Manager,5,7996,8.2,9.9,14,1.4,0,Onsite,6.9,19,2.4,9.9,5.3,4,8.9,FALSE,4.8,No
1883,45,Female,Married,Bachelors,Customer Support,Customer Success Manager,5,7128,13.8,10.8,22.3,4.1,3,Remote,10.3,5,3.3,5.7,6,4,9.6,FALSE,7,No
1884,31,Male,Married,High School,Operations,Operations Manager,4,6294,13,6.3,11,1.9,2,Hybrid,5.8,21,3.6,8.9,7.5,3,8.3,FALSE,3.4,No
1885,43,Male,Single,Bachelors,Engineering,Software Engineer,2,5663,14.3,2.9,5.6,2.9,1,Hybrid,9.2,4,2.5,6.6,7.9,4,9.8,TRUE,3,No
1886,36,Female,Married,Bachelors,Engineering,QA Engineer,2,5541,5.2,3.1,15.5,1.5,3,Hybrid,12.9,7,5.8,5.5,5.2,3,9.3,TRUE,4,Yes
1887,26,Female,Single,PhD,Sales,Sales Development Rep,1,4445,12.2,2,4.9,1,1,Hybrid,5.8,19,3.1,7.1,6,4,7.8,FALSE,3.6,No
1888,49,Female,Single,PhD,Sales,Account Executive,4,9243,10.3,9.3,15.4,0.4,0,Onsite,17.1,26,7.7,5,5.3,3,9.7,FALSE,1,Yes
1889,46,Male,Married,Bachelors,Operations,Program Manager,5,8417,9.6,8.2,12.1,1.9,1,Hybrid,6.8,22,3.1,8.5,5.4,4,8.2,FALSE,1.5,No
1890,48,Male,Married,Masters,Human Resources,HR Manager,4,7551,13.2,9.4,16,3.8,1,Remote,11.4,4,3.2,5.9,6.2,3,7.4,TRUE,2.3,Yes
1891,31,Non-binary,Married,Masters,Marketing,Marketing Specialist,3,6280,12.4,9.8,11,1.6,0,Onsite,5.5,10,4.9,6.9,6.1,4,7.4,FALSE,6.3,No
1892,37,Male,Single,Masters,Finance,Accountant,2,7811,13.7,5.3,13.1,1,3,Hybrid,12,3,5.4,7.7,3.5,4,9.7,TRUE,10,No
1893,45,Male,Married,High School,Sales,Sales Manager,4,8946,13.8,6.1,12.8,5.3,3,Onsite,5.8,26,3.2,6.3,6.1,4,8,FALSE,1.6,No
1894,24,Male,Married,Bachelors,Customer Support,Support Specialist,1,2116,13.8,3,4,0.8,1,Hybrid,16.6,6,6,5.1,4.7,3,8.3,TRUE,5.3,No
1895,32,Female,Married,Masters,Operations,Operations Manager,2,5019,9.2,5.6,12,0,3,Onsite,10.2,18,4.7,6.4,6.1,5,8.4,TRUE,4.5,No
1896,40,Female,Married,Bachelors,Customer Support,Customer Success Manager,3,4997,15.4,10,13.7,0.8,0,Hybrid,2.7,8,4.1,7,7.3,3,8.6,TRUE,8.1,No
1897,48,Male,Single,Bachelors,Research & Development,R&D Manager,5,13984,11.4,12.9,18.2,2.8,1,Hybrid,13.2,6,5.5,5.7,3.7,3,8,FALSE,2.3,No
1898,42,Male,Married,PhD,Operations,Operations Manager,5,9369,18.1,10,15.7,0.4,1,Hybrid,14.2,26,6.6,5.8,3.8,3,6.3,TRUE,4.6,No
1899,47,Male,Married,Bachelors,Finance,Accountant,5,9741,14.7,11.1,12.7,4.3,1,Onsite,2.3,6,3.8,6.7,6.4,3,7.7,TRUE,5.9,Yes
1900,28,Female,Single,Bachelors,Operations,Operations Manager,3,5437,9.5,4.2,8,0.3,1,Onsite,6.3,26,2.8,7.4,6.5,4,9.2,TRUE,6.6,No
1901,45,Female,Married,Bachelors,Finance,Accountant,2,5231,8.6,3.9,10.5,2.2,1,Hybrid,14.3,7,4.2,4.8,4.1,2,7.9,TRUE,8.5,No
1902,25,Male,Married,Bachelors,Research & Development,Research Scientist,1,3595,12.3,1.2,5,0.8,4,Hybrid,2.3,7,3,6.1,6.8,4,7.6,TRUE,4.7,No
1903,28,Male,Married,Bachelors,Sales,Sales Manager,2,5132,14.9,5,8,2.1,1,Remote,6.6,22,4.3,4.9,6.2,2,5.9,TRUE,6.8,No
1904,36,Female,Married,Masters,Sales,Account Executive,3,8471,10.3,9.3,13.2,2,1,Hybrid,11.6,16,5.4,6.5,4.4,3,9.6,TRUE,5.8,No
1905,36,Female,Married,Masters,Engineering,Software Engineer,2,6691,13.4,9,11.5,1.6,0,Remote,0.5,6,1.5,6.5,7.9,3,6.6,FALSE,3,No
1906,43,Female,Single,Bachelors,Research & Development,R&D Manager,3,7708,11.6,3.8,11.8,1.9,2,Onsite,2.8,5,3,5.2,5.3,3,8.2,TRUE,3.9,Yes
1907,37,Male,Married,Masters,Engineering,Data Engineer,2,6095,9.1,2.7,7.2,2.7,1,Hybrid,1.9,7,4,5.1,5.6,3,9.2,TRUE,6.1,No
1908,46,Female,Single,PhD,Customer Support,Support Team Lead,3,6732,5.9,6.9,12.1,0.9,3,Hybrid,5,8,5.3,4.2,6.8,3,5.6,TRUE,5.6,Yes
1909,64,Male,Single,PhD,Sales,Account Executive,5,11601,9.8,9.6,16,1.9,3,Remote,4.7,31,2.5,6.1,8.7,4,7.6,TRUE,7.2,No
1910,32,Female,Married,Bachelors,Research & Development,R&D Manager,3,8749,7.1,7.8,9.6,4.6,1,Hybrid,16.9,3,7.8,2.3,2.3,3,6.7,FALSE,2.6,No
1911,41,Male,Divorced,Bachelors,Engineering,Software Engineer,1,4911,8.4,3.5,12.1,3.5,3,Hybrid,4.2,4,3.5,7.3,6.1,3,8.3,TRUE,2.8,No
1912,31,Male,Married,Bachelors,Engineering,Engineering Manager,3,10162,11.9,9.9,11,1.1,2,Hybrid,6.4,3,6.1,6.1,4.7,3,8.4,FALSE,1.8,Yes
1913,39,Male,Married,Bachelors,Customer Support,Customer Success Manager,3,4044,8.7,5,11.3,1.6,3,Onsite,8.1,6,3.8,5.9,6.2,3,9,TRUE,3.5,No
1914,30,Female,Married,Bachelors,Sales,Sales Manager,2,4947,8.5,7.6,10,0.6,6,Onsite,6.4,17,4.8,6.1,5.3,2,8.1,TRUE,1.9,Yes
1915,55,Female,Married,Masters,Marketing,Growth Manager,4,10211,15.1,12.9,21.4,1.6,2,Hybrid,12.2,6,4.2,5.5,5.4,3,8.2,TRUE,6.4,No
1916,51,Male,Single,Masters,Engineering,Engineering Manager,3,7827,12.7,9.9,17.9,1.5,3,Hybrid,9.5,7,4.3,6.1,6.6,3,7,TRUE,4.7,No
1917,25,Female,Single,Bachelors,Engineering,Data Engineer,1,3200,14.8,3.5,5,0.2,3,Remote,7.3,2,2.9,4.1,6.8,3,5.3,FALSE,7,Yes
1918,33,Female,Married,Bachelors,Customer Support,Customer Success Manager,3,4831,12.7,10.9,11.4,5.3,0,Hybrid,11.1,12,4.2,6.4,4,4,9.1,FALSE,4.4,No
1919,43,Male,Married,Masters,Finance,Financial Analyst,4,11479,12.5,15.5,21,1.2,2,Onsite,13.7,4,6.3,6,5.3,4,7.7,TRUE,4.2,No
1920,55,Male,Single,Bachelors,Operations,Operations Manager,5,10013,12.4,11.7,17,0.9,0,Hybrid,7.4,27,4.3,6.7,6.2,3,8.1,TRUE,5.7,No
1921,37,Female,Single,Bachelors,Sales,Account Executive,2,4545,12.1,7,13.4,0.9,2,Remote,2.5,29,2.6,8.5,7.7,4,8.5,TRUE,8,No
1922,37,Female,Single,Bachelors,Marketing,Marketing Specialist,2,4805,4.4,4.8,9.5,4.5,1,Hybrid,3.4,5,5.5,6.5,6.3,4,8.4,TRUE,8,Yes
1923,30,Female,Married,Masters,Customer Support,Support Team Lead,3,5759,7.5,5.6,10,0.4,1,Hybrid,10.3,4,4.3,6,5.8,4,8.6,FALSE,6.4,No
1924,52,Male,Divorced,PhD,Customer Support,Customer Success Manager,4,7263,5.8,9.5,16.8,7.9,2,Hybrid,6.1,7,3.6,7,6.6,3,8,FALSE,5.4,No
1925,38,Male,Single,Masters,Finance,Finance Manager,3,7524,12.5,0.5,2.4,0.5,0,Remote,1.9,5,2.7,8.8,8.7,3,9.5,TRUE,7.6,No
1926,31,Female,Single,Bachelors,Operations,Operations Analyst,2,4076,12,6.7,11,5,1,Hybrid,6.8,19,2.9,8.1,6.5,4,8.4,TRUE,3.7,No
1927,26,Female,Single,High School,Engineering,Software Engineer,2,4758,12,5,4.5,3.5,0,Onsite,9.5,6,3.4,6.5,5.2,4,8.2,TRUE,1.6,No
1928,23,Female,Single,Bachelors,Sales,Sales Manager,3,5795,11.4,2,3,1,4,Onsite,16,19,6.7,4.1,3.7,3,7.9,FALSE,5,No
1929,36,Female,Divorced,Bachelors,Human Resources,HR Business Partner,2,4716,10.4,6.5,14.7,0.2,3,Remote,10.9,6,5.7,5,5.3,4,7.6,TRUE,2.5,No
1930,31,Male,Single,PhD,Marketing,Content Strategist,4,8399,9.2,10,10.1,1.6,0,Hybrid,11.7,6,5.5,7.2,4.4,4,9.3,TRUE,6.2,Yes
1931,36,Male,Married,Masters,Sales,Sales Development Rep,3,6285,10.3,11.4,16,0.2,1,Onsite,8.4,15,5.6,4.8,5,3,8.8,TRUE,3.1,No
1932,44,Female,Single,Masters,Operations,Program Manager,3,6368,10.8,6.4,13.1,1.6,2,Onsite,1.1,18,4.4,3.1,8,4,8.8,TRUE,6.3,No
1933,43,Male,Married,Masters,Engineering,Data Engineer,5,11100,12.9,9.3,13.7,0.8,1,Remote,1.2,5,1,8.7,8.6,4,6.7,TRUE,2.7,No
1934,36,Male,Married,PhD,Customer Support,Support Specialist,2,5402,15.2,0,7.4,0,1,Hybrid,7.1,5,2.8,9.3,6.1,5,10,FALSE,5.2,No
1935,35,Female,Married,Masters,Engineering,QA Engineer,3,9204,12,7.6,11.5,2.1,1,Hybrid,12.9,2,4.5,6.2,5.5,4,8.9,TRUE,3.6,No
1936,41,Female,Single,Bachelors,Operations,Program Manager,4,6496,16.1,10.2,10.5,1,0,Hybrid,8.8,12,3.4,8.5,5.6,4,7.8,FALSE,3.3,No
1937,36,Female,Married,Masters,Marketing,Growth Manager,4,8077,12,9.7,16,1.7,1,Onsite,18,4,6.6,5.8,3.2,3,8.6,TRUE,4.5,No
1938,31,Female,Married,Bachelors,Operations,Operations Analyst,2,5106,12,8.1,11,2.1,2,Hybrid,3.5,20,2.9,7.7,6.6,4,8.1,TRUE,5.9,No
1939,39,Male,Married,High School,Sales,Account Executive,3,6145,9.2,5.9,7,1.1,1,Onsite,6,21,4.4,5.9,6.9,4,10,TRUE,5,No
1940,32,Female,Single,Bachelors,Sales,Sales Manager,2,7838,18.9,5.4,12,1.1,2,Onsite,9.3,30,3.5,7,5.4,4,8.3,TRUE,4.3,No
1941,43,Female,Married,Masters,Finance,Financial Analyst,4,8848,10.8,9.9,17.4,0.4,2,Hybrid,3.9,6,5.4,4.2,6.1,3,8.8,FALSE,6.5,No
1942,42,Male,Married,Bachelors,Research & Development,Product Researcher,3,9293,9.7,6,10,1.5,0,Onsite,8.2,7,5.5,7.4,4.9,3,8.2,TRUE,3.4,No
1943,57,Male,Single,Masters,Operations,Operations Manager,5,8921,15.2,16,22.1,3.7,0,Onsite,14.4,17,6.2,6.3,4.4,3,8.4,FALSE,4.1,No
1944,23,Male,Single,Masters,Engineering,Software Engineer,3,7509,6.2,2,3,2,0,Onsite,2.6,4,4.5,4.9,6.3,4,8.7,TRUE,3.5,Yes
1945,32,Male,Married,High School,Engineering,QA Engineer,1,4481,6,8,12,4.4,2,Onsite,0.4,7,2.1,5.6,6.8,4,8.2,TRUE,4.1,No
1946,21,Female,Single,High School,Engineering,Data Engineer,1,3258,12.3,0,1,0,1,Remote,3.1,3,3.9,5.2,6.5,4,8.9,FALSE,2.6,No
1947,21,Female,Married,Bachelors,Sales,Sales Development Rep,1,3714,15.6,0,1,0,1,Hybrid,4.6,18,3.7,7.4,6.1,4,8,FALSE,2.7,No
1948,27,Female,Single,Bachelors,Engineering,Software Engineer,1,4155,7.1,6,7,2.5,1,Hybrid,5.9,2,3.3,6,5.9,4,9.1,TRUE,4.9,No
1949,33,Female,Married,Bachelors,Research & Development,Research Scientist,2,6957,13.5,1.1,5.6,1.1,2,Hybrid,18.4,4,5.6,5.6,2.7,3,9.8,FALSE,2.7,No
1950,33,Female,Single,Bachelors,Engineering,QA Engineer,1,4853,9.6,7.1,7.6,1.3,0,Onsite,4.2,6,4.1,6.8,5,4,8.4,FALSE,4.2,No
1951,29,Female,Single,Masters,Marketing,Growth Manager,2,5421,8.5,6.1,9,6.1,4,Hybrid,3,6,3.1,5.9,7.7,4,8.6,TRUE,3.4,No
1952,21,Female,Married,PhD,Engineering,QA Engineer,3,7601,9.7,0,1,0,2,Hybrid,4.6,4,1.8,6,5,4,9.1,TRUE,3.6,No
1953,30,Female,Married,Bachelors,Sales,Sales Manager,3,6822,13.1,6.9,10,1.4,1,Onsite,4.1,20,4.3,6,5.9,3,7.6,FALSE,6.1,No
1954,22,Male,Divorced,Bachelors,Human Resources,HR Business Partner,1,2833,16.1,1,2,1,3,Onsite,11.3,8,4.2,7.9,5,4,8.6,FALSE,6,Yes
1955,39,Male,Married,Bachelors,Sales,Account Executive,5,8803,14,11,12.9,2.3,1,Onsite,3.5,26,5.4,6.6,5.7,3,7.7,FALSE,4.5,No
1956,40,Male,Single,Bachelors,Engineering,Data Engineer,4,12334,13.8,8.3,13.3,3.6,2,Hybrid,2.3,5,2,8.2,6.3,4,9.2,TRUE,3.9,No
1957,41,Female,Married,Bachelors,Operations,Program Manager,3,6363,13.9,6.8,12.5,1.1,2,Hybrid,2.1,25,4.1,7.8,7.1,4,9.2,FALSE,1.7,No
1958,33,Female,Single,Bachelors,Research & Development,Research Scientist,2,6997,10.8,9.1,13,1.4,5,Hybrid,3.8,4,2.4,7,7.7,4,9.2,TRUE,7.1,Yes
1959,31,Female,Divorced,Masters,Engineering,Engineering Manager,2,6536,13.4,4.8,11,4.8,4,Hybrid,2.5,2,2.2,8.3,5.5,4,7.2,TRUE,4.4,No
1960,31,Female,Single,High School,Engineering,QA Engineer,2,6253,14.8,6,11,2.2,3,Hybrid,2.6,3,2.9,6.9,6.7,4,7.7,TRUE,4.4,No
1961,44,Male,Married,Masters,Operations,Operations Manager,4,8967,17.7,9.5,14.8,0,2,Hybrid,6.9,19,5.3,8.2,5.2,5,8.8,TRUE,8,Yes
1962,37,Female,Divorced,High School,Marketing,Content Strategist,4,7507,16.4,6.5,14.8,0.9,5,Remote,6.4,4,4.7,6.9,5.6,3,7.4,TRUE,4.9,No
1963,28,Female,Married,Bachelors,Engineering,Data Engineer,2,5725,14.4,1.5,8,1.5,4,Hybrid,0.5,7,2.7,10,6.7,5,7.4,TRUE,1.2,No
1964,29,Male,Married,Masters,Engineering,Software Engineer,2,6839,5.2,4.6,9,2.9,1,Onsite,3,5,5.6,4.5,5.8,4,9.1,FALSE,7.2,No
1965,34,Male,Married,Bachelors,Research & Development,Research Scientist,3,7885,18.1,6.7,12.9,0.5,1,Onsite,8.1,11,1.6,8.3,7.6,4,9.9,TRUE,2.9,No
1966,30,Non-binary,Single,Bachelors,Operations,Operations Analyst,1,2559,12.5,3.1,9.4,1.5,2,Onsite,2.1,26,2.3,6.6,7.7,4,7.9,FALSE,4.2,No
1967,28,Male,Single,Bachelors,Marketing,Growth Manager,3,5657,13.6,7,8,2.1,1,Onsite,1.9,8,5.6,4.7,5.6,2,7.4,TRUE,6.2,Yes
1968,31,Male,Single,Bachelors,Engineering,Engineering Manager,4,9637,10.4,7.2,11,4.9,4,Hybrid,1.3,6,2.2,8.9,6.3,5,8.8,TRUE,5,No
1969,51,Female,Single,Masters,Customer Support,Support Team Lead,5,11825,14.2,11.3,18.7,1.6,1,Onsite,9.5,9,4.4,7.5,5.3,3,7.5,FALSE,6.1,No
1970,40,Female,Married,Bachelors,Sales,Sales Manager,5,9734,15.1,8.6,13.8,1.8,1,Hybrid,9.9,30,3.9,5.7,5.5,4,7.7,TRUE,3.7,No
1971,42,Male,Single,Bachelors,Sales,Account Executive,2,4407,16.5,3.7,10.8,0.6,1,Onsite,9.5,20,6.1,5.9,4.5,4,6.6,FALSE,5,No
1972,23,Male,Divorced,PhD,Customer Support,Support Specialist,1,3657,8.4,0,3,0,2,Hybrid,7.2,6,5.6,6.1,5,3,8.9,TRUE,5.8,Yes
1973,31,Male,Married,Masters,Customer Support,Support Specialist,3,6270,14.9,8.4,11,0.9,1,Hybrid,13.6,4,3.5,4.5,4.6,2,6.6,TRUE,5.9,No
1974,52,Female,Single,Masters,Engineering,Engineering Manager,4,11386,11.8,5.3,11.1,2.8,1,Hybrid,4.8,7,1.8,7.1,6.3,4,10,TRUE,4.2,No
1975,39,Male,Single,High School,Human Resources,Recruiter,3,5998,9,5.1,10.3,0.7,2,Onsite,3.2,6,3.1,6.9,6.6,4,9.4,FALSE,3.5,No
1976,37,Male,Divorced,Bachelors,Sales,Sales Development Rep,4,8250,14.8,8.5,17,0.8,3,Remote,4.8,28,3.7,6.2,7.1,4,10,FALSE,1.8,No
1977,39,Female,Single,High School,Research & Development,Product Researcher,4,6139,11.7,6.8,8.9,0.8,2,Hybrid,6.8,6,3,4.4,6.2,4,8.2,FALSE,1,No
1978,46,Female,Single,Masters,Sales,Sales Development Rep,3,9174,10.6,11.1,15.4,0.5,0,Onsite,5,28,6,4.5,7.6,3,7.8,FALSE,4.4,Yes
1979,28,Female,Single,PhD,Sales,Sales Development Rep,2,7512,12.7,5.5,7,3.3,0,Hybrid,3,20,3.1,9.4,7.6,5,6.5,TRUE,5.7,No
1980,22,Male,Divorced,High School,Finance,Finance Manager,2,3108,18,0.8,2,0.3,2,Remote,0.9,0,1,7.8,6.5,4,8.5,TRUE,6.1,No
1981,39,Female,Married,Masters,Customer Support,Support Team Lead,2,4146,14.8,7.6,14.3,0,3,Remote,7,4,5.4,7,6.8,3,7.8,FALSE,7.2,No
1982,21,Male,Single,Bachelors,Finance,Financial Analyst,1,3784,16.5,0,1,0,0,Hybrid,5.1,4,2.6,4.8,4.9,4,6.2,FALSE,4.7,No
1983,22,Male,Single,Bachelors,Human Resources,HR Business Partner,1,2489,14.7,1,2,1,1,Remote,3,5,3.5,5.3,7,4,8.2,FALSE,4.8,No
1984,32,Male,Single,Masters,Engineering,Software Engineer,2,7083,13.8,4.8,8.6,0.9,1,Hybrid,6.2,10,7,4.9,5.9,3,7.6,FALSE,3.9,No
1985,21,Female,Single,PhD,Engineering,Software Engineer,2,4832,10.4,0,1,0,0,Onsite,6.5,3,5,2.9,4.7,4,9,FALSE,3.9,No
1986,21,Female,Single,Bachelors,Customer Support,Support Specialist,2,3109,20.3,0,1,0,1,Hybrid,7.8,6,6,5.9,5.6,3,8.2,TRUE,8.8,No
1987,38,Female,Married,Bachelors,Engineering,QA Engineer,2,5681,13.4,7.7,16.3,2.6,2,Onsite,1.3,4,3.1,5.7,8.3,4,8,TRUE,1,No
1988,36,Male,Married,Bachelors,Research & Development,R&D Manager,3,5998,10.4,3.3,8.9,3.3,2,Hybrid,4.9,10,3.8,6,7.6,4,8.7,FALSE,4.7,No
1989,52,Female,Married,Masters,Research & Development,Product Researcher,5,10982,12.3,11.3,19.4,2.2,3,Hybrid,3.1,7,4,7.2,6,4,8.5,FALSE,4.8,No
1990,25,Female,Single,Bachelors,Finance,Financial Analyst,2,4908,11.2,4,5,0.8,2,Remote,7.1,7,4.6,7.5,5.1,4,9.1,FALSE,6.1,No
1991,22,Male,Single,High School,Sales,Account Executive,1,3492,9.7,1,2,1,3,Remote,9.6,21,4.3,6.8,7.6,3,8.5,TRUE,5.6,No
1992,38,Female,Married,High School,Research & Development,R&D Manager,3,6748,7.9,6.8,17,1.9,3,Onsite,13.3,7,7.8,4.5,3.8,4,8.5,TRUE,3.6,No
1993,40,Male,Single,PhD,Customer Support,Support Team Lead,3,9182,9.1,11.8,13.7,5.7,0,Onsite,5.8,6,5.5,6.7,4.9,4,10,TRUE,5.6,No
1994,35,Male,Single,PhD,Operations,Program Manager,2,6093,16.1,0.5,5.7,0.5,3,Hybrid,3.5,17,4.7,6.8,5.6,4,7.7,FALSE,8,No
1995,42,Female,Divorced,Masters,Engineering,QA Engineer,2,7095,13,7.1,13.4,1.5,2,Hybrid,6.4,6,2.6,8.7,6.1,4,8.7,TRUE,3.9,No
1996,29,Male,Single,Bachelors,Finance,Accountant,3,5038,9.6,4.9,9,3.6,2,Onsite,8.1,6,3.3,6.7,6.1,4,9.8,FALSE,4.5,No
1997,37,Male,Single,Bachelors,Customer Support,Support Team Lead,4,6222,6.5,6.3,7.3,4.7,1,Onsite,4,7,6.2,4.1,6.3,4,8.2,FALSE,5.2,Yes
1998,41,Male,Married,High School,Engineering,Software Engineer,3,7659,13.9,4.5,13.5,2.2,2,Remote,2.3,6,2.7,7.1,7,4,9.7,TRUE,5.5,No
1999,21,Female,Married,Bachelors,Engineering,Engineering Manager,3,6882,16.7,0,0,0,0,Hybrid,11.1,4,4.6,5.4,4.2,3,5.7,TRUE,1,No
2000,33,Female,Married,Masters,Marketing,Growth Manager,4,10300,15.1,6.9,13,0.8,0,Remote,4.5,4,1.8,7,8.4,4,8.4,FALSE,3.4,No
2001,31,Male,Single,Bachelors,Customer Support,Customer Success Manager,2,3389,6.2,7.7,11,7.7,3,Hybrid,4.7,10,5.8,5.8,4.7,4,7.2,TRUE,6,Yes
2002,26,Female,Married,Bachelors,Engineering,QA Engineer,1,4206,10.5,0.4,6,0.4,1,Onsite,4.4,7,5,5.3,5.5,3,8.5,FALSE,5.2,No
2003,45,Female,Single,High School,Operations,Program Manager,5,8425,11.2,13,21.5,0.4,2,Hybrid,4,19,2.2,7.6,6.5,5,7.7,FALSE,6.7,No
2004,37,Female,Single,High School,Human Resources,HR Manager,3,5319,15.5,1.7,9.3,1.7,2,Hybrid,5,7,2.3,6.3,6.6,4,5.7,TRUE,4.3,No
2005,45,Male,Single,High School,Operations,Operations Manager,5,9219,10.9,9.1,23.1,3.5,5,Onsite,10,27,5.4,5.3,5.6,3,6.9,FALSE,5.3,Yes
2006,38,Female,Single,Masters,Engineering,Data Engineer,1,4169,9.7,2.1,9.1,2.1,1,Onsite,3.1,4,2.3,6.6,6.1,4,10,FALSE,3.7,No
2007,52,Male,Married,Bachelors,Research & Development,Research Scientist,5,10943,17,10,17,4.3,2,Hybrid,4.8,5,2.6,6.1,7.7,4,7.9,FALSE,3.5,No
2008,43,Female,Married,Bachelors,Engineering,QA Engineer,3,7986,16.9,7.8,15.9,4.2,3,Onsite,12.8,7,5.7,6.2,4.5,3,7.3,TRUE,1.9,No
2009,29,Female,Married,Masters,Customer Support,Customer Success Manager,4,5194,11.7,8,9,3.8,1,Onsite,7.4,8,4.1,5.5,6.1,3,9.5,FALSE,5.2,No
2010,31,Female,Married,Masters,Engineering,Software Engineer,2,5715,14.6,7.8,11,1.3,3,Hybrid,3,9,4.2,9.5,6.6,5,9.4,FALSE,8.3,No
2011,39,Male,Single,Bachelors,Operations,Operations Analyst,2,4975,10,4.9,10.5,0.8,1,Onsite,15.4,19,6.4,5.3,4.3,4,8.3,FALSE,6.4,No
2012,35,Male,Married,Bachelors,Sales,Sales Development Rep,2,4833,15.2,3.2,5.3,1.7,1,Hybrid,6,22,4.3,6.6,6.7,3,8.3,TRUE,7.2,No
2013,35,Male,Single,Masters,Sales,Sales Manager,3,5118,13,5,5.7,0,0,Hybrid,3.3,18,4.8,7.6,6.6,4,9.5,TRUE,8.4,No
2014,26,Female,Married,Bachelors,Customer Support,Support Specialist,2,3217,13.2,5,6,2.4,4,Onsite,2,5,5.2,5.2,6.5,3,8,TRUE,7.2,Yes
2015,42,Male,Single,High School,Sales,Sales Manager,3,5666,10.2,7.3,13.9,0.9,1,Hybrid,4.9,31,3.8,6.7,8.1,3,10,FALSE,3.6,No
2016,30,Female,Single,Bachelors,Human Resources,HR Manager,2,5232,18.1,9,10,0.8,2,Onsite,4.1,7,2.6,8.4,9,4,8.2,TRUE,3,No
2017,26,Female,Married,Bachelors,Finance,Financial Analyst,1,4347,15.7,1.4,5.4,1.4,1,Remote,4.7,8,4.4,5.1,8.6,4,10,FALSE,4.7,Yes
2018,34,Female,Married,Masters,Engineering,Engineering Manager,3,8429,13.8,6.1,10.5,4.6,0,Hybrid,6.8,5,6.5,3.7,5.6,3,7.2,TRUE,2.5,No
2019,32,Female,Single,Bachelors,Operations,Program Manager,3,5752,18.3,6.9,12,0.4,3,Onsite,2.3,20,1.9,7.7,7.2,3,8.5,TRUE,7.7,No
2020,31,Female,Single,Bachelors,Research & Development,R&D Manager,3,5860,17.4,3.4,7.2,0,0,Onsite,6.5,9,5.3,5.8,4.3,3,9.5,TRUE,4.4,No
2021,30,Male,Single,Masters,Sales,Account Executive,3,7123,15.1,0.3,6.8,0.3,1,Onsite,6.2,22,3.7,6.3,6.8,4,8.8,TRUE,4.4,No
2022,32,Female,Married,Bachelors,Customer Support,Support Team Lead,3,5031,7.5,8.8,12,1,1,Onsite,4.1,5,2.2,7.9,7.9,4,7.5,FALSE,7.4,No
2023,22,Female,Single,Masters,Engineering,Data Engineer,2,6990,6.6,0.9,2,0.9,2,Hybrid,6.9,2,3,6.9,5.5,4,9.9,FALSE,4.2,No
2024,28,Female,Single,PhD,Human Resources,HR Business Partner,2,4407,11.1,5.9,8,0.8,2,Onsite,1.9,7,3.1,6.8,6.3,4,9,FALSE,3.9,No
2025,40,Male,Married,Bachelors,Engineering,Engineering Manager,3,9399,14,7.6,12.6,0,3,Hybrid,1.2,5,3.2,8,5.9,3,7.2,TRUE,1,No
2026,36,Male,Single,Bachelors,Engineering,QA Engineer,3,12198,15.8,7.9,11.4,1.4,0,Hybrid,2.9,3,1,9.1,6.4,4,8.3,TRUE,3.3,No
2027,41,Female,Single,High School,Finance,Finance Manager,4,6663,13.4,6.4,13.7,1.8,2,Onsite,3.3,5,3.4,5.7,7,4,9.2,TRUE,6.4,No
2028,33,Male,Married,Masters,Engineering,QA Engineer,1,3844,9.1,7.9,12,6.8,0,Hybrid,8.5,4,3,8.2,7,4,8.9,TRUE,4.3,No
2029,52,Female,Married,PhD,Research & Development,R&D Manager,5,13336,10.9,7.7,17.9,2.1,2,Hybrid,3.5,4,2.2,5.3,7.8,4,9.2,FALSE,3.1,No
2030,40,Female,Married,Bachelors,Operations,Operations Analyst,2,4066,10.8,0.3,7.5,0.3,2,Hybrid,5.7,27,4.1,5.6,7.6,2,6.4,TRUE,5.8,No
2031,35,Female,Married,Bachelors,Engineering,QA Engineer,2,6489,15.5,3.1,11.3,2.6,3,Remote,1,4,1,8.4,8.4,4,10,TRUE,5.2,No
2032,32,Female,Married,Bachelors,Finance,Accountant,2,6515,10.7,4.4,9.3,1.7,1,Hybrid,5.4,6,4.5,5,6,3,8.9,FALSE,5.8,No
2033,32,Male,Married,Bachelors,Engineering,Engineering Manager,2,6180,7.7,5.9,12,3,3,Hybrid,9.6,9,4.9,4.2,5.8,3,7.5,TRUE,3.3,Yes
2034,26,Female,Divorced,High School,Operations,Operations Analyst,3,4446,8.6,5,6,0.9,4,Hybrid,15.5,23,5.2,6.5,5.2,4,9.4,FALSE,7.2,No
2035,39,Female,Single,Bachelors,Customer Support,Customer Success Manager,4,7021,11.7,8.9,19,0.4,4,Onsite,8.2,6,4.3,7.5,5.5,4,9.8,FALSE,4.5,No
2036,50,Female,Single,Bachelors,Customer Support,Customer Success Manager,4,6704,12.2,9.9,17.3,0.9,2,Onsite,17.1,3,5.5,7.2,4.6,5,8.9,FALSE,5.1,No
2037,23,Male,Divorced,Masters,Engineering,Data Engineer,1,6134,16.2,1.3,3,1.3,0,Hybrid,7.3,8,3,7.6,5.8,4,8.4,TRUE,5.9,No
2038,28,Female,Single,Masters,Engineering,Software Engineer,3,6696,9.9,7,8,1.3,2,Remote,2.2,10,2.3,6.9,7.4,5,7.1,TRUE,5.1,No
2039,35,Male,Married,Masters,Finance,Financial Analyst,3,6116,11.8,10.2,14.7,2.7,0,Hybrid,3.6,3,2.3,7.9,6.2,4,8.8,TRUE,7.3,No
2040,30,Female,Single,Bachelors,Sales,Sales Manager,4,11152,12.8,9,10,2.2,1,Onsite,7.5,21,5.7,4.3,5.5,4,6.2,FALSE,4.3,Yes
2041,42,Male,Married,Masters,Research & Development,Product Researcher,2,8095,8.5,5.7,14.2,1,2,Remote,4.3,10,1.6,7.6,6.7,4,10,FALSE,2.7,No
2042,36,Male,Married,Bachelors,Human Resources,Recruiter,1,2663,14.4,4,9.6,1.2,1,Onsite,14.4,8,4.7,6.5,5.1,3,8.8,FALSE,5.2,Yes
2043,35,Male,Divorced,Bachelors,Human Resources,HR Business Partner,3,4880,14.3,9.9,13.4,0.3,1,Remote,17.8,5,6.1,4.5,4.6,4,8.9,TRUE,3,No
2044,34,Male,Married,Bachelors,Operations,Operations Manager,3,6869,12,10.2,14,2.2,3,Hybrid,7.3,23,5.5,4.8,4.9,3,7.8,TRUE,5.4,No
2045,28,Male,Married,Bachelors,Customer Support,Support Team Lead,3,3984,9.7,6.3,8,1.5,0,Hybrid,8.3,5,5.7,4.5,5.8,4,8.9,TRUE,8.9,No
2046,21,Male,Divorced,Bachelors,Marketing,Content Strategist,1,3100,13.9,0,1,0,2,Onsite,5.3,8,4.3,7,6,4,6.1,TRUE,5.2,No
2047,46,Female,Single,Bachelors,Human Resources,HR Manager,5,8878,2.9,8.5,12.8,7.2,1,Hybrid,2.5,6,4.8,3.6,8.1,3,8,FALSE,5.1,No
2048,40,Male,Single,Masters,Engineering,Software Engineer,2,5661,11.9,2,8.4,2,3,Hybrid,5.9,4,3.4,7.8,5.1,5,10,TRUE,4,No
2049,45,Male,Married,Masters,Research & Development,R&D Manager,4,10376,19,12.8,20.7,2.7,2,Onsite,2.8,8,4.2,5.5,6.7,4,8.3,TRUE,2,No
2050,54,Non-binary,Divorced,Bachelors,Customer Support,Customer Success Manager,5,6701,11,8.4,14.4,2.9,0,Remote,15.2,5,6.8,5.2,5.1,2,5.7,TRUE,5.7,No
2051,53,Female,Single,Bachelors,Engineering,Software Engineer,5,12837,9.3,9.9,17.1,4.9,1,Remote,8.4,8,4.9,7.8,6.6,4,8.6,TRUE,5,No
2052,22,Male,Divorced,Bachelors,Sales,Sales Development Rep,1,3418,11.9,0.7,2,0.7,3,Onsite,3.2,21,4.4,6.7,6.5,4,8.7,TRUE,7,No
2053,44,Male,Single,Bachelors,Customer Support,Customer Success Manager,2,3808,11.4,3,9,2,2,Remote,3.6,4,2.8,8.6,6.2,4,8.1,FALSE,6.3,No
2054,24,Female,Single,Bachelors,Finance,Financial Analyst,1,2959,10.9,3,1.5,3,2,Hybrid,2.4,6,5,7.6,6.5,4,9.8,TRUE,6.1,No
2055,21,Male,Married,Bachelors,Sales,Account Executive,1,3237,8.2,0,1,0,3,Hybrid,13.1,16,3.7,4.8,6.5,5,8.7,TRUE,3.7,Yes
2056,34,Male,Single,High School,Sales,Sales Manager,4,8987,7.1,9.5,11.4,6.1,2,Hybrid,10.9,29,2.6,5.2,5.2,3,8.7,TRUE,4.2,No
2057,32,Female,Married,Masters,Operations,Program Manager,3,8378,12.1,7.8,12,0.1,4,Hybrid,1.1,21,5.1,5.5,5.9,3,8.8,TRUE,6.3,Yes
2058,50,Female,Single,Bachelors,Operations,Operations Manager,3,5982,11.2,6.6,9.9,3.5,1,Hybrid,3.6,13,5.6,7.3,5.8,3,8.1,TRUE,6.6,No
2059,27,Male,Married,Bachelors,Engineering,Engineering Manager,3,8836,12.9,4.8,7,1.9,1,Onsite,1,7,4,5.5,7,4,6.6,TRUE,2.5,No
2060,28,Male,Married,Masters,Marketing,Content Strategist,1,3353,15.9,4.5,8,0,4,Onsite,2.1,1,4.6,5.6,6.7,3,7,FALSE,4.3,Yes
2061,25,Male,Married,Bachelors,Customer Support,Support Specialist,2,4065,10.3,4,5,1.6,1,Onsite,8.3,7,5.4,6.9,5.9,4,10,FALSE,6.6,No
2062,23,Male,Married,Masters,Customer Support,Customer Success Manager,2,3705,11.5,2,3,2,3,Onsite,5.1,5,5.5,3.7,5.3,3,10,TRUE,6,Yes
2063,33,Male,Single,High School,Operations,Operations Manager,2,4310,14.6,8.8,13,1.3,2,Hybrid,1.9,22,4.6,5.8,6.2,5,8.5,TRUE,5.3,No
2064,43,Female,Married,Masters,Customer Support,Support Specialist,4,5106,7.2,10.3,16.2,2.9,2,Hybrid,9.7,6,2.9,7.8,6.5,4,9.3,FALSE,5.8,No
2065,28,Male,Married,Bachelors,Operations,Operations Analyst,3,7198,16.1,4.6,8,0.7,3,Onsite,2.5,20,4,8.8,7,3,8.5,FALSE,8.3,No
2066,43,Male,Single,Masters,Customer Support,Support Team Lead,4,7683,11.3,10.7,18.1,0.2,2,Hybrid,6.3,8,3.9,7.5,5.3,3,6.6,FALSE,8.7,No
2067,39,Male,Married,PhD,Sales,Sales Manager,3,9574,10.8,3.4,11.7,3.4,3,Hybrid,4.3,19,1.8,7,7.5,5,7.6,FALSE,7.7,No
2068,39,Male,Married,Bachelors,Engineering,Engineering Manager,3,8029,12.1,8.7,12.5,2.6,2,Onsite,2,5,3.1,5,6.1,4,9.1,TRUE,2.3,No
2069,21,Male,Married,Bachelors,Engineering,QA Engineer,1,3481,11.7,0,1,0,0,Remote,7.5,5,2.2,9.2,5.3,3,9.4,TRUE,3.8,No
2070,36,Female,Single,Masters,Finance,Accountant,2,6278,15.1,5.1,13.1,0.2,0,Onsite,4,5,4.5,7.1,6.1,4,9,FALSE,4.2,No
2071,44,Male,Single,PhD,Engineering,Engineering Manager,3,13896,8.6,10,15.7,5.4,0,Hybrid,4.7,7,3.5,7.5,7.6,4,5.3,TRUE,6.1,No
2072,34,Female,Married,Masters,Customer Support,Support Team Lead,4,6638,16.7,12.9,14,0.2,2,Hybrid,29.6,7,7.6,6.2,1.6,4,8.6,TRUE,3.1,Yes
2073,34,Female,Single,Bachelors,Engineering,QA Engineer,3,8330,11,5.4,14,0.8,4,Hybrid,6.6,6,5,9.2,7.7,4,10,TRUE,4.3,No
2074,35,Male,Divorced,Bachelors,Customer Support,Support Specialist,3,6134,14.3,9.3,12.5,4.3,0,Hybrid,4.2,7,3.7,7.2,7.7,4,8.7,TRUE,4.6,No
2075,38,Female,Single,Masters,Sales,Sales Development Rep,2,6388,11.4,4.9,13,2.2,3,Remote,7.5,19,1.6,8.4,6.8,3,8.7,FALSE,5.6,No
2076,34,Female,Single,Masters,Engineering,Engineering Manager,3,7847,8.5,12.1,13.3,4.5,1,Remote,5.4,3,2.6,5.6,6.6,4,10,TRUE,1.2,No
2077,31,Male,Single,High School,Sales,Account Executive,3,4829,4.5,9.5,11,2,0,Onsite,4.9,17,5.8,2.1,5.9,3,8.2,FALSE,3.1,Yes
2078,27,Female,Married,Bachelors,Engineering,QA Engineer,3,8409,12.8,6,7,3.6,3,Hybrid,2.2,12,1.8,7.4,8.8,4,9.3,TRUE,4.4,No
2079,38,Female,Married,Bachelors,Engineering,QA Engineer,2,5474,13.3,4.3,7.2,0.7,0,Hybrid,3.3,6,2.7,8.3,8.8,4,10,TRUE,3.9,No
2080,25,Male,Single,Bachelors,Engineering,Software Engineer,1,3592,14.7,4,5,0.6,2,Hybrid,1.5,9,5.1,7.2,5,3,4.8,TRUE,5.6,No
2081,36,Male,Single,Bachelors,Research & Development,Product Researcher,2,4693,9.9,2.2,9.1,2.2,2,Hybrid,15.2,7,3.7,4.3,7.4,2,7.6,TRUE,2.8,No
2082,38,Male,Single,Bachelors,Sales,Sales Development Rep,3,6133,13.4,6.7,11.7,0.4,1,Remote,10.1,14,5.5,6.7,6.5,3,7.6,FALSE,1.7,No
2083,35,Male,Divorced,Bachelors,Human Resources,Recruiter,4,8715,13.5,14,15,0.9,1,Remote,12.5,8,4.3,5.4,6.2,4,7.5,TRUE,8.4,No
2084,31,Male,Married,Bachelors,Engineering,Engineering Manager,4,8805,14.2,6.3,9.8,0.7,1,Hybrid,8,7,6.8,5.9,5.4,4,7.1,TRUE,1,No
2085,36,Male,Married,Bachelors,Engineering,Engineering Manager,3,9265,11.9,10.6,16,2,3,Onsite,1.8,4,4.8,6.9,8.6,3,5.9,TRUE,4.4,No
2086,41,Non-binary,Single,Bachelors,Finance,Financial Analyst,5,10020,10.4,12.1,18.5,5,1,Hybrid,3.7,7,2.6,5.2,8.1,4,6.9,FALSE,2.2,No
2087,29,Male,Divorced,Masters,Sales,Sales Development Rep,3,7178,12.4,8,9,1.1,1,Onsite,8.7,16,5.1,6,4.4,3,5.9,FALSE,5.4,Yes
2088,25,Male,Married,Masters,Sales,Account Executive,1,2602,7.6,4,5,2.8,2,Hybrid,17.2,19,5.9,4.4,4.3,4,9.3,FALSE,5.7,No
2089,33,Male,Single,Masters,Engineering,Data Engineer,3,10033,10.8,12,13,1.3,4,Remote,11.6,9,4.5,7.2,6.2,3,9.4,FALSE,4.6,No
2090,35,Male,Married,Bachelors,Operations,Operations Analyst,3,7430,13.9,4.7,15,0.5,3,Hybrid,3.6,28,1.4,7.3,8.1,4,8.4,TRUE,5.3,No
2091,36,Female,Single,Bachelors,Research & Development,Research Scientist,2,5919,11.1,3.5,10.9,3.4,2,Onsite,1.2,7,3.2,5.7,6.7,3,8.5,TRUE,5.5,Yes
2092,37,Prefer not to say,Married,High School,Sales,Account Executive,3,5443,6.4,9.7,15.1,2.6,2,Hybrid,4.8,21,5,6.2,8.3,4,8.6,FALSE,2,No
2093,33,Male,Single,Bachelors,Sales,Account Executive,3,5453,7.4,3,12.1,3,3,Onsite,7.9,27,4.5,3.9,7.6,2,9.5,FALSE,4,Yes
2094,38,Female,Married,Masters,Sales,Sales Manager,2,6890,15.3,7,11.1,1,1,Onsite,21.1,16,8.2,2.3,3.5,3,6.7,TRUE,6,No
2095,28,Male,Married,Masters,Engineering,Data Engineer,2,5838,8.4,7,8,2.8,1,Onsite,3.1,9,3.5,5.7,8,4,9.2,FALSE,2.6,No
2096,35,Male,Single,Bachelors,Sales,Sales Manager,3,4516,13,7.2,13.9,0.8,2,Onsite,2.9,22,1.7,5,6.4,3,6.5,FALSE,4.5,No
2097,36,Female,Married,Bachelors,Customer Support,Support Specialist,2,2922,3.2,5.6,7.8,5.6,0,Remote,10,4,4.5,6.2,5.9,3,7.1,TRUE,8.1,No
2098,48,Female,Married,High School,Engineering,Software Engineer,5,9338,13.7,12.1,14.8,3.1,0,Onsite,7.5,5,3.2,9.2,5.7,4,10,TRUE,2.7,No
2099,40,Male,Married,High School,Customer Support,Customer Success Manager,3,4475,9.3,4.2,16,4.2,4,Remote,15,10,4.2,7.5,4.8,3,8.6,TRUE,6.4,No
2100,23,Male,Married,High School,Engineering,Engineering Manager,2,4023,14.7,2,3,2,2,Hybrid,4.6,6,4,7.2,6.7,4,8.5,FALSE,3,No
2101,45,Male,Married,Bachelors,Human Resources,HR Manager,5,10187,11,11.9,18.2,1,0,Hybrid,2.2,7,4.2,5.9,6.5,4,9.9,TRUE,4.8,Yes
2102,36,Female,Married,High School,Operations,Program Manager,3,5840,13.4,7.6,16,0.3,4,Onsite,0.9,19,3.4,6,7.4,2,9,FALSE,4.3,No
2103,33,Male,Divorced,Bachelors,Sales,Sales Manager,3,4735,12,5.2,10.5,0.5,2,Onsite,8.5,21,4.1,5.2,4.5,3,7.9,FALSE,3.6,No
2104,46,Male,Married,Bachelors,Customer Support,Customer Success Manager,5,9704,10.2,10.4,16.3,2.2,2,Onsite,6.7,4,4.5,7.9,5.1,4,6.3,FALSE,4.4,No
2105,42,Female,Married,High School,Operations,Operations Analyst,4,4552,9.4,9.4,14.6,0.6,0,Hybrid,14.3,22,6.3,5.3,3.3,4,8.6,TRUE,5.2,No
2106,34,Male,Married,Bachelors,Finance,Finance Manager,2,4278,15.4,3.1,9.8,1.8,3,Hybrid,5,9,2.7,8.2,6.5,4,6.6,FALSE,4.3,No
2107,21,Male,Married,Bachelors,Sales,Sales Development Rep,2,3853,9.6,0,1,0,5,Hybrid,3.1,13,2.9,6.8,7.1,4,8.3,FALSE,4.6,No
2108,29,Male,Married,Bachelors,Engineering,Data Engineer,2,5862,9.5,4.9,8.5,1,2,Remote,2.6,7,3.2,8.5,6.6,4,8.7,FALSE,5.6,No
2109,46,Male,Married,Masters,Finance,Accountant,4,8993,10.2,12.4,15.1,3.6,1,Onsite,4.2,8,2.6,8.5,6.4,4,9.3,FALSE,6.1,No
2110,47,Male,Married,Bachelors,Engineering,QA Engineer,2,5418,15.3,4.8,14.8,1.7,5,Remote,12.5,4,3.8,6.9,5.4,4,8.6,TRUE,3.2,Yes
2111,35,Female,Single,High School,Customer Support,Support Specialist,3,3743,9.3,3.7,8.8,3.4,1,Remote,8.9,4,4.6,6.2,6.9,3,8.1,FALSE,6.4,Yes
2112,25,Female,Married,Masters,Customer Support,Support Specialist,2,4980,17.6,4,5,1.1,1,Remote,9.2,7,3,8.3,5.6,4,8.9,FALSE,9.5,No
2113,45,Female,Married,Masters,Marketing,Growth Manager,5,8484,12.6,12.3,12.5,1.6,0,Onsite,8.9,5,4.1,6.1,5.1,3,7.5,FALSE,3.7,No
2114,40,Male,Single,Bachelors,Operations,Operations Manager,4,9230,10.7,13,18.4,0.9,2,Onsite,8.2,34,5.1,6.2,4.6,3,8.9,TRUE,6.1,Yes
2115,34,Male,Married,Bachelors,Operations,Operations Manager,2,7485,9.1,10,14,0.6,3,Onsite,4.9,23,6.3,4.3,5.1,3,6.8,TRUE,6.7,Yes
2116,32,Female,Single,Bachelors,Sales,Sales Manager,5,12689,10.5,11,12,3.3,4,Onsite,9.6,23,5,6.1,6.9,3,5.5,TRUE,4.3,Yes
2117,36,Female,Single,High School,Engineering,Software Engineer,3,6168,7,11.1,12.4,5.6,0,Hybrid,6.9,6,3,5.8,6.5,4,8.5,TRUE,1.7,No
2118,40,Male,Married,Bachelors,Sales,Account Executive,3,7556,15.5,6.8,13.3,0.5,2,Onsite,11.2,25,3.3,6.9,4.4,3,9.3,FALSE,4.7,No
2119,36,Male,Divorced,PhD,Marketing,Growth Manager,3,6590,10.8,6.4,15.6,1.3,3,Onsite,7.8,6,4.8,6.1,4.4,4,6.2,FALSE,6.8,No
2120,29,Male,Married,Masters,Operations,Operations Manager,2,4704,4.7,3.2,9,2.1,2,Remote,3.3,23,2.9,5.8,7.9,3,7.9,TRUE,3,No
2121,38,Male,Married,Bachelors,Operations,Operations Manager,4,9286,11.3,12.3,18,2.2,2,Onsite,4.4,25,2.9,5.8,6.5,4,10,FALSE,2.9,No
2122,38,Male,Divorced,Bachelors,Engineering,Data Engineer,2,8712,13.9,4.4,7.8,0,0,Hybrid,11,7,5.2,4.6,7.5,3,8.8,TRUE,4.4,No
2123,21,Male,Divorced,Bachelors,Research & Development,Research Scientist,2,6365,12.1,0,1,0,1,Onsite,8.3,5,3.8,7.7,7.2,4,9.2,FALSE,3.7,No
2124,38,Female,Married,Masters,Engineering,QA Engineer,2,5824,2.6,4.4,10,4.1,2,Hybrid,14,4,5.9,3.7,4.6,3,8.2,FALSE,4.4,Yes
2125,34,Female,Married,High School,Engineering,Data Engineer,2,4662,8.9,4.8,9,0.4,2,Remote,14.2,5,6.9,5.6,5.2,3,6.6,TRUE,1,No
2126,38,Female,Single,Masters,Engineering,QA Engineer,5,11339,11.5,10.8,17.5,5,2,Hybrid,9.9,6,4.1,8.2,5,3,8.7,TRUE,2.5,No
2127,45,Male,Married,Bachelors,Marketing,Marketing Specialist,3,7989,8.7,7,18.8,3.2,4,Hybrid,22.6,6,7.5,6.8,4.6,3,8.5,TRUE,5.3,Yes
2128,35,Male,Single,High School,Research & Development,Research Scientist,4,7665,15,7.6,10.9,0,0,Onsite,14.5,7,4.5,7.5,5.4,4,8.7,TRUE,2.7,No
2129,33,Female,Married,Masters,Operations,Program Manager,3,6275,7.2,7.9,13,4.8,0,Hybrid,3.7,21,2.6,6.1,7.5,5,8.3,FALSE,6.1,No
2130,53,Male,Single,Bachelors,Marketing,Content Strategist,4,7531,11.3,9.6,14.6,4.2,2,Hybrid,13.1,3,5.2,5.3,5.5,3,7.9,TRUE,5.9,Yes
2131,29,Female,Married,Bachelors,Customer Support,Support Specialist,1,3885,9.7,2.9,8.6,1.2,1,Hybrid,8.5,3,5.5,3.3,5.9,3,7.8,FALSE,7.6,Yes
2132,33,Male,Married,Bachelors,Research & Development,R&D Manager,2,8061,10.3,5.9,10.7,2.1,2,Hybrid,9.1,10,2.5,6.4,6.5,3,7.3,FALSE,1,No
2133,36,Male,Single,PhD,Human Resources,Recruiter,3,7373,11.3,9.6,15.2,2.1,1,Onsite,2.5,6,4.4,6.3,4.7,3,7.7,TRUE,6.4,No
2134,42,Male,Single,Masters,Customer Support,Customer Success Manager,5,8522,13.5,10.4,11.5,1.1,1,Hybrid,12.7,5,4.5,7.4,3.9,3,7,FALSE,5.7,No
2135,51,Female,Single,Bachelors,Research & Development,Product Researcher,5,12041,16.9,11.1,22.7,1.8,2,Hybrid,2.3,10,3.6,7.1,6.3,3,6.6,TRUE,2.7,No
2136,35,Male,Married,High School,Engineering,Engineering Manager,3,9123,6.8,10.3,13.2,2.1,0,Hybrid,9.9,1,3.9,7.2,6.2,3,8,TRUE,2.5,No
2137,31,Female,Married,Bachelors,Finance,Finance Manager,3,5737,14,10,11,0.4,2,Onsite,16.3,6,4.8,6.2,4.3,3,6.8,TRUE,4.8,No
2138,37,Male,Single,Masters,Operations,Operations Manager,3,5947,9,7.8,10.8,0.1,0,Onsite,13.1,34,5.9,6.5,5,3,7.2,TRUE,5.9,No
2139,35,Female,Married,Masters,Human Resources,Recruiter,3,6664,15.9,6.3,14.3,1.1,2,Onsite,16,6,8.3,5.9,4.1,3,7.5,TRUE,3.8,Yes
2140,23,Female,Divorced,Bachelors,Sales,Account Executive,1,3188,9.3,2,3,1.8,2,Onsite,24.4,22,8.4,5,3.5,4,8.5,TRUE,5,No
2141,29,Male,Single,Masters,Engineering,QA Engineer,2,5464,10.5,2.3,9,0,1,Hybrid,10.8,3,2.6,7,4.6,4,10,TRUE,4.8,No
2142,42,Male,Single,Masters,Customer Support,Support Team Lead,4,6052,9.1,9.9,14.9,1.4,2,Onsite,8.4,8,3.9,7.1,6,4,9,FALSE,6.5,No
2143,45,Male,Divorced,High School,Customer Support,Support Team Lead,5,8242,11.6,11.5,21.9,1.6,4,Onsite,7.5,7,4.7,7.3,6.8,3,7.7,FALSE,9.8,No
2144,45,Male,Single,High School,Engineering,Engineering Manager,3,7173,11,9,20.7,2.6,5,Hybrid,8.4,4,3.4,5.1,4.5,4,10,TRUE,3.3,No
2145,53,Male,Married,PhD,Operations,Operations Manager,5,11277,10.3,12.9,25.2,1.1,4,Remote,1,19,1.4,9.9,8.2,4,8.1,TRUE,5.7,No
2146,43,Male,Married,Masters,Operations,Operations Manager,3,5984,12.1,5.2,9.6,1.3,2,Onsite,3.7,25,3.3,7.9,5.3,4,7.2,FALSE,4.9,No
2147,42,Male,Married,Bachelors,Marketing,Growth Manager,3,5556,11.1,2.9,7.9,0,1,Hybrid,0.2,3,2,9.9,7.1,4,5.6,FALSE,6.2,No
2148,31,Male,Married,Masters,Sales,Sales Development Rep,2,7658,13.1,7.7,11,2.6,4,Hybrid,9.8,28,3.9,6.1,6.2,3,9.2,FALSE,3.9,No
2149,30,Male,Married,Bachelors,Sales,Account Executive,2,4169,17.4,0.8,3.8,0.8,0,Hybrid,16.8,12,5.6,6.4,3.3,5,10,FALSE,2,No
2150,40,Female,Single,High School,Operations,Program Manager,3,5761,13.7,9.9,14.1,2.4,0,Hybrid,8.7,25,3.3,9.3,5.7,4,7.7,TRUE,7.4,No
2151,38,Male,Married,Bachelors,Marketing,Marketing Specialist,3,8170,16,8.7,17.8,1.1,4,Remote,20.8,7,5,7.9,4.4,4,7.6,FALSE,4.5,No
2152,28,Male,Single,Bachelors,Operations,Operations Analyst,1,3408,9.7,4,8,4,6,Hybrid,8,24,4.5,7.6,6.4,3,7.4,TRUE,4.6,No
2153,35,Female,Married,PhD,Operations,Operations Analyst,3,7344,9.3,7.3,13.4,1.7,2,Hybrid,3.2,21,4.7,3.1,6.7,4,10,TRUE,4.8,No
2154,38,Male,Married,High School,Research & Development,R&D Manager,4,10284,2.1,7.3,14.9,6,3,Onsite,3.2,7,4,4.1,7.8,3,7.7,FALSE,3.5,No
2155,27,Male,Single,Bachelors,Operations,Operations Manager,3,5352,11.1,6,7,2.2,2,Hybrid,3.6,17,3.2,5.4,5,3,7.6,FALSE,1.6,No
2156,43,Male,Single,High School,Engineering,Software Engineer,4,7262,11.7,9.6,13.1,4.6,1,Remote,7.6,4,4.6,6.3,5.5,3,8.1,FALSE,1.8,No
2157,27,Male,Married,Bachelors,Engineering,Software Engineer,1,3777,8.3,2.6,7,2.6,1,Onsite,1.8,4,5.5,5.9,4.5,3,6.9,TRUE,7.1,No
2158,48,Female,Single,High School,Finance,Accountant,5,8923,6.3,11,20.6,4.3,3,Hybrid,0.4,4,3.1,6,6.6,4,7.7,FALSE,7.6,Yes
2159,56,Male,Married,Bachelors,Engineering,Engineering Manager,5,11168,17.1,6,13.4,0,1,Hybrid,6.2,4,3.8,5.3,7.6,2,7.3,TRUE,1,No
2160,38,Female,Single,Masters,Marketing,Growth Manager,3,6128,13.3,0.5,8.7,0.5,1,Remote,2,2,3.1,6.3,6.6,3,7.4,FALSE,4.4,No
2161,39,Female,Married,Bachelors,Sales,Account Executive,3,5632,10.5,11.8,19,1.4,3,Hybrid,8.8,31,5.1,6.2,4.7,4,10,FALSE,3.5,No
2162,34,Female,Divorced,Masters,Engineering,QA Engineer,1,5833,8.3,4.7,14,2.2,5,Onsite,3.7,4,5.8,5,6,4,10,TRUE,3.5,No
2163,27,Male,Single,Bachelors,Engineering,QA Engineer,2,5254,13,6,7,2.9,5,Onsite,5.9,2,4.8,7.7,7.6,4,8.7,TRUE,4.8,No
2164,45,Female,Single,Bachelors,Engineering,Data Engineer,4,8314,14.4,7,9.4,3.1,1,Hybrid,7.2,6,3.4,7.7,7.1,3,8.1,TRUE,3.3,No
2165,43,Female,Married,Bachelors,Engineering,Engineering Manager,4,9133,7.6,6.7,9.4,1.4,0,Hybrid,2,6,4.2,6.1,7.9,4,9,TRUE,2,No
2166,45,Male,Single,Masters,Research & Development,Research Scientist,5,12809,10.7,13.2,18.3,1.6,1,Remote,5,10,2.3,9.4,9,3,9,FALSE,1,No
2167,26,Male,Single,PhD,Sales,Account Executive,2,7102,12.3,5,6,4.5,1,Hybrid,9.6,32,4,6.3,5.4,4,9.9,FALSE,6.3,No
2168,39,Male,Single,High School,Research & Development,R&D Manager,3,5688,8.3,7,15.2,1.1,3,Hybrid,2.3,14,3.2,6,6.7,4,9.8,TRUE,1,Yes
2169,53,Female,Married,Masters,Engineering,QA Engineer,3,11042,2.8,12,18.7,6.3,3,Hybrid,3,1,3.2,5.9,6.6,3,7.4,TRUE,3.8,No
2170,36,Male,Divorced,Bachelors,Finance,Finance Manager,3,9516,13.6,4.8,11.3,0.7,2,Onsite,9.8,8,4.5,9.2,6,3,7.1,FALSE,4,No
2171,31,Female,Divorced,Bachelors,Marketing,Content Strategist,3,6154,9.6,6.6,10.5,2,1,Remote,0.1,6,2.2,8.1,6.8,4,7.9,FALSE,7.2,No
2172,36,Male,Single,Bachelors,Finance,Accountant,1,3920,9.4,3.4,5.6,2.1,0,Hybrid,14.7,8,5.4,6,5.8,4,6.8,FALSE,6.1,No
2173,48,Male,Married,Bachelors,Customer Support,Support Team Lead,5,6055,17.3,11.4,16.3,1,2,Onsite,6,5,4.4,8.1,7.3,4,8.3,FALSE,5.7,No
2174,40,Female,Single,Bachelors,Sales,Sales Development Rep,4,6640,6.7,11.1,14.7,1.8,1,Onsite,16.9,14,6.1,6.1,4.4,4,7.3,TRUE,6.5,Yes
2175,42,Male,Single,High School,Operations,Program Manager,4,7549,2.8,11.9,20.5,8.2,3,Hybrid,6.8,18,3.6,5,7.4,4,8.7,TRUE,2.8,Yes
2176,38,Male,Single,Bachelors,Engineering,QA Engineer,3,8582,12.2,6.6,14.6,0.6,3,Remote,1.2,9,2,6.4,8.5,3,10,TRUE,2.6,No
2177,46,Male,Married,Bachelors,Operations,Operations Manager,4,6511,9.8,8.2,10.4,1.7,1,Onsite,4,29,3.7,7.5,6.9,4,9.6,FALSE,3.9,No
2178,37,Female,Married,Masters,Human Resources,HR Business Partner,3,5690,15.3,7.7,15.9,0,1,Remote,3.2,5,4.3,9.3,6.8,3,8.9,TRUE,5,No
2179,43,Female,Married,High School,Engineering,Engineering Manager,2,4988,13,6.9,9.5,2.2,2,Hybrid,6.5,4,5,6.5,4.6,3,7.9,TRUE,5.4,No
2180,21,Female,Married,Masters,Sales,Account Executive,1,3962,14.4,0,1,0,1,Onsite,4.9,13,3.9,5.3,6.1,3,9.2,TRUE,6.3,No
2181,38,Female,Married,High School,Engineering,QA Engineer,2,4960,11.3,5.5,6.2,0.7,0,Remote,2.5,9,1.9,7.2,8,4,7.2,TRUE,1.4,No
2182,36,Female,Married,Bachelors,Operations,Operations Analyst,2,4365,8.5,7.7,16,4.5,6,Hybrid,3.7,23,2.8,6.5,6.4,3,8.1,FALSE,4.9,No
2183,40,Male,Divorced,Bachelors,Sales,Sales Development Rep,2,5923,8.1,3.9,9.2,3.9,0,Remote,23.8,22,7.5,6.2,3.9,3,5.3,FALSE,4.6,Yes
2184,40,Female,Married,Masters,Marketing,Growth Manager,2,4807,13.3,1.8,9.6,1.8,3,Hybrid,2.2,6,4,8,6.3,3,6.9,FALSE,4.2,No
2185,29,Female,Divorced,Bachelors,Finance,Finance Manager,2,3521,6.2,3.8,9,1,3,Onsite,4,6,4.5,3.4,6,3,6.2,FALSE,6,Yes
2186,51,Female,Divorced,Masters,Sales,Sales Manager,5,15059,15.2,10.3,16.2,0.8,1,Hybrid,4.9,24,4.5,5.9,5.2,4,9.5,TRUE,3.1,Yes
2187,33,Male,Married,Masters,Research & Development,R&D Manager,3,7016,17.2,6.2,13,1.9,3,Remote,7.2,4,3.9,6.5,6.5,3,10,TRUE,2.4,No
2188,32,Female,Single,Bachelors,Operations,Program Manager,3,4982,14.3,11,12,1.9,5,Hybrid,8.3,21,2.9,5.4,6.1,3,5.8,TRUE,3.8,No
2189,28,Female,Single,Bachelors,Finance,Accountant,1,3719,16.8,0,7.3,0,2,Hybrid,4.5,5,1.6,7,5.5,4,8.6,TRUE,6.6,No
2190,31,Female,Single,Bachelors,Engineering,Software Engineer,2,4392,5.5,6.3,5.2,2.7,0,Onsite,5.2,3,4.6,6.1,7,4,7.4,TRUE,6.2,No
2191,38,Female,Divorced,Bachelors,Sales,Sales Development Rep,4,10234,12.1,14.7,18,4.4,2,Hybrid,12.3,20,7.4,5.7,4.1,3,8.7,TRUE,6,No
2192,39,Female,Single,High School,Sales,Sales Manager,3,6862,4.7,8.2,13.6,8.2,1,Remote,8.1,14,4.8,4.2,7.1,4,6.7,FALSE,6.2,Yes
2193,44,Female,Married,High School,Operations,Operations Manager,3,3818,15.1,7.2,14.2,2.2,2,Hybrid,13.5,24,3.7,8.2,5.3,3,8.7,TRUE,6.1,No
2194,38,Male,Married,Bachelors,Engineering,QA Engineer,3,8459,8.6,5.6,11.7,5.1,2,Onsite,5.7,2,3.2,5.7,6.2,4,7.8,TRUE,1.6,No
2195,28,Female,Married,Masters,Engineering,Data Engineer,2,5889,4.4,5,8,5,1,Remote,3.6,7,2.9,6.8,7.5,3,7.8,FALSE,3.2,No
2196,47,Female,Single,Bachelors,Customer Support,Customer Success Manager,4,7429,7.7,8.5,22,1.8,5,Hybrid,6.7,9,5.2,3.6,4.9,3,9.2,FALSE,5.1,No
2197,36,Male,Single,Masters,Sales,Sales Manager,3,8433,11.7,5.7,9.8,0.8,0,Hybrid,5.3,18,1.9,9.2,7.2,4,9,FALSE,5,No
2198,24,Female,Married,High School,Sales,Sales Manager,2,3729,13,3,4,1.2,2,Hybrid,3.6,15,3,7,7.3,4,8.2,TRUE,7.2,No
2199,31,Male,Married,Bachelors,Engineering,QA Engineer,2,6326,17.7,7,11,0.1,2,Remote,1.5,4,1,9.2,6.7,4,9.6,FALSE,3.7,No
2200,29,Female,Single,Bachelors,Engineering,QA Engineer,1,5084,13.8,4.3,9,1.1,4,Hybrid,10,7,6.1,6.4,6.6,4,8.7,TRUE,3.2,Yes
2201,35,Male,Married,Masters,Sales,Sales Manager,3,8440,17.9,8.5,15,0.8,5,Remote,3.8,19,2.9,8.4,6.6,4,8.9,TRUE,3.9,No
2202,51,Male,Married,Bachelors,Marketing,Marketing Specialist,5,9510,10,9,15.7,5.1,3,Remote,8.2,6,5.7,5.2,7.3,3,7,TRUE,4,No
2203,37,Female,Divorced,Masters,Research & Development,R&D Manager,2,7196,15,7.3,13.2,1.9,1,Remote,12.4,7,3.9,5.4,4.8,3,7.7,TRUE,4.4,No
2204,29,Female,Divorced,Bachelors,Operations,Program Manager,2,4065,7.4,3.1,8.5,3.1,1,Hybrid,19.7,17,8.4,2.6,3,3,6.4,FALSE,3.1,Yes
2205,44,Male,Single,Masters,Engineering,Engineering Manager,3,10481,10.4,7.3,9.8,2.3,2,Hybrid,7.5,9,3.6,6.4,5,4,9.8,TRUE,3.8,No
2206,42,Male,Single,Bachelors,Operations,Program Manager,3,8473,6.7,6.3,10.5,2.6,0,Hybrid,6.6,16,4.1,7.3,6.1,4,7.3,TRUE,6.8,No
2207,33,Male,Married,Bachelors,Engineering,Data Engineer,2,5741,7,10,13,3.9,2,Onsite,9.6,3,5.7,6.7,4.6,3,5.4,TRUE,2.8,No
2208,38,Male,Married,Bachelors,Operations,Operations Manager,3,6782,7.7,4.5,14.6,4.5,3,Hybrid,7.5,22,5.8,2.5,6.1,4,8.7,TRUE,8,Yes
2209,49,Female,Single,Masters,Sales,Sales Development Rep,4,14723,9.7,11.6,19.8,6,2,Hybrid,5.1,19,1,7.9,7.9,4,9.2,TRUE,2.1,No
2210,42,Female,Single,Bachelors,Operations,Operations Analyst,2,4713,12.5,3.1,12.2,1.5,2,Onsite,1.8,25,3.4,6.1,5.7,4,10,FALSE,4.5,No
2211,21,Male,Single,Bachelors,Research & Development,Research Scientist,1,3714,11.2,0,1,0,0,Onsite,15.5,4,5.9,4.2,5.4,3,5.2,TRUE,3,Yes
2212,25,Female,Married,Bachelors,Research & Development,Product Researcher,1,4216,13.2,2.3,5,2.3,1,Remote,4.4,3,1.9,6.8,6.8,4,7.9,FALSE,4.3,No
2213,42,Female,Married,High School,Human Resources,Recruiter,3,5644,9.8,5.4,15.4,3.5,2,Remote,1,4,2.7,5.4,7.2,4,9.1,TRUE,3.8,Yes
2214,25,Male,Married,High School,Engineering,Software Engineer,1,3414,15.1,4,5,1.3,1,Onsite,7.4,2,5.1,5.2,4.8,4,7.8,TRUE,4.2,Yes
2215,29,Male,Single,High School,Engineering,Software Engineer,2,4102,12.9,8,9,2.5,5,Hybrid,6.8,13,2.9,7.1,6.7,4,9.7,FALSE,6.3,No
2216,31,Female,Single,Masters,Engineering,Data Engineer,1,7474,8.5,8,11,1.4,1,Remote,10.1,6,3.2,6.8,4.9,4,8.3,TRUE,1.5,No
2217,45,Female,Single,Bachelors,Engineering,Software Engineer,3,6085,14.3,6.5,14.4,0.6,3,Hybrid,1.7,9,2.6,5.7,6.1,3,5.3,TRUE,2.4,No
2218,36,Female,Married,Bachelors,Sales,Sales Development Rep,1,3376,11.3,0,5.1,0,1,Hybrid,6.9,24,4.6,5.2,6,5,10,FALSE,3.6,No
2219,52,Male,Married,Masters,Customer Support,Support Team Lead,4,7281,6.8,9.2,12.4,1.3,0,Hybrid,11,3,5.5,4.3,4.4,4,7.6,FALSE,4.4,Yes
2220,28,Male,Married,Bachelors,Sales,Sales Development Rep,1,3146,8.1,1.1,4.4,1.1,1,Onsite,23.1,18,6.6,5.5,2,3,8,TRUE,4.3,Yes
2221,46,Female,Single,Masters,Sales,Sales Manager,5,11553,8.9,12.6,20.1,4,4,Hybrid,5.9,26,3.3,7.3,4.7,4,9,FALSE,5,No
2222,33,Male,Divorced,Bachelors,Customer Support,Customer Success Manager,4,5907,7.3,8.8,12.5,5.8,1,Hybrid,2,6,1.7,7.7,6.1,3,6.2,FALSE,6.2,No
2223,36,Female,Single,Bachelors,Operations,Program Manager,2,4754,16.5,4,15.3,1.5,3,Remote,3.2,15,2.4,7.4,7.6,4,9.8,TRUE,4.1,Yes
2224,37,Female,Married,Bachelors,Sales,Account Executive,2,4981,15.3,2.4,7.2,2.4,1,Remote,8.3,26,2.2,7.2,7.2,3,7.5,TRUE,6,No
2225,37,Male,Single,Masters,Marketing,Growth Manager,3,7769,6.2,8.2,13.2,2.4,0,Hybrid,10.2,3,3.3,5,5.8,3,7.3,FALSE,3.5,No
2226,21,Female,Married,Bachelors,Human Resources,Recruiter,2,4550,9.3,0,1,0,1,Hybrid,8.9,4,4.5,4.8,4.4,3,8.6,FALSE,3.3,Yes
2227,29,Female,Married,Masters,Operations,Program Manager,2,5325,8.3,5.7,6.6,3.9,0,Hybrid,5.2,24,2.9,10,6.6,4,8.2,TRUE,4.5,No
2228,46,Female,Married,High School,Engineering,Engineering Manager,5,9312,1.4,12.3,19.2,5.5,2,Hybrid,17.8,7,8.5,2.9,3.5,3,7.9,TRUE,3.4,Yes
2229,43,Male,Married,Bachelors,Operations,Operations Manager,3,5935,7.9,6.6,7.4,2.5,1,Remote,1,20,1.6,6.8,9.2,4,6.7,FALSE,6.1,No
2230,43,Female,Married,PhD,Engineering,QA Engineer,3,9572,12.5,6.5,13.3,0.1,2,Onsite,9.3,6,4.2,7.1,5.9,4,8.9,TRUE,2.5,No
2231,40,Male,Married,PhD,Finance,Financial Analyst,2,5532,2.7,7.9,12,7.1,1,Onsite,12.2,6,5.2,6,5.3,3,8.4,FALSE,3.2,Yes
2232,31,Female,Married,Bachelors,Research & Development,Product Researcher,3,7077,10.6,8.6,7.5,1.9,0,Hybrid,10.3,5,7.3,5,6,3,9.2,TRUE,3.1,No
2233,34,Female,Divorced,Masters,Engineering,Software Engineer,4,10691,14.6,12.6,14,0.3,0,Hybrid,1.6,11,4.2,8.3,7.2,3,7.8,FALSE,6.4,No
2234,39,Male,Married,Bachelors,Operations,Operations Manager,4,6613,7.5,9.5,10.2,3.9,0,Onsite,4.1,26,3.5,7,6.3,4,7.8,FALSE,6.3,No
2235,41,Male,Single,Masters,Sales,Sales Manager,3,8225,11.9,1.3,5.8,0.9,0,Hybrid,10,25,3.3,8.7,6.6,4,8.5,TRUE,4.8,No
2236,39,Male,Single,Masters,Engineering,QA Engineer,2,7063,10.8,3.7,6.2,0.3,1,Onsite,2.6,5,4.6,5.5,4.9,3,7.4,FALSE,5.4,No
2237,26,Female,Married,PhD,Marketing,Marketing Specialist,2,4729,15,2.5,6,2,3,Remote,14.1,4,6.1,5.8,5.2,4,9.7,TRUE,4,No
2238,34,Male,Divorced,Bachelors,Engineering,Data Engineer,2,6341,16.4,5.1,8.4,1.1,1,Remote,7.3,10,1.3,9.5,5.9,4,7.8,TRUE,4.2,No
2239,38,Female,Married,PhD,Marketing,Marketing Specialist,2,7298,2.9,5,12.5,5,4,Hybrid,7.4,4,5.6,7.2,7.4,3,9.3,TRUE,4.6,Yes
2240,36,Male,Single,Bachelors,Finance,Financial Analyst,1,3999,4.6,5.2,12.5,5.2,2,Onsite,2.3,10,2,6.7,8.1,4,8.4,TRUE,2,No
2241,35,Male,Married,Masters,Operations,Operations Analyst,1,3636,9.3,4.1,10.8,4.1,2,Remote,7.5,23,1,6.2,6.3,4,8.2,FALSE,4.9,No
2242,22,Male,Single,Bachelors,Customer Support,Support Team Lead,3,4288,13.3,1,2,1,0,Onsite,1.7,8,3.8,7.2,6.9,4,8.4,FALSE,8,No
2243,37,Male,Single,Masters,Customer Support,Support Team Lead,3,5402,12.4,9.8,15.2,3,1,Hybrid,4.6,4,4.4,5.2,4.8,4,8.6,TRUE,6.5,No
2244,31,Male,Single,Masters,Marketing,Growth Manager,5,12318,14.4,8.3,11,4.6,0,Hybrid,7.8,5,2.5,10,6.9,3,7.8,TRUE,4.4,No
2245,33,Male,Divorced,Bachelors,Customer Support,Support Specialist,2,3140,15.1,7.1,11.6,1.6,0,Hybrid,19.1,4,8.1,3.1,4.9,3,8.1,FALSE,6.4,Yes
2246,35,Female,Married,Masters,Customer Support,Support Team Lead,2,3333,13.6,5,11.7,2.9,2,Onsite,12.4,6,4.9,6.5,6,4,6.7,FALSE,7,No
2247,35,Female,Single,Bachelors,Marketing,Marketing Specialist,1,3231,6.7,2.2,11.3,1.7,4,Remote,7.8,5,3.9,3.8,6.9,3,6.4,TRUE,6.2,Yes
2248,38,Female,Married,High School,Engineering,Engineering Manager,4,7338,14.5,9,13.9,0.5,2,Onsite,4.7,4,2.8,8.2,7.4,4,7.4,FALSE,4.2,No
2249,41,Male,Divorced,PhD,Sales,Sales Manager,4,7437,14.9,8.7,14.9,0.9,1,Hybrid,4.3,21,3,7.9,7.5,4,10,FALSE,3.1,No
2250,37,Female,Single,PhD,Operations,Program Manager,4,8104,12.8,9.4,15.3,3.3,1,Hybrid,6.7,20,4.8,7.4,4.7,4,8.1,FALSE,4.9,No
2251,42,Male,Married,High School,Human Resources,HR Manager,4,5816,6.5,6.1,9.6,3.9,0,Remote,1.4,9,1.5,5.5,7.1,4,8.6,TRUE,5,No
2252,23,Female,Married,High School,Engineering,Data Engineer,1,3802,12.7,2,3,2,1,Onsite,1.5,7,2.3,8,8.6,4,8.3,TRUE,2.6,No
2253,41,Female,Married,Bachelors,Customer Support,Support Team Lead,5,7817,11.8,10.4,16,2.3,2,Remote,13.6,4,7.3,6.6,4.5,2,7.5,FALSE,7,No
2254,21,Non-binary,Married,Masters,Finance,Accountant,1,3551,13.8,0,1,0,3,Hybrid,1.1,4,3.7,6.6,7.6,4,6.9,FALSE,4.9,No
2255,38,Male,Single,Bachelors,Engineering,Data Engineer,2,4599,12.6,4.9,10,4.9,0,Hybrid,2.1,5,2.9,5.5,8.4,3,7.5,FALSE,6.2,No
2256,46,Male,Single,Bachelors,Customer Support,Support Team Lead,5,6622,7.7,8.8,19.2,2.5,2,Hybrid,2.1,10,3.9,7.8,6.9,4,7.3,FALSE,5.7,No
2257,44,Female,Single,Bachelors,Marketing,Marketing Specialist,3,6859,11.1,4.5,14.2,1,4,Onsite,6.9,2,3.7,7.4,5.8,5,9.2,FALSE,5.8,No
2258,38,Male,Single,Bachelors,Sales,Account Executive,3,9429,6,6.5,7.1,3.1,0,Hybrid,11,22,6.4,5.5,5.9,3,6.4,TRUE,4.7,No
2259,45,Female,Married,PhD,Marketing,Growth Manager,5,12665,12.3,9.8,16.2,1.6,2,Onsite,5,9,3.7,7.1,5.1,4,8,FALSE,3.4,No
2260,31,Male,Single,Bachelors,Human Resources,HR Manager,3,6529,11.6,10,11,0.4,1,Onsite,3.1,4,4.1,7.1,7.5,4,10,TRUE,6.8,No
2261,33,Female,Single,Masters,Research & Development,Research Scientist,1,4525,15.5,1.2,10.9,1.2,3,Hybrid,9.1,5,6.7,6.7,5.8,4,9,TRUE,8,Yes
2262,28,Male,Single,Bachelors,Operations,Operations Analyst,2,4933,7.5,7,8,1.6,2,Remote,7.9,20,4,5.9,5.8,3,9.2,FALSE,4.2,No
2263,26,Male,Divorced,PhD,Engineering,Data Engineer,2,7075,5,5,6,1.6,0,Onsite,5.7,8,3,6.5,6.9,4,9.2,TRUE,7.3,No
2264,53,Female,Married,High School,Sales,Sales Development Rep,5,9619,14,13.8,18,0,1,Hybrid,6.8,9,3.3,8.5,6.1,4,7.3,FALSE,4.6,No
2265,32,Female,Single,High School,Engineering,Data Engineer,2,4663,9.6,1.4,12,1.4,4,Hybrid,0.7,4,1.8,6,8.1,4,7.5,FALSE,4.8,No
2266,36,Male,Single,Masters,Sales,Sales Manager,3,10699,7.1,10.1,15,5.3,1,Onsite,7.9,22,7.9,2.7,3.9,2,7.7,FALSE,6.4,Yes
2267,45,Female,Single,Bachelors,Customer Support,Support Team Lead,5,6317,17.3,13,21.1,1,3,Remote,6.6,1,3,7.7,8.4,5,10,FALSE,7.3,No
2268,31,Female,Married,Bachelors,Sales,Account Executive,2,6266,10.1,6.7,8.7,4,0,Hybrid,3.8,19,2,7.7,7,4,10,FALSE,5.6,No
2269,39,Female,Married,Bachelors,Customer Support,Support Team Lead,2,3524,6.8,7.9,13.7,3.2,2,Onsite,12.5,4,5.4,5.7,4.7,3,9.2,TRUE,9.2,Yes
2270,48,Female,Married,Bachelors,Sales,Account Executive,3,7423,12.5,7.3,9.5,2.2,1,Onsite,8.9,26,3.6,5.9,4.8,4,10,FALSE,4.6,No
2271,26,Male,Married,Bachelors,Finance,Accountant,1,4815,9.6,1.9,6,1.9,0,Hybrid,4.5,12,5.2,7.2,6,3,9.6,TRUE,6.9,No
2272,31,Male,Married,Masters,Engineering,Engineering Manager,2,7340,9.4,3.8,7,3.8,2,Onsite,3.8,4,3.8,4.6,5.6,4,7.5,TRUE,4.7,Yes
2273,49,Female,Single,Masters,Engineering,Engineering Manager,3,11913,12.4,7.9,12.9,3,2,Onsite,5.3,2,4.3,6,5.8,3,7.7,TRUE,6.9,No
2274,27,Male,Single,High School,Sales,Account Executive,1,3807,16.2,0,7,0,1,Hybrid,6.2,27,5.3,7.2,4.7,4,8.8,FALSE,6.2,No
2275,34,Male,Married,Masters,Customer Support,Customer Success Manager,2,5435,13.9,5.2,8.8,1.9,1,Onsite,2.1,5,3.4,7.9,5.7,3,6.4,TRUE,6.1,No
2276,41,Female,Married,Masters,Operations,Program Manager,4,11160,16.7,13.4,20.5,0,2,Remote,7.7,27,4.6,7,5.7,4,9.2,TRUE,3.1,No
2277,39,Male,Married,Masters,Engineering,QA Engineer,2,6413,6.1,4.4,9,0.5,3,Remote,22.4,10,7.7,7,3.3,4,7.9,TRUE,1.9,No
2278,35,Male,Single,Masters,Sales,Sales Manager,5,8933,10,8,15,2.6,2,Remote,13.9,18,6.8,3.1,3.6,4,10,FALSE,3.3,Yes
2279,37,Female,Single,Bachelors,Engineering,QA Engineer,3,12186,12.6,9,17,4.2,4,Hybrid,15,3,4.1,8.1,4.5,3,7.5,TRUE,4.6,No
2280,40,Male,Married,PhD,Finance,Financial Analyst,3,8592,16.6,9.3,14.4,4.4,0,Remote,10,7,8.6,4.7,5,3,7.3,FALSE,5,Yes
2281,33,Male,Single,PhD,Research & Development,R&D Manager,3,10855,11.6,5.5,9.8,3.8,1,Hybrid,4.8,2,3.8,8.3,6.5,3,7.9,TRUE,4.7,No
2282,36,Male,Married,Bachelors,Finance,Financial Analyst,3,7270,15,6.5,13.4,0.9,2,Hybrid,16,3,6.3,5.7,3.5,4,10,TRUE,2.9,No
2283,25,Male,Divorced,Bachelors,Operations,Operations Analyst,3,4188,8.8,3.6,5,3.6,2,Onsite,9.1,21,4,4.6,5.4,3,7.4,FALSE,1.6,No
2284,45,Female,Single,Masters,Sales,Account Executive,4,8969,10.5,10.8,15.3,2.4,0,Hybrid,8.2,29,3.8,6.9,5.5,4,9.5,FALSE,6.8,No
2285,39,Male,Single,Masters,Operations,Operations Manager,3,5679,10,6.4,19,2,5,Onsite,11.1,24,4.7,6.7,4.7,4,9.1,FALSE,5.3,No
2286,27,Female,Married,Masters,Marketing,Marketing Specialist,1,3904,12.1,2.4,7,1.7,1,Onsite,1.2,7,1.2,9.3,6.8,5,10,TRUE,3.9,No
2287,21,Female,Married,Bachelors,Operations,Operations Analyst,3,4583,11.2,0,1,0,1,Remote,15.7,33,6.1,6.1,4.6,4,6.8,FALSE,4.1,No
2288,21,Male,Married,High School,Engineering,Software Engineer,1,3575,9.8,0,1,0,3,Remote,5.2,6,1.7,7.1,8.1,3,9.4,TRUE,1,No
2289,30,Male,Single,Masters,Operations,Operations Analyst,3,8839,10.8,6.3,10,2.5,1,Hybrid,7.2,14,5.2,6.3,5.3,5,7.4,FALSE,2.2,No
2290,31,Male,Married,Bachelors,Engineering,Data Engineer,2,6385,16.1,3.4,11,2.3,3,Onsite,5,4,3.3,5.4,7.3,3,8.7,TRUE,3.4,No
2291,35,Female,Single,Bachelors,Sales,Sales Manager,3,6472,16.3,5.1,13.4,0.3,2,Onsite,14.3,16,6.8,3.5,4.7,4,10,FALSE,3.5,Yes
2292,50,Male,Single,Bachelors,Sales,Sales Development Rep,2,5421,15.3,4,8.6,0.7,2,Onsite,15.1,19,7.5,3.6,4.5,3,9.5,FALSE,9.8,No
2293,28,Female,Single,Bachelors,Sales,Sales Development Rep,2,4149,12.5,7,8,0.9,1,Hybrid,2.4,24,5.1,6.1,6.1,4,9.9,TRUE,5.8,No
2294,56,Male,Single,Masters,Engineering,Engineering Manager,5,11629,13.2,9.6,21.2,1.4,6,Onsite,2.3,3,3.9,8.2,9.3,5,10,TRUE,2.5,No
2295,35,Male,Single,Bachelors,Finance,Financial Analyst,2,4637,16,4.3,7.6,2.1,2,Hybrid,17.2,9,5,7.5,4.8,4,8.7,FALSE,4.8,No
2296,41,Female,Single,Masters,Finance,Finance Manager,3,7888,14.3,8.8,11.5,1.7,1,Onsite,1.4,7,3.2,8.2,7.1,4,7.2,TRUE,6.5,No
2297,45,Female,Single,Masters,Engineering,Engineering Manager,4,11403,10.6,10.8,19.8,0.2,4,Hybrid,4.7,10,1.9,10,6.1,5,8.9,TRUE,1.7,No
2298,39,Male,Single,Bachelors,Operations,Operations Analyst,2,4305,15.1,7.9,13.4,0.7,3,Remote,0.2,24,2.3,9.6,7.1,5,10,TRUE,5.9,No
2299,37,Non-binary,Single,Bachelors,Operations,Operations Analyst,3,4533,17,10.7,14.3,0.2,0,Onsite,3.9,26,4.5,7.1,6.1,4,10,FALSE,6.7,No
2300,28,Male,Single,Masters,Research & Development,Product Researcher,2,5504,7.2,5.6,8,3.8,3,Onsite,1.6,10,4.3,5.5,5.6,4,8.1,TRUE,4.6,No
2301,43,Female,Single,Bachelors,Customer Support,Customer Success Manager,5,7239,6.6,13.6,20,0.7,2,Remote,10.4,6,5.3,7.3,4.9,4,9.3,FALSE,6.3,No
2302,33,Male,Married,Bachelors,Research & Development,Research Scientist,2,4505,9.3,6.1,13,1.3,3,Onsite,4.9,5,3.4,7.3,6.4,3,8.6,TRUE,3.1,No
2303,28,Female,Married,Bachelors,Research & Development,Research Scientist,2,5089,11,4.6,8,0.8,2,Remote,12.5,5,5.5,7.3,3.7,3,7.8,TRUE,3.5,Yes
2304,22,Male,Married,Masters,Customer Support,Support Team Lead,2,2744,9.8,1,2,1,0,Hybrid,2.1,7,2.5,8,9,3,7.7,FALSE,8,No
2305,51,Female,Married,Bachelors,Research & Development,Research Scientist,4,8959,10.6,6.7,6.1,1,1,Hybrid,5,7,2.6,8.6,7.3,4,8.4,FALSE,1.6,No
2306,30,Female,Single,Bachelors,Research & Development,Product Researcher,1,4470,9.4,3.5,3.1,1.2,0,Hybrid,6.8,7,4.5,8.6,6.7,4,9.3,TRUE,3.9,No
2307,36,Female,Married,Masters,Sales,Sales Development Rep,4,7478,15.2,5.5,7.4,1.2,1,Hybrid,5.4,21,3.7,6.5,6.1,5,10,TRUE,4.5,No
2308,32,Female,Single,Masters,Engineering,QA Engineer,2,7730,5.6,6.4,11,0.7,1,Hybrid,6.3,12,3.2,8.1,7,4,7.5,TRUE,4.3,No
2309,46,Female,Married,High School,Research & Development,Product Researcher,5,10927,11.4,10.5,17.1,1.1,2,Onsite,8.4,4,1.8,9.8,5.8,3,8.1,TRUE,2.4,No
2310,48,Female,Married,Bachelors,Sales,Account Executive,5,13240,12.2,14.5,22.8,1.1,3,Hybrid,6.3,31,2.1,8,5.7,4,9,FALSE,6.8,No
2311,38,Male,Single,Bachelors,Customer Support,Support Team Lead,3,5247,8.4,6,12.1,3,1,Onsite,10.5,6,5,6.1,5,3,9.4,FALSE,6.9,Yes
2312,42,Female,Single,Bachelors,Research & Development,R&D Manager,5,9233,14.9,8.7,12.7,0.9,2,Hybrid,7.3,10,6.3,5,5.1,2,7.9,TRUE,3.8,Yes
2313,36,Female,Single,High School,Finance,Financial Analyst,3,5929,13.2,6,15.3,1,3,Hybrid,6.6,8,3.8,8.1,5.2,3,8.2,TRUE,6,No
2314,26,Male,Single,Bachelors,Sales,Sales Development Rep,2,5268,17.9,4,6,0.6,4,Hybrid,7.1,32,4.6,6,5.7,4,9.4,TRUE,6.1,No
2315,45,Male,Married,Bachelors,Operations,Operations Manager,5,8892,13.5,7.1,14.8,2.9,1,Remote,11.2,20,4.1,5.7,6.1,3,8.4,TRUE,3.6,No
2316,21,Female,Single,Bachelors,Customer Support,Support Specialist,1,2450,19.1,0,1,0,2,Remote,6.7,5,1.9,9.3,8.6,5,8.1,FALSE,7.5,No
2317,42,Female,Single,High School,Engineering,Engineering Manager,3,8309,11.4,5.6,11.5,3.5,1,Onsite,7.5,4,5,6.6,6.1,2,7.9,FALSE,1.4,No
2318,34,Female,Married,Bachelors,Customer Support,Support Team Lead,2,3312,17.5,5.1,10.1,0,2,Hybrid,6.9,6,4.1,6.7,5.4,3,5,FALSE,6.1,No
2319,34,Female,Single,High School,Operations,Operations Analyst,2,3174,9.2,5.3,9.2,2.9,1,Remote,11.2,31,3.3,5,5,4,9.1,FALSE,5.1,No
2320,34,Female,Single,Masters,Research & Development,R&D Manager,3,9191,5.6,5.6,13.4,4.4,1,Remote,4.8,4,3.1,6.3,6.3,3,7.7,FALSE,4.9,No
2321,43,Female,Divorced,High School,Sales,Account Executive,2,4107,13.8,4.7,9.5,0.6,1,Onsite,16.6,22,3.9,8.5,3.6,4,7.4,FALSE,2.7,No
2322,42,Female,Married,Bachelors,Customer Support,Support Team Lead,3,4827,12.6,7.4,11.6,2.4,2,Onsite,5.9,4,2.4,8.9,5.6,4,9.1,TRUE,4.9,No
2323,32,Female,Single,Masters,Engineering,QA Engineer,2,6279,14.8,6.6,12,2.6,2,Onsite,4.5,4,4.2,6.5,7.2,3,10,TRUE,3.9,No
2324,41,Female,Married,Masters,Operations,Program Manager,3,6181,10.9,6.7,16.5,1.5,4,Hybrid,2.2,27,2.5,6.3,6.9,3,9.1,TRUE,5.7,No
2325,45,Female,Divorced,Bachelors,Research & Development,R&D Manager,4,9972,19.5,11.7,19.8,0.1,1,Hybrid,5.6,4,1.8,9,6,5,9.1,TRUE,1,No
2326,37,Female,Divorced,Bachelors,Human Resources,HR Manager,5,10151,13.9,8.5,13.4,0,1,Hybrid,12.7,2,4.1,7.2,6,4,8.2,FALSE,2,No
2327,40,Male,Single,Bachelors,Engineering,Engineering Manager,4,9081,13.8,9.2,14.8,0.2,1,Hybrid,11.9,7,4.2,5.1,5.1,5,7.7,FALSE,3.3,No
2328,26,Female,Married,Bachelors,Research & Development,Research Scientist,2,4949,14.8,5,6,0.5,5,Onsite,8.8,4,4.8,7.5,4.6,3,8.5,TRUE,5,No
2329,41,Non-binary,Single,Masters,Finance,Financial Analyst,4,9785,18.4,7.5,17.2,0.1,3,Hybrid,3.2,10,3.5,5.3,6.8,3,7.5,FALSE,5.7,No
2330,48,Male,Married,Bachelors,Engineering,Engineering Manager,5,13132,11.1,12.9,22.6,0.5,4,Hybrid,9.5,6,4.5,6.5,6.3,4,8.4,FALSE,2.8,No
2331,33,Female,Married,Bachelors,Customer Support,Support Specialist,2,4879,14,6.7,8.8,1.4,0,Remote,4.4,3,2.7,5.9,6.4,4,8.4,FALSE,8,No
2332,36,Female,Single,Masters,Customer Support,Customer Success Manager,3,6967,5.5,10.1,16,5.9,3,Remote,2.4,6,5.6,7.7,5.3,3,7.4,TRUE,6.2,No
2333,33,Male,Single,Bachelors,Research & Development,Product Researcher,1,4084,14.9,2.5,9.1,2.5,1,Hybrid,2.4,3,2.9,8,7,3,10,FALSE,4.3,No
2334,33,Male,Divorced,Masters,Finance,Financial Analyst,2,5459,14.7,3.9,5.9,0.2,0,Remote,24.8,9,6.4,3.6,1,3,8.4,FALSE,4.5,Yes
2335,44,Male,Single,Bachelors,Engineering,Data Engineer,5,12915,13.3,11.1,18.7,2.1,3,Hybrid,1.8,6,4,5.7,6.2,4,6.3,FALSE,5.1,No
2336,40,Female,Married,High School,Finance,Financial Analyst,2,4463,9.1,1.1,12.6,1.1,3,Onsite,8.1,5,2.9,7.5,6.1,4,7.4,FALSE,5,No
2337,34,Male,Divorced,Bachelors,Marketing,Content Strategist,2,4728,14.7,3.7,5.7,0.1,0,Remote,3.9,6,2.1,7.9,6.9,3,7.8,TRUE,8.9,No
2338,41,Male,Single,Masters,Marketing,Content Strategist,4,7644,5.3,12.8,17.2,1.7,1,Hybrid,6.7,3,5,5.1,4.5,3,8.1,FALSE,7.1,No
2339,29,Male,Married,Bachelors,Engineering,QA Engineer,3,7100,12.3,6.2,9,0.9,2,Onsite,11,8,5.8,6.3,3.9,4,6.8,TRUE,3,Yes
2340,46,Female,Single,Bachelors,Engineering,Engineering Manager,4,8264,16.1,11.7,16.4,0.5,1,Hybrid,3.7,4,3.1,8.2,6.2,5,9.8,TRUE,5.6,No
2341,30,Female,Married,Masters,Engineering,Data Engineer,1,5055,6.4,0.9,8.5,0.9,3,Hybrid,22.5,7,5.3,5.9,4.4,4,9,TRUE,3.2,No
2342,28,Female,Married,Masters,Engineering,Software Engineer,1,5593,8,6.2,8,2.7,1,Hybrid,9.2,6,4.2,6,5.9,4,10,TRUE,3.6,No
2343,29,Male,Single,Masters,Sales,Account Executive,1,3756,15,3.9,2.5,0.9,0,Hybrid,3.8,18,4.7,6.9,6.9,3,7.9,FALSE,8.8,No
2344,41,Male,Divorced,Bachelors,Marketing,Content Strategist,2,4666,10.8,9.2,15.3,2.9,2,Hybrid,6.6,9,2.6,7.4,6.9,3,9.5,TRUE,5.4,No
2345,25,Male,Married,Masters,Operations,Operations Analyst,1,3699,14.6,3.7,5,1.1,2,Onsite,5.6,18,3.8,6.8,5.9,3,10,FALSE,3.3,Yes
2346,43,Female,Married,Masters,Marketing,Growth Manager,3,6425,15.6,11.8,19.9,1.4,5,Hybrid,4.4,9,2.4,7,6.5,3,7.8,TRUE,4.4,No
2347,36,Female,Single,Bachelors,Marketing,Growth Manager,3,5424,6.6,10.7,11,0.9,0,Hybrid,4,3,5.4,6.3,6.5,5,8.8,TRUE,7,No
2348,47,Male,Single,Bachelors,Engineering,Engineering Manager,5,13227,12.8,13.7,15.6,1.9,1,Hybrid,9.2,4,3.7,8.9,6.3,4,10,TRUE,5.8,No
2349,28,Female,Divorced,Masters,Engineering,Software Engineer,3,10110,11.1,3.6,7.8,3.6,1,Onsite,5.2,5,4.9,6.3,6.7,3,8.6,TRUE,1,No
2350,35,Male,Married,Bachelors,Sales,Sales Manager,4,5696,8.9,7.6,15,3.1,4,Hybrid,3.8,21,4.3,5.3,6.4,2,9,FALSE,7,No
2351,43,Female,Married,Bachelors,Engineering,Data Engineer,3,10343,14.4,8.2,9.3,1.3,1,Onsite,0.8,8,4.1,6.7,8.2,4,8.7,TRUE,3.4,No
2352,52,Male,Married,Masters,Engineering,Data Engineer,5,16218,14.6,11.2,15.1,2.6,2,Remote,2.9,5,1,10,6.9,3,6.2,TRUE,3.3,No
2353,39,Female,Married,Bachelors,Sales,Account Executive,1,3997,2.9,5.5,11.2,5.3,2,Onsite,4,21,4.4,4.2,7.3,4,9.6,FALSE,5.2,Yes
2354,37,Female,Married,Masters,Engineering,Data Engineer,4,8425,8.1,5.2,16.2,2.5,3,Hybrid,4.7,2,1.8,8.1,8,5,8.9,TRUE,2.8,No
2355,29,Male,Married,Bachelors,Engineering,Data Engineer,2,5347,16,7.1,7.5,3.1,0,Hybrid,9.7,1,4.9,7.7,5.4,3,6.9,TRUE,5.2,No
2356,31,Female,Married,Bachelors,Operations,Operations Manager,3,6214,13.4,5.6,11,1.3,3,Hybrid,2.1,20,1,9.9,7.5,5,10,TRUE,6.1,No
2357,55,Male,Married,Bachelors,Sales,Sales Manager,4,8884,3.3,8.2,7,3.9,0,Onsite,11.3,25,4.8,6.8,6.7,3,8.1,TRUE,4.1,No
2358,21,Female,Married,PhD,Sales,Sales Development Rep,1,4055,14.8,0,1,0,1,Hybrid,5.3,21,3.3,7.1,5.8,4,7.8,FALSE,5,No
2359,48,Female,Married,Bachelors,Operations,Program Manager,5,6922,6.4,12.5,18.8,2.2,2,Onsite,2.2,15,3.3,7.4,6.2,4,6,FALSE,6.3,No
2360,48,Male,Married,Bachelors,Operations,Operations Manager,4,7480,11,5.9,6.6,0.5,1,Onsite,4.7,24,3.7,6.8,7.2,5,8.5,TRUE,3.2,No
2361,21,Female,Single,Masters,Operations,Operations Analyst,1,3026,10.3,0,1,0,3,Hybrid,8.2,24,2.8,7.9,5.7,4,6.4,FALSE,6,No
2362,21,Female,Divorced,Masters,Finance,Finance Manager,2,4926,14.6,0,1,0,2,Onsite,5.2,4,1,7.2,7,5,9.6,TRUE,5.6,No
2363,21,Female,Single,Masters,Engineering,QA Engineer,1,5021,17.2,0,1,0,0,Remote,8.1,4,3.2,6.2,6.5,4,9.2,TRUE,5.9,No
2364,37,Male,Married,Bachelors,Customer Support,Support Team Lead,4,6386,13.1,7.6,17,5.9,2,Hybrid,6.6,7,4,4.9,6.5,4,9.4,FALSE,8.6,No
2365,53,Female,Single,Masters,Finance,Accountant,5,13849,16.4,11.2,15.8,1.1,0,Hybrid,9.7,9,3.7,7.3,7.4,4,8.5,FALSE,3.8,No
2366,42,Female,Single,High School,Research & Development,Research Scientist,2,4767,12.6,5.2,8.5,2.2,0,Onsite,3.2,2,3.3,7.2,6,4,8.6,TRUE,2.3,No
2367,38,Male,Divorced,Masters,Engineering,Engineering Manager,2,5792,15.4,3,6.8,1.9,2,Onsite,7.1,6,3.2,7,6,4,10,TRUE,4.6,No
2368,30,Male,Divorced,Bachelors,Engineering,Data Engineer,3,9838,11.9,6.2,10,2.1,3,Hybrid,4.3,5,4.6,4.8,7.1,3,8.4,TRUE,7.2,No
2369,43,Female,Divorced,Masters,Customer Support,Customer Success Manager,3,4191,17.5,2.4,5.9,0.9,1,Remote,5.5,5,2.6,7.6,6.2,4,9.3,FALSE,6.2,No
2370,29,Male,Married,Bachelors,Sales,Sales Manager,2,3376,5,4.3,3.8,1.6,0,Remote,9.1,18,3.3,4.8,6.4,5,9.8,TRUE,4.4,No
2371,36,Male,Married,Bachelors,Research & Development,R&D Manager,3,9235,11.1,7.9,15.7,5.2,2,Onsite,1.6,4,3.7,7.1,7.8,3,10,TRUE,4.8,No
2372,31,Male,Single,Masters,Operations,Operations Manager,2,6639,14.3,3.8,8,0.5,0,Onsite,4.4,22,4.8,6.3,6.7,4,8.4,FALSE,3.3,No
2373,39,Prefer not to say,Married,High School,Engineering,Data Engineer,3,5963,16.8,6.1,9.6,3.4,1,Onsite,1.1,5,3.4,6.2,6.8,3,7.1,TRUE,5,No
2374,28,Female,Married,Masters,Finance,Accountant,1,4371,13.4,3.8,8,0,1,Remote,2.6,6,5.1,4.5,5.7,4,7.7,TRUE,7.9,No
2375,36,Female,Married,Bachelors,Sales,Account Executive,4,7272,16.8,12,16,2.3,4,Onsite,2.5,20,3,5.4,8.3,3,7.6,TRUE,7.3,No
2376,41,Male,Married,PhD,Customer Support,Customer Success Manager,3,5806,10.8,10.2,18,2,3,Remote,6.4,8,3.4,10,6.3,4,10,TRUE,6.6,No
2377,43,Female,Single,Masters,Finance,Finance Manager,3,8751,14.3,4.7,11.5,0.1,1,Onsite,3.8,3,5.2,5.8,4,5,8.4,FALSE,4,No
2378,30,Male,Single,Masters,Operations,Operations Analyst,2,4141,17.4,2.5,10,2.5,3,Hybrid,7.7,15,4.1,8.4,6.7,4,7.8,FALSE,4.6,No
2379,32,Male,Single,High School,Sales,Sales Manager,4,6271,15.9,8.3,12,3.3,4,Remote,8.6,19,2.5,8.3,5.9,4,10,FALSE,3.6,Yes
2380,48,Male,Married,Bachelors,Engineering,Engineering Manager,4,11057,16.4,7.5,10.9,1.2,0,Remote,7.4,6,4.6,7.9,7,4,9.1,TRUE,2.6,No
2381,25,Female,Single,Masters,Sales,Sales Development Rep,1,3411,11.3,1.6,3.1,1.6,0,Remote,7.5,23,5.1,3.1,6.1,3,8.3,FALSE,5.4,No
2382,31,Female,Married,Bachelors,Operations,Operations Analyst,1,3439,12.2,2.8,11,1,1,Onsite,10.5,26,3.6,6.8,3.3,4,9.5,TRUE,5.8,No
2383,44,Male,Single,Masters,Customer Support,Support Team Lead,4,7324,12.6,10,20,1.8,5,Onsite,12.6,9,5.5,7.3,3.3,4,9.9,FALSE,2.1,Yes
2384,24,Male,Married,PhD,Sales,Sales Development Rep,1,3114,14.5,1.2,4,0,4,Hybrid,4.2,25,3.6,5.4,7.2,3,8.6,FALSE,1,No
2385,47,Female,Married,High School,Marketing,Growth Manager,3,5762,13.6,6.4,18.1,0.3,5,Onsite,8.5,8,5.2,2.7,5.2,4,10,FALSE,4.8,Yes
2386,53,Male,Single,Masters,Customer Support,Customer Success Manager,4,7382,8.7,8.5,12.6,0.7,1,Remote,14.7,6,5.8,4.8,5.2,3,8,TRUE,7.3,No
2387,38,Male,Married,PhD,Engineering,Software Engineer,2,8256,12.4,5.5,14.7,1.9,3,Hybrid,7.4,11,3.1,9.3,4.8,5,7.7,TRUE,4.3,No
2388,37,Male,Single,Bachelors,Operations,Operations Manager,3,7233,4.9,13,17,8,3,Remote,11,18,4,4.5,7.2,3,9,FALSE,3.3,Yes
2389,41,Male,Married,Bachelors,Customer Support,Customer Success Manager,4,7134,13.5,11.4,17.6,0.4,1,Onsite,4.7,4,4.5,6.2,6.1,3,7.5,FALSE,6.9,No
2390,39,Female,Single,Masters,Finance,Financial Analyst,2,7160,7.9,4.9,9.6,2.8,1,Hybrid,3.5,6,6.2,3.2,6.3,3,10,TRUE,5.5,Yes
2391,45,Non-binary,Single,Masters,Engineering,Software Engineer,2,7171,11.2,3.2,7.5,1.4,2,Onsite,1.9,11,3.4,6.7,5.6,4,10,TRUE,3.6,No
2392,21,Male,Married,Masters,Finance,Accountant,1,3529,8.6,0,1,0,0,Onsite,9.3,6,1.9,8.9,5.7,4,7.8,TRUE,4.5,No
2393,43,Female,Single,Bachelors,Engineering,Software Engineer,3,10131,6.6,5.5,13.6,3.1,4,Onsite,3.2,6,4.4,3.9,8.2,3,6.1,FALSE,4.3,Yes
2394,43,Male,Single,Bachelors,Sales,Sales Development Rep,3,8656,16.6,2.9,7.2,2.9,1,Onsite,11.1,20,3.8,7.7,4.6,4,6.9,FALSE,8.3,No
2395,47,Male,Married,PhD,Customer Support,Support Specialist,3,5619,10.7,6.5,14.7,2.9,4,Remote,6.5,6,4.1,5.9,8,4,8.7,TRUE,6.7,No
2396,37,Male,Married,Bachelors,Operations,Operations Manager,4,9310,17.8,6.9,14.1,0.3,2,Onsite,4.2,20,1,7.9,6.8,4,10,FALSE,6,No
2397,37,Female,Married,Bachelors,Engineering,Data Engineer,3,8602,7.6,9.6,17,5.8,4,Onsite,3.8,6,4,7,6.2,3,8.3,TRUE,5.8,No
2398,39,Male,Married,Bachelors,Operations,Program Manager,4,6600,10.1,10.5,16.4,4.9,2,Onsite,3.5,30,5.1,7.8,5.7,4,7.5,TRUE,2.8,No
2399,38,Female,Single,Masters,Human Resources,HR Manager,3,7902,13.3,6.5,15.2,2.5,2,Hybrid,6.1,6,4.1,6.1,6.8,4,8.4,TRUE,5,No
2400,24,Male,Married,PhD,Customer Support,Support Specialist,1,2876,12.2,3,4,0.6,1,Remote,10.7,6,4.8,8.2,3.7,4,10,FALSE,7.8,No
2401,39,Male,Married,Masters,Operations,Operations Manager,5,10277,11,12.4,19,2.1,2,Onsite,6,20,3.2,6.7,7.5,4,8.4,FALSE,6.5,No
2402,21,Female,Married,Masters,Customer Support,Support Specialist,2,3679,11,0,1,0,2,Remote,32.9,3,8,5.6,1.6,3,7.7,FALSE,6.6,No
2403,22,Female,Single,Masters,Operations,Operations Analyst,2,4607,15,1,2,0.3,2,Remote,11.7,22,4.3,6.6,6,3,7.3,TRUE,5.4,No
2404,24,Male,Married,Bachelors,Engineering,Data Engineer,1,4390,10.8,1.9,4,1.9,1,Remote,1.8,3,1.2,5.2,8.1,3,7.5,FALSE,6.1,No
2405,40,Male,Single,Bachelors,Marketing,Marketing Specialist,3,6030,13.3,7.2,9.8,2.2,0,Hybrid,8,5,2.6,8.9,6.5,5,8.8,TRUE,3,No
2406,40,Female,Single,PhD,Engineering,Software Engineer,3,8584,15.1,7.3,16.3,1.8,3,Onsite,0.8,5,3.4,6.2,8.5,3,10,TRUE,4.6,No
2407,34,Male,Divorced,Masters,Sales,Sales Development Rep,1,3920,9.4,3.4,7.7,0.6,1,Hybrid,10.2,23,5,6.3,6.1,4,6.6,TRUE,6.1,No
2408,41,Female,Married,Bachelors,Sales,Sales Manager,4,8480,14.4,11.3,19.4,0.3,2,Remote,5.8,27,4.5,5.8,5.2,4,8.9,FALSE,2.8,No
2409,37,Female,Single,Bachelors,Marketing,Content Strategist,4,9357,13.9,5.7,13.6,2.5,1,Hybrid,3.6,5,3.4,6.1,5.8,3,5.1,FALSE,6,No
2410,24,Female,Divorced,Masters,Sales,Sales Development Rep,1,3748,13.4,0,4,0,2,Remote,4.5,24,3.5,7.7,8.4,3,7.2,FALSE,7.2,No
2411,32,Non-binary,Married,Bachelors,Engineering,Data Engineer,3,7469,9.4,6.9,12,0.7,3,Remote,4.4,4,5.6,4.2,6.1,3,8.5,TRUE,5.4,No
2412,33,Male,Single,Bachelors,Customer Support,Support Team Lead,2,3020,15,6.6,12.2,1,1,Hybrid,4.1,4,3.3,7.6,4.9,4,10,TRUE,7.7,No
2413,41,Male,Divorced,Masters,Engineering,Engineering Manager,4,11608,15.1,11.8,15.6,1.3,1,Remote,5.6,6,4.9,7.6,7.2,4,9.5,FALSE,2,No
2414,38,Male,Married,Bachelors,Marketing,Marketing Specialist,4,5778,17.6,9.1,14.8,0.4,2,Hybrid,14.3,8,6.2,6.8,2.6,3,9,FALSE,4.3,No
2415,39,Female,Married,Bachelors,Finance,Finance Manager,4,8801,15.8,8.7,16.8,1.7,4,Remote,5.9,3,2.3,8,5,4,7.4,TRUE,6.6,No
2416,38,Female,Divorced,Bachelors,Engineering,Engineering Manager,2,6589,18.4,9.1,18,0.4,2,Onsite,3,8,4.2,7.6,7.6,4,9.1,TRUE,5.3,No
2417,34,Female,Married,Bachelors,Marketing,Marketing Specialist,2,4628,12.6,4.4,14,2.2,3,Remote,2.6,5,1,8.2,8.6,4,7.7,FALSE,6.4,No
2418,30,Female,Married,Masters,Sales,Sales Manager,3,9159,12.2,5.5,10,2.7,2,Hybrid,6.2,27,4.2,7,5.9,4,10,TRUE,6.2,No
2419,31,Male,Single,Masters,Customer Support,Support Specialist,2,4992,13.5,1.6,7.2,1.6,1,Hybrid,12.5,9,4.4,6.1,4.5,3,9.1,FALSE,9.1,No
2420,40,Female,Married,Masters,Engineering,Software Engineer,2,7034,12.2,2,12.2,2,2,Remote,0.2,6,4.6,6,7.5,4,9.7,TRUE,6.1,No
2421,44,Non-binary,Divorced,Bachelors,Engineering,Engineering Manager,5,15509,7.3,11.2,13.2,3,0,Remote,1.3,8,1.8,8.6,7.5,4,9.3,FALSE,2.6,No
2422,41,Male,Divorced,Bachelors,Marketing,Growth Manager,5,7536,11.3,10.2,15.7,1.6,3,Remote,5.3,4,3,6.6,6.5,4,8.9,FALSE,4.2,No
2423,45,Male,Single,Bachelors,Operations,Program Manager,4,7887,10.3,10.9,16.1,3.5,2,Onsite,11.2,27,3.8,5.8,4.6,3,5.7,TRUE,3.4,No
2424,45,Female,Single,Bachelors,Customer Support,Support Team Lead,3,4539,12.7,4.7,9,0.5,1,Remote,15.3,8,3.6,7,4.6,3,10,TRUE,6.5,No
2425,38,Male,Divorced,Bachelors,Marketing,Marketing Specialist,2,4564,20.9,7.9,10.1,1.3,0,Hybrid,8.5,5,2.5,8.8,6.1,4,9.7,FALSE,4.9,No
2426,27,Prefer not to say,Divorced,Bachelors,Research & Development,Research Scientist,1,4618,9.8,5.6,7,2.8,1,Hybrid,8.5,6,5,5.9,5.4,3,9.3,FALSE,3.5,Yes
2427,29,Female,Single,High School,Operations,Operations Analyst,2,3421,11.5,8,9,0.8,1,Onsite,0.4,21,4.3,3.6,6.9,3,7.3,TRUE,5.2,No
2428,37,Male,Single,Bachelors,Research & Development,Research Scientist,1,3764,7.2,1.6,7.3,1.6,1,Hybrid,7.5,11,6,5.4,4.5,3,7.8,TRUE,3.6,No
2429,27,Male,Single,Bachelors,Customer Support,Support Specialist,2,3095,12.2,6,7,1.1,2,Hybrid,6.2,3,4.4,5.1,5,4,9,TRUE,8,No
2430,38,Male,Married,Masters,Customer Support,Customer Success Manager,4,7105,18.3,11.1,18,0.6,1,Remote,14.1,6,7.3,5.4,4.5,4,7.2,TRUE,8,No
2431,35,Female,Single,Bachelors,Engineering,Software Engineer,2,5896,13.6,1,4.2,1,1,Hybrid,2.7,8,3.1,7.2,5.5,5,8.7,TRUE,3.5,Yes
2432,41,Male,Married,Bachelors,Customer Support,Support Specialist,1,2693,10.5,5.8,12.4,3.9,1,Hybrid,10,1,4.6,6.2,5.5,4,8.7,FALSE,6,No
2433,42,Male,Married,Bachelors,Finance,Accountant,5,9715,8.8,8.4,12.9,7.5,2,Remote,14.4,8,4.1,8.9,5.1,3,8.7,FALSE,4.3,No
2434,45,Male,Single,Masters,Engineering,QA Engineer,4,10215,14.4,8.7,11.8,2.5,1,Hybrid,1.7,4,1.7,5.3,8.9,3,6.7,TRUE,5.1,No
2435,21,Male,Married,Masters,Engineering,Data Engineer,2,5884,13.2,0,1,0,0,Onsite,10.4,5,6.8,4.7,6.4,3,10,FALSE,6.1,Yes
2436,51,Male,Married,PhD,Engineering,QA Engineer,3,8045,13.1,6.1,10.4,2.8,0,Hybrid,3.2,7,1.7,5.8,6.7,4,5.4,TRUE,2.2,No
2437,26,Male,Single,Masters,Marketing,Growth Manager,3,6017,14.8,5,6,0.4,2,Hybrid,11.4,8,5.4,4.9,5.6,3,8.6,TRUE,8.2,No
2438,28,Male,Single,Bachelors,Engineering,Software Engineer,3,8697,13,3.9,6.9,2.8,1,Onsite,9.1,4,4.9,6,5.5,3,10,TRUE,9.9,No
2439,29,Male,Married,Bachelors,Sales,Sales Development Rep,1,3846,9,2.1,9,1.4,2,Remote,2.5,22,4.2,5.4,5.3,4,5.1,FALSE,5.7,Yes
2440,39,Female,Single,Bachelors,Engineering,Engineering Manager,5,9406,12,11.8,19,1.9,0,Hybrid,8,3,4.9,6.5,7.2,3,7.3,TRUE,3.6,No
2441,32,Female,Single,Bachelors,Engineering,Data Engineer,2,6213,10.3,2.6,9.8,2.6,1,Remote,3.8,4,2,7.6,6.4,4,9.3,TRUE,2.3,No
2442,47,Male,Divorced,Bachelors,Engineering,Engineering Manager,5,14900,11.3,9,13.5,0.9,1,Onsite,1.8,5,2.7,8,7.9,4,10,TRUE,3.9,No
2443,48,Male,Divorced,Bachelors,Engineering,Software Engineer,4,8265,15.2,11.3,18.1,0.7,3,Remote,3.3,4,3.1,6,6.9,4,9,FALSE,4.6,No
2444,31,Male,Married,High School,Customer Support,Support Team Lead,4,6325,8.3,10,11,2.6,1,Hybrid,6.8,5,3.2,5.9,5.5,4,7.8,FALSE,8.6,No
2445,22,Male,Married,Bachelors,Finance,Accountant,1,4045,9.6,1,2,1,4,Remote,1.1,8,2.9,7.2,9.2,3,7.3,FALSE,4.3,No
2446,24,Male,Single,Bachelors,Finance,Finance Manager,2,5204,14.9,3,3.7,0.6,0,Hybrid,1.3,6,3.4,6.9,7.6,4,5.4,FALSE,6.7,No
2447,34,Male,Married,Bachelors,Research & Development,R&D Manager,4,10145,12.3,8.1,13.6,3.1,2,Remote,0.4,9,2.3,8.3,8.5,3,5.8,TRUE,5,No
2448,33,Male,Single,Bachelors,Human Resources,Recruiter,1,2338,12.5,4.4,7.7,0.9,0,Hybrid,10.5,2,2.6,10,4.4,4,8.9,FALSE,4.2,No
2449,45,Female,Married,Masters,Research & Development,Research Scientist,5,12477,9.6,10.7,16.3,9,2,Hybrid,4,8,4.8,6.4,5.2,3,7.7,TRUE,1.3,Yes
2450,43,Male,Single,Bachelors,Finance,Accountant,3,6045,18,7.9,13.5,1.5,2,Onsite,5.9,5,4,6.3,6.5,4,9.4,FALSE,3.6,No
2451,47,Male,Divorced,Masters,Marketing,Marketing Specialist,3,7926,8.7,9,15.1,6.6,2,Hybrid,13.4,8,7.6,4,5,4,10,FALSE,5.6,Yes
2452,31,Female,Married,Masters,Operations,Operations Analyst,2,4195,12.5,3,5.9,3,0,Hybrid,10.3,16,2.6,8.6,5.1,4,7.4,TRUE,7.6,No
2453,51,Female,Married,Bachelors,Sales,Sales Manager,4,8163,9.2,8.1,15.7,3.4,1,Hybrid,3.6,20,3.1,5.9,5.9,4,8.9,TRUE,3.8,No
2454,29,Female,Married,Bachelors,Engineering,QA Engineer,1,3493,20.5,2.1,8.4,1.5,2,Hybrid,9.7,6,4.1,7.3,4.9,4,7.1,TRUE,5.2,No
2455,33,Female,Married,Bachelors,Engineering,QA Engineer,3,9920,13.1,5.3,10.1,0.5,1,Onsite,1.9,6,1.3,7.5,6.9,3,8.3,FALSE,3.2,No
2456,39,Female,Married,Bachelors,Research & Development,Research Scientist,2,6610,13.9,3.8,11.2,0.7,3,Hybrid,5.6,5,4.5,8,5.7,3,8.3,TRUE,5,No
2457,38,Male,Single,Bachelors,Sales,Sales Development Rep,1,3337,9.8,3.1,3.3,3.1,0,Hybrid,5.2,12,2.8,7.2,6.4,4,9.8,FALSE,4.2,No
2458,53,Female,Single,Masters,Customer Support,Customer Success Manager,5,10834,14.1,11.8,19.1,1,2,Hybrid,12.8,8,5.2,6.7,5.3,4,9.6,TRUE,4.5,No
2459,29,Female,Married,Bachelors,Sales,Account Executive,1,2875,7.3,5,9,4.2,2,Hybrid,9.3,19,7.2,4,5.5,3,8.6,FALSE,6.1,No
2460,29,Female,Single,Masters,Engineering,Software Engineer,2,6383,5.5,8,9,3.1,2,Onsite,7.1,7,4.2,5.2,6,3,7.3,TRUE,6.3,No
2461,43,Prefer not to say,Married,Bachelors,Human Resources,HR Manager,4,6596,12,11.3,14.5,1,1,Hybrid,1.1,7,4.4,8.9,7.2,5,10,TRUE,5.8,No
2462,23,Female,Married,PhD,Engineering,QA Engineer,2,6826,6.6,2,3,1.9,2,Remote,4.5,4,2,6.4,7.6,3,9.2,FALSE,4.5,No
2463,40,Male,Single,Masters,Operations,Program Manager,3,5584,17,12.2,15.1,4,1,Onsite,4.1,21,4.3,5.5,5.8,4,8.9,TRUE,5.7,No
2464,41,Female,Married,Masters,Sales,Sales Manager,3,6238,16.2,5.2,6.9,3,0,Onsite,2.6,21,3.8,5.7,7.2,3,8.2,FALSE,3.6,No
2465,37,Male,Married,High School,Customer Support,Support Specialist,2,3089,16,3.2,12.8,0,3,Remote,10.9,6,2.1,7.8,6.2,4,8.4,TRUE,5.7,No
2466,36,Male,Single,Bachelors,Engineering,Engineering Manager,3,7188,6.8,2.9,6,2.9,2,Hybrid,4.2,8,4.1,4.9,6.8,4,9,TRUE,4.8,No
2467,44,Male,Married,Bachelors,Engineering,Engineering Manager,3,7588,16.3,0.9,7.1,0.8,2,Onsite,2.8,2,2.4,6.4,6.3,3,10,TRUE,1.1,No
2468,52,Female,Single,Masters,Engineering,QA Engineer,3,7467,7.4,8,15,1.6,3,Hybrid,4,4,5.3,4.3,5.6,2,6.3,FALSE,4.3,No
2469,45,Female,Married,Masters,Research & Development,R&D Manager,4,9972,15.9,6.1,12.3,0,3,Onsite,4.7,6,1.8,9.5,7.2,4,8.4,FALSE,3.1,No
2470,45,Female,Single,Bachelors,Engineering,Data Engineer,3,7495,10.1,5.1,10.7,1.5,0,Hybrid,2.4,5,1,7.9,8.3,4,9,FALSE,3.4,No
2471,32,Female,Married,Masters,Finance,Financial Analyst,1,4856,13.2,4.8,12,1.1,2,Remote,6.6,7,4.7,4.1,5.8,3,8,FALSE,7.9,Yes
2472,36,Female,Single,Masters,Sales,Sales Development Rep,3,6168,10.1,11,16,4.5,2,Onsite,10.2,35,4.7,6,6.4,3,8,FALSE,4.2,No
2473,49,Male,Divorced,Bachelors,Engineering,Engineering Manager,5,13472,12.7,10.9,17.7,0.1,1,Hybrid,7.9,10,2.1,9.5,5.2,4,9.1,TRUE,1,No
2474,40,Female,Single,Masters,Engineering,Engineering Manager,4,12156,13.6,8.4,15.8,0.7,2,Remote,9.8,5,3.6,7.4,6.2,4,10,TRUE,3.6,No
2475,51,Female,Married,Bachelors,Finance,Finance Manager,5,10783,10.3,8.7,20.7,0.9,2,Hybrid,5.4,4,4.2,6.5,4.6,4,8.8,TRUE,5.5,No
2476,23,Male,Married,Bachelors,Marketing,Growth Manager,2,4629,7.7,2,3,2,2,Hybrid,14.7,3,6.2,5.7,5.3,3,6.4,FALSE,5,Yes
2477,33,Male,Single,Masters,Research & Development,Product Researcher,3,6819,5.6,7.2,13,2.4,4,Onsite,4.4,4,1.4,7.3,6.7,5,9.2,TRUE,3.1,No
2478,25,Male,Single,Masters,Customer Support,Support Team Lead,2,5484,5.9,4,5,1.8,2,Hybrid,13.3,7,6.7,4.7,3.5,3,8.1,TRUE,5,No
2479,37,Male,Divorced,Masters,Customer Support,Customer Success Manager,4,7605,5,12,16.5,2.1,0,Onsite,6.3,7,4.9,8.2,5.2,4,8.8,TRUE,7,No
2480,46,Female,Married,Masters,Engineering,Engineering Manager,4,12554,7.7,8.1,14.1,2.1,3,Hybrid,13.7,5,6.3,3.9,3.1,3,7.2,TRUE,1.7,Yes
2481,35,Female,Married,Masters,Marketing,Growth Manager,3,7292,8.6,7.4,10.9,2.3,0,Onsite,3.7,6,5.4,6.8,4.9,3,8.9,TRUE,7.3,No
2482,34,Male,Divorced,Bachelors,Engineering,Data Engineer,1,5762,16,3.7,14,1.1,4,Remote,3.8,0,2.8,6.9,7.1,4,10,TRUE,7.1,No
2483,56,Male,Married,Masters,Customer Support,Support Team Lead,5,7547,14.5,6.1,14.4,0.9,2,Onsite,9.6,1,4.9,7,4.3,5,8.8,TRUE,5.8,No
2484,28,Female,Married,PhD,Engineering,Software Engineer,3,9520,10.4,7,8,2.5,1,Hybrid,7.5,9,2.6,4.5,5.5,3,7.2,TRUE,3.3,No
2485,40,Male,Single,Bachelors,Sales,Sales Manager,3,6779,12.9,7.7,10.4,1.7,1,Hybrid,5,22,4.1,6.9,7.5,3,8.7,FALSE,3.8,No
2486,41,Male,Divorced,Bachelors,Engineering,Engineering Manager,4,9747,16.7,7.9,13.9,2.3,2,Hybrid,4.3,9,3.3,8,7.8,4,7.9,TRUE,2.2,No
2487,38,Female,Married,Bachelors,Engineering,Engineering Manager,2,6617,9.4,4.8,11.2,2.3,1,Hybrid,6.8,8,2.4,6.6,7.2,5,9,FALSE,6.5,No
2488,34,Male,Single,Masters,Research & Development,R&D Manager,3,7926,10.5,5.6,10.9,0,3,Hybrid,8.2,3,4.5,6.9,6.5,4,7.9,TRUE,3.9,No
2489,38,Female,Single,Bachelors,Human Resources,HR Business Partner,2,4867,2.4,7.8,18,6.8,4,Hybrid,5.8,7,5.9,4.6,6,3,8.8,FALSE,5,Yes
2490,26,Female,Single,Masters,Marketing,Content Strategist,2,4104,7.6,2.9,6,2.9,2,Hybrid,6.7,9,3.9,6,7.6,3,7.2,FALSE,6.3,No
2491,51,Female,Married,Bachelors,Operations,Program Manager,4,8280,16.6,8.8,12.7,4.2,0,Hybrid,2.8,21,2.5,7,6.4,4,7.9,FALSE,5,No
2492,47,Male,Married,PhD,Marketing,Marketing Specialist,2,5507,7.1,2.5,14.9,2.5,2,Hybrid,4.5,4,2.9,4.7,6.6,3,7.4,FALSE,5.3,No
2493,29,Female,Married,Bachelors,Customer Support,Customer Success Manager,3,5482,16.3,8,9,1.5,2,Hybrid,5,7,3.3,5.1,5.4,2,8.4,FALSE,7.8,No
2494,34,Male,Single,High School,Customer Support,Customer Success Manager,2,2507,13.9,6,14,0.5,3,Onsite,4.6,10,4.7,6.8,6.5,4,8.6,FALSE,9,No
2495,44,Female,Divorced,Bachelors,Engineering,Software Engineer,5,11286,8.9,12.3,21.6,1.1,3,Hybrid,4.9,3,3.4,6.1,5.8,4,10,TRUE,5.1,No
2496,47,Male,Married,Masters,Marketing,Content Strategist,4,6785,10.5,8.3,16.7,0.7,2,Onsite,3.7,11,6.2,4.5,4.8,4,8,FALSE,3.5,No
2497,47,Male,Married,Bachelors,Engineering,Data Engineer,5,9532,6.3,11.9,18,4.2,1,Onsite,2.4,6,2.6,7.4,6.1,4,6.8,TRUE,4.1,No
2498,51,Male,Married,Bachelors,Sales,Account Executive,5,11110,12.8,9.3,15.5,0.8,2,Onsite,20.4,20,7.3,4.8,3.6,3,7.9,TRUE,5.7,No
2499,36,Male,Single,Bachelors,Sales,Sales Manager,2,4118,15.5,4,9.2,0.2,1,Hybrid,7.2,23,3.7,6.1,4.3,3,6.9,FALSE,5.8,No
2500,34,Female,Single,Masters,Customer Support,Support Specialist,3,4459,7.9,7.7,13.8,4.4,1,Remote,5.1,6,5.3,7,7.3,3,9.1,FALSE,3.3,Yes
2501,39,Female,Married,Bachelors,Engineering,QA Engineer,2,8223,12.7,5,19,3.9,4,Onsite,3.8,5,3.5,5.8,6.6,3,7.3,FALSE,7.1,No
2502,33,Female,Married,Masters,Finance,Financial Analyst,3,5994,12.3,8.3,13,2,1,Remote,6.3,5,3.9,8.1,6.8,4,7.9,FALSE,5.4,No
2503,41,Female,Single,PhD,Marketing,Growth Manager,3,7787,9.8,7.8,9.3,0.9,0,Hybrid,5.3,6,1.9,8.8,7.5,4,7.8,TRUE,4.7,No
2504,42,Male,Single,Masters,Customer Support,Customer Success Manager,3,6471,16.2,5.5,10.9,0.6,2,Hybrid,14.4,6,4.4,7.8,3.6,3,8.4,FALSE,2.1,No
2505,33,Female,Single,Masters,Customer Support,Customer Success Manager,3,5135,13.7,2.9,4.3,1.4,0,Hybrid,7.9,5,3.3,6.1,6.9,4,9.4,TRUE,7.1,No
2506,48,Female,Married,Bachelors,Engineering,Software Engineer,3,7060,9.8,6.3,14.3,0.8,2,Hybrid,3.7,6,1.1,8.5,7.2,4,7.5,FALSE,2.9,No
2507,35,Female,Single,Bachelors,Customer Support,Support Specialist,3,5842,10.8,9.5,12.9,1,1,Onsite,8.4,5,4.6,4.9,6.6,2,6.1,FALSE,9,Yes
2508,45,Female,Married,PhD,Engineering,Software Engineer,4,11733,12.2,10.8,18.1,3.1,2,Hybrid,8,8,5.4,6.1,5.2,4,7.7,TRUE,5,Yes
2509,39,Male,Divorced,Bachelors,Finance,Financial Analyst,4,8478,8.7,9.2,19,0,2,Hybrid,3.5,4,1.5,6.8,6.9,5,10,FALSE,5.3,No
2510,45,Female,Married,Bachelors,Engineering,Data Engineer,4,13595,10.9,11.8,14.2,2.5,1,Remote,20,10,8.4,4,3.3,3,7.9,TRUE,1.9,Yes
2511,28,Female,Single,Bachelors,Engineering,QA Engineer,1,4221,11.6,5.7,8,3.6,2,Remote,3.9,4,4.3,6.6,6,4,7.8,TRUE,6.1,Yes
2512,26,Male,Married,Masters,Research & Development,Product Researcher,2,5359,9,5,6,1.3,5,Hybrid,2.1,7,1.8,8.2,5.9,3,8.1,TRUE,6.5,No
2513,35,Male,Divorced,High School,Customer Support,Support Team Lead,2,3675,17.3,6.7,9.7,1.1,1,Remote,4.7,7,5.4,4.2,6.6,4,10,TRUE,3.6,No
2514,51,Prefer not to say,Single,Masters,Marketing,Content Strategist,4,8905,17.3,11.4,19.4,1.2,2,Hybrid,2.6,11,3,9.7,7.3,4,6.8,TRUE,6.9,No
2515,27,Prefer not to say,Single,Masters,Engineering,Engineering Manager,2,6714,4.8,4.1,7,4.1,3,Hybrid,3.8,6,3.7,5.9,6.1,4,7.6,FALSE,4.6,Yes
2516,33,Male,Single,Masters,Engineering,Data Engineer,3,9844,10.2,9.8,13,1,2,Hybrid,3.3,3,4.1,6.8,5.8,3,8.7,TRUE,2.6,Yes
2517,28,Female,Married,Bachelors,Sales,Account Executive,4,7815,8.6,6.4,8,2.1,2,Hybrid,8.5,17,3.8,7.5,5.6,5,8.9,FALSE,7.7,Yes
2518,32,Male,Divorced,PhD,Sales,Sales Development Rep,2,5877,8.4,7.8,10.4,3.2,0,Onsite,7.4,24,3.7,6.4,6.2,4,6.2,FALSE,5.5,No
2519,33,Male,Married,Masters,Engineering,QA Engineer,3,7217,5.7,10.9,13,0.8,3,Hybrid,14.4,5,6.3,6.6,4.8,4,9.4,TRUE,4.2,No
2520,36,Non-binary,Single,Bachelors,Sales,Sales Development Rep,5,8821,12.3,12.1,16,1.6,1,Hybrid,5,17,2.9,9.3,6.1,5,9.6,FALSE,3.2,No
2521,34,Non-binary,Divorced,Masters,Engineering,Software Engineer,2,10792,13.7,3.7,12,1.8,3,Hybrid,7.6,6,4.8,6.6,5.5,3,7.7,TRUE,5.1,No
2522,31,Male,Divorced,Bachelors,Engineering,QA Engineer,2,6598,8.6,7.1,11,3.5,2,Onsite,7.7,7,3.7,6.1,4.2,4,8.3,TRUE,4.1,No
2523,36,Female,Married,Bachelors,Customer Support,Customer Success Manager,2,4168,13.9,1.4,0,1.4,0,Hybrid,5.9,8,3.6,5.5,4.9,2,6.3,TRUE,6.5,No
2524,35,Female,Married,Bachelors,Operations,Program Manager,2,5380,13.5,8.1,15,1.6,6,Hybrid,6.1,24,4.9,9.1,5.9,3,9.8,TRUE,8,No
2525,54,Male,Divorced,Bachelors,Operations,Program Manager,5,8243,15.4,11.5,18.3,2.6,1,Remote,6.2,27,4.1,5.7,6,4,8.2,FALSE,4.6,No
2526,50,Male,Divorced,Masters,Operations,Program Manager,4,11423,11.8,6.9,18.5,1.1,3,Onsite,1,17,5.1,4.9,7.3,4,7.3,FALSE,4.4,No
2527,31,Male,Married,Bachelors,Sales,Account Executive,2,5528,10.6,4.3,9.3,1.3,0,Remote,9,25,3.9,6.9,5.2,2,8.9,FALSE,6.2,No
2528,26,Female,Married,Bachelors,Operations,Operations Analyst,2,4441,15.4,5,6,0.8,3,Onsite,15.3,20,4.6,7.1,2.5,3,9.6,TRUE,1.9,No
2529,42,Male,Single,Masters,Customer Support,Support Team Lead,4,6918,8.1,9.7,14.2,5.4,1,Hybrid,7.4,10,2.7,6.2,5.9,3,9.2,TRUE,2.3,No
2530,29,Female,Married,Bachelors,Research & Development,Research Scientist,1,3802,7.9,3.4,4.6,2.7,1,Hybrid,2.4,8,2.2,5.7,9.5,3,8.6,TRUE,5.3,No
2531,45,Male,Single,High School,Sales,Sales Manager,4,7428,8.6,9.8,13.8,1.5,1,Hybrid,8.3,18,6.4,3.8,3.4,3,7.9,TRUE,6,No
2532,31,Female,Married,Masters,Customer Support,Support Specialist,3,5994,7.8,4.1,11,2.8,3,Hybrid,3.3,11,5,4.4,4.2,3,8.6,FALSE,4.4,Yes
2533,43,Male,Single,Bachelors,Operations,Operations Manager,3,5645,15.1,5.2,13.1,3.7,3,Onsite,3,20,2,8,8.2,3,7,FALSE,3.6,No
2534,35,Male,Married,High School,Engineering,Engineering Manager,3,4139,12.9,4.7,6.3,1.8,0,Onsite,6.5,1,5.4,6,4.9,3,10,TRUE,4.2,Yes
2535,33,Female,Single,Bachelors,Human Resources,HR Business Partner,2,3032,15,7.6,13,2.6,2,Remote,4.9,4,5.3,3.2,6.2,3,7.4,FALSE,7.4,Yes
2536,47,Male,Married,Bachelors,Sales,Sales Manager,3,7597,8.2,8.4,14.9,1.8,2,Onsite,2.6,20,4.4,8,6.8,3,8.5,TRUE,4.4,No
2537,38,Male,Single,Masters,Engineering,Software Engineer,4,10400,10,5.8,14.1,0.5,3,Onsite,1,1,1,8.7,7.5,4,10,TRUE,3.4,No
2538,26,Female,Married,High School,Marketing,Marketing Specialist,2,3712,17.7,5,6,0.4,1,Hybrid,1.8,7,3.4,7.3,9.4,4,8,FALSE,5.1,No
2539,39,Male,Married,Bachelors,Finance,Financial Analyst,1,3318,7.7,1.5,10,0.5,2,Onsite,10.9,8,5.9,6.5,4.5,3,10,FALSE,5.4,No
2540,54,Male,Married,Masters,Engineering,Engineering Manager,5,10360,7.2,12.5,15.5,0.1,0,Hybrid,0.2,7,1.5,6.5,7.5,4,9.5,FALSE,1,No
2541,38,Female,Married,Masters,Sales,Sales Manager,5,12140,11,14.6,18,1.6,3,Hybrid,7.4,23,4.2,6.7,7.1,2,6.2,FALSE,5.6,No
2542,25,Female,Divorced,Bachelors,Sales,Account Executive,3,7614,5.8,4,5,1.2,3,Onsite,5.4,23,4.4,7.9,7.7,4,7.4,FALSE,7.7,No
2543,37,Female,Married,Masters,Engineering,QA Engineer,1,4762,10.5,7.6,11.6,0.2,2,Onsite,1.5,1,2.3,5.1,8.7,3,10,TRUE,1,No
2544,33,Female,Single,Masters,Operations,Operations Analyst,3,6864,10.4,5.4,13,3.6,2,Hybrid,5.1,21,2.6,7.2,5.9,4,8.3,FALSE,4.1,No
2545,41,Male,Single,High School,Engineering,Software Engineer,3,7757,9.1,7.1,17,1.7,2,Remote,9,5,3.7,5.5,7.9,4,8.5,TRUE,2.8,Yes
2546,49,Male,Married,Masters,Finance,Financial Analyst,2,7109,8.1,6.3,16.3,3.9,3,Hybrid,14.5,7,5.2,7.5,4.6,4,8.9,TRUE,6.4,Yes
2547,34,Female,Married,Masters,Customer Support,Support Team Lead,4,7606,12.7,9.7,13.8,4.3,0,Onsite,10.3,8,4.3,6.6,6.2,4,9.8,FALSE,6.9,No
2548,44,Male,Married,Masters,Research & Development,Research Scientist,3,8791,12.2,12,14.6,1.3,1,Hybrid,4.5,10,2,6.4,7,3,6.2,TRUE,1,No
2549,36,Male,Single,Masters,Engineering,Data Engineer,3,9540,6.6,8.2,14.6,2.6,1,Hybrid,4.3,6,3.1,5.3,7.3,4,9.6,TRUE,2.5,No
2550,30,Female,Single,Bachelors,Engineering,Software Engineer,2,7075,5.8,9,10,5.9,2,Onsite,5.1,8,4.7,4.5,5.2,3,8.8,TRUE,2.7,Yes
2551,40,Male,Married,Bachelors,Engineering,Engineering Manager,3,8323,10.5,8.6,14.8,2.4,0,Onsite,6.1,3,4.2,7.8,6.4,4,7.9,TRUE,5.7,No
2552,40,Male,Married,Bachelors,Sales,Account Executive,2,5212,5.3,5.8,13.4,0.8,2,Hybrid,5.2,29,4.1,5,6.7,4,9.8,FALSE,5.5,No
2553,35,Male,Married,Bachelors,Sales,Account Executive,3,6688,15,5.7,11.7,1.9,1,Hybrid,7.4,24,3.5,6.7,5.4,3,5.8,FALSE,3.6,No
2554,38,Female,Married,Masters,Operations,Operations Manager,4,6405,5.7,7.5,14.2,2.5,1,Onsite,15.8,29,8.3,4,3.8,3,8.7,FALSE,1.1,No
2555,33,Female,Single,Masters,Marketing,Content Strategist,3,6248,12,6.2,8.7,0,0,Hybrid,8.4,5,3.7,7.3,6.2,3,8.7,TRUE,6.6,No
2556,38,Male,Married,Bachelors,Engineering,Engineering Manager,3,7789,11.7,3.7,10.3,2.2,1,Remote,8.8,4,4.6,6.3,6.8,3,8.4,TRUE,4.9,No
2557,48,Male,Married,Bachelors,Engineering,Engineering Manager,5,12633,13.6,11.9,16.4,0.6,0,Remote,4.3,6,3.7,7.4,7.2,5,10,FALSE,2.1,No
2558,33,Female,Single,PhD,Engineering,Engineering Manager,4,13585,12.7,8.4,12.2,2.1,1,Hybrid,14.3,3,5.6,4.6,5,3,8.1,TRUE,2.3,No
2559,34,Female,Married,Bachelors,Operations,Program Manager,3,6337,17.1,6.6,14,0.7,1,Remote,1.6,20,1,9.8,9.2,5,8.5,TRUE,1.3,No
2560,46,Male,Married,High School,Engineering,Engineering Manager,4,7476,1.6,8.9,15.8,8.5,2,Hybrid,10.9,7,2.4,6.3,4.8,4,9.2,FALSE,4.5,No
2561,44,Male,Single,Bachelors,Engineering,Data Engineer,4,11245,9.7,10.1,14.4,1.3,1,Hybrid,7.7,7,4.2,5.2,6.6,4,7.5,TRUE,3.2,No
2562,35,Male,Single,Bachelors,Finance,Accountant,2,4976,12.4,5.1,5.3,2.4,0,Onsite,3.6,2,5.8,6,6.5,4,9.2,FALSE,7.1,No
2563,27,Male,Married,Masters,Engineering,Software Engineer,1,5320,14.2,0.5,7,0.5,2,Hybrid,2.1,5,2.1,6.3,6.6,5,10,TRUE,4.8,Yes
2564,51,Male,Married,Masters,Operations,Operations Analyst,4,8662,11.4,6.1,9.2,4.8,0,Remote,12.6,17,5,4.8,6.4,3,8.2,TRUE,5.4,No
2565,44,Female,Single,Bachelors,Engineering,QA Engineer,3,8946,12.7,7.4,10.2,2.2,4,Onsite,10.6,4,6.9,6.1,3.9,4,8.8,TRUE,5.2,Yes
2566,34,Female,Single,Masters,Finance,Accountant,3,7975,2.2,6.3,14,6.3,3,Hybrid,10.5,5,5.9,5.3,5.5,3,7.8,FALSE,5.3,Yes
2567,36,Male,Married,Bachelors,Sales,Sales Manager,2,5337,4.4,9.3,14.2,0.9,1,Onsite,6.2,23,5.3,5.3,6.1,4,7.8,TRUE,6.7,No
2568,24,Female,Single,High School,Engineering,QA Engineer,2,6744,11.5,1.8,3.9,0.8,0,Remote,14.3,6,4.3,6.3,5,3,7.5,TRUE,4.3,Yes
2569,43,Female,Single,Bachelors,Operations,Program Manager,3,5919,8.8,6.3,16.7,4.3,2,Hybrid,3,17,2.8,8.7,5.8,4,10,FALSE,5.8,No
2570,27,Male,Married,PhD,Engineering,QA Engineer,3,8066,9.8,4.1,5.4,2.3,0,Remote,5.8,2,1.4,10,6.7,4,9.5,TRUE,7.4,No
2571,42,Non-binary,Married,Bachelors,Operations,Program Manager,3,5150,7.8,10.1,11.7,3.5,1,Remote,6.6,16,3.5,6.7,7.3,4,10,FALSE,5.6,No
2572,28,Male,Single,Bachelors,Customer Support,Support Team Lead,2,3347,12.7,7,8,0.8,2,Onsite,1.9,5,1.9,10,6.8,4,9.4,TRUE,7.9,No
2573,36,Female,Married,High School,Engineering,Data Engineer,4,7361,13.6,9.1,16,3,2,Onsite,3.3,4,5.4,7.5,7.6,4,8.8,TRUE,3.3,No
2574,36,Male,Single,Masters,Marketing,Marketing Specialist,3,6580,17.6,4.4,16,0.8,4,Remote,1.9,4,4.6,5.8,6,4,9.9,TRUE,5.4,No
2575,21,Male,Divorced,Masters,Operations,Operations Analyst,2,5481,15.8,0,1,0,0,Onsite,5.3,18,4.9,6.4,5.2,4,8.9,TRUE,4.6,No
2576,49,Male,Married,Masters,Sales,Account Executive,5,13866,10.2,9.6,16.6,1.3,2,Hybrid,9.9,16,5.4,5.2,6.4,3,8.7,FALSE,3.9,No
2577,37,Male,Married,Masters,Finance,Finance Manager,2,6056,11.4,3.8,7.4,2.7,1,Hybrid,4,5,1.4,9.1,8,5,10,TRUE,6.5,No
2578,42,Female,Married,Bachelors,Engineering,QA Engineer,4,10232,12.2,8.5,13.4,0.4,1,Remote,5.9,4,2.1,7.8,7.4,4,7.3,TRUE,1.9,No
2579,43,Female,Single,Bachelors,Sales,Account Executive,1,4450,12.2,5,11.9,0.7,2,Onsite,6.9,17,5.6,4.6,4,4,10,FALSE,2,No
2580,51,Male,Single,Bachelors,Sales,Sales Manager,5,10152,3.8,9.6,16.6,9.3,2,Remote,8.6,24,4.7,4.8,4.6,4,6.9,FALSE,3.1,No
2581,31,Female,Single,Bachelors,Operations,Program Manager,2,4226,12.1,7.5,11,3.4,1,Remote,3.5,18,4.2,5.8,6.5,4,8.4,TRUE,5.4,No
2582,44,Male,Married,Bachelors,Finance,Finance Manager,2,5119,16.7,4,16.1,1.7,3,Hybrid,1.1,6,3.2,7.9,7.7,4,8.7,TRUE,5.9,No
2583,38,Female,Single,PhD,Operations,Operations Manager,3,8053,10.1,4.2,11,1.8,1,Hybrid,2.2,12,4.2,4.6,6.6,3,7.9,FALSE,3.2,No
2584,36,Male,Married,Bachelors,Customer Support,Customer Success Manager,4,5974,11,10.4,16,0.5,1,Hybrid,7.1,6,4.1,7.3,5.8,4,8,TRUE,8,No
2585,35,Female,Married,Bachelors,Research & Development,R&D Manager,4,8748,10.6,9.1,13.5,1.3,2,Hybrid,9.1,6,5,5.4,4.9,4,7.2,TRUE,4.6,No
2586,49,Female,Divorced,Bachelors,Engineering,QA Engineer,3,8661,8.2,5.4,9.6,0.1,1,Hybrid,7,8,7.2,4.5,5.2,3,8,TRUE,2.4,No
2587,31,Female,Married,Masters,Finance,Accountant,4,6865,14.2,5.2,7.6,0.4,1,Onsite,4.5,3,4.5,5.3,5.8,3,7.5,FALSE,8.1,No
2588,31,Male,Single,Bachelors,Sales,Sales Development Rep,3,6354,10.1,7.7,11,1,3,Onsite,7.5,20,4,6.3,6,3,9.1,FALSE,4.9,No
2589,36,Female,Single,Bachelors,Sales,Sales Development Rep,3,7356,15.1,4.4,14.5,1.7,4,Hybrid,16.1,25,4.7,8.3,4.1,4,9.6,TRUE,5.3,No
2590,46,Female,Single,Bachelors,Customer Support,Support Specialist,4,6541,6.5,8.6,12.5,7.2,1,Remote,6.7,8,3.7,6,5.3,3,10,TRUE,6.2,No
2591,37,Male,Married,Bachelors,Marketing,Content Strategist,3,8642,12.4,8.3,12.6,1.3,1,Remote,2,6,1.5,6.3,8.1,5,7.5,TRUE,5.8,No
2592,54,Male,Married,Bachelors,Marketing,Content Strategist,5,8594,14,5.7,12.6,0.2,3,Hybrid,3.6,3,4.3,8.5,7.6,4,7.6,FALSE,3.5,No
2593,54,Male,Married,High School,Engineering,Software Engineer,4,9180,13.3,9.9,11.4,2.8,0,Onsite,4.7,3,4.4,6.6,6.9,4,8.1,TRUE,5.9,No
2594,35,Male,Single,Masters,Operations,Operations Analyst,4,9136,14.2,9.2,15,0.1,3,Onsite,5.1,15,3.8,10,8,5,6.9,FALSE,5.6,No
2595,29,Male,Married,Masters,Customer Support,Support Specialist,1,2996,16.4,2.8,8.9,2.8,2,Onsite,4.5,5,3.1,4.9,7.3,3,9.7,FALSE,4.5,Yes
2596,41,Female,Married,Bachelors,Operations,Program Manager,3,5707,11.1,4.3,7.6,1.4,1,Onsite,8.5,20,2.7,6.1,6.5,4,9.8,FALSE,5.3,Yes
2597,35,Female,Single,Bachelors,Operations,Operations Analyst,1,3374,9.7,2.3,12,2.3,2,Remote,2.9,19,1,6.6,8,4,7.4,TRUE,5.1,No
2598,38,Male,Married,Bachelors,Engineering,Software Engineer,4,9211,7.7,10,18,1.1,5,Remote,12.7,2,4.4,7.1,4.8,4,7.1,FALSE,3.3,No
2599,39,Female,Married,PhD,Sales,Account Executive,3,7659,11.2,8.2,15.4,3.8,0,Hybrid,8.4,14,3.3,6,5.6,3,6.2,FALSE,5.4,No
2600,48,Female,Single,Bachelors,Marketing,Growth Manager,4,8567,9.5,13.3,20.6,1.5,3,Remote,2.1,2,2.3,4.7,8.4,4,7.9,FALSE,5,No
2601,37,Male,Married,Masters,Operations,Operations Manager,2,5952,9.2,10.5,17,1.7,0,Onsite,10.7,20,4.8,7.2,6,4,7.4,TRUE,5.6,No
2602,39,Male,Divorced,Masters,Engineering,Engineering Manager,2,7636,13.6,5.2,13.3,0.9,2,Onsite,8.5,7,6.5,3.7,5.7,3,6.2,TRUE,6.4,Yes
2603,26,Female,Divorced,Masters,Engineering,Data Engineer,3,8869,9.8,5,6,1.2,2,Remote,9,5,3.9,7.3,5.2,4,7.6,FALSE,1,No
2604,25,Female,Married,Bachelors,Research & Development,Research Scientist,2,4386,10.5,4,4.4,1.8,0,Remote,4.6,10,3.1,5.7,7.7,4,7.7,TRUE,2.6,No
2605,39,Female,Single,High School,Engineering,Software Engineer,3,7268,9.5,8.9,12.4,0.5,0,Remote,2.7,4,1.1,7.5,7.1,4,9.7,TRUE,1.2,No
2606,44,Male,Married,Masters,Operations,Operations Manager,4,7916,10.7,7.1,16,4.8,4,Hybrid,2.9,13,1.6,6.8,6.5,4,7.2,FALSE,1.6,No
2607,37,Female,Married,Masters,Sales,Account Executive,3,7311,8.8,9.8,15.8,6.3,1,Onsite,19.6,31,5.4,8,3.1,4,8.1,TRUE,4.6,Yes
2608,45,Male,Married,PhD,Customer Support,Support Team Lead,4,7630,7.2,12.4,15,0,0,Onsite,6.9,9,3.4,7.5,6.3,3,7.1,FALSE,4.9,Yes
2609,37,Male,Married,Masters,Engineering,Data Engineer,3,9110,17.1,5.7,11,3,1,Hybrid,13.2,7,3.6,8.5,4.2,4,9,TRUE,3.5,Yes
2610,36,Female,Married,Masters,Operations,Program Manager,3,6076,12.4,4.5,8.9,2.3,2,Onsite,6,16,6.2,4.5,6.3,2,7.5,FALSE,7.3,Yes
2611,33,Female,Divorced,Bachelors,Research & Development,R&D Manager,3,7939,10.1,9,13,4.4,2,Hybrid,5.7,7,3.2,6.3,6.2,3,10,TRUE,2.3,No
2612,54,Female,Single,Masters,Operations,Program Manager,5,7870,9.9,6,8.7,1.8,0,Hybrid,3.9,24,4.3,7.1,6.7,3,6.8,TRUE,1.2,No
2613,31,Male,Single,Bachelors,Sales,Sales Manager,3,6697,18.9,9.1,11,1,1,Onsite,6.7,17,3.8,5.8,6.3,3,8.3,TRUE,4.4,No
2614,37,Female,Married,Bachelors,Research & Development,Research Scientist,1,3383,9.7,0,3.2,0,0,Hybrid,17.8,4,6.8,4.3,3.3,3,6.8,TRUE,6.1,No
2615,45,Male,Married,Bachelors,Customer Support,Support Team Lead,3,4871,5.8,8.6,12.6,2.8,1,Onsite,5,6,3.7,6,6,5,10,TRUE,5,No
2616,30,Male,Married,Masters,Operations,Operations Analyst,2,5112,4.3,2.2,9.2,2.2,2,Remote,7.4,24,5.1,3.3,5.3,4,9.4,TRUE,7.4,No
2617,50,Male,Single,Bachelors,Engineering,Engineering Manager,5,11250,7.9,13.9,21.3,4.7,2,Remote,10.9,6,3.1,6.1,4.5,4,7.5,TRUE,2.5,No
2618,46,Male,Single,High School,Operations,Program Manager,4,8180,14.1,4.5,11.3,2.8,3,Remote,7.6,21,2.5,6.4,4.9,4,6.9,TRUE,6.2,No
2619,40,Male,Single,Bachelors,Customer Support,Support Team Lead,3,5168,11.9,9,13.4,1,1,Remote,2.9,8,3.6,6.6,6.5,5,10,TRUE,4.6,No
2620,31,Male,Married,Bachelors,Finance,Finance Manager,5,11826,14.5,9.1,11,1.8,1,Remote,11.7,7,3.5,9.5,6.7,5,8,FALSE,7.7,No
2621,29,Male,Single,Bachelors,Sales,Account Executive,1,3500,10,3.5,9,1.8,3,Onsite,11.8,25,5.3,5.1,5.9,4,5.7,TRUE,4,No
2622,41,Female,Single,Bachelors,Research & Development,Research Scientist,3,7759,11.3,9.6,15.7,2.2,2,Hybrid,6.2,5,4.3,3.9,6.8,3,10,FALSE,1,No
2623,25,Female,Single,Masters,Engineering,Engineering Manager,3,7022,10.1,4,5,2.6,2,Remote,5.6,2,3,5.5,8.2,3,8,TRUE,3.1,No
2624,35,Female,Single,PhD,Sales,Sales Development Rep,3,10421,14.1,7.5,12.1,0.1,1,Remote,6.4,21,2.5,6.1,6.8,3,7.8,TRUE,4.2,No
2625,36,Female,Single,Bachelors,Research & Development,Research Scientist,1,3721,8.3,5.9,16,2.5,4,Onsite,2.4,6,3.3,8.1,7.1,4,9.5,TRUE,4.5,No
2626,49,Male,Divorced,Bachelors,Finance,Financial Analyst,4,7485,12.4,10.5,14.2,4.5,1,Hybrid,1.4,12,2.1,9.9,6.9,5,10,FALSE,3.1,No
2627,36,Female,Single,High School,Engineering,Engineering Manager,4,8300,9,8.1,16,2.2,4,Onsite,16.2,8,6,6.7,3,4,9.4,TRUE,2.6,No
2628,53,Female,Divorced,Masters,Human Resources,HR Manager,5,10929,15.3,9.9,20.1,2.9,4,Hybrid,3.2,4,3.6,7.4,7.6,4,9,TRUE,4.1,No
2629,30,Female,Married,Bachelors,Research & Development,Research Scientist,2,5229,13.1,2.7,10,2.7,4,Hybrid,23.9,6,7,5.6,2.3,3,8.7,TRUE,5.3,No
2630,46,Female,Single,High School,Research & Development,Research Scientist,3,6004,13,4.7,12.7,3.1,4,Hybrid,8.4,3,6.4,4.6,5.6,4,8.1,TRUE,3.7,No
2631,44,Female,Married,Masters,Sales,Sales Manager,4,11338,16.7,10.5,16.6,1.2,0,Onsite,23.6,22,8.3,5.8,2.8,3,7,TRUE,3.1,No
2632,23,Female,Married,Bachelors,Engineering,QA Engineer,1,3203,12.7,2,3,2,3,Hybrid,5.4,5,2,9.3,7.5,5,9,TRUE,3.9,No
2633,63,Prefer not to say,Married,Masters,Engineering,Software Engineer,5,11247,16.4,8.4,12,1.7,2,Hybrid,3.4,3,1.8,8.5,4.9,4,7.5,FALSE,3.5,No
2634,55,Male,Married,Bachelors,Engineering,Data Engineer,4,9437,13,9,15.1,0.8,3,Remote,2.9,5,1.3,7.3,8.9,3,6.8,TRUE,4.7,No
2635,51,Male,Single,Bachelors,Engineering,Engineering Manager,4,10390,13.3,8.9,21.4,1.8,5,Onsite,2.9,1,3.9,7.4,6.9,3,7.3,TRUE,3.3,No
2636,41,Female,Married,Bachelors,Sales,Account Executive,2,6524,9.5,4.2,8.8,1.6,2,Remote,6.1,20,2.7,5.1,6.5,3,8.2,FALSE,5.7,No
2637,30,Male,Married,Bachelors,Operations,Operations Analyst,2,3939,12.8,3,3,0.3,1,Hybrid,11.2,23,5.3,4.5,4.9,3,8.3,FALSE,4.6,No
2638,54,Male,Married,PhD,Marketing,Growth Manager,4,8398,13.4,10.3,14.5,1,1,Hybrid,4.8,5,2.5,7.1,6.8,4,8.9,FALSE,5.8,Yes
2639,28,Male,Married,Masters,Engineering,Software Engineer,1,6140,12.2,3.3,8,0.2,1,Onsite,4.8,5,4.9,7,6.5,4,9.9,TRUE,2.9,Yes
2640,29,Female,Divorced,Bachelors,Customer Support,Support Specialist,1,2328,15.5,7.5,9,1.2,2,Onsite,5.5,5,4.8,5.1,7.8,4,9.5,FALSE,8.1,No
2641,29,Female,Married,Bachelors,Sales,Sales Manager,4,7940,17.5,7.3,9,0.7,2,Onsite,11,26,5.6,8,4.2,2,7.4,TRUE,3.7,No
2642,39,Male,Single,Bachelors,Engineering,Software Engineer,5,8866,10.1,8.4,16.4,3.2,2,Onsite,13,7,5.3,4.7,5.6,4,8.3,TRUE,1,No
2643,38,Male,Single,Bachelors,Finance,Financial Analyst,4,7735,14.7,13.4,18,1.9,4,Remote,4.3,2,3.5,6.1,6.4,3,8.4,FALSE,5,Yes
2644,54,Female,Married,Bachelors,Engineering,Data Engineer,4,10614,12.4,6.6,15.7,0.2,2,Hybrid,12.3,4,4.7,8.4,4.2,4,9.1,FALSE,3.4,Yes
2645,43,Non-binary,Single,PhD,Engineering,Engineering Manager,3,8081,7.6,10.6,13.7,1.6,0,Hybrid,0.3,5,4.1,6.4,6.5,3,8.2,TRUE,4.6,No
2646,34,Male,Married,Masters,Operations,Operations Analyst,4,9014,9.7,9.6,14,1.5,4,Hybrid,8,15,6.9,3.5,4.6,3,10,FALSE,7.3,No
2647,37,Female,Married,Masters,Sales,Sales Development Rep,2,5025,13.4,1.7,2.3,1.7,0,Hybrid,7.1,30,1.4,8.6,6.6,4,9.2,FALSE,7,Yes
2648,40,Female,Married,Bachelors,Finance,Finance Manager,3,6334,16.5,3.1,6.7,1.1,2,Hybrid,9.7,6,4.4,5.9,6.8,3,8.5,TRUE,6.1,Yes
2649,37,Male,Married,Bachelors,Marketing,Marketing Specialist,5,10474,9.6,14,17,5.4,1,Remote,8.8,5,3,8.2,6.1,3,7.7,FALSE,5.4,No
2650,55,Male,Married,Bachelors,Research & Development,R&D Manager,3,8955,9.3,1.8,4.6,1.8,0,Hybrid,1.1,4,3.1,7.8,6.4,5,8.3,TRUE,4.7,No
2651,43,Male,Single,High School,Engineering,Engineering Manager,4,8757,12.7,7.5,13.7,1.4,2,Hybrid,7.1,4,6.7,5.1,3.9,3,9.3,TRUE,5.4,No
2652,34,Male,Single,Bachelors,Research & Development,Research Scientist,2,5655,12.4,3.5,12,3.5,2,Hybrid,7.2,6,5.5,4.9,5.6,4,7.5,FALSE,4.3,Yes
2653,41,Female,Single,Bachelors,Operations,Operations Manager,3,4920,10.1,6.3,16.3,2.9,3,Hybrid,13.1,24,3.1,7.1,4.9,4,8.9,TRUE,4.5,Yes
2654,38,Male,Single,Bachelors,Research & Development,R&D Manager,3,6047,5.9,7.2,12.5,6,2,Onsite,4.3,11,3.2,5.9,8.3,3,10,TRUE,3.5,No
2655,38,Male,Single,Masters,Engineering,Engineering Manager,3,8754,10.2,5.2,12.8,5.2,0,Onsite,4.9,5,4.1,5.8,6.1,4,10,TRUE,3.1,Yes
2656,35,Male,Married,Masters,Sales,Sales Development Rep,2,6804,3.5,5.3,14.6,4,2,Hybrid,14.8,21,7.5,5.5,5.4,2,5.7,FALSE,5.3,No
2657,44,Male,Divorced,Bachelors,Engineering,QA Engineer,4,11811,4.3,8.7,12.3,8.1,1,Remote,9.9,4,2.4,5.7,7.6,3,5.5,TRUE,4.1,No
2658,40,Non-binary,Single,PhD,Research & Development,Research Scientist,1,4606,16.2,0.8,4.4,0.5,0,Remote,5.7,6,1,7.7,8.1,4,9.1,TRUE,3.3,No
2659,37,Female,Married,Bachelors,Sales,Sales Development Rep,4,6023,13.2,5.9,12.5,2.4,2,Hybrid,4.1,26,4.4,5.8,7.2,3,8.8,TRUE,7.1,No
2660,23,Female,Single,Masters,Engineering,Data Engineer,2,5463,7.7,2,3,1.2,0,Hybrid,6.2,7,4.1,6.8,5.7,4,9.4,TRUE,2.7,No
2661,31,Female,Single,High School,Human Resources,Recruiter,2,3604,15,1.5,7,1.5,1,Hybrid,2.7,1,1,7.2,7.7,4,10,TRUE,5.8,No
2662,28,Female,Married,Bachelors,Customer Support,Support Team Lead,4,6196,8.7,7,8,0,2,Onsite,2.9,13,4.8,6.7,4,3,6.9,FALSE,5.9,No
2663,35,Male,Single,Bachelors,Human Resources,HR Business Partner,3,3686,15,8.4,9.7,5.7,0,Hybrid,1.8,5,2.2,7.4,7,3,7.3,TRUE,1.4,No
2664,38,Male,Married,Bachelors,Engineering,Data Engineer,2,6697,10.7,2.6,6.6,1.4,3,Onsite,10.7,6,3.8,7.7,5.9,5,10,TRUE,4.4,No
2665,32,Male,Single,Masters,Sales,Account Executive,2,6658,12.4,4.9,12,1.4,4,Onsite,5.5,17,6.2,5.5,5.9,4,10,TRUE,5.4,Yes
2666,27,Female,Married,Bachelors,Finance,Financial Analyst,4,7883,14.2,6,7,0.7,4,Onsite,17.4,6,6.5,7.2,3.6,4,8.1,TRUE,4.2,No
2667,23,Female,Single,Bachelors,Marketing,Marketing Specialist,1,2299,9.6,2,3,2,2,Remote,3.2,5,2.6,6.8,6.2,3,9.3,TRUE,5.9,No
2668,56,Male,Single,Masters,Engineering,QA Engineer,5,11300,12,10.9,17.8,1.4,1,Onsite,13.5,8,4.9,4.9,5.2,4,9.3,FALSE,3.8,No
2669,35,Female,Single,Masters,Sales,Account Executive,2,6224,8.3,4.8,15,4.8,4,Hybrid,3.3,28,2.8,5.8,8.2,4,9.5,FALSE,7,No
2670,29,Male,Married,High School,Sales,Sales Manager,3,6295,20.3,8,9,1.5,3,Hybrid,7.5,26,5.3,2.8,6.8,2,7.8,TRUE,8.3,No
2671,48,Female,Married,Bachelors,Engineering,Software Engineer,4,7722,6.2,5.6,6.1,5.6,0,Hybrid,6.7,8,2.3,6.7,6.7,3,10,TRUE,3.2,No
2672,36,Female,Married,Masters,Finance,Accountant,4,8938,4.8,11.2,16,4.9,3,Onsite,4.5,6,5,3.6,7.3,4,7.5,FALSE,4.4,No
2673,39,Male,Divorced,Masters,Customer Support,Customer Success Manager,3,4897,13.8,8.8,9.2,0.7,1,Onsite,10.9,5,3.3,7.8,4.3,5,8,FALSE,3.9,Yes
2674,36,Male,Married,Bachelors,Engineering,Software Engineer,1,4935,13,5.2,9.3,1.8,1,Hybrid,20.2,8,6.8,6.1,3.5,3,6.6,TRUE,3.6,No
2675,47,Female,Married,PhD,Customer Support,Support Team Lead,3,5455,12.9,7.8,10.3,3.3,0,Hybrid,17.7,11,5.2,6.3,4.7,3,8.5,TRUE,3.3,No
2676,31,Male,Single,Masters,Sales,Sales Development Rep,1,4428,12.9,1.3,11,1.3,2,Onsite,11.9,19,3.9,6.4,6.3,3,8.8,FALSE,6.6,No
2677,53,Male,Married,Bachelors,Engineering,Engineering Manager,5,13239,17.2,8.3,21.4,1.2,4,Hybrid,5.5,4,2,8.5,6.5,4,8.4,TRUE,5.9,No
2678,37,Male,Married,Masters,Human Resources,HR Manager,4,10802,14.2,13.2,17,1.1,3,Onsite,6.1,9,5.7,6.2,5.7,3,9.2,FALSE,2.1,No
2679,40,Male,Divorced,Masters,Engineering,Data Engineer,4,10141,16,8,13.8,1,1,Hybrid,1.4,4,1.9,8.8,7.5,3,8.1,TRUE,1.7,No
2680,41,Male,Single,Bachelors,Sales,Sales Manager,4,7215,8.9,12.8,19.2,1.8,2,Remote,5.9,25,1.5,8.6,8.6,4,8.7,FALSE,4.2,No
2681,41,Male,Married,Masters,Customer Support,Support Specialist,2,2874,8,4.3,12.6,4.3,0,Remote,9.7,2,2.5,7.8,7.6,4,9.9,TRUE,4.7,No
2682,36,Female,Divorced,PhD,Sales,Sales Manager,4,8627,12.9,11,16,2.9,2,Hybrid,12.8,18,3.9,8,4.3,4,8.9,TRUE,8.2,No
2683,34,Male,Married,Bachelors,Research & Development,Product Researcher,2,6207,15.1,2.2,8.4,1,3,Hybrid,3.3,5,3.1,6,8.7,4,8.9,FALSE,5,No
2684,31,Male,Single,Masters,Engineering,Software Engineer,3,8523,11.7,5.4,10.3,0.9,1,Onsite,4.2,7,4.7,6.2,5.8,3,6.2,FALSE,1,No
2685,29,Male,Married,Bachelors,Engineering,QA Engineer,3,8296,14.3,5.4,9,0,3,Onsite,2.3,7,6,6.8,5.5,4,8.9,TRUE,7.4,No
2686,32,Male,Single,Masters,Human Resources,Recruiter,2,4434,12.6,0.7,10.9,0.7,2,Onsite,1.8,5,5.5,5.4,5.3,3,6.7,TRUE,6.3,Yes
2687,21,Female,Married,High School,Customer Support,Support Specialist,2,2346,10.7,0,0.7,0,0,Onsite,7.7,9,5.7,2.5,5.9,3,9,FALSE,7.2,Yes
2688,34,Female,Married,Bachelors,Customer Support,Support Team Lead,3,5819,9.8,8.5,13.2,4.8,2,Remote,11.4,8,4.8,7.3,3.8,3,8.5,FALSE,7.7,Yes
2689,36,Female,Single,Bachelors,Engineering,Engineering Manager,2,6217,18,3.1,7.2,0.4,1,Remote,5.9,9,5.4,3.7,6.4,3,9.1,TRUE,1,No
2690,38,Female,Married,Bachelors,Engineering,Software Engineer,4,11293,13.2,9.3,18,4.9,3,Onsite,3.2,5,2.7,5.3,6.6,4,8.3,TRUE,1,No
2691,37,Male,Divorced,Masters,Sales,Sales Development Rep,3,5425,10,3.5,5.4,2.6,0,Hybrid,16.7,26,4.1,8.6,3.2,4,9.7,TRUE,7.1,No
2692,42,Female,Married,High School,Sales,Account Executive,4,9935,13.7,6.7,17.7,0.9,3,Remote,6.7,22,2.6,5.8,6.8,3,9.4,FALSE,2.9,No
2693,46,Female,Single,Bachelors,Engineering,Data Engineer,1,4539,13,8.5,13.7,1.1,0,Onsite,0.6,5,3.5,6,8,3,9.6,TRUE,3,No
2694,25,Male,Married,Masters,Engineering,QA Engineer,1,4128,15.9,2.5,5,1,3,Remote,4.7,9,3.5,5,7.9,4,8.4,TRUE,5.1,No
2695,38,Male,Single,Bachelors,Operations,Operations Analyst,4,8420,20.8,8,11.2,0.8,1,Hybrid,6.2,30,2.3,8.6,7.3,4,8.4,TRUE,3.1,No
2696,38,Male,Single,Masters,Sales,Account Executive,2,6060,12.5,1.5,2.3,0.2,0,Onsite,5,18,5,9,7,3,9.4,FALSE,6.3,No
2697,44,Male,Single,Masters,Research & Development,R&D Manager,3,8371,9.7,9.8,21.8,1,2,Hybrid,11,3,4.3,7.5,6.4,4,8.6,FALSE,5.8,No
2698,28,Female,Single,Bachelors,Human Resources,HR Manager,4,7027,10.9,7,8,2.5,4,Remote,6.2,9,4,7.7,5.7,4,7.7,TRUE,8.4,No
2699,34,Female,Single,Masters,Engineering,Data Engineer,2,6175,11.4,5.1,10.1,3.9,3,Onsite,2.5,9,3.7,5.9,5.6,2,5.8,TRUE,4.2,Yes
2700,38,Female,Married,Masters,Operations,Program Manager,3,7623,9.2,10.7,18,0,3,Onsite,4.1,19,5.4,5.8,5.7,3,6.5,FALSE,6.3,No
2701,40,Female,Married,Bachelors,Engineering,Engineering Manager,3,9532,16.1,10.4,14.6,0.7,2,Hybrid,3.2,2,2.9,8.7,5.7,4,10,TRUE,6.6,No
2702,36,Male,Married,Bachelors,Sales,Account Executive,4,11794,8.4,11.7,16,6.3,4,Onsite,4.5,19,2.4,7.7,6.9,4,10,FALSE,3.6,No
2703,42,Non-binary,Married,Bachelors,Sales,Sales Manager,4,8571,18.9,6.9,14.8,0.4,1,Onsite,17,16,7.4,4.7,2.7,3,7.7,TRUE,3.9,Yes
2704,49,Male,Divorced,Masters,Engineering,Data Engineer,5,14697,10.1,14.1,20.7,2.3,0,Hybrid,7,3,3.2,8.6,6.9,5,8.7,TRUE,1,No
2705,51,Prefer not to say,Single,Bachelors,Customer Support,Customer Success Manager,4,4528,13.1,6.2,14.2,1.6,3,Remote,8,8,3.6,7.3,5.7,5,10,FALSE,5.5,No
2706,21,Female,Married,Bachelors,Sales,Sales Development Rep,1,2634,7.5,0,1,0,2,Hybrid,8.7,33,5.3,4.2,6.9,3,7.4,FALSE,5.2,No
2707,36,Female,Married,PhD,Finance,Financial Analyst,2,6323,10.3,9.6,14.2,2.9,2,Hybrid,1.6,7,2.7,6.9,7,3,8.3,FALSE,3.8,No
2708,43,Female,Divorced,Bachelors,Engineering,Software Engineer,3,11508,15.6,9.1,15.9,5.2,2,Remote,12.2,5,2.5,7.7,7.3,5,6.7,TRUE,4.5,No
2709,43,Male,Married,Bachelors,Finance,Finance Manager,4,6818,9.2,8.1,13.4,4.3,1,Onsite,16,7,6.3,7.4,4.3,5,10,FALSE,3.3,No
2710,44,Male,Married,Bachelors,Customer Support,Support Specialist,3,4790,12.8,7.8,11.7,3,2,Onsite,6,7,4.5,5.7,7.8,4,9,TRUE,6.4,No
2711,23,Male,Single,Masters,Engineering,Engineering Manager,3,6217,13.3,2,3,1.5,4,Remote,3.9,5,1.8,8.6,7,4,8.6,TRUE,2.1,No
2712,29,Male,Married,Masters,Sales,Sales Development Rep,1,4023,10.9,1.4,9,1.4,3,Remote,12.1,11,4.5,6.8,6,3,8.1,TRUE,3.2,No
2713,25,Male,Single,Masters,Marketing,Content Strategist,3,7673,12.5,4,5,0.9,1,Onsite,5.5,8,4.6,5.2,6.5,3,7.5,FALSE,5.7,No
2714,30,Female,Married,Bachelors,Engineering,Software Engineer,2,6362,14.8,5.4,10,0.5,1,Onsite,13.6,6,4,8.2,4.6,4,7.6,TRUE,7.1,No
2715,34,Female,Single,Bachelors,Finance,Financial Analyst,3,7012,13.5,5,12.7,1.9,3,Hybrid,10.9,7,7.4,2.6,4.6,2,7.8,FALSE,3.3,Yes
2716,29,Prefer not to say,Married,Bachelors,Research & Development,Research Scientist,2,6143,11.2,8,9,0.3,3,Onsite,0.6,8,1,8,5.3,4,9.4,TRUE,4.6,No
2717,60,Female,Married,Bachelors,Customer Support,Customer Success Manager,5,9282,14.9,8.7,24.5,1.7,6,Hybrid,3.9,5,2.7,8.1,7.4,4,9,FALSE,4.3,No
2718,54,Male,Single,High School,Marketing,Growth Manager,5,8903,14,8.6,16.6,1.9,2,Onsite,8.9,4,3.5,7.7,6.1,4,10,TRUE,3.4,No
2719,31,Male,Single,Masters,Engineering,Data Engineer,2,8146,10.1,8.9,11,1.8,0,Onsite,5.4,5,3.3,7,6.5,4,9.9,TRUE,7.3,No
2720,47,Male,Married,Masters,Engineering,QA Engineer,3,9635,12.2,5,14,1.2,2,Remote,2.7,6,2.2,7,8.3,4,7.3,TRUE,3.2,No
2721,42,Male,Married,Masters,Customer Support,Customer Success Manager,4,10050,20.1,10.3,19.2,0.3,4,Onsite,8.2,2,2.8,7.5,5.9,4,7.6,TRUE,6.8,No
2722,42,Female,Single,Masters,Operations,Operations Manager,4,9865,18,5.5,12.2,1.4,1,Hybrid,2.3,17,2.4,9.6,6.5,4,10,TRUE,2.9,No
2723,39,Male,Single,Bachelors,Operations,Program Manager,4,9208,15.2,7.1,11.8,2.6,1,Onsite,2.9,33,5.6,5.3,5.3,3,9.1,FALSE,3.8,No
2724,42,Female,Married,Bachelors,Marketing,Content Strategist,3,6552,6.8,5.2,14,4.6,2,Remote,12.6,7,4.9,4.6,6,4,9,TRUE,7.7,Yes
2725,48,Female,Single,Bachelors,Engineering,Engineering Manager,5,10020,12.2,11.2,19.9,0.8,3,Hybrid,4.5,5,2.8,9.3,5.5,4,8.4,TRUE,3.8,No
2726,30,Female,Married,Bachelors,Human Resources,HR Business Partner,2,4216,6.6,4,10,2.5,2,Onsite,4.9,3,4.4,4,6.8,3,7.8,FALSE,2.8,No
2727,26,Female,Single,Bachelors,Marketing,Content Strategist,1,3237,11.8,0.9,6,0.9,2,Remote,3.9,7,1.5,8.9,7.7,3,8.5,TRUE,7.1,No
2728,32,Male,Single,Bachelors,Engineering,QA Engineer,2,7209,12.5,2.7,7.5,1.4,1,Onsite,5.2,6,3.6,6.9,6.2,3,9,TRUE,6.5,No
2729,33,Male,Married,Masters,Sales,Sales Development Rep,1,3399,10.9,4.2,4.4,1.5,1,Onsite,7.6,25,2.4,7.1,6.8,4,9.2,FALSE,5.1,No
2730,50,Female,Single,PhD,Finance,Accountant,5,10921,10.9,12,16.1,0.7,3,Hybrid,9.3,11,4.5,6.1,3.2,3,8.9,TRUE,5.4,No
2731,39,Female,Married,Masters,Engineering,QA Engineer,3,8558,16,8.5,8.4,5.2,0,Hybrid,3.1,7,3.3,6.7,5.7,4,10,FALSE,3.6,No
2732,28,Male,Single,Masters,Engineering,Software Engineer,2,5095,10,7,8,3.9,2,Onsite,4.8,6,2.9,6.3,8,4,8.4,TRUE,2.2,No
2733,51,Male,Married,Masters,Engineering,QA Engineer,5,16947,14.6,11.5,16.2,1.7,1,Hybrid,10.5,13,1.9,8.2,6.6,4,8.8,TRUE,1.6,No
2734,26,Prefer not to say,Divorced,Bachelors,Operations,Program Manager,2,4084,11.9,5,6,0.9,4,Onsite,1.8,14,3.1,7.6,6.4,3,6.9,TRUE,4.9,No
2735,27,Female,Married,Bachelors,Sales,Sales Manager,2,4586,9.5,4.9,7,0.9,3,Onsite,6.2,19,7.2,4.7,5,3,8.5,TRUE,4.4,Yes
2736,21,Male,Single,Masters,Finance,Accountant,1,4074,13.2,0,1,0,5,Onsite,7.7,3,5.6,2.9,6.5,4,9.7,TRUE,7.1,No
2737,21,Male,Married,Masters,Sales,Account Executive,1,3943,15.4,0,1,0,2,Hybrid,3.6,27,5.4,6.9,6,3,7.5,TRUE,5.3,No
2738,44,Male,Single,Bachelors,Sales,Sales Manager,3,6355,13.1,3.6,7,2.4,2,Hybrid,8.3,18,6.1,5.4,7.1,3,7.5,TRUE,6.7,Yes
2739,21,Female,Divorced,Masters,Engineering,Software Engineer,1,4152,13,0,1,0,2,Hybrid,12,3,4.1,6.1,4,5,10,TRUE,7.6,No
2740,45,Male,Married,Bachelors,Sales,Sales Manager,3,7324,15.4,10.8,25,2.3,5,Hybrid,6.3,18,3.1,5.4,6.9,3,9.8,FALSE,3.9,No
2741,37,Female,Single,Bachelors,Research & Development,Research Scientist,4,7064,11.5,8.1,13.4,1.5,2,Onsite,12.1,8,3.6,8.3,5.6,4,8.4,TRUE,2.8,No
2742,32,Female,Divorced,PhD,Operations,Operations Analyst,3,7157,16.6,5.2,10.1,1.8,0,Remote,17.6,18,3.7,5.9,6.6,4,7.8,FALSE,2.7,No
2743,31,Female,Married,Masters,Operations,Operations Analyst,2,4743,11.2,8.9,11,0.3,1,Onsite,12.7,14,6.3,4,3,3,8.9,FALSE,6.5,No
2744,21,Male,Single,PhD,Customer Support,Support Specialist,3,4791,13.7,0,1,0,1,Onsite,5.8,10,5.8,4.1,4.6,3,9.3,TRUE,6.6,No
2745,50,Male,Single,Bachelors,Engineering,QA Engineer,4,9494,17.2,5.7,9.4,2.8,2,Remote,5.7,5,3.3,9.3,7.5,5,9.1,TRUE,2,No
2746,47,Non-binary,Married,Bachelors,Customer Support,Support Team Lead,4,6163,13.8,5.2,9.7,1.9,3,Remote,5.5,12,4.8,7.4,6.9,4,7.1,TRUE,8,No
2747,36,Female,Married,Bachelors,Customer Support,Support Specialist,2,3501,13.6,3.3,7.4,0.5,1,Onsite,6.7,6,4.6,6.9,5.1,4,7.1,TRUE,9.2,No
2748,25,Female,Single,Masters,Finance,Financial Analyst,2,4756,7.4,4,5,1,2,Hybrid,4.6,9,4.3,7.6,6.9,4,9.6,FALSE,5.4,No
2749,34,Male,Single,Bachelors,Customer Support,Support Specialist,1,2427,6.4,9.8,9.5,4,0,Onsite,15.7,5,8.6,4.3,2.8,3,6,FALSE,5.1,Yes
2750,45,Female,Single,Bachelors,Engineering,Engineering Manager,4,10492,14.7,12,14,1.7,0,Remote,1.8,5,4,7.4,7.8,4,8.9,TRUE,6.9,No
2751,35,Female,Married,Masters,Engineering,Software Engineer,2,6550,7.2,9.3,15,2.5,3,Onsite,2.6,2,4.9,6.4,7.4,4,9.3,TRUE,5,Yes
2752,42,Female,Married,Bachelors,Research & Development,R&D Manager,3,7162,14.6,10,17.4,0.3,3,Onsite,2.5,2,2.2,7.2,7.1,4,8.7,TRUE,2.3,No
2753,48,Non-binary,Single,High School,Sales,Sales Manager,4,7542,11.3,6.5,10.7,2.1,1,Hybrid,7.1,18,5.1,7.4,4.2,3,9.2,FALSE,4.7,No
2754,49,Male,Married,Bachelors,Research & Development,Product Researcher,4,11233,18.2,6.8,10.4,1.8,1,Hybrid,1.7,8,1.3,9.3,6.3,4,7.7,FALSE,1,No
2755,51,Female,Married,PhD,Marketing,Growth Manager,4,7630,9,7.2,14.5,2.9,2,Hybrid,3.3,11,3.1,5.2,6.7,3,9,TRUE,7.1,Yes
2756,38,Female,Married,Bachelors,Sales,Account Executive,2,4979,14.3,4.2,8.4,1.6,1,Onsite,2.8,22,4.2,4.3,4.6,4,8.3,FALSE,3.8,No
2757,43,Female,Single,Bachelors,Customer Support,Customer Success Manager,4,7576,12.2,11.2,19.3,1.2,1,Onsite,13.6,8,6,3.9,5.5,4,8.4,FALSE,8.8,Yes
2758,46,Non-binary,Single,Bachelors,Marketing,Content Strategist,4,8559,8.8,9.6,14.5,3.3,0,Onsite,2.1,5,6.2,3,3.5,3,10,TRUE,2.3,Yes
2759,33,Male,Married,Bachelors,Engineering,Data Engineer,3,7436,16.2,6.8,12.9,1.4,2,Hybrid,1.8,3,4.6,6.1,6,3,8,TRUE,2,No
2760,38,Female,Married,PhD,Sales,Sales Manager,2,5213,13.9,4.7,12.2,0.4,3,Hybrid,4.3,23,5.7,6.4,6.4,3,6.2,FALSE,4.4,No
2761,41,Female,Married,Bachelors,Engineering,Software Engineer,4,8352,13.1,5.9,15.4,0.6,3,Onsite,12.2,7,5.1,6.1,5.2,3,8.2,TRUE,4,No
2762,35,Prefer not to say,Divorced,Bachelors,Customer Support,Support Team Lead,2,4204,14.9,3.1,9.3,0.6,2,Hybrid,8.4,6,5.3,5.3,5.9,4,9.2,TRUE,7.7,No
2763,30,Male,Single,Bachelors,Customer Support,Support Team Lead,3,5735,9.9,5,10,2.7,3,Onsite,6.8,4,5,4.8,6.4,3,7.1,TRUE,7.6,No
2764,42,Female,Married,PhD,Engineering,Engineering Manager,4,16458,9.5,6.3,11.1,5.4,1,Hybrid,7.9,3,3.5,7.5,7.4,4,10,FALSE,2.5,Yes
2765,39,Male,Single,Bachelors,Sales,Account Executive,4,8756,7.4,10.7,13.2,1.9,1,Onsite,16.7,21,7.4,5.7,4.4,3,7.5,TRUE,6.8,Yes
2766,46,Male,Married,Bachelors,Customer Support,Customer Success Manager,4,7505,13.4,9.8,14.2,0.8,1,Remote,1.8,7,2.7,7.3,9,3,7.2,FALSE,4.7,No
2767,31,Female,Married,PhD,Engineering,Software Engineer,1,5527,9.7,4.3,10.4,0.3,1,Hybrid,4.3,8,4,7.5,5.6,4,8.9,TRUE,3,No
2768,29,Female,Single,Masters,Engineering,Software Engineer,1,4580,14.8,5.2,6.4,1.6,0,Remote,6.4,15,2.9,7.7,6.8,4,8.6,TRUE,1.1,No
2769,36,Male,Single,Masters,Engineering,QA Engineer,1,4714,13.2,3.6,9.6,0.3,2,Hybrid,7,5,5.5,5.4,2.9,4,10,TRUE,3.3,Yes
2770,28,Female,Married,Bachelors,Research & Development,Product Researcher,2,5544,10.9,2.8,6,0,1,Hybrid,2.2,4,1,6.6,7.9,3,8,FALSE,3.4,No
2771,41,Male,Married,Masters,Marketing,Marketing Specialist,4,11458,10.3,11.5,20.2,2.4,3,Hybrid,3.4,4,3.9,5.2,7,4,9.7,TRUE,5.5,No
2772,43,Male,Married,PhD,Engineering,Data Engineer,3,7300,15.4,9.4,13.3,0.3,0,Onsite,10.3,7,3.4,8.4,7.4,4,8.6,TRUE,5.5,No
2773,30,Female,Single,Masters,Engineering,Software Engineer,1,4225,7.9,3.3,10,1.9,4,Onsite,8.6,11,4,5.3,4.7,3,8.3,TRUE,3.2,No
2774,44,Female,Single,PhD,Engineering,Engineering Manager,5,14719,7.2,11.1,20.7,2.3,3,Remote,15.7,7,4.1,7,4.4,4,8.6,FALSE,4,Yes
2775,21,Female,Married,PhD,Human Resources,Recruiter,2,4416,13.6,0,1,0,1,Remote,5.4,1,4.6,3.8,5.9,3,10,TRUE,4.3,Yes
2776,32,Male,Married,Bachelors,Engineering,Engineering Manager,3,7991,15,7.2,12,0.3,3,Hybrid,2.7,5,3.3,7.3,6.1,4,10,FALSE,3.2,No
2777,37,Male,Married,Masters,Finance,Financial Analyst,1,4375,13,6.9,10.2,4.8,0,Hybrid,4.8,5,4.7,4.3,6.9,3,10,FALSE,4.5,No
2778,39,Female,Married,Masters,Research & Development,Research Scientist,3,6653,11.6,5.5,9.7,1.9,0,Onsite,4,4,4,5.3,6.9,3,10,FALSE,5.5,No
2779,35,Male,Single,Bachelors,Finance,Finance Manager,2,4706,15.6,10.4,15,2.7,4,Remote,9,4,3.2,6.6,6.4,3,7.3,TRUE,6.5,No
2780,43,Male,Single,Bachelors,Engineering,Data Engineer,3,7392,6.5,3.5,9.7,2.8,2,Remote,4.7,5,2.8,6.6,8.3,4,8.2,TRUE,2.7,No
2781,26,Female,Single,Bachelors,Engineering,Data Engineer,3,6589,14.1,5,6,1,2,Hybrid,13.3,7,6.3,5.2,4.8,4,9.7,FALSE,5.2,Yes
2782,22,Prefer not to say,Single,Bachelors,Sales,Sales Development Rep,1,3738,16.4,1,2,0.6,2,Remote,6.1,34,3,5.7,6.9,4,7.7,FALSE,5,No
2783,35,Female,Married,High School,Marketing,Marketing Specialist,1,2956,4.2,7.1,15,0.5,2,Hybrid,5.3,4,3.2,8.2,6.5,3,8,TRUE,7.3,No
2784,41,Male,Single,Bachelors,Engineering,Engineering Manager,5,9019,11.6,6.9,14.6,2.6,2,Onsite,4,9,5,6.9,7.4,4,7.4,TRUE,3.7,No
2785,53,Male,Married,Bachelors,Engineering,Data Engineer,5,13659,13.8,11.8,21.2,4.1,3,Remote,4.9,3,5.1,7.1,6.9,4,7.7,TRUE,3.9,No
2786,34,Female,Single,Masters,Customer Support,Customer Success Manager,2,4007,10.1,7,11.4,2.5,1,Onsite,5.3,7,5,6.7,5,4,10,FALSE,7.3,No
2787,45,Female,Single,Bachelors,Human Resources,HR Manager,4,6657,12,9.3,13.4,0,1,Remote,1,7,2.5,6.5,7.9,3,7.6,FALSE,3.1,No
2788,64,Female,Married,Masters,Operations,Operations Manager,5,9076,9,11.4,13.8,2,2,Onsite,6.6,18,4.9,5.1,6.5,3,8.8,TRUE,5.5,No
2789,37,Male,Divorced,High School,Sales,Sales Development Rep,1,3230,15.3,5.3,12.3,0.7,3,Onsite,8.4,21,5.2,4.4,5.5,3,7.4,TRUE,4.2,Yes
2790,43,Male,Married,Masters,Engineering,Software Engineer,4,12230,15.4,11.8,16.3,0.1,0,Onsite,5.3,8,3.4,7.9,5.5,3,8.2,TRUE,2.7,No
2791,41,Male,Single,Bachelors,Finance,Financial Analyst,3,9217,8.9,8.9,20.9,2,4,Onsite,7.4,9,3.7,7.6,6.1,3,10,TRUE,4.3,No
2792,36,Female,Single,Bachelors,Sales,Sales Development Rep,3,5551,12.4,5.4,10.1,3.4,0,Hybrid,8.5,31,6.4,6.1,6.2,3,7.8,FALSE,6.3,Yes
2793,39,Prefer not to say,Married,Bachelors,Sales,Account Executive,1,4112,12.7,4,10.2,1.2,1,Remote,4.2,17,3.6,6.5,7.4,4,10,TRUE,6.4,Yes
2794,40,Male,Married,Masters,Customer Support,Customer Success Manager,3,5074,14.8,11.3,16.2,0.3,1,Onsite,3,3,5.2,7.8,7,3,7.8,TRUE,9.6,No
2795,33,Male,Married,Bachelors,Research & Development,R&D Manager,3,6505,9.6,7.6,9.7,2.8,1,Onsite,12,5,6.1,4.4,5.1,2,8.9,TRUE,7.3,Yes
2796,27,Male,Married,Bachelors,Operations,Operations Analyst,2,5791,10.6,6,7,6,1,Onsite,0.2,15,1,6.2,8.6,4,8.9,FALSE,4.8,No
2797,34,Male,Married,Bachelors,Customer Support,Support Team Lead,2,3672,13.5,5.1,11.4,1.6,1,Remote,6.5,4,3.1,8,7.2,4,9.6,TRUE,5.7,No
2798,29,Male,Single,Bachelors,Finance,Finance Manager,2,4993,7.1,7.7,9,2.5,1,Onsite,4.6,10,3.3,6.6,5.5,3,8.2,FALSE,1,No
2799,21,Female,Married,Bachelors,Engineering,Software Engineer,1,4240,9.7,0,1,0,2,Hybrid,8.1,5,2,9,6.3,5,10,TRUE,3.7,No
2800,32,Male,Married,Bachelors,Customer Support,Support Specialist,1,3211,9,7.1,9.4,1.4,1,Onsite,14.2,7,8.7,4.3,4.5,3,7,TRUE,10,Yes
2801,33,Male,Single,Bachelors,Operations,Operations Manager,2,3386,11.9,1.2,6.5,1.2,3,Onsite,4,22,4,6.4,5.1,4,9.7,TRUE,7.4,Yes
2802,33,Female,Married,Bachelors,Engineering,Engineering Manager,2,6374,17.2,5.1,10.6,0.8,2,Hybrid,4,6,3.3,5.9,6.8,3,9.2,TRUE,4.9,No
2803,22,Female,Married,Masters,Research & Development,R&D Manager,2,5999,10.7,1,2,0.7,2,Hybrid,9.8,11,4.7,6.5,6.4,3,7.4,TRUE,2.6,No
2804,39,Female,Married,High School,Research & Development,R&D Manager,4,7265,10.4,11.6,15.6,0.9,0,Onsite,12.2,9,5.8,7.6,4.8,3,8.5,TRUE,5.9,No
2805,49,Female,Married,Masters,Sales,Sales Development Rep,5,10205,12.5,11.4,15.3,1.5,2,Hybrid,4.9,20,3.2,6.4,7.6,4,8.7,FALSE,3,No
2806,25,Male,Married,High School,Marketing,Growth Manager,3,4816,11.6,4,5,1.9,5,Remote,6.9,8,2.4,7.7,6.6,3,6,TRUE,3.8,No
2807,53,Male,Married,PhD,Sales,Account Executive,4,10291,11.4,5.8,13.8,4,1,Hybrid,8.3,17,5,7.1,7.1,4,10,FALSE,2.8,No
2808,32,Non-binary,Single,High School,Marketing,Growth Manager,2,4294,10.7,4.3,7.7,3.1,0,Onsite,1.2,6,5.1,5.9,7.1,3,8.9,FALSE,5.8,No
2809,41,Female,Married,Bachelors,Engineering,Software Engineer,2,7368,17,3.9,6,1.3,1,Onsite,6.1,8,3.9,6.9,5.2,3,9.9,TRUE,4.1,No
2810,46,Male,Single,Masters,Engineering,QA Engineer,4,12897,8.5,14,19.2,2.8,1,Onsite,3.9,7,2.3,7.8,9.1,3,10,FALSE,1.2,No
2811,40,Female,Married,High School,Research & Development,R&D Manager,4,8212,18.4,6.4,10.9,2,1,Onsite,6.9,4,1.9,9.4,7,4,9.1,TRUE,4.9,No
2812,26,Female,Single,Bachelors,Operations,Program Manager,2,3670,12.5,4.9,6,0.7,1,Onsite,2.7,25,3.4,3.7,6.7,3,7.8,FALSE,5,No
2813,32,Female,Single,Bachelors,Research & Development,Product Researcher,2,5752,19.3,3.9,12,1.2,2,Hybrid,2.9,5,6.1,5.8,5.7,3,5.8,FALSE,3.8,No
2814,39,Female,Single,Masters,Operations,Operations Analyst,3,7476,4.7,10.2,11.1,6.1,0,Onsite,5.5,31,3,6.7,6.4,4,8.8,FALSE,6,No
2815,36,Female,Single,Bachelors,Sales,Sales Manager,2,4526,10,6.8,16,1,2,Onsite,7,27,5.7,6.3,6.1,3,7.7,FALSE,8.5,No
2816,29,Male,Single,Bachelors,Customer Support,Support Specialist,2,3095,12.6,4.5,9,1.7,3,Hybrid,11.1,4,7.2,5.7,5.5,3,8.3,FALSE,7.9,Yes
2817,41,Female,Married,Masters,Engineering,Software Engineer,3,11562,11.3,5.9,12.5,2.4,1,Onsite,4.9,9,3.8,8.1,5.1,4,7.4,FALSE,4.4,No
2818,42,Male,Married,High School,Research & Development,Product Researcher,4,8268,16.2,13.2,18.7,1.3,2,Hybrid,11.6,4,3.3,6.5,7.9,4,9.8,TRUE,3,No
2819,47,Female,Single,Masters,Sales,Sales Manager,4,10366,16.1,8.3,13.4,0.4,1,Remote,19.4,27,4.5,7.6,5.4,4,5.9,FALSE,3.6,No
2820,28,Male,Single,Bachelors,Sales,Sales Development Rep,2,4300,15.8,1.3,8,1.3,3,Onsite,7,12,3.7,6.4,4.6,4,6.7,FALSE,6.9,No
2821,50,Male,Married,Bachelors,Operations,Operations Manager,5,10341,10.5,7.9,8.4,1.7,1,Hybrid,4.7,16,3.8,4,5,3,9.8,TRUE,3.3,No
2822,27,Female,Married,Bachelors,Sales,Account Executive,2,4562,13,4.4,7,4.2,5,Hybrid,7,18,3.3,6.3,5.2,4,9.1,FALSE,4,No
2823,32,Female,Single,Bachelors,Marketing,Content Strategist,1,3842,16.4,4.1,10.4,1.6,1,Hybrid,10.8,3,6.6,4.8,5,3,6.9,TRUE,5.1,Yes
2824,21,Male,Married,Bachelors,Sales,Sales Development Rep,2,5672,10.8,0,1,0,0,Remote,6.4,26,5.4,5.5,5.7,3,9,FALSE,6.9,No
2825,26,Female,Married,Bachelors,Engineering,Software Engineer,1,3640,10.6,4.6,6,2.8,2,Onsite,4.3,7,3.1,6,8.5,4,9.2,FALSE,4.9,No
2826,40,Female,Single,Masters,Finance,Accountant,2,6185,9.6,4.2,12.5,1.1,2,Onsite,6.5,7,6.9,4,6.1,3,8.7,TRUE,8.2,No
2827,26,Male,Single,Masters,Human Resources,HR Manager,2,4399,12.7,5,6,1.2,2,Remote,1.8,4,5.1,5.4,5.9,3,7.9,FALSE,5.4,No
2828,22,Female,Married,Bachelors,Sales,Account Executive,1,4913,13.9,1,2,0.5,4,Onsite,13.2,22,7.3,7.6,4.9,4,9,FALSE,3.7,No
2829,29,Female,Single,High School,Sales,Account Executive,3,5814,10.6,6.1,8.5,1.4,0,Hybrid,2.9,17,2.8,7.4,5.8,3,6.3,FALSE,1.9,No
2830,40,Male,Married,High School,Engineering,QA Engineer,3,6312,12.2,9.1,17.4,3.4,3,Remote,0.9,7,1,7.9,8.2,3,10,TRUE,1.4,No
2831,32,Non-binary,Single,High School,Sales,Sales Development Rep,3,5649,10.9,9.8,12,0.8,2,Onsite,7.6,17,3.6,7.4,6.4,4,7.6,FALSE,5.3,No
2832,22,Male,Married,Masters,Operations,Operations Analyst,2,5132,16,1,2,0.8,5,Hybrid,9.6,19,5.6,4.9,6.5,4,8.4,TRUE,6,Yes
2833,35,Female,Single,Bachelors,Marketing,Growth Manager,3,7167,11.3,6.3,12.4,1.8,0,Hybrid,2.2,2,4.4,6.5,6.8,5,9.8,TRUE,6.8,No
2834,36,Female,Married,Bachelors,Engineering,Data Engineer,3,9144,13.9,7.7,16,2.2,3,Remote,5.6,4,1.6,9.7,6.8,4,7.4,TRUE,2.5,No
2835,38,Male,Married,Bachelors,Engineering,Data Engineer,5,12855,11.5,7.8,17.2,0.2,1,Onsite,4.1,7,1.3,6.6,5.6,4,7.7,TRUE,4.5,No
2836,21,Female,Married,Bachelors,Marketing,Growth Manager,2,5225,16.7,0,1,0,2,Onsite,5.7,8,5.7,5.5,5.3,4,9.3,FALSE,6.5,No
2837,39,Male,Married,Bachelors,Marketing,Growth Manager,3,6258,5.9,8.2,11.4,2,0,Onsite,3.8,4,4.8,3.6,7,4,9.7,TRUE,6.7,No
2838,42,Male,Single,Masters,Marketing,Marketing Specialist,3,7785,8.1,8.2,13.6,2,2,Onsite,5.4,6,5.2,5.5,4.6,4,9.5,FALSE,4.7,No
2839,44,Female,Married,Masters,Finance,Financial Analyst,3,8379,12.2,10.1,16.2,1.3,2,Hybrid,0.5,5,1.6,8.2,7.5,4,9.7,TRUE,4.8,No
2840,51,Male,Single,Masters,Sales,Sales Manager,5,10988,11.8,11,13.4,1.2,1,Onsite,3.6,21,5.2,7,6.3,4,9,TRUE,4.5,Yes
2841,40,Female,Married,PhD,Sales,Account Executive,3,8019,9.8,5.2,8.6,4.6,1,Onsite,9.8,23,4.6,7.4,6.6,3,5.8,FALSE,2.9,No
2842,44,Female,Married,Bachelors,Sales,Sales Manager,3,7762,13,9.5,14.3,0.4,2,Hybrid,13.6,21,4.7,6.4,5.6,3,9.6,TRUE,4.9,No
2843,45,Male,Married,Bachelors,Finance,Financial Analyst,3,5254,15.3,5.2,10.3,0.8,1,Onsite,4.2,3,5.8,4.7,6.4,3,9.2,TRUE,6.6,No
2844,29,Female,Married,High School,Engineering,QA Engineer,1,3555,15.7,4.3,9,0.8,1,Onsite,5.4,8,3.3,5.4,6,4,9.5,TRUE,4.8,No
2845,49,Male,Divorced,Bachelors,Operations,Operations Manager,5,10802,14.6,9.2,16.4,3.2,3,Hybrid,5.6,17,5.9,5.3,6.3,4,8.3,TRUE,2.6,No
2846,35,Male,Single,Bachelors,Customer Support,Support Team Lead,4,6371,13.8,6.4,15,1.8,4,Hybrid,6,9,1,9.3,7.1,4,8,FALSE,6.5,No
2847,41,Female,Married,Masters,Sales,Account Executive,4,9317,10.8,7.6,14.1,3.2,1,Onsite,9.9,24,4,6.1,5.7,4,6.5,FALSE,6.8,No
2848,50,Female,Single,High School,Engineering,Data Engineer,2,5789,8.3,6.7,20,1.7,6,Hybrid,4.8,4,4.5,6.5,6.6,3,8.4,FALSE,5.7,No
2849,40,Female,Married,Bachelors,Operations,Operations Manager,3,5534,16.3,11,16.4,3.3,1,Hybrid,3.8,18,1,8.7,8.5,4,8.5,TRUE,4.4,No
2850,39,Female,Divorced,Bachelors,Finance,Financial Analyst,3,6534,10.6,7.7,10.9,0.7,1,Remote,3.5,7,3.5,7.3,6,4,9.7,FALSE,5.3,No
2851,21,Female,Married,Bachelors,Operations,Operations Analyst,1,2174,17.9,0,1,0,0,Onsite,2.7,22,5,4.6,5.7,4,7.7,FALSE,6.1,No
2852,41,Male,Married,Bachelors,Engineering,QA Engineer,2,6937,12.5,7.9,16.4,2.5,4,Onsite,8.6,3,5.1,6.1,5.2,3,7.6,TRUE,1.5,Yes
2853,38,Female,Single,Bachelors,Human Resources,Recruiter,1,3406,15,2.5,8.8,0.7,1,Onsite,3.4,7,4.8,5.2,6.4,3,6.6,TRUE,7.2,No
2854,36,Male,Single,Masters,Sales,Account Executive,2,4460,14.7,6.1,10.8,1.4,1,Hybrid,7.1,22,4.9,5.8,4.8,3,8.1,TRUE,6.1,No
2855,40,Male,Divorced,Bachelors,Engineering,QA Engineer,2,5563,9.8,4.1,3.9,3.4,1,Remote,2.1,5,3.3,6.3,6,3,8.2,TRUE,2.3,No
2856,56,Female,Single,Masters,Finance,Finance Manager,3,7935,12.9,9.8,16.3,1.1,4,Hybrid,6,6,2.9,8.4,6.8,4,8.6,TRUE,6.1,No
2857,35,Female,Married,Bachelors,Marketing,Marketing Specialist,2,4621,8.7,3.3,9.8,1.7,3,Hybrid,11.2,5,5.5,4.6,5,3,7.3,TRUE,5.6,No
2858,39,Female,Single,High School,Customer Support,Support Specialist,4,5991,15.8,10,19,1.9,4,Onsite,8.8,8,3.9,5.1,6.4,4,6.7,FALSE,6,No
2859,51,Female,Single,Masters,Sales,Sales Manager,5,12091,6.6,6.9,11.1,0.5,1,Hybrid,18.7,25,5.2,7.2,3.3,4,10,TRUE,5.5,No
2860,35,Female,Single,Bachelors,Sales,Sales Manager,4,9052,14.6,9.1,15,0.1,2,Hybrid,8.6,20,4.8,8.3,5.1,5,8,FALSE,5.4,No
2861,37,Male,Married,Masters,Engineering,Software Engineer,2,8767,9.5,8.2,17,1.6,4,Hybrid,1.3,7,1,10,8.7,5,9.6,TRUE,4.1,No
2862,44,Male,Married,Masters,Marketing,Marketing Specialist,5,11530,13.2,5.8,10.1,2.7,1,Onsite,2.3,5,3.3,7.2,7.1,4,7.8,TRUE,7.4,No
2863,43,Female,Married,Bachelors,Marketing,Marketing Specialist,2,5612,9.3,11.2,19.8,3.8,3,Onsite,5.4,8,6.2,4.8,5.7,4,7.8,TRUE,6.7,No
2864,23,Female,Single,Masters,Engineering,Engineering Manager,2,6128,11.4,2,3,2,1,Hybrid,3.5,6,6.2,6,5.7,4,9.3,TRUE,6.7,Yes
2865,41,Female,Divorced,High School,Research & Development,Research Scientist,3,9311,12.2,7.8,13.3,1.1,2,Onsite,20.4,6,5.5,6.1,5.1,4,9.9,FALSE,2.3,No
2866,52,Female,Married,Bachelors,Customer Support,Support Specialist,5,7461,12.5,15,24,0.6,1,Onsite,4.5,2,3.9,6.4,5.5,4,8.7,FALSE,9.1,No
2867,24,Male,Single,Masters,Customer Support,Support Team Lead,2,4083,12.6,3,4,3,0,Onsite,13.4,6,7,5.8,5.1,3,7.5,TRUE,4.9,No
2868,32,Female,Married,High School,Marketing,Content Strategist,1,3069,12.8,2.7,7.5,2.7,1,Hybrid,5,8,2.6,6.7,7.5,4,8.2,TRUE,5.6,No
2869,35,Male,Single,Masters,Sales,Account Executive,1,4353,5.2,6.6,11.2,2.1,1,Onsite,3.4,24,4,3.6,6.1,3,7.5,TRUE,4.2,Yes
2870,33,Male,Married,Masters,Operations,Operations Analyst,1,3552,10.5,3.9,13,1.4,2,Hybrid,4.4,28,1.7,8.9,6.9,4,7.9,FALSE,5.5,No
2871,28,Male,Married,Bachelors,Research & Development,Product Researcher,1,3150,9,4.8,8,0.9,1,Onsite,3.8,6,3.3,7.1,7.1,4,9.5,TRUE,4.1,No
2872,41,Male,Married,High School,Operations,Program Manager,3,3853,14.3,5.4,11.4,1.8,1,Onsite,8.5,15,2.7,6.8,6.5,4,9.4,TRUE,2.6,No
2873,31,Female,Single,Masters,Engineering,Engineering Manager,3,9701,12.4,10,11,3.5,3,Remote,8.1,8,2.2,7,5,5,8.9,FALSE,2.5,No
2874,38,Female,Married,Masters,Customer Support,Customer Success Manager,4,5971,16.4,6,12.5,2.5,2,Hybrid,2.6,6,1.5,7.1,6.8,4,9.1,FALSE,6,No
2875,34,Male,Married,Bachelors,Marketing,Content Strategist,2,6454,14,4.3,12.6,1.3,4,Onsite,2.7,6,3.2,7.1,7.5,4,7.8,TRUE,5.5,Yes
2876,28,Female,Married,Bachelors,Engineering,Data Engineer,1,4396,7.5,3.8,8,3.5,1,Hybrid,6.3,3,4.3,4.8,6.2,4,9,FALSE,5.9,No
2877,39,Prefer not to say,Single,Masters,Engineering,QA Engineer,1,3895,15.7,1.5,9,1.5,3,Hybrid,7.9,9,5.4,3.4,6.5,4,8.3,FALSE,4.5,Yes
2878,37,Male,Married,Masters,Customer Support,Support Specialist,1,3707,13.4,7.1,13.3,2.1,2,Hybrid,4.3,5,6,5,5.6,4,8.8,TRUE,6.5,No
2879,36,Female,Single,Bachelors,Marketing,Content Strategist,2,4288,8.4,7.3,14.3,4.3,3,Onsite,1.6,5,4.5,5.7,7.2,3,8.9,FALSE,6.2,Yes
2880,41,Female,Married,High School,Operations,Program Manager,3,5303,12.4,2.6,5.9,0.5,0,Hybrid,5,28,4.1,6.1,5.8,3,7,FALSE,7.8,No
2881,52,Female,Divorced,Masters,Marketing,Growth Manager,4,9818,8.2,6.3,17.8,1.5,3,Hybrid,2.2,5,3.4,5.3,5.1,3,8.1,TRUE,4.5,No
2882,33,Female,Married,Masters,Engineering,Engineering Manager,2,7940,3.8,4,9.6,1.8,1,Onsite,4.1,4,4.8,5,5.5,3,8.3,TRUE,3.5,No
2883,34,Male,Single,Bachelors,Finance,Accountant,2,5399,9.8,4.2,9,1.9,1,Onsite,3.2,6,3.9,6.5,6.6,4,8.9,FALSE,2.2,Yes
2884,46,Male,Married,Bachelors,Sales,Sales Manager,5,9247,8.8,8.3,14.1,3.5,2,Onsite,16.2,27,7.8,6.5,5.2,4,10,TRUE,5.4,No
2885,27,Female,Married,Masters,Engineering,Engineering Manager,3,6775,5.3,6,7,3.6,1,Hybrid,3.8,10,1.3,7.6,7.5,5,10,FALSE,4.5,No
2886,39,Female,Single,Bachelors,Operations,Operations Manager,3,6335,15.7,8.4,13.9,0.9,2,Hybrid,4.1,26,1.4,9.2,7.1,3,9.7,TRUE,4.7,No
2887,33,Female,Married,Bachelors,Finance,Accountant,2,4234,6.6,4.6,8,1,1,Remote,9,4,2.8,7.5,7.1,3,10,FALSE,5.9,No
2888,36,Prefer not to say,Married,Bachelors,Engineering,Engineering Manager,5,11738,9.2,8.2,16,1.1,2,Hybrid,2.5,4,2.5,6.9,6.4,5,8.5,FALSE,2.6,No
2889,48,Male,Married,High School,Engineering,Engineering Manager,4,9583,12.3,10.1,15.1,1.2,1,Onsite,1.8,4,4.8,5.8,6.9,3,9.2,TRUE,4.6,No
2890,37,Male,Single,Bachelors,Customer Support,Customer Success Manager,2,3771,8.8,5.7,13.6,2.9,2,Onsite,7.5,7,5.3,7.5,6.6,4,9,FALSE,7.9,Yes
2891,46,Female,Single,Bachelors,Operations,Program Manager,5,10192,7.5,13.1,25,7.3,6,Hybrid,3.7,26,4,7.2,5.8,5,9.7,FALSE,1.3,No
2892,35,Female,Single,Masters,Engineering,QA Engineer,2,6590,12.8,6.8,10.5,1.6,1,Onsite,6.6,4,4.6,8.7,5.9,5,10,FALSE,4.4,No
2893,39,Female,Single,Masters,Operations,Operations Analyst,2,4658,8.8,7.9,19,0.4,5,Onsite,5.2,29,4.6,6.1,7.2,4,8.6,FALSE,3,No
2894,31,Female,Divorced,Bachelors,Sales,Sales Development Rep,1,2741,5.4,4,9.7,4,0,Onsite,11.6,15,3.9,4.6,7.6,4,9,FALSE,8.2,Yes
2895,28,Male,Single,Masters,Operations,Program Manager,2,3872,10.9,3.6,4.4,2.6,0,Onsite,0.7,20,2,7.4,7.8,4,9.4,FALSE,4,No
2896,46,Male,Single,Bachelors,Customer Support,Customer Success Manager,3,5009,13.4,7.9,14.6,0.6,1,Hybrid,8.4,7,6.1,6.1,5.3,3,8.4,TRUE,6.7,No
2897,33,Male,Single,Bachelors,Engineering,QA Engineer,2,5710,9.6,5.9,7.6,1.4,0,Onsite,8.9,10,2.5,7.7,5.8,3,8.3,TRUE,4.5,No
2898,32,Male,Married,High School,Marketing,Content Strategist,2,3434,7.3,7.7,10.7,2.7,3,Hybrid,0.5,6,5.5,5,6.9,4,8.3,FALSE,10,Yes
2899,51,Non-binary,Married,Bachelors,Operations,Operations Analyst,4,10346,8.3,6.6,13.8,1.9,2,Onsite,4.2,21,5.2,6,4.7,4,8.1,TRUE,8.4,No
2900,26,Male,Single,Masters,Research & Development,Product Researcher,1,2614,9.8,2.3,6,1.6,1,Remote,5,11,2.5,6.1,8.7,5,6.3,TRUE,2.7,No
2901,44,Female,Single,Bachelors,Operations,Operations Analyst,4,7700,18,7.9,14.9,0.3,1,Hybrid,11.3,27,4.1,6.5,4,4,9.9,FALSE,4.9,No
2902,27,Male,Single,Masters,Finance,Financial Analyst,1,3222,16.3,6,7,1.3,1,Onsite,4.4,3,4.2,6,5.5,5,8.5,TRUE,3.3,No
2903,24,Male,Single,Masters,Research & Development,Product Researcher,2,6602,16.5,3,4,0.7,1,Onsite,3.4,2,3.7,9.6,7.4,4,8.7,TRUE,3.6,No
2904,47,Female,Single,Masters,Engineering,Software Engineer,4,12007,9.4,5.8,12.7,1.7,1,Hybrid,6,11,2.5,6.9,6.1,3,5.3,FALSE,3.8,No
2905,34,Male,Single,Bachelors,Finance,Finance Manager,3,10161,10.4,10.9,14,1.3,0,Hybrid,5.6,5,2.6,5.8,4.7,4,7.2,FALSE,3.8,No
2906,35,Female,Single,Bachelors,Operations,Operations Manager,2,4526,10.2,4.3,11.4,2,2,Onsite,5.5,25,3.2,6.4,6.4,3,9.4,TRUE,6.8,No
2907,52,Male,Married,Masters,Sales,Account Executive,4,8380,12.3,5.4,10,1.8,1,Hybrid,7.4,23,7.5,5.3,5,3,7.6,FALSE,4.8,Yes
2908,31,Female,Married,Bachelors,Finance,Accountant,3,5483,8.2,4.3,5,2.3,0,Onsite,9.6,6,5,5.2,6.2,3,9,FALSE,5,No
2909,30,Female,Divorced,PhD,Marketing,Marketing Specialist,1,4420,13.5,7.9,10,0.7,5,Hybrid,6.4,7,2.2,8.6,7.4,4,8.5,TRUE,7.4,No
2910,34,Male,Single,Masters,Engineering,Software Engineer,2,7350,11.1,7.5,14,7.5,3,Hybrid,3.2,3,2.7,5.6,7.5,3,9,FALSE,4.1,No
2911,36,Female,Single,Bachelors,Sales,Sales Development Rep,3,7737,11.5,8.5,14.8,2,2,Hybrid,15,23,6.1,6.4,5.8,3,8.2,FALSE,6.4,No
2912,22,Female,Married,Masters,Engineering,Engineering Manager,2,5732,14.6,1,2,1,2,Hybrid,6.7,7,2.2,7.8,6.1,3,8.1,FALSE,4.6,No
2913,29,Male,Single,Bachelors,Operations,Program Manager,3,5246,10.1,3.4,9,2.4,3,Hybrid,3.4,20,5,6.4,5.2,4,10,FALSE,6.1,No
2914,34,Male,Single,Bachelors,Customer Support,Customer Success Manager,3,4951,10,5.8,7.8,0.9,0,Remote,12.4,11,5.2,5.5,5.5,4,7.4,FALSE,6.4,No
2915,21,Male,Single,Bachelors,Engineering,Software Engineer,2,5518,6.2,0,1,0,3,Remote,4.2,7,3.6,4.8,6.8,4,8.6,TRUE,5.1,No
2916,44,Female,Single,Bachelors,Customer Support,Customer Success Manager,5,6614,11.2,12.1,18.8,0.7,3,Onsite,17.3,10,7.6,5,1.7,4,7.8,FALSE,6.3,No
2917,47,Male,Married,Masters,Engineering,QA Engineer,5,14680,15.6,8.1,12.1,0.9,2,Hybrid,8.6,4,4.9,6.3,7.9,4,8.2,TRUE,3.6,Yes
2918,27,Female,Single,Bachelors,Engineering,Software Engineer,3,8583,15.5,3.6,7,0.4,2,Hybrid,4.6,8,2.1,5.4,6.4,4,7,TRUE,3.8,No
2919,36,Female,Single,Masters,Sales,Sales Development Rep,4,10375,8.1,7.9,16,0.8,3,Hybrid,5.1,20,3.8,5,6.2,4,8.7,FALSE,6.1,No
2920,27,Male,Single,Bachelors,Marketing,Content Strategist,2,4044,11.2,4,7,1.6,4,Onsite,0.9,6,5.7,4.2,6,4,7.1,TRUE,5.1,Yes
2921,35,Female,Single,Masters,Customer Support,Customer Success Manager,2,4020,9.7,2.3,12.4,0.4,2,Remote,3.6,1,2.8,8.3,6.8,4,5.8,TRUE,5.4,No
2922,35,Male,Single,Bachelors,Human Resources,HR Business Partner,4,9892,12.8,9,15,2.1,4,Onsite,4.6,5,2.3,8.6,8,4,8.5,TRUE,5.3,No
2923,44,Female,Single,Bachelors,Engineering,Engineering Manager,4,8237,10.2,11.8,16.9,3.3,1,Hybrid,7.2,5,3.9,4.8,6.7,3,7.4,TRUE,4.2,No
2924,37,Female,Single,Bachelors,Engineering,Data Engineer,3,9471,18.3,5.5,17,0.2,4,Remote,12.8,3,3.6,9.3,5.4,5,8.8,TRUE,3.3,No
2925,48,Female,Married,Bachelors,Operations,Operations Manager,4,5897,13.9,8.1,15.8,2.7,3,Hybrid,3.1,19,4.9,4.3,4.9,2,6.1,FALSE,9.2,No
2926,49,Male,Married,Bachelors,Marketing,Marketing Specialist,4,7492,8,7.5,12.1,2.8,2,Onsite,3.2,6,4.5,5.8,7.7,4,9.9,FALSE,4.2,No
2927,34,Male,Married,Bachelors,Finance,Financial Analyst,3,8401,6.7,2.6,7.7,2.6,2,Remote,19.4,6,8.3,1.8,4.6,4,7.8,FALSE,5.6,No
2928,39,Female,Married,Bachelors,Engineering,Software Engineer,4,12795,11,10.6,17.1,2.3,2,Hybrid,3.7,6,3.4,5.2,8.3,3,7.2,FALSE,2.4,No
2929,35,Male,Single,High School,Finance,Financial Analyst,2,4719,15.1,9.3,15,1.6,3,Hybrid,13.3,9,4.8,3.8,4.9,3,6.7,TRUE,5.2,Yes
2930,33,Prefer not to say,Married,Bachelors,Sales,Sales Development Rep,1,3564,19.6,8,11.8,0.5,2,Remote,6.2,25,2.9,7.4,6.3,4,7.4,FALSE,5.6,No
2931,46,Male,Divorced,Masters,Engineering,Data Engineer,4,10292,9.2,5.1,11.7,3,1,Hybrid,1.6,9,3.1,8.5,7.4,5,8.9,FALSE,2.4,No
2932,27,Male,Single,Bachelors,Sales,Account Executive,2,4862,11.4,1,6.9,1,2,Remote,6.7,21,4.7,7.4,5.4,4,7.3,FALSE,5.6,No
2933,41,Male,Single,High School,Finance,Finance Manager,3,5279,14.1,3.6,10.8,2.3,2,Onsite,1.8,7,2.8,5.7,9.4,2,8.2,FALSE,5.4,Yes
2934,54,Male,Single,Bachelors,Human Resources,Recruiter,3,5218,12.6,6.5,8,0.7,0,Onsite,10.2,7,5.7,5.4,5.5,3,7.2,FALSE,4.9,No
2935,50,Female,Single,PhD,Sales,Sales Manager,4,7358,12.2,2.7,4.8,1.6,2,Remote,10.4,24,4.4,5.4,4.9,3,6.8,FALSE,5.3,No
2936,27,Female,Single,Bachelors,Marketing,Content Strategist,1,3975,20.3,6,7,0.3,2,Hybrid,2.2,9,3,5.5,7.2,4,10,TRUE,5.8,No
2937,45,Male,Single,Bachelors,Sales,Sales Manager,2,5183,10.6,6.9,12.3,0.8,2,Hybrid,4.9,22,4.3,6.4,6.9,4,7.7,TRUE,5.7,No
2938,32,Male,Divorced,Bachelors,Marketing,Growth Manager,2,4981,12.7,7.7,12,3.2,1,Remote,2.6,7,2.3,7.8,7.5,4,7.5,FALSE,6,No
2939,47,Male,Married,Masters,Operations,Program Manager,5,9086,12.6,10.6,16.8,1.5,1,Onsite,13.1,16,3.6,5.3,5.2,3,8.3,FALSE,1,Yes
2940,29,Female,Married,Bachelors,Finance,Accountant,2,5623,12,1.6,9,1.6,2,Remote,2.3,9,1.9,6.4,6.9,4,7.7,FALSE,6.2,Yes
2941,47,Female,Single,Bachelors,Marketing,Content Strategist,3,3957,16,5.8,5.6,0.3,1,Hybrid,5,9,5.5,4.1,6.2,4,8,TRUE,2.6,No
2942,42,Male,Married,Bachelors,Engineering,Data Engineer,4,11943,12.7,8.1,19.6,3.9,4,Onsite,2.1,9,3.9,6.6,8,3,8,TRUE,4.4,No
2943,43,Female,Divorced,Bachelors,Engineering,Data Engineer,4,13632,8.8,14.4,23,6.2,2,Onsite,9.7,4,7,5.5,4.2,4,7.1,TRUE,5.3,Yes
2944,29,Female,Divorced,PhD,Operations,Operations Analyst,2,4550,14.6,1.3,8,0.1,2,Onsite,5.5,23,3.8,7.9,4.9,4,9.6,FALSE,4.4,No
2945,50,Male,Single,Masters,Sales,Sales Manager,4,7971,10.5,9.1,18.2,3.8,3,Hybrid,9.1,20,3.2,5.9,5.6,4,10,FALSE,4,No
2946,22,Male,Divorced,Bachelors,Operations,Operations Manager,2,4881,13.5,1,2,0,2,Onsite,11.4,27,6.3,6.7,5.4,3,7.8,FALSE,3.2,No
2947,51,Female,Single,PhD,Engineering,Software Engineer,3,6916,4.6,12.7,18.9,6.2,2,Hybrid,2,6,2.8,3.7,7,3,6.4,TRUE,4.7,No
2948,28,Male,Married,Masters,Engineering,Engineering Manager,3,9388,5.5,4,8,2.5,3,Hybrid,7.7,3,2.6,3.2,5.8,4,8.8,TRUE,1,Yes
2949,53,Female,Divorced,PhD,Customer Support,Support Team Lead,3,5560,10.7,5.1,13.8,0.7,6,Hybrid,2.1,7,4,5.6,7.6,2,7.6,FALSE,4.9,Yes
2950,45,Female,Single,Masters,Finance,Accountant,2,6707,10.6,7.6,13.3,0.6,2,Hybrid,4.4,2,3.4,8.4,6,4,7.6,TRUE,4.2,No
2951,37,Female,Single,High School,Engineering,Data Engineer,2,3746,6.8,2.6,7.1,2,0,Hybrid,5,4,4.2,6.9,5.5,3,10,FALSE,3.1,No
2952,36,Female,Single,Bachelors,Customer Support,Support Team Lead,4,6131,9.5,5.1,11,3.2,1,Hybrid,3.2,7,4.1,7.8,7.5,4,6.9,FALSE,6.1,Yes
2953,35,Male,Married,Bachelors,Customer Support,Support Team Lead,2,3343,11.4,5.1,10.6,1.5,0,Hybrid,7.4,3,1.3,7.3,4.9,4,7.9,FALSE,8.7,No
2954,39,Male,Married,Masters,Human Resources,Recruiter,3,7620,8.2,15,19,0,3,Onsite,9.3,6,4.9,8,5.6,4,8.6,FALSE,6.7,No
2955,24,Female,Divorced,High School,Sales,Sales Development Rep,1,2866,12.3,3,4,0.5,0,Hybrid,15.3,20,7.1,5.8,4,3,8.8,TRUE,6.2,No
2956,41,Female,Single,Masters,Engineering,Engineering Manager,5,17430,7.9,12.2,13.2,0.7,0,Onsite,10.9,3,8.7,4,4.8,4,8.4,TRUE,2.6,No
2957,44,Male,Married,Masters,Sales,Sales Manager,4,9135,7.2,8.4,15.6,8.1,2,Onsite,12.4,16,3.1,6.6,4.3,4,7.4,TRUE,7.4,Yes
2958,36,Female,Married,Masters,Operations,Operations Manager,4,8740,5.3,11.5,16,6.5,1,Onsite,2,27,4.2,5,7.4,5,5.9,FALSE,7.2,No
2959,48,Female,Single,Bachelors,Engineering,Software Engineer,4,11142,15.4,11,20.1,3.9,3,Onsite,9.9,2,6.3,5.5,4.2,3,7.4,TRUE,2.9,No
2960,33,Female,Married,Bachelors,Operations,Operations Manager,3,4921,11.3,4.8,10.7,1.7,1,Onsite,6,21,4.3,6.1,6.6,3,10,FALSE,5.9,No
2961,27,Male,Single,Masters,Research & Development,Research Scientist,2,4708,11.8,2.8,7,0.4,2,Onsite,28,6,7.5,4.3,2.3,4,8.4,TRUE,5.2,No
2962,51,Female,Single,Masters,Operations,Program Manager,3,6808,12.4,5.7,14.1,0.8,2,Onsite,5.1,17,4.6,6.5,4.5,4,8.8,TRUE,5.6,No
2963,40,Male,Single,Bachelors,Engineering,QA Engineer,1,3638,15.2,2.9,6.9,0.8,0,Remote,10.9,4,2.9,7.6,6.1,4,9.3,TRUE,5.4,No
2964,31,Female,Married,Masters,Engineering,Software Engineer,2,6990,12.5,0.4,8.1,0.4,2,Remote,4.1,8,4.1,5.6,8.1,3,9.9,TRUE,4.4,No
2965,31,Female,Divorced,Masters,Engineering,QA Engineer,2,7253,4.5,4.3,10.1,1,1,Remote,9.6,2,3.4,7.6,6.7,5,8.5,TRUE,4.3,No
2966,21,Male,Single,High School,Finance,Accountant,1,3307,17.2,0,1,0,4,Hybrid,5.7,2,5,7,4.9,4,8.1,TRUE,7.8,No
2967,27,Male,Married,Masters,Engineering,Data Engineer,3,7988,5.1,6,7,2.4,1,Onsite,3.8,2,5.1,6.3,5.5,4,8.6,TRUE,1.8,No
2968,46,Female,Married,Bachelors,Sales,Sales Manager,4,8770,12.1,11.9,19,1.1,2,Hybrid,5.3,19,3.7,7.2,5.3,4,9.7,TRUE,7.1,No
2969,34,Male,Single,High School,Engineering,Software Engineer,2,5942,12.4,2.7,11,1,2,Onsite,6.2,7,3.3,4.3,8.7,2,7.1,FALSE,2.9,No
2970,21,Male,Married,Masters,Finance,Accountant,2,4195,9.3,0,1,0,1,Hybrid,4,8,3.8,7.4,7.2,4,8.9,TRUE,7.9,No
2971,42,Female,Single,Masters,Operations,Operations Analyst,5,9863,10.1,16.1,22,4.6,2,Hybrid,16.5,24,4.8,6.5,3.7,3,8.8,FALSE,4.1,Yes
2972,29,Male,Married,Masters,Human Resources,HR Manager,2,3914,3.3,0,1.1,0,0,Hybrid,8.3,7,4.4,5.8,6.7,3,5.6,FALSE,6.6,No
2973,51,Female,Single,PhD,Engineering,Engineering Manager,5,11543,12.6,11.3,16.6,1,0,Onsite,2.2,7,1,9.3,7.7,5,8.2,FALSE,1,No
2974,38,Female,Married,Masters,Operations,Operations Analyst,3,4858,3.3,5,10.6,2.9,1,Hybrid,0.3,21,1.4,6.5,7.8,4,9.2,TRUE,7.5,No
2975,51,Female,Single,Bachelors,Research & Development,Product Researcher,3,7737,12.7,7.6,17,1.7,3,Remote,3.5,2,2.3,8.7,7.9,4,8,TRUE,6.3,No
2976,35,Non-binary,Married,Bachelors,Customer Support,Support Team Lead,3,4886,10.8,4.5,13.3,4.5,2,Hybrid,5.1,5,1.2,6.9,6.5,3,6.9,FALSE,6,No
2977,28,Female,Married,High School,Research & Development,Product Researcher,2,5167,12.8,7,8,1,1,Hybrid,0.8,9,4.5,6.3,8,3,9.5,FALSE,4,No
2978,36,Prefer not to say,Married,Masters,Customer Support,Support Specialist,1,2922,8.5,7.3,14.8,2.8,1,Hybrid,11.8,5,5.6,4.7,4.8,3,7.6,FALSE,6.8,Yes
2979,21,Male,Single,Bachelors,Operations,Operations Analyst,1,2400,12.9,0,1,0,0,Remote,7.6,20,3.1,5.8,6.6,3,9.7,FALSE,3.2,No
2980,23,Female,Divorced,Bachelors,Engineering,QA Engineer,2,6335,11.6,2,3,1.1,4,Hybrid,4.6,3,2.7,7.6,6.8,4,7.7,TRUE,5.9,No
2981,22,Male,Single,Masters,Research & Development,Research Scientist,2,6898,17.7,1,2,0.7,4,Remote,7.3,7,3.7,6.3,5.4,4,9.7,TRUE,4.2,No
2982,34,Male,Single,Bachelors,Engineering,Software Engineer,2,6277,6.3,6.8,13,6.8,3,Hybrid,3.5,1,3.5,7.3,6.7,3,8.9,TRUE,4.3,No
2983,49,Prefer not to say,Married,Bachelors,Sales,Sales Manager,3,6212,14.1,5.4,12.5,0.3,1,Onsite,8.3,22,2,8.2,7.1,4,7.1,TRUE,3.8,No
2984,32,Male,Single,Masters,Research & Development,Research Scientist,2,7545,7.5,1.6,5.1,1.4,1,Hybrid,8.8,13,3.3,7.4,6.3,4,9,TRUE,1,No
2985,30,Female,Single,Bachelors,Research & Development,Research Scientist,2,5653,12.4,1.4,6.3,0.9,2,Hybrid,4.1,4,2.4,6.3,7.3,3,9.8,FALSE,5.4,No
2986,32,Female,Single,Bachelors,Sales,Sales Manager,3,7180,7,8.6,12,6.4,2,Hybrid,14.9,18,4.3,6,5.8,4,10,TRUE,3.6,Yes
2987,41,Female,Single,Bachelors,Research & Development,R&D Manager,3,7929,4.4,10.2,15.2,4.5,2,Onsite,6.4,7,3.6,6.2,7.1,4,9.7,TRUE,5.2,No
2988,32,Female,Single,Bachelors,Engineering,Engineering Manager,3,8272,8.1,3.4,6,0.9,1,Remote,11.9,9,4.3,4.9,6.9,4,8,FALSE,2.2,No
2989,47,Male,Married,Masters,Engineering,QA Engineer,5,11843,12.5,11.7,13.6,0,1,Hybrid,1.1,7,2.5,7.5,7.8,4,7.7,TRUE,1.8,No
2990,32,Female,Married,Bachelors,Engineering,Engineering Manager,3,9673,12.3,9,12,6.6,3,Onsite,1.2,7,1,7.7,9.8,4,8.4,TRUE,3.1,No
2991,41,Female,Married,High School,Operations,Program Manager,4,5104,3.3,8.3,12.5,7.1,1,Onsite,2,22,3.4,5.4,8.8,4,7.8,TRUE,4.4,Yes
2992,43,Female,Single,Bachelors,Engineering,QA Engineer,3,8479,13.3,6.8,11.3,0.7,0,Remote,5.4,4,3.9,7.1,7.5,5,8.4,TRUE,4.8,No
2993,36,Female,Married,Bachelors,Human Resources,HR Manager,3,4681,12.9,8.3,11.9,1.4,0,Hybrid,2.5,3,3.3,8.5,4.2,4,9.5,FALSE,5.4,No
2994,31,Male,Divorced,Bachelors,Sales,Account Executive,4,8679,9.4,6.6,11,6.6,2,Hybrid,9.5,19,3.2,7.4,5.9,3,5.9,FALSE,7.9,No
2995,21,Female,Single,Bachelors,Sales,Sales Development Rep,1,2997,17.8,0,1,0,2,Hybrid,13,18,2.4,10,6.9,4,8.7,TRUE,7.2,No
2996,38,Prefer not to say,Married,Masters,Operations,Operations Analyst,4,8187,11.7,8.9,12.2,6.3,0,Onsite,2.1,23,6.2,5.7,5.9,3,7.1,TRUE,1,No
2997,35,Female,Married,Bachelors,Finance,Accountant,1,5136,17.7,1.2,9.6,0,2,Hybrid,8.1,9,4.1,4.7,5.2,4,9.2,FALSE,8.8,No
2998,21,Prefer not to say,Married,Bachelors,Sales,Account Executive,1,2995,12.8,0,1,0,0,Hybrid,11.9,22,1.7,9.1,6.9,4,8.6,FALSE,4.9,No
2999,34,Female,Married,Bachelors,Engineering,Engineering Manager,4,9543,9.5,8.3,14,1.8,3,Remote,8,5,1.6,6.6,7.5,4,7.9,FALSE,2.1,No
3000,30,Female,Single,Bachelors,Customer Support,Customer Success Manager,3,5616,14.2,5.3,6.1,0,0,Onsite,7.4,6,2.6,6.8,6.3,3,5.8,TRUE,4.4,No
3001,27,Male,Divorced,Masters,Finance,Finance Manager,2,7115,17.1,5.9,7,1,3,Remote,4.2,3,4.3,8.2,5.7,4,9.9,TRUE,6.5,No
3002,24,Male,Married,Bachelors,Research & Development,Product Researcher,1,3304,10.8,3,2.4,2.2,1,Hybrid,4.2,3,1.9,7.8,8.8,4,5.8,TRUE,6.3,No
3003,27,Female,Married,Masters,Engineering,QA Engineer,1,4692,10.9,6,7,0.1,1,Hybrid,2.2,11,3.3,6.6,7.3,5,10,TRUE,5,No
3004,30,Male,Married,Bachelors,Research & Development,R&D Manager,3,7255,9.6,9,10,2.4,1,Hybrid,1.8,8,2.3,5.7,5.7,3,6.7,TRUE,3.4,No
3005,33,Male,Single,PhD,Research & Development,Research Scientist,3,9790,12.8,12,13,1.2,4,Onsite,7.8,12,5.7,6.6,5.3,4,10,TRUE,4.8,No
3006,33,Female,Single,PhD,Customer Support,Support Team Lead,4,7715,5.9,10.3,13,4.1,2,Onsite,2.7,12,3.7,7.9,6.9,3,6.1,FALSE,5.3,No
3007,31,Male,Married,Masters,Sales,Sales Manager,2,7103,8.1,4.4,11,2,4,Onsite,9.6,17,5.1,5.9,5.1,4,6.5,FALSE,6.9,Yes
3008,25,Female,Divorced,Bachelors,Operations,Operations Manager,2,5336,14.9,4,5,0.3,3,Remote,4.4,24,1.3,7.6,8.5,4,7.4,FALSE,2,No
3009,33,Male,Single,Masters,Marketing,Content Strategist,2,5919,11.8,1.9,10.5,1.2,3,Remote,8.4,7,4.4,5.4,7.2,3,7.8,FALSE,4.4,No
3010,35,Male,Single,Bachelors,Customer Support,Support Team Lead,3,4728,9.8,2.1,11.1,2,3,Onsite,10.2,2,9.6,2.1,5.9,3,6.6,TRUE,6.6,Yes
3011,40,Female,Married,Masters,Engineering,QA Engineer,1,6131,12.5,2.9,11,2,3,Remote,4.4,5,2.4,5.5,6.2,3,7.7,TRUE,3.6,No
3012,41,Female,Married,Bachelors,Operations,Operations Manager,5,7671,10.6,9.1,12.6,0.2,1,Remote,6.8,25,4.1,4.8,5.7,3,7.9,TRUE,5.8,No
3013,32,Female,Divorced,Masters,Engineering,QA Engineer,2,6783,5.6,6.7,11.2,3.7,2,Hybrid,8.1,5,4.2,5,4.8,3,7.9,TRUE,6.3,No
3014,48,Male,Divorced,Masters,Sales,Sales Development Rep,2,5702,16.4,7.6,9.1,0.3,1,Onsite,4.5,21,3.7,6.8,5.9,4,7,TRUE,7.8,No
3015,39,Female,Married,Bachelors,Sales,Account Executive,4,9898,9.5,9.9,12.9,3,1,Remote,10.1,17,3.3,4.7,7.2,4,7.9,FALSE,4.6,No
3016,32,Male,Single,Bachelors,Engineering,Software Engineer,1,5687,14.2,5.7,12,1.6,2,Onsite,9.5,4,6.2,4.8,5.8,4,7.3,FALSE,6.2,No
3017,35,Male,Married,Bachelors,Engineering,Data Engineer,1,5512,14.1,0.1,3,0.1,0,Onsite,4.7,7,3.7,6.3,6.5,4,8.3,TRUE,3.8,No
3018,36,Male,Single,Masters,Operations,Program Manager,4,10050,9.4,13.8,16,5,2,Onsite,13.2,20,7.4,4.4,3.9,4,9.2,TRUE,2.4,Yes
3019,45,Female,Married,PhD,Operations,Program Manager,3,7810,11.8,8,15.8,2.7,3,Remote,4.2,27,2.8,6.6,6.8,4,8,TRUE,2.7,No
3020,38,Male,Single,Bachelors,Customer Support,Support Team Lead,3,5296,17.3,13.4,18,1,4,Onsite,7.3,6,3.4,8.6,5.7,4,7,FALSE,6.1,No
3021,37,Female,Single,Masters,Customer Support,Support Specialist,3,7035,12.9,7.2,13.4,2.7,2,Hybrid,3.3,4,5.2,7.9,4.7,4,8.5,TRUE,9.1,Yes
3022,49,Female,Divorced,Bachelors,Engineering,Engineering Manager,5,11038,6.8,12.1,15.2,2.1,2,Hybrid,4.8,7,4.6,5.3,5.7,4,9.1,TRUE,1.3,No
3023,45,Female,Married,Bachelors,Operations,Operations Manager,4,7732,9.5,7.4,17.2,1.3,4,Hybrid,0.8,29,3.9,5.7,4.8,3,6.2,FALSE,5.8,No
3024,47,Male,Married,Masters,Engineering,QA Engineer,4,13617,15.3,9.1,9.2,2.5,1,Remote,4.3,8,1.2,9.7,5.9,4,8.1,TRUE,4.1,No
3025,38,Female,Single,Masters,Operations,Operations Analyst,2,5103,10.3,2.7,8.7,1.5,0,Remote,0.8,24,2.7,3.7,7.7,3,7.5,FALSE,3.3,No
3026,41,Male,Married,PhD,Engineering,QA Engineer,3,9408,11.3,9.2,16.4,0.6,2,Hybrid,17,7,4.6,8.9,5.3,4,8.4,FALSE,2.4,No
3027,37,Male,Married,Bachelors,Engineering,Data Engineer,3,9079,10.3,7.5,6.8,1.7,0,Onsite,11,8,2,6.5,5.7,4,9.1,FALSE,3.9,No
3028,44,Female,Married,Bachelors,Customer Support,Support Team Lead,4,5700,12.3,10.7,16.9,0.2,0,Remote,3.5,9,1,7.8,6,3,8.5,TRUE,5.2,No
3029,25,Female,Single,Masters,Operations,Operations Manager,4,7037,17.5,4,5,1.5,3,Hybrid,20.5,29,7.6,6.1,2.9,3,8.4,FALSE,4.7,Yes
3030,28,Female,Married,Bachelors,Sales,Sales Development Rep,1,3720,9.8,4.4,8,0.3,1,Hybrid,9.9,21,6.2,4.7,6.9,3,9.4,FALSE,5.5,No
3031,43,Female,Married,PhD,Operations,Operations Manager,3,5291,10.2,2.5,5.8,0.4,2,Hybrid,5.2,16,4.1,7.5,6.5,5,10,TRUE,3.3,No
3032,34,Female,Single,Masters,Sales,Sales Manager,4,8728,8.6,8.1,14,2.1,2,Hybrid,3.7,18,4.2,7.5,6.3,4,9.4,TRUE,2.7,No
3033,35,Male,Single,Bachelors,Human Resources,HR Business Partner,3,6165,12.6,9.1,11.9,0.1,1,Hybrid,3.8,5,1,6.8,6.9,4,7.7,TRUE,5.7,No
3034,42,Male,Married,Bachelors,Operations,Operations Manager,3,4209,11.1,7.5,12,0.7,1,Onsite,0.8,23,3.8,7,7.4,4,9.5,TRUE,4,No
3035,29,Male,Single,Bachelors,Engineering,Software Engineer,1,4774,14.4,2.8,9,0.8,1,Hybrid,11.5,8,4.5,8,4.6,3,9.1,TRUE,4.1,No
3036,25,Female,Married,Bachelors,Sales,Sales Development Rep,1,4130,9.3,4,5,3.6,1,Onsite,5.1,26,6,6.6,6.9,4,8,FALSE,7.8,Yes
3037,34,Female,Single,Masters,Sales,Sales Development Rep,2,7436,13.3,1.6,8.3,1.6,3,Onsite,4.7,30,5,5.9,8.5,3,8,FALSE,5.6,No
3038,39,Male,Divorced,Masters,Operations,Program Manager,2,4516,12.4,5.9,9.6,1.4,2,Onsite,8,11,2.1,7.7,6.4,4,9.9,FALSE,6.3,Yes
3039,47,Male,Single,Bachelors,Engineering,Software Engineer,4,10619,17.2,5.9,14.4,0.2,3,Onsite,6.2,10,3.1,9.5,5.2,4,8.2,FALSE,2.9,No
3040,41,Male,Single,PhD,Finance,Finance Manager,4,11867,6.9,5.2,11.6,2.8,1,Onsite,6.6,10,5.7,5.1,7.3,3,10,FALSE,4.6,Yes
3041,32,Female,Married,Masters,Operations,Operations Analyst,4,8447,14.2,8.5,11.5,4.5,1,Onsite,3.6,22,1.6,8.2,9.2,4,8,TRUE,4.1,No
3042,38,Male,Divorced,Masters,Engineering,QA Engineer,3,10032,18,1.7,10.6,1,3,Remote,8.4,6,3.1,4.7,6.5,3,7.9,FALSE,3,No
3043,42,Female,Single,Masters,Sales,Sales Manager,5,12590,13.6,8.8,15.6,4.9,1,Onsite,7.3,9,6.1,2.9,5.5,4,8.9,TRUE,5.9,No
3044,38,Non-binary,Married,Bachelors,Engineering,Software Engineer,1,4435,14.7,1.9,16.9,0.3,4,Hybrid,3.1,5,3.3,6.6,7.3,4,8.7,TRUE,5.9,Yes
3045,49,Female,Married,Masters,Human Resources,HR Manager,4,7816,14.1,6.1,12.9,0,3,Hybrid,7.9,6,4,8.1,6.5,4,10,TRUE,5.2,No
3046,41,Male,Married,Bachelors,Marketing,Content Strategist,4,9295,1.7,6.7,8.9,6,2,Onsite,11,3,5.5,4.2,5.8,4,10,TRUE,7.5,Yes
3047,35,Female,Married,Masters,Operations,Operations Analyst,3,6439,20.1,4.5,10.6,0.7,2,Remote,7.1,26,2.9,6.5,6.8,3,7.6,TRUE,4.6,No
3048,26,Male,Single,Masters,Human Resources,HR Business Partner,1,3500,11.4,4.7,6,3,4,Onsite,5.4,7,5.2,6.7,5.9,4,10,TRUE,6.1,No
3049,41,Female,Married,Masters,Customer Support,Support Team Lead,4,5841,13.3,6.6,12.3,3.3,3,Onsite,3.8,8,2,7.8,6,4,9,FALSE,5.4,No
3050,32,Male,Married,High School,Customer Support,Support Specialist,2,3994,15.9,6,10.7,1.4,1,Hybrid,4.4,9,1.1,8.5,6.5,4,9.4,FALSE,5.5,No
3051,35,Male,Single,Bachelors,Engineering,Engineering Manager,4,8624,14.4,11.7,15,1.2,3,Onsite,7.9,7,4.4,7.3,5,3,6.5,TRUE,3.6,No
3052,31,Female,Single,Masters,Finance,Finance Manager,2,6944,11.8,7.3,10.3,3.6,0,Onsite,9.1,9,9,2.9,4.6,4,7.5,FALSE,6.3,Yes
3053,59,Male,Single,High School,Operations,Program Manager,4,7597,9.7,7.2,20.7,0.7,6,Hybrid,2.1,18,1.1,9.4,7.7,3,7.4,TRUE,4.2,No
3054,41,Female,Single,Masters,Marketing,Growth Manager,3,6319,13.2,6.8,15.2,0.2,3,Hybrid,1.4,2,4.2,6.5,7.2,4,7,TRUE,7.6,No
3055,41,Male,Single,High School,Engineering,Software Engineer,4,8852,10.6,9.2,18.9,1.4,2,Hybrid,4.8,6,4.1,5.3,6,3,10,FALSE,4,No
3056,35,Male,Married,Bachelors,Engineering,Software Engineer,2,6786,4.5,4.1,7.9,4.1,0,Hybrid,3.7,5,3.5,6.3,6.5,4,7.1,TRUE,1.6,No
3057,35,Female,Married,Masters,Operations,Operations Manager,2,4700,11.9,0.1,8.5,0.1,3,Hybrid,2.5,21,6.4,4.8,6.7,3,5.7,FALSE,4.8,Yes
3058,38,Male,Married,Masters,Engineering,Software Engineer,5,13399,6.6,15.6,18,2.7,1,Onsite,4.8,5,3,7.6,6.1,4,9.9,TRUE,6.3,No
3059,38,Female,Single,Bachelors,Marketing,Marketing Specialist,3,5863,12,6.7,11.1,4.2,1,Onsite,3.6,10,4.1,6,6.3,4,8.2,TRUE,1.5,No
3060,39,Male,Single,PhD,Research & Development,Research Scientist,2,6231,9.8,4.9,14.7,1.9,3,Onsite,9.1,7,4.7,5.8,5.4,3,7.7,TRUE,6.7,Yes
3061,39,Male,Divorced,Bachelors,Operations,Operations Manager,2,5324,13.4,9,15.6,1.6,1,Hybrid,2.2,15,1.9,9.8,7.9,5,6.9,TRUE,6.9,No
3062,36,Female,Married,PhD,Engineering,Software Engineer,2,7372,13.3,6.4,16,3,3,Hybrid,3.4,7,2.8,10,7.3,4,8.6,FALSE,6.8,No
3063,31,Non-binary,Married,Bachelors,Customer Support,Support Team Lead,4,7045,11.9,10,11,5.4,2,Hybrid,6.2,3,4.8,5.9,6.5,4,8.6,TRUE,6.5,No
3064,46,Male,Single,Bachelors,Finance,Finance Manager,5,10948,9.1,15.5,23.9,2.2,3,Onsite,5,5,3.7,5.9,7,3,7.3,FALSE,5.8,No
3065,53,Male,Single,Bachelors,Operations,Program Manager,5,10695,13.5,6.7,16.5,2.4,3,Hybrid,5.6,20,3.4,6.5,5.9,4,9.4,TRUE,6.5,No
3066,21,Female,Single,Masters,Engineering,Software Engineer,1,4010,7,0,1,0,4,Onsite,12.7,10,7.5,5.3,5.3,3,6.5,TRUE,7,Yes
3067,45,Female,Single,High School,Research & Development,R&D Manager,4,8155,9.1,10.6,17.8,3.1,3,Hybrid,0.9,2,2.7,4.9,6.5,2,8.6,TRUE,1.5,No
3068,35,Female,Single,Bachelors,Operations,Operations Analyst,3,6911,14.8,10.3,15,0.7,2,Onsite,6.8,16,4,5.8,6.4,4,10,TRUE,7,Yes
3069,47,Male,Married,Masters,Engineering,Software Engineer,3,9559,19.9,6.7,16,2.8,5,Hybrid,5.7,3,4.5,7.9,4.6,3,9.7,TRUE,3.3,No
3070,31,Female,Married,Bachelors,Sales,Sales Manager,3,7471,12.8,6.4,11,0.9,2,Hybrid,2.3,24,1,6.7,7.7,3,8.2,FALSE,2.3,No
3071,26,Male,Married,Bachelors,Engineering,QA Engineer,1,3059,14.4,3.5,6,0.5,2,Hybrid,7.3,5,4.3,5.5,4.4,2,8.8,FALSE,3.9,No
3072,26,Male,Married,Bachelors,Engineering,Engineering Manager,2,5153,15,5,6,1,3,Onsite,1.3,5,1.6,6.1,8.1,4,9.5,TRUE,2.3,No
3073,47,Female,Single,Bachelors,Engineering,Engineering Manager,5,10049,12.7,13,21,3.5,3,Onsite,6.1,10,4.1,7.2,8.4,4,8.2,TRUE,2.8,No
3074,43,Male,Married,Bachelors,Engineering,Engineering Manager,3,7243,19.4,5,14.8,1.9,3,Hybrid,10.3,8,5.5,4.3,4.8,3,8.8,TRUE,5.5,No
3075,32,Male,Single,PhD,Customer Support,Support Specialist,2,5441,11.9,9.5,12,0.9,1,Onsite,3.7,3,6.1,4.5,4.2,4,8.7,TRUE,6.3,Yes
3076,32,Male,Married,Bachelors,Finance,Finance Manager,3,6525,15.5,7.4,12,1.6,1,Remote,1.3,6,2.7,8.6,7.1,3,7.5,FALSE,6.1,No
3077,41,Female,Single,Bachelors,Marketing,Content Strategist,3,6629,11.6,8.3,14,3.1,2,Hybrid,8.4,5,6.3,5.1,5.5,4,9.2,TRUE,4,No
3078,34,Female,Married,Bachelors,Marketing,Content Strategist,4,6405,5.2,13,14,7.3,2,Onsite,6.4,6,4.2,6,5.2,4,9.5,TRUE,4.2,No
3079,30,Female,Single,Masters,Research & Development,Research Scientist,1,4566,16.3,3.8,7.1,0.1,0,Hybrid,5.6,6,3.6,8.4,5.1,4,9.9,TRUE,7.3,No
3080,39,Female,Married,Bachelors,Sales,Sales Manager,4,6552,15.5,10.1,12.2,0.3,2,Onsite,5.3,13,3.1,8.4,7,5,8.4,FALSE,4.5,No
3081,28,Female,Single,High School,Sales,Sales Manager,3,5140,10.1,7,8,2.4,0,Onsite,5.8,24,5.7,6.4,6.7,3,8.8,FALSE,4.6,Yes
3082,39,Male,Divorced,Masters,Engineering,Engineering Manager,4,10638,12.7,10.3,15.6,2.8,2,Onsite,4.1,7,3.9,6.9,7.6,3,6.7,TRUE,1,No
3083,31,Female,Single,Masters,Engineering,Data Engineer,3,8645,8.8,10,11,4.1,3,Onsite,8.3,11,5.5,5.2,6.8,4,10,TRUE,5,No
3084,50,Female,Married,Masters,Engineering,Engineering Manager,5,13808,12.9,11.7,23,1.6,4,Hybrid,7,4,5.1,4.6,4.5,3,6.8,FALSE,5.2,No
3085,32,Female,Married,Bachelors,Human Resources,HR Business Partner,3,4909,14.9,8.3,11.8,2,0,Hybrid,6.4,3,3.2,6.5,6.9,4,8.6,TRUE,4.1,No
3086,33,Female,Married,Masters,Human Resources,HR Business Partner,3,7946,13.7,4.1,10,1.5,2,Onsite,11.5,9,4.9,9.2,3.5,5,7.8,TRUE,2.2,No
3087,45,Male,Divorced,High School,Marketing,Growth Manager,5,9677,15.9,12.4,20.6,1.5,2,Onsite,7.2,4,3.1,8,7.4,4,7.5,TRUE,5.4,No
3088,49,Female,Married,Bachelors,Operations,Operations Manager,4,8690,11.6,13.4,21.2,0.2,4,Onsite,7.3,24,6.4,6.7,4.9,5,8.6,FALSE,4.2,No
3089,49,Male,Divorced,Masters,Engineering,Engineering Manager,4,8241,11.6,8.4,14.5,2,2,Onsite,4.9,5,2.1,7.3,7.2,5,10,TRUE,5.4,No
3090,42,Male,Married,Bachelors,Human Resources,Recruiter,2,4045,8.7,7,10,2.5,1,Onsite,5.8,8,5.1,6.8,6,3,8.5,TRUE,5.9,No
3091,40,Non-binary,Single,PhD,Research & Development,Research Scientist,2,7334,9.2,5.3,7.7,1.8,1,Remote,1,5,3.3,7.2,7.3,4,7,TRUE,7.5,No
3092,24,Female,Single,Bachelors,Finance,Finance Manager,3,6595,10,3,4,3,2,Hybrid,8,5,5.5,4.4,6.6,3,7.7,TRUE,5.8,Yes
3093,39,Female,Married,Bachelors,Operations,Program Manager,3,6616,11.9,5,5.9,0.5,0,Hybrid,8.4,19,4.5,5.8,4.5,3,7.5,TRUE,5.3,No
3094,34,Male,Married,Bachelors,Marketing,Marketing Specialist,2,5430,11.9,5.1,12.8,2.2,2,Onsite,11,4,5.8,4.6,5.4,4,10,FALSE,5.8,Yes
3095,37,Male,Single,Bachelors,Engineering,Data Engineer,2,5249,15.1,6,9.3,2.2,0,Onsite,2.1,9,3.5,8.4,6.9,4,4.9,TRUE,2.5,No
3096,30,Female,Divorced,Masters,Research & Development,R&D Manager,2,4647,12,3.5,7.9,2.8,2,Onsite,9.2,2,6,5.5,5.1,3,6.1,FALSE,4.6,Yes
3097,34,Male,Married,Bachelors,Sales,Sales Development Rep,1,2719,17,4.7,8.3,0.5,1,Hybrid,9.6,21,3.1,7.5,4.6,3,8.8,TRUE,3.9,Yes
3098,22,Male,Single,PhD,Engineering,Engineering Manager,2,6736,10.9,1,2,1,1,Hybrid,3.8,8,4.2,5.1,5.8,3,8.1,FALSE,5,No
3099,35,Male,Single,Masters,Human Resources,Recruiter,2,4458,11.3,5.3,9.7,1.6,0,Onsite,1.7,7,3.2,6.6,6.3,3,6.9,TRUE,4.3,No
3100,40,Male,Married,Masters,Engineering,Software Engineer,3,8933,11,8.1,7.7,1.5,0,Remote,3.8,5,2.3,8.7,7.1,4,9,TRUE,3.5,No
3101,62,Prefer not to say,Married,Bachelors,Sales,Sales Manager,5,9305,12.4,8.2,11.5,3.1,2,Hybrid,4.4,27,5.5,5.9,6.3,4,10,FALSE,3.1,No
3102,38,Male,Married,Masters,Human Resources,HR Business Partner,2,4624,6.5,9.3,13.8,4.7,0,Remote,3.6,5,5.3,3.8,6.8,4,9.7,TRUE,6.3,Yes
3103,45,Male,Single,Bachelors,Engineering,Data Engineer,4,10466,10.5,11.1,14.3,1.2,1,Hybrid,1.9,9,5,5,4.5,3,8.8,FALSE,6,Yes
3104,40,Male,Married,Bachelors,Customer Support,Support Team Lead,3,4534,8.6,4,9.9,2.8,1,Remote,9.3,5,1.6,6.3,6.6,4,8.8,FALSE,6,No
3105,51,Male,Divorced,Bachelors,Engineering,QA Engineer,4,9852,11,13.3,12.3,3.4,0,Remote,1.8,6,3.4,4.4,7.1,4,7.7,FALSE,4.6,No
3106,49,Male,Married,Masters,Human Resources,HR Manager,5,8958,12.3,11.4,16.6,1.8,2,Onsite,2.3,7,5.1,4.9,5,4,6.5,FALSE,5.4,No
3107,40,Female,Single,Bachelors,Operations,Program Manager,3,6453,11.4,1.1,4.5,0.6,2,Remote,5.9,28,2.8,8.2,7.5,4,8.2,FALSE,4.6,No
3108,46,Female,Married,Bachelors,Sales,Sales Manager,3,6128,13,7.7,16.3,2,2,Hybrid,4,18,1.8,9.6,8.7,5,10,TRUE,6.8,No
3109,47,Male,Married,Masters,Customer Support,Support Specialist,5,8305,6.1,8.7,15.2,4.7,1,Hybrid,1.9,7,3.7,6,6.6,3,8.3,FALSE,4.6,Yes
3110,42,Female,Married,High School,Operations,Program Manager,2,4741,4.7,5.1,16,0.6,4,Remote,10.5,18,4.7,6.3,6.3,3,7.7,TRUE,3.8,No
3111,41,Male,Married,Bachelors,Operations,Program Manager,4,7859,12.2,9,20.9,0.4,2,Hybrid,8.5,25,4.8,7,7.2,3,7.9,FALSE,6.2,Yes
3112,38,Male,Single,Bachelors,Finance,Finance Manager,4,8963,10.5,9.2,13.1,0.3,2,Hybrid,13.8,6,3.4,4.7,5.1,3,6.7,TRUE,4.8,Yes
3113,34,Female,Divorced,Masters,Customer Support,Support Specialist,1,3286,9.4,6.8,10.1,1,1,Remote,6.4,3,4.3,7.3,5.2,3,7.6,TRUE,8.1,Yes
3114,40,Male,Single,Bachelors,Engineering,Engineering Manager,5,11021,8.5,11.7,20,1.3,3,Onsite,6.5,3,2.9,7.4,6.9,3,7.3,TRUE,7,No
3115,44,Prefer not to say,Single,Masters,Customer Support,Customer Success Manager,3,4712,14.6,4.5,6.4,0.3,0,Hybrid,4.7,8,4.2,6.6,4.5,4,7.4,TRUE,5.7,No
3116,44,Male,Divorced,Bachelors,Sales,Account Executive,4,8134,12.8,14.2,14.8,0.7,1,Onsite,25.9,22,6.3,5.3,3,4,10,FALSE,4,No
3117,35,Male,Married,Masters,Engineering,QA Engineer,3,9282,10.3,8.1,15,1.8,2,Onsite,13.4,3,4.8,6.5,5.6,3,9.8,TRUE,3.2,No
3118,40,Male,Divorced,Masters,Sales,Sales Manager,5,10230,12.8,12.5,17.1,0.9,1,Remote,7.8,28,4.7,7.8,7.3,4,8.7,FALSE,4.5,No
3119,38,Male,Single,Masters,Sales,Sales Manager,2,4256,11.6,3.5,13.5,0,3,Remote,6.8,31,4.9,5.2,7,3,6.7,TRUE,6.3,No
3120,32,Male,Married,High School,Research & Development,Research Scientist,3,5444,10.9,6.8,12,2.5,1,Hybrid,5.5,7,3.5,8.2,6.9,3,9.9,TRUE,2.4,No
3121,37,Male,Single,Masters,Sales,Account Executive,4,13019,17.6,10.6,16.2,1.1,1,Onsite,8,23,6.1,5.9,6.6,4,6.6,FALSE,5.3,Yes
3122,49,Female,Single,Bachelors,Sales,Account Executive,5,10221,12,12.6,15.5,0.8,0,Hybrid,7.5,23,5.7,5.7,4.2,5,9.6,TRUE,4.8,No
3123,44,Male,Divorced,Masters,Customer Support,Support Specialist,3,6530,8.9,7.8,15.3,2.9,3,Remote,9,5,3.9,5.8,7.2,4,7,FALSE,6.9,No
3124,51,Male,Single,High School,Customer Support,Support Team Lead,3,4408,10,2.8,15.7,2.5,4,Hybrid,12.6,3,6.4,5.2,4.5,3,7.9,TRUE,10,Yes
3125,37,Female,Married,Masters,Marketing,Growth Manager,3,7030,8.4,5.4,9.5,1.2,1,Hybrid,6.4,7,4,7,4.7,4,8.9,TRUE,4,No
3126,33,Female,Married,PhD,Customer Support,Support Specialist,3,6409,15.4,6.8,11.1,0.8,2,Onsite,2.3,7,2.8,7,6.8,4,8.6,TRUE,7.3,No
3127,34,Male,Single,Bachelors,Engineering,Software Engineer,3,7621,13.3,6.3,8.9,0.7,2,Onsite,2.2,6,5,7.6,7.8,5,7.8,TRUE,6.3,No
3128,38,Female,Divorced,High School,Operations,Program Manager,2,3638,11.4,9.7,18,0.1,2,Onsite,2.8,28,4.9,6.4,6.3,3,4.1,TRUE,5.6,No
3129,38,Male,Single,Masters,Engineering,Engineering Manager,2,6086,10.7,6.6,10.6,0,0,Remote,6.7,2,2.7,8.1,5.4,4,9.3,TRUE,2.3,No
3130,55,Female,Married,Bachelors,Engineering,Engineering Manager,4,10140,11,9,11,2.1,1,Hybrid,4.6,10,2.6,7.2,9.3,4,5.8,TRUE,4.9,No
3131,34,Male,Married,Bachelors,Research & Development,Research Scientist,3,6765,9.3,4.9,10.9,3.7,2,Remote,4,9,4.4,8.8,8.1,4,9.2,FALSE,6,No
3132,35,Female,Single,Bachelors,Research & Development,Research Scientist,3,10746,13.5,9.3,13,3.4,1,Hybrid,0.9,7,1.8,5.8,7.8,4,10,FALSE,3.6,No
3133,32,Male,Married,High School,Finance,Finance Manager,3,5419,9.5,7.8,12,5.5,1,Onsite,6.2,1,1.4,8.4,7,4,7.9,TRUE,5.5,No
3134,25,Female,Married,Masters,Marketing,Growth Manager,3,5223,6.9,4,5,3.9,0,Onsite,8.6,10,6.3,2.8,5.7,2,7.6,FALSE,7.3,No
3135,45,Male,Married,Masters,Customer Support,Customer Success Manager,4,6274,15.8,9.4,12.5,1,2,Remote,6.7,6,1.7,10,7.6,5,8.7,FALSE,6.6,No
3136,33,Female,Single,Masters,Sales,Sales Manager,5,9576,9.1,12,13,1.2,4,Remote,5.1,21,3.3,8.2,7.7,4,8.6,TRUE,7.9,No
3137,27,Female,Married,Bachelors,Human Resources,HR Business Partner,1,2739,13.9,0,7,0,1,Onsite,8.5,6,1.7,8.3,5.8,4,9.4,TRUE,3.7,No
3138,53,Male,Single,Masters,Engineering,Engineering Manager,4,11562,15.5,5.4,13.2,2.3,3,Onsite,7.5,6,3.7,9.1,7.3,5,9.8,TRUE,3.6,No
3139,37,Female,Divorced,Bachelors,Marketing,Growth Manager,3,6229,12.5,5.3,11.3,5.3,1,Hybrid,11,8,6.8,6.5,4.5,5,8.9,TRUE,7.7,No
3140,37,Female,Divorced,Bachelors,Engineering,Engineering Manager,3,9323,12.8,9,17,0.2,3,Hybrid,9.9,6,3.5,7.2,5.6,4,8.4,FALSE,3.9,Yes
3141,44,Male,Single,Masters,Sales,Sales Development Rep,4,8488,12.9,9.7,17.6,0.3,2,Remote,22.6,21,7.9,6.1,3.1,4,9,FALSE,4.4,No
3142,35,Male,Married,Bachelors,Engineering,QA Engineer,3,7076,6.7,5.8,15,1.9,3,Hybrid,4.1,8,3.9,8.4,6.5,4,8.4,TRUE,1.4,No
3143,37,Female,Married,Bachelors,Operations,Program Manager,2,3996,9.3,3.3,7.4,0.7,1,Hybrid,1.2,27,2.6,7.5,6.8,3,9.1,FALSE,4.9,Yes
3144,45,Female,Married,PhD,Finance,Finance Manager,5,14831,10.1,4.4,5.6,1.4,0,Onsite,2.9,5,6.1,4.5,6.7,3,8.9,FALSE,6.3,Yes
3145,41,Female,Married,Bachelors,Customer Support,Customer Success Manager,4,7341,14.1,7.4,13.2,1.1,2,Hybrid,15,2,6.7,6.5,3.3,4,8.6,FALSE,4.3,Yes
3146,32,Female,Single,High School,Customer Support,Support Specialist,2,2209,7.5,0,0.9,0,1,Onsite,7.9,6,5.8,3.9,4.6,2,6.9,FALSE,5.8,Yes
3147,34,Female,Single,Masters,Engineering,Engineering Manager,3,8443,9,4.3,12.5,1.1,3,Onsite,5.2,3,4.6,4.9,6,4,7.3,TRUE,4.7,No
3148,32,Female,Married,High School,Research & Development,Product Researcher,2,5504,15,5.4,10.6,0,2,Onsite,6.8,6,1.7,8.8,7.4,4,9.5,TRUE,1.3,No
3149,44,Female,Married,Bachelors,Customer Support,Support Specialist,3,7254,12.3,7.8,17.2,0.3,2,Hybrid,3.1,4,2.5,8,7.5,4,10,TRUE,6.8,Yes
3150,49,Female,Divorced,Bachelors,Sales,Sales Manager,3,6271,15.8,9.5,15.4,0.7,1,Remote,17.1,26,6.2,5.7,5.6,4,10,FALSE,5.8,Yes
3151,47,Female,Divorced,High School,Human Resources,HR Manager,3,6916,16.3,9.6,16.2,0.2,2,Hybrid,5.6,9,3.9,6.7,6.7,4,8.2,FALSE,3,No
3152,21,Female,Married,Bachelors,Engineering,Engineering Manager,2,5867,14.7,0,1,0,3,Onsite,3.2,7,3.5,8.5,6.8,5,7.8,TRUE,3.8,No
3153,36,Female,Single,Masters,Engineering,Data Engineer,3,9910,16.8,8.8,16,2,2,Hybrid,3.5,9,5.5,6.1,6.2,4,8.3,TRUE,3.5,No
3154,28,Male,Single,Bachelors,Sales,Sales Development Rep,2,7064,17.7,6.5,8,0.5,0,Hybrid,7.6,20,3.2,9.7,6.4,4,7.9,FALSE,8.2,No
3155,41,Male,Married,Bachelors,Marketing,Content Strategist,2,4621,7.3,6,17.4,2.9,4,Remote,2.4,5,4,5.3,4.9,4,8.1,TRUE,5.4,No
3156,40,Female,Single,PhD,Engineering,QA Engineer,3,13770,2.6,9.8,18.6,8.5,1,Hybrid,1.4,6,4.4,2.7,6.7,3,6.2,FALSE,1.8,No
3157,31,Male,Divorced,PhD,Research & Development,Product Researcher,3,6649,5.3,8.7,11,5.4,2,Hybrid,5.7,4,5.6,4.2,6,4,5.2,TRUE,5.8,No
3158,24,Male,Married,High School,Customer Support,Support Team Lead,2,2661,12.9,2.2,4,2.2,2,Onsite,4.3,10,2.1,8.8,8,4,7.9,TRUE,10,No
3159,55,Male,Single,Masters,Sales,Account Executive,5,10087,10.4,11.2,18.4,5.5,2,Hybrid,7.2,23,2.9,6.7,5.7,3,9.2,FALSE,1.5,No
3160,41,Female,Married,Masters,Customer Support,Support Team Lead,4,5034,17.9,12,16.8,0.4,1,Hybrid,15.3,7,7.1,6.5,4.1,3,7.6,FALSE,6.2,No
3161,49,Male,Married,Bachelors,Marketing,Growth Manager,4,8118,14.9,11.1,12.2,1,0,Remote,7.6,7,4.2,7.4,8.3,3,7.2,FALSE,7.1,No
3162,22,Female,Married,Masters,Engineering,Data Engineer,2,5739,12.2,1,2,1,1,Hybrid,11.3,3,3.5,7.1,5.8,3,9.1,TRUE,5,No
3163,37,Male,Single,PhD,Human Resources,HR Manager,3,5378,4.4,9.4,11.9,4.3,1,Onsite,2.3,3,3.1,7.6,5.9,4,7.1,TRUE,4.4,No
3164,49,Male,Divorced,Masters,Engineering,Software Engineer,2,5889,4.4,3.9,6.6,3.6,0,Onsite,9.1,5,4,7.1,7,4,7.3,TRUE,5.5,No
3165,32,Male,Single,Masters,Finance,Financial Analyst,2,5534,12.7,2.3,9,2.3,1,Onsite,1.7,5,3.8,7,7.1,3,8.4,TRUE,4.4,No
3166,53,Female,Married,Masters,Customer Support,Support Team Lead,5,9444,8.1,14.3,22.7,2.4,3,Hybrid,2.4,8,3.1,7,6.8,4,9.9,TRUE,5.6,No
3167,38,Female,Married,Bachelors,Engineering,Engineering Manager,4,11642,11.7,6,6.7,0.2,0,Hybrid,3.7,4,4.6,6,6.3,4,6.8,TRUE,3.9,No
3168,28,Male,Single,High School,Engineering,Software Engineer,2,4997,13.5,5.9,7.3,0.8,0,Remote,6.5,6,3.2,3.9,7.9,3,6.4,TRUE,4.4,No
3169,37,Male,Married,Bachelors,Engineering,Software Engineer,2,3897,15.1,0,1.6,0,1,Onsite,8.6,4,5.2,5.4,6.7,4,7.3,TRUE,5.2,No
3170,35,Male,Married,Bachelors,Engineering,Software Engineer,2,7041,10.2,5.5,15,2.7,5,Onsite,2.1,6,1.8,9.2,6.5,4,8,TRUE,3.8,Yes
3171,43,Male,Single,Bachelors,Engineering,Data Engineer,5,12424,10.5,11.3,17.9,0.6,1,Hybrid,7.6,4,3.2,4.9,5.1,3,8.6,TRUE,2,No
3172,42,Female,Single,Masters,Operations,Operations Analyst,5,13218,13.8,12.9,18.8,0,1,Onsite,9.2,28,7,4.8,3.2,3,8.6,TRUE,4.8,No
3173,48,Female,Married,Masters,Engineering,Data Engineer,5,12122,12.3,13.6,19.2,0.2,1,Hybrid,3.8,5,2.9,7.8,5.7,5,9.2,TRUE,2.9,No
3174,44,Female,Married,Bachelors,Operations,Program Manager,3,8226,19,6.2,7.7,0,0,Remote,13.2,38,3.5,8.9,5.1,4,6.8,FALSE,6.6,No
3175,40,Male,Divorced,Masters,Sales,Account Executive,4,10740,12.5,10.9,14.2,1.6,2,Hybrid,11.7,24,4.9,5.9,3.7,4,9.2,FALSE,2.9,Yes
3176,39,Male,Married,Masters,Marketing,Content Strategist,3,6238,5.2,5.5,9.7,2.1,0,Hybrid,6.8,4,4.4,5.7,5.9,3,6.5,FALSE,4.4,No
3177,38,Male,Single,PhD,Operations,Operations Manager,3,6879,10.3,6.5,12.3,0.5,1,Onsite,3.4,18,3.7,8,6.7,4,8.6,TRUE,7.1,No
3178,43,Female,Married,Bachelors,Customer Support,Support Team Lead,5,7759,12.2,9.1,15.3,1.3,2,Hybrid,3.4,6,4.4,5.2,7.5,4,7.6,TRUE,8,No
3179,37,Female,Single,Masters,Marketing,Marketing Specialist,3,5231,9.9,6.9,17,0.6,3,Remote,15.9,10,4.3,7,6.8,3,6.8,TRUE,4.6,No
3180,32,Male,Married,Bachelors,Sales,Account Executive,2,4581,13.6,3.9,7.9,0.8,1,Hybrid,6.8,18,2.3,7.4,5.2,3,10,TRUE,6.6,No
3181,43,Female,Single,Bachelors,Finance,Finance Manager,5,11176,11.5,5.4,16.9,5.4,3,Onsite,8.6,4,4.2,4.9,5.3,3,7.9,TRUE,5.3,Yes
3182,38,Female,Married,Bachelors,Engineering,Engineering Manager,2,6673,13.7,4.3,6.9,2.2,2,Onsite,4.7,8,5.5,7.8,5.8,4,8.9,TRUE,4.4,No
3183,55,Female,Single,Masters,Engineering,Engineering Manager,5,13673,8.6,6.8,18.8,1.4,3,Remote,16.4,6,7.3,4.1,5.6,4,9.4,TRUE,3.3,No
3184,35,Female,Single,Bachelors,Engineering,QA Engineer,3,8055,10,6,10.7,3.7,2,Onsite,5.9,5,4.6,5.5,7.5,3,6.2,FALSE,3.1,Yes
3185,36,Female,Married,Masters,Sales,Sales Manager,4,9598,10,9.1,9,1.1,1,Onsite,9.2,18,6.3,7.6,3.9,3,9.4,FALSE,4.2,No
3186,38,Male,Married,Bachelors,Human Resources,Recruiter,1,3024,10.4,4,13.6,3.4,4,Hybrid,0.3,4,4.7,5.4,6.8,3,8.9,TRUE,6.6,No
3187,25,Male,Divorced,PhD,Finance,Accountant,1,3857,11.6,2.3,5,1.6,2,Onsite,7,8,7.3,3.2,4.6,3,5.5,TRUE,7.4,Yes
3188,28,Female,Married,Bachelors,Research & Development,Research Scientist,1,3786,4.5,6.1,8,3.9,2,Hybrid,4.8,5,3.6,5.6,7.2,3,8,TRUE,2.6,No
3189,43,Female,Married,Bachelors,Sales,Sales Manager,5,12792,8.7,11.9,22.6,2.3,2,Remote,5.1,19,2.5,7.9,8.5,4,7.6,FALSE,2.8,No
3190,42,Male,Married,High School,Operations,Operations Manager,3,4673,11,3.3,5.7,0.8,1,Onsite,5.4,29,2.4,7.7,8.5,4,8.8,TRUE,6,No
3191,24,Male,Single,Bachelors,Finance,Accountant,2,5849,14.4,3,4,1.3,1,Hybrid,16.5,5,4.6,7.5,3.1,4,9.6,TRUE,4.9,No
3192,24,Female,Divorced,Masters,Research & Development,R&D Manager,2,8129,10.6,3,4,1.3,2,Hybrid,3.3,6,1.7,10,7,4,7.5,FALSE,5.4,No
3193,35,Female,Married,Masters,Research & Development,R&D Manager,3,10131,8.3,8.5,15,1.2,1,Hybrid,5,3,3.5,8.6,6,4,8.3,FALSE,4,No
3194,41,Female,Single,Bachelors,Marketing,Content Strategist,4,9489,14.7,10.5,17.9,1.8,4,Onsite,3.4,10,5.3,5.1,5.6,3,8.4,TRUE,4.3,Yes
3195,47,Male,Married,Bachelors,Sales,Sales Manager,5,8550,6,11,14.7,3.4,1,Hybrid,11,23,4.5,7.9,6.2,4,9.6,TRUE,3.5,No
3196,38,Male,Single,High School,Customer Support,Customer Success Manager,2,2414,11.8,11.1,13.8,0.7,0,Hybrid,1.9,4,4.2,5.3,6.4,3,6.8,TRUE,6.1,No
3197,35,Male,Married,Bachelors,Engineering,Software Engineer,3,7114,12.8,7.3,15,1.8,5,Onsite,0.4,4,2.4,6.6,6.4,3,8.5,FALSE,6,No
3198,30,Male,Single,Bachelors,Operations,Operations Analyst,2,5019,9.5,5,10,4.3,2,Onsite,8,21,5.3,7.6,6.4,4,8.8,TRUE,4.1,Yes
3199,36,Female,Single,Bachelors,Customer Support,Support Team Lead,4,5743,5.6,7.8,16,3.6,4,Remote,14.1,7,4.8,4.2,6.7,3,7.2,FALSE,6.6,No
3200,36,Male,Single,Bachelors,Customer Support,Support Team Lead,3,4441,7.3,6.8,12.7,1.7,2,Remote,7.3,2,4,6.2,4.7,4,8.7,FALSE,6.5,No
3201,32,Prefer not to say,Married,Bachelors,Engineering,QA Engineer,2,5930,11.8,5,12,3,2,Hybrid,1.1,5,1.9,8.5,7.4,5,9.6,TRUE,1.2,No
3202,47,Male,Single,Bachelors,Finance,Accountant,5,10594,12.1,8.9,17.9,2.2,3,Hybrid,3.8,5,2.8,8.1,6,3,7,TRUE,3.8,No
3203,44,Male,Single,Masters,Sales,Sales Manager,4,8420,8,11.5,15.7,2.1,0,Hybrid,8.6,15,4.8,6.3,5,4,9,FALSE,3.8,No
3204,45,Female,Married,Bachelors,Engineering,Data Engineer,3,7454,9.2,9.5,17.4,1.1,2,Remote,8.4,5,4.4,7.8,6.1,4,8,TRUE,2.6,No
3205,45,Male,Single,Bachelors,Customer Support,Support Team Lead,2,3364,14.9,2.2,12.1,2.2,2,Onsite,9.2,11,2.6,6.7,4.9,4,9.1,FALSE,6.8,Yes
3206,42,Male,Married,Bachelors,Sales,Sales Development Rep,2,6608,9,4.9,14.4,4.9,3,Hybrid,6.1,30,4.6,5.4,6.7,3,5.8,FALSE,5.8,Yes
3207,31,Female,Married,Bachelors,Human Resources,Recruiter,2,3331,9.3,3.4,11,0.4,1,Onsite,10.3,4,3.6,6.8,5.8,4,8.9,FALSE,3.8,No
3208,27,Male,Single,Bachelors,Sales,Sales Development Rep,1,3487,12.3,6,7,0.5,1,Remote,6.9,19,1.1,7.5,7.6,3,6.6,FALSE,6.9,No
3209,55,Female,Single,Masters,Sales,Account Executive,4,9973,13.7,10.6,19.9,0.8,4,Remote,3.3,18,2.5,8.6,7.5,3,8.9,FALSE,5.8,No
3210,24,Male,Single,Bachelors,Customer Support,Support Specialist,1,2250,14,3,4,1.7,4,Remote,16.4,6,6.2,6.5,4,4,9.6,TRUE,4.2,No
3211,33,Male,Married,Bachelors,Customer Support,Support Specialist,2,3842,11.7,0.4,4,0.4,0,Hybrid,11.4,7,4.6,5.1,6,3,9,FALSE,6.9,No
3212,41,Male,Married,Bachelors,Engineering,Data Engineer,3,8492,16.7,9.1,13.3,1.8,0,Hybrid,11.7,4,4.5,7.6,5.5,4,6.2,FALSE,2.9,No
3213,39,Male,Married,Bachelors,Marketing,Content Strategist,3,6221,5.2,10.8,18.8,0.4,3,Remote,6.9,4,3,5.4,7.4,4,9.5,FALSE,6.3,No
3214,25,Female,Married,PhD,Engineering,QA Engineer,2,8160,10.4,4,5,1.5,3,Hybrid,8.7,2,3.6,8.2,5.6,3,9.3,TRUE,4.9,No
3215,40,Female,Married,High School,Engineering,QA Engineer,3,7798,17.8,6.1,10.7,3.5,0,Hybrid,1.6,4,2.5,7.2,6.7,4,10,TRUE,5.9,No
3216,38,Male,Single,High School,Engineering,QA Engineer,3,6121,15.3,6.9,7.2,0.4,1,Hybrid,4.6,3,1.9,6.7,7.5,4,9.3,TRUE,2.1,No
3217,40,Female,Single,Bachelors,Operations,Operations Manager,5,12174,15.6,13.3,19,0.1,2,Onsite,4.9,22,4.8,7.3,6.1,3,6.6,FALSE,7.2,No
3218,45,Male,Divorced,Bachelors,Operations,Program Manager,4,7401,12.5,9.4,15.1,0,2,Hybrid,0.7,15,4.3,7.1,6.2,3,6.2,TRUE,6,No
3219,45,Female,Single,Bachelors,Marketing,Marketing Specialist,4,10222,5.9,7.7,16.3,5.1,4,Hybrid,11.1,7,6.5,7.6,4.4,4,8.3,FALSE,6.2,No
3220,33,Male,Married,Bachelors,Engineering,Data Engineer,1,4863,13.5,2.8,9.3,1.5,2,Onsite,5.9,4,5.3,7,7.6,3,8.3,TRUE,3.3,No
3221,41,Male,Married,High School,Engineering,QA Engineer,4,9697,10.8,8.5,13.8,1.9,0,Remote,6.7,4,3.9,5.4,9,4,9.3,FALSE,3.4,No
3222,46,Male,Married,Bachelors,Engineering,Engineering Manager,4,8975,10.5,12.2,14.1,1,0,Hybrid,3.9,9,3.9,6.6,5.6,5,7.3,FALSE,6.1,No
3223,50,Male,Married,Bachelors,Customer Support,Support Team Lead,3,5308,15,3.5,10.6,2.1,1,Hybrid,9.1,6,3.5,5.6,6.7,3,7.5,TRUE,5.4,Yes
3224,31,Female,Married,Masters,Sales,Account Executive,2,6030,13.2,3.7,11,0.5,5,Hybrid,5,20,2.6,6,6,3,8.1,FALSE,8.1,Yes
3225,21,Male,Single,PhD,Engineering,Software Engineer,2,7274,9.6,0,1,0,3,Hybrid,2.3,6,2.8,5.7,6.8,3,8.1,TRUE,4.7,No
3226,34,Female,Single,High School,Research & Development,R&D Manager,3,7107,9.1,7.8,12.5,1.9,0,Onsite,1.2,8,5.1,5.3,6.4,4,10,TRUE,3.2,No
3227,46,Female,Married,Bachelors,Research & Development,R&D Manager,5,14138,12.2,9,14.4,0.9,2,Hybrid,6.3,7,4.2,8.1,5.5,5,9.1,TRUE,1.2,No
3228,34,Male,Married,High School,Sales,Sales Development Rep,2,5158,13,10,10.1,1.8,0,Onsite,7.6,21,4.1,4.9,6.9,4,9.7,TRUE,3.9,Yes
3229,32,Male,Divorced,Bachelors,Sales,Account Executive,2,5940,6,6.4,8.6,6.4,0,Onsite,6.9,16,4,4.8,4.9,3,4.9,TRUE,5.7,Yes
3230,25,Female,Married,PhD,Engineering,Software Engineer,2,6548,10.4,4,5,3,1,Onsite,18.9,3,7,6,3.9,3,10,TRUE,5.2,No
3231,35,Male,Single,Bachelors,Human Resources,HR Manager,3,6645,12.7,6.7,15,0.7,4,Hybrid,0.8,7,1,9.6,7.3,4,8.6,TRUE,5.8,No
3232,39,Male,Married,Masters,Engineering,Data Engineer,4,13791,14.1,9.7,11.9,1.8,0,Hybrid,4.9,5,1.4,7.2,8.1,4,9,TRUE,4.8,No
3233,27,Male,Single,Bachelors,Engineering,Data Engineer,1,4123,16.4,0.7,7,0.7,4,Remote,14.7,6,7.1,5.5,3.7,3,8.2,TRUE,4.7,No
3234,53,Male,Married,Bachelors,Research & Development,Product Researcher,4,10992,14.9,8.5,15.2,3.1,2,Hybrid,6.6,3,2.8,6,5.6,3,9.3,TRUE,2.6,No
3235,33,Female,Married,Bachelors,Engineering,Software Engineer,4,10532,8.4,12,13,2.3,0,Onsite,7.5,5,4.4,4.5,5.5,3,8.6,TRUE,2,No
3236,29,Male,Married,Bachelors,Engineering,Engineering Manager,2,7479,8.9,7.7,9,2,1,Remote,10.5,7,1.1,8.9,6.4,4,8.6,TRUE,3,No
3237,34,Male,Married,Bachelors,Engineering,Engineering Manager,3,8102,15,9.1,14,2.3,2,Onsite,5.2,9,2.5,6.4,6.5,4,5.7,TRUE,3.5,No
3238,52,Male,Divorced,Bachelors,Engineering,Engineering Manager,3,8095,8,7.9,17.3,2.6,3,Remote,1,14,1.2,9.1,7.7,5,10,TRUE,5.4,No
3239,36,Male,Single,Masters,Engineering,Software Engineer,4,10677,7,8.4,13.6,2.7,0,Onsite,2.2,5,2.6,5.3,6.7,4,7.8,TRUE,3,No
3240,40,Male,Married,Bachelors,Research & Development,R&D Manager,3,9598,11.2,7.2,8.4,1.3,1,Hybrid,13.4,8,4.4,6.8,4.9,4,8.5,FALSE,5.1,No
3241,34,Female,Single,Bachelors,Research & Development,R&D Manager,4,11918,8.5,9.3,14,2.5,1,Onsite,9,7,5.5,5.5,5.9,4,9.7,TRUE,4.1,No
3242,26,Female,Married,Bachelors,Research & Development,R&D Manager,3,6448,10.6,5,6,3.5,0,Remote,9.2,7,3.4,8.9,7,5,8,TRUE,6.4,No
3243,39,Male,Married,Bachelors,Sales,Sales Manager,2,3623,8.7,0.2,4.2,0.2,2,Remote,6.8,22,3.6,6.4,6.3,3,5.7,FALSE,3.4,Yes
3244,38,Male,Married,Bachelors,Research & Development,Product Researcher,2,5356,10.3,2.9,6.2,1.1,1,Onsite,5.1,9,3.3,8.6,7.6,3,7.7,TRUE,5.9,No
3245,34,Prefer not to say,Married,Bachelors,Research & Development,R&D Manager,3,6320,10.2,6.8,10.3,4.9,1,Hybrid,1.7,7,3.1,6.5,8.1,4,10,TRUE,3.7,No
3246,27,Female,Single,Masters,Sales,Account Executive,3,7322,16.4,6,7,1.3,0,Onsite,6,27,5.3,8.4,5.4,4,10,FALSE,4.4,No
3247,50,Female,Married,Masters,Finance,Finance Manager,5,10146,17.1,10.3,16,0,1,Hybrid,13.4,10,6.7,6.7,3.4,3,7.6,TRUE,4.2,No
3248,34,Non-binary,Divorced,Bachelors,Finance,Financial Analyst,1,3609,7.1,4.2,5.7,4.2,1,Onsite,6.3,5,2.5,7.5,5.4,4,9.2,TRUE,9,No
3249,32,Female,Married,Masters,Engineering,Data Engineer,2,5733,13.4,0.7,7.9,0.7,3,Onsite,1,4,4.4,5.9,6.9,3,6,TRUE,4.5,No
3250,34,Male,Single,High School,Operations,Operations Manager,2,4690,11.5,5.1,11.2,1.4,1,Hybrid,1.1,23,3.1,7.4,7.2,3,8.9,FALSE,4.1,No
3251,37,Female,Single,High School,Finance,Financial Analyst,3,6385,14.4,7.5,12.5,2.1,1,Hybrid,4,8,1.4,7.6,8.4,4,10,TRUE,5.6,No
3252,41,Male,Single,Bachelors,Sales,Sales Development Rep,3,9527,13.7,11,12.9,0.5,0,Hybrid,7.1,17,3.9,7.1,6.2,4,6.8,FALSE,4.7,No
3253,36,Female,Single,High School,Operations,Program Manager,3,6116,11.3,8,10.3,1.6,0,Hybrid,3.7,37,3.2,6.2,8,4,10,FALSE,5.9,No
3254,42,Male,Single,Masters,Marketing,Growth Manager,4,8561,5.8,4.6,9.4,2.8,0,Hybrid,1.5,10,4.2,3.3,4.7,4,6.5,TRUE,6.7,No
3255,32,Male,Married,Masters,Engineering,Engineering Manager,3,9808,9.6,7.7,12,2.5,5,Hybrid,5.9,7,3.7,3.7,4.6,4,8.6,TRUE,5.9,Yes
3256,34,Male,Married,PhD,Sales,Sales Development Rep,2,6763,13.3,7,12.4,1.3,2,Onsite,2.8,16,2.7,6.6,6.9,4,8.1,TRUE,6.6,No
3257,38,Female,Married,Masters,Engineering,Software Engineer,3,10615,13,2.2,13.6,0.9,3,Hybrid,5.1,4,3.6,6.1,7.1,4,10,TRUE,4.6,No
3258,50,Female,Single,Bachelors,Sales,Account Executive,5,14189,13.2,10.7,15.2,1.6,0,Remote,9.3,21,2.7,7.2,5.4,4,7.2,FALSE,3.2,No
3259,39,Female,Single,Masters,Engineering,Software Engineer,5,12843,13.3,11.1,16.1,1.3,2,Onsite,5.8,6,3.8,6.2,5.7,4,7.8,TRUE,5.3,No
3260,22,Male,Single,Masters,Engineering,Data Engineer,2,6946,13.6,0,2,0,2,Onsite,2,7,3,9.2,7.3,3,9.3,TRUE,2.1,No
3261,35,Male,Married,Masters,Engineering,QA Engineer,3,7790,11,6.5,10.4,0.8,1,Hybrid,1.5,5,3.5,5.1,7.9,3,6.8,TRUE,3.3,No
3262,37,Male,Single,Bachelors,Engineering,Software Engineer,1,4095,13.6,2.1,3.1,1.4,0,Hybrid,0.9,7,3.6,6.3,6.7,4,8.4,FALSE,4.2,No
3263,44,Female,Single,Bachelors,Operations,Operations Analyst,3,5719,15.7,6.8,9.4,1.5,0,Onsite,11.6,25,3.4,7.9,4.7,4,9.7,FALSE,2.7,No
3264,25,Female,Divorced,Bachelors,Customer Support,Support Specialist,2,3532,16.4,0.8,5,0.8,3,Onsite,4.3,3,2.3,7.6,5.7,2,5.9,TRUE,6.4,No
3265,26,Female,Married,Masters,Engineering,QA Engineer,1,3608,11.5,4.4,6,0.9,2,Onsite,6.6,7,3.8,6.7,5.6,4,8,TRUE,3,No
3266,32,Male,Divorced,Bachelors,Sales,Sales Development Rep,2,3889,8.9,7.9,11.3,2.9,1,Hybrid,12.7,29,3.1,4.9,5.1,4,9.1,TRUE,6.5,No
3267,33,Female,Married,Bachelors,Customer Support,Customer Success Manager,4,7046,18.5,7.9,12.5,1.6,1,Remote,7.3,8,2.3,9.8,6,4,9.6,FALSE,4.6,No
3268,34,Female,Single,Bachelors,Sales,Sales Manager,2,5584,10.9,7.4,14,1.6,2,Onsite,15.6,21,4.5,6.6,5.3,3,10,FALSE,5.1,No
3269,39,Male,Married,Bachelors,Finance,Financial Analyst,2,4418,8.6,3.8,4,3.8,0,Hybrid,3,10,1.5,7.3,6.2,3,10,FALSE,3.8,No
3270,30,Male,Married,Masters,Operations,Operations Manager,2,5232,9,1.9,7.6,1.4,2,Hybrid,2.7,20,2.6,5.4,9.1,4,8.6,FALSE,1.9,No
3271,44,Non-binary,Single,PhD,Finance,Accountant,5,17129,9.8,12.7,19.6,1.6,3,Hybrid,9.6,8,4.8,5.9,2.8,4,7.6,FALSE,6.6,No
3272,37,Male,Married,Bachelors,Research & Development,R&D Manager,4,9166,16.8,5.9,12.6,0.4,2,Hybrid,3.2,6,2.5,8.2,6.5,4,6.3,FALSE,2.4,No
3273,23,Female,Married,Bachelors,Engineering,Software Engineer,1,4902,8.6,2,3,1.3,1,Remote,3.2,10,2.8,7.3,7.2,3,6.4,FALSE,5.5,No
3274,34,Female,Single,Bachelors,Engineering,Engineering Manager,3,8201,8.9,8.6,12.4,8.1,2,Onsite,7.9,6,3.1,6.2,5.4,4,7.8,TRUE,2,Yes
3275,42,Male,Married,Bachelors,Research & Development,R&D Manager,2,4960,15.5,3.7,10.2,1.7,1,Onsite,3.2,11,2.4,7.1,4.8,4,8.6,TRUE,2.9,No
3276,37,Female,Single,Bachelors,Human Resources,Recruiter,3,7603,15.2,8.1,15.3,1.1,2,Remote,2.7,5,3.8,8,6.2,4,7.2,TRUE,6.3,No
3277,30,Female,Married,High School,Sales,Sales Development Rep,3,5169,14.1,5.5,6.4,4.4,1,Remote,10.3,21,3.7,6.6,7.5,5,9.9,FALSE,3.3,No
3278,38,Male,Single,Masters,Research & Development,R&D Manager,2,5392,7,5.4,9.1,4.1,0,Remote,4,6,2.7,6.9,6.9,4,8.9,TRUE,6.9,No
3279,29,Female,Single,High School,Customer Support,Support Team Lead,4,5519,9.8,8,9,1.9,1,Remote,8.8,9,5.4,4.7,7.7,3,8.2,TRUE,7.6,Yes
3280,43,Male,Single,Bachelors,Customer Support,Support Team Lead,4,4977,15.8,16.8,19,0.4,0,Hybrid,9.5,8,4.4,5.6,6.3,3,8.5,TRUE,5.2,No
3281,42,Female,Single,High School,Engineering,Data Engineer,3,7858,18.2,9.8,16.2,0,1,Remote,2.1,5,2.1,6,6.8,3,5.8,TRUE,6.9,No
3282,47,Female,Married,Bachelors,Sales,Sales Manager,5,6982,18,6.9,12.7,0.6,1,Remote,6.9,15,1.1,9.8,6.1,4,9.9,FALSE,4,No
3283,51,Male,Married,Bachelors,Customer Support,Support Team Lead,4,7168,15,13.6,24.2,2.8,4,Remote,17.4,12,6.3,6,5.4,4,9.1,FALSE,4.1,Yes
3284,46,Male,Married,High School,Sales,Sales Manager,5,11255,14.2,10.4,18.1,1.7,2,Remote,5.8,24,2.2,6.9,7.8,4,9,FALSE,5.9,No
3285,53,Female,Married,PhD,Operations,Operations Manager,3,6143,10.5,7.5,13,3.5,1,Hybrid,0.3,18,4.3,4.6,7.4,4,8.4,FALSE,6.2,No
3286,42,Female,Single,Masters,Customer Support,Customer Success Manager,3,5076,8.2,2.2,8.1,0.3,1,Hybrid,5.8,4,6.2,6.8,7.7,4,7.5,TRUE,9.5,No
3287,46,Male,Divorced,High School,Operations,Operations Manager,3,4387,8.6,8.9,14,2.5,2,Hybrid,7.3,17,3.3,6.5,6.9,2,7.4,FALSE,5.5,Yes
3288,30,Female,Married,Masters,Sales,Sales Development Rep,2,5352,13.1,5.4,10,1.4,4,Hybrid,10.3,22,3.9,6.7,6.3,3,9.3,FALSE,5,No
3289,45,Male,Married,Masters,Operations,Program Manager,3,4655,5.7,4.7,5.7,2.4,1,Hybrid,2.4,32,1.9,8.7,6,4,9.4,FALSE,2.3,No
3290,42,Female,Married,Bachelors,Research & Development,Product Researcher,3,6950,11.1,10.5,15.7,0.1,2,Remote,3.9,6,2.6,6.5,8.8,4,8.4,TRUE,4,No
3291,45,Male,Married,Masters,Sales,Account Executive,4,8042,7.6,12.5,13.5,2.2,0,Onsite,6.2,26,3.7,8.5,4.8,4,8.1,TRUE,5.3,No
3292,38,Female,Single,Bachelors,Sales,Sales Manager,4,8952,10.5,6.7,12.5,2.4,2,Remote,4.2,22,3.9,7.3,5.2,3,6.8,FALSE,6.1,No
3293,50,Female,Married,Masters,Finance,Accountant,5,11647,10.9,12.3,21.3,0.8,2,Hybrid,3.7,4,5.1,5.8,6.6,3,9.2,FALSE,5,No
3294,35,Male,Married,Bachelors,Engineering,Engineering Manager,2,4942,9,2.2,5.8,1.5,0,Remote,7.3,6,3.1,5.5,7.3,4,8.5,TRUE,4.3,No
3295,40,Female,Married,Masters,Sales,Sales Manager,3,6567,8.3,7.1,12.4,2.8,1,Hybrid,8,21,3.7,6.7,5.9,2,8.5,FALSE,6.5,No
3296,49,Male,Single,Bachelors,Sales,Sales Manager,5,10705,11.9,14.7,20.1,1.9,0,Remote,3.1,16,1.9,6.5,6.1,3,9.1,FALSE,4.4,No
3297,31,Male,Married,Masters,Customer Support,Customer Success Manager,3,6404,19.3,5.3,8.8,0,1,Hybrid,8,8,3,8.5,5.4,4,6.2,TRUE,5.7,No
3298,50,Female,Single,Masters,Operations,Program Manager,5,10766,11.8,11.3,15.4,2.7,2,Onsite,3.5,15,2.3,7.7,7.6,3,7.8,TRUE,1,No
3299,33,Male,Single,Bachelors,Customer Support,Support Specialist,1,3076,13.8,4.1,11.5,2.7,2,Hybrid,3.7,4,2.2,9.5,6.6,3,7.1,TRUE,5,No
3300,40,Female,Single,Bachelors,Engineering,Software Engineer,3,6354,13.4,10.1,15.3,0.3,1,Hybrid,11.3,5,6,4.7,4.6,2,6,TRUE,4.5,No
3301,41,Female,Single,Bachelors,Engineering,Engineering Manager,2,6071,14.3,1,15.2,1,4,Onsite,5,7,4,8.1,7.3,4,9.6,TRUE,2.3,No
3302,44,Male,Single,PhD,Customer Support,Support Team Lead,3,7166,9.3,5.5,14.5,1.2,2,Hybrid,7.9,8,5.3,4.7,7.1,2,9.3,FALSE,7.2,No
3303,33,Male,Divorced,Bachelors,Finance,Finance Manager,2,5866,15.7,5.4,13,0.3,6,Remote,6.5,4,2.5,9.5,6.8,3,7.6,TRUE,3.5,No
3304,52,Female,Divorced,Bachelors,Research & Development,Research Scientist,5,10020,10.6,11.6,14.1,5.6,0,Remote,5.6,9,3.5,5.9,9.2,4,9.6,TRUE,4.5,No
3305,25,Prefer not to say,Married,Bachelors,Sales,Sales Manager,3,6427,14.3,4,4.9,1.2,1,Onsite,8.8,24,5.4,6.6,5.4,4,7.5,TRUE,5.8,No
3306,41,Female,Married,Bachelors,Engineering,Engineering Manager,3,8739,11.4,5,4.6,0.3,1,Hybrid,7.2,9,5.5,5.4,4.9,4,9.5,FALSE,2.7,No
3307,34,Female,Married,Bachelors,Finance,Finance Manager,3,6531,14.4,7.6,13,0.7,2,Remote,8.7,11,4.4,5.8,6.2,4,9.3,FALSE,7.1,No
3308,34,Female,Single,Bachelors,Engineering,Engineering Manager,4,7313,13.7,10.1,14,0.7,2,Onsite,1.3,6,3.6,9.1,5.5,3,8.1,TRUE,6.2,No
3309,24,Female,Single,PhD,Sales,Account Executive,1,4756,8.5,1.6,4,1.6,5,Hybrid,8,20,4.4,5.9,5.4,3,7.7,TRUE,7.2,No
3310,42,Male,Married,High School,Sales,Sales Development Rep,2,4782,7.2,1.4,12,1.4,2,Onsite,11.8,21,4.5,7.1,6.1,5,9.6,TRUE,5.7,Yes
3311,53,Female,Married,Masters,Operations,Program Manager,5,11184,10.4,11.8,18.4,1.1,1,Hybrid,4.5,16,4.6,4.1,6.7,3,9.7,TRUE,1,No
3312,34,Male,Married,Bachelors,Human Resources,Recruiter,4,6962,8.9,7.8,10.5,4.8,0,Hybrid,4.2,7,1.4,6.7,6.9,5,8.5,TRUE,3.2,No
3313,48,Female,Divorced,PhD,Human Resources,HR Business Partner,5,11391,12.9,8.2,12.4,1.8,0,Onsite,3.7,7,5.5,7,5.5,2,8.8,TRUE,3.9,No
3314,25,Female,Single,Masters,Marketing,Marketing Specialist,2,4680,11.1,4,5,2.7,3,Onsite,8.7,3,5.2,8.4,5.5,4,7.3,FALSE,6.7,Yes
3315,49,Female,Married,Bachelors,Research & Development,Product Researcher,4,8059,11.1,12.9,23.1,1.6,3,Onsite,2.6,3,2.4,7.4,9.2,4,7.7,TRUE,3.2,No
3316,47,Female,Married,PhD,Research & Development,Research Scientist,5,17114,10.3,13.1,27,2,4,Onsite,7,4,4.4,7.8,7.2,3,7.7,TRUE,2,No
3317,36,Female,Single,Bachelors,Marketing,Marketing Specialist,2,5824,20.2,0,6.3,0,3,Onsite,7.7,6,6.2,7.6,4.3,4,10,TRUE,8.7,No
3318,36,Male,Single,High School,Human Resources,HR Manager,3,5206,7.6,6.8,10.4,1.4,1,Onsite,11.7,3,6,6.9,5.2,3,6.7,TRUE,4.5,No
3319,28,Male,Married,Masters,Engineering,Engineering Manager,2,4811,14.3,4,8,1.7,3,Onsite,5.5,7,3.1,7.5,6.1,4,9.5,TRUE,3.3,No
3320,40,Female,Divorced,Masters,Operations,Operations Manager,3,5675,9.2,8.5,17.4,4.6,2,Onsite,9.5,27,3.6,6.6,5.6,4,8,TRUE,4.2,No
3321,49,Female,Married,PhD,Operations,Operations Analyst,5,11637,13,13.2,26,1.9,3,Onsite,13.5,26,8.6,4.1,4.6,3,7.5,FALSE,2.6,No
3322,39,Female,Married,High School,Engineering,Engineering Manager,5,10579,11.7,10,18.9,1.7,3,Remote,9.2,4,4.5,7,5.9,3,7,TRUE,5.5,No
3323,28,Female,Married,Masters,Engineering,Engineering Manager,4,10436,6.4,4.4,8,2.2,2,Hybrid,7.3,8,4.5,7.8,6,3,9.3,FALSE,3.3,No
3324,30,Non-binary,Single,Bachelors,Engineering,Software Engineer,2,6773,9.6,4.4,5.6,1.3,0,Hybrid,10.7,6,4.7,6.1,6.6,4,8.3,TRUE,1.6,No
3325,41,Male,Married,Masters,Sales,Sales Manager,3,6134,12.7,9.9,17.8,1,1,Onsite,10.8,20,3.2,6.4,5.2,3,7.5,TRUE,2.6,Yes
3326,21,Male,Married,Bachelors,Human Resources,HR Business Partner,2,5156,16.3,0,1,0,0,Remote,8.1,4,5.5,4.5,7.4,3,8.4,TRUE,4.5,No
3327,32,Male,Single,Bachelors,Engineering,Engineering Manager,2,7876,9,6.4,9.4,1.1,0,Hybrid,2.7,9,2.6,7.3,5.9,3,6.8,TRUE,4,Yes
3328,61,Female,Single,Bachelors,Research & Development,R&D Manager,5,14646,14.6,9.5,19.5,1.5,4,Hybrid,8.7,5,5.4,4.8,6.2,3,7.9,TRUE,1,No
3329,25,Male,Single,Bachelors,Engineering,QA Engineer,1,3654,18.2,4,5,0.2,2,Hybrid,10.3,8,4.3,5.7,6.4,3,7.6,FALSE,2.5,Yes
3330,35,Prefer not to say,Single,Bachelors,Engineering,QA Engineer,2,6305,10.5,0.1,7.2,0.1,0,Hybrid,2.6,6,4.7,6.5,6.8,4,9.6,TRUE,4.6,No
3331,31,Male,Divorced,PhD,Operations,Program Manager,3,8186,13.5,10,11,1.8,2,Onsite,0.1,22,3,8.9,6.9,4,9.5,FALSE,2.3,No
3332,41,Male,Married,Bachelors,Finance,Accountant,2,5370,9.9,4,19.2,3,6,Remote,5.8,6,3.8,5.7,8.4,4,8,TRUE,5.2,No
3333,27,Female,Married,Bachelors,Customer Support,Support Specialist,3,4956,14.3,0,0,0,0,Onsite,6.7,7,6,4.9,5.1,3,8.2,TRUE,6.3,No
3334,31,Female,Married,High School,Customer Support,Support Specialist,3,5578,8.7,8.5,11,3.2,3,Onsite,2.4,7,2.9,6.6,7.7,4,9.8,TRUE,7.9,No
3335,37,Female,Married,Bachelors,Research & Development,Product Researcher,4,11614,10.4,11.4,17,1,2,Onsite,1.9,7,2.9,7.4,7.3,4,6.6,TRUE,3.9,No
3336,47,Female,Married,Masters,Finance,Accountant,5,12195,10.3,12.5,19.3,2,3,Hybrid,3.5,7,2.6,7.5,5.8,4,7.5,FALSE,6,No
3337,31,Female,Single,Masters,Human Resources,HR Manager,2,4338,8.5,2.2,5.4,1.9,0,Hybrid,1.8,8,1.6,7.3,6.7,4,8.9,FALSE,4,No
3338,34,Male,Single,Bachelors,Engineering,Software Engineer,1,4633,12.7,2.8,8.1,1.9,2,Hybrid,12.4,4,4.2,5.7,5.7,3,10,TRUE,3,No
3339,29,Female,Single,Bachelors,Marketing,Growth Manager,3,5007,12.5,7,9,3.2,0,Hybrid,5.4,3,4.6,6.4,6,4,9.4,TRUE,5.6,No
3340,37,Female,Married,Masters,Sales,Sales Development Rep,2,4546,10.7,3.6,8.1,3.1,0,Hybrid,4.2,24,4.4,6.3,6.6,3,8.9,FALSE,4.5,No
3341,38,Female,Married,Masters,Engineering,Engineering Manager,3,9329,14,4.2,10.6,0,2,Onsite,4.1,3,4,7.3,5.3,4,7.7,TRUE,5.2,No
3342,40,Female,Married,Bachelors,Finance,Accountant,2,5503,12.2,0.5,6.5,0.5,2,Hybrid,4.2,2,3.9,6.8,7.4,3,9.6,FALSE,6.1,No
3343,43,Male,Single,High School,Engineering,QA Engineer,4,8395,8.7,8.7,22.7,2.9,6,Hybrid,13.5,5,3.8,7,5.3,4,9.3,FALSE,1,No
3344,41,Female,Married,Masters,Finance,Financial Analyst,3,6337,9,4.5,9.4,0.7,1,Onsite,2.2,4,3.8,7,7.6,4,6.8,FALSE,4.1,No
3345,34,Male,Single,High School,Research & Development,Product Researcher,2,5207,12.6,6.5,12.6,1.9,1,Remote,15.7,4,4.6,8.3,4.5,3,9.4,TRUE,5.2,No
3346,21,Male,Single,High School,Sales,Account Executive,2,3916,9.8,0,1,0,3,Remote,11.4,25,3.5,6.4,7,5,6.3,FALSE,2.8,No
3347,50,Male,Single,Masters,Finance,Finance Manager,3,7369,18.7,5.8,11.8,0.3,2,Onsite,1.2,4,2.5,7.1,6.6,4,7.9,TRUE,5.7,No
3348,28,Male,Married,Bachelors,Engineering,QA Engineer,1,4908,9,4.2,8,4.2,1,Onsite,1.4,10,4.2,6.5,5.6,4,9.8,TRUE,4.4,No
3349,45,Female,Single,Bachelors,Sales,Sales Manager,4,7865,12.5,7.8,15.5,0.1,1,Hybrid,13.1,19,4.6,5.7,5,3,8.1,FALSE,5.3,No
3350,28,Male,Married,Bachelors,Engineering,Software Engineer,2,5541,12.8,5.7,8,1.3,2,Remote,5.5,8,2.4,6.6,7.5,4,8.6,TRUE,4.4,No
3351,33,Male,Married,Masters,Engineering,Software Engineer,3,6889,11.5,10.3,13,2.5,3,Onsite,8.9,6,8.9,3.2,4.1,2,8.1,TRUE,6.1,Yes
3352,39,Male,Married,Masters,Engineering,Data Engineer,3,9816,7.7,8.1,11.7,3.5,1,Onsite,3.9,7,4.4,7.4,6.4,5,8.5,TRUE,3.4,No
3353,33,Female,Single,Bachelors,Marketing,Marketing Specialist,3,8118,15.8,7.6,9.6,0,1,Hybrid,6.6,3,2.4,8.4,5.9,4,9,TRUE,3.5,No
3354,50,Female,Married,Bachelors,Operations,Operations Analyst,4,7558,9.5,7.9,10.5,2.5,1,Onsite,7,26,4.7,7.7,6.1,3,7.8,FALSE,6.8,No
3355,47,Male,Single,Bachelors,Operations,Operations Manager,3,5190,16.1,6.9,13.7,2.4,1,Remote,4,19,1.8,8.3,8.2,4,8.8,TRUE,5.4,No
3356,42,Female,Married,Masters,Research & Development,Product Researcher,2,5461,7.2,8.7,14,2.1,1,Hybrid,2.1,3,4.8,6.9,6,4,6.7,TRUE,5.5,No
3357,49,Male,Single,PhD,Customer Support,Customer Success Manager,5,9059,9.4,13.4,25.1,1,4,Hybrid,5.8,5,2.4,6.5,7.4,4,8.9,TRUE,8.2,Yes
3358,38,Male,Single,Masters,Operations,Operations Analyst,3,7404,8,8.4,13.9,2.9,0,Hybrid,4.5,18,3.1,8.2,7,3,10,TRUE,5,No
3359,49,Female,Single,Masters,Operations,Operations Manager,5,11385,8.7,11.6,28.3,0.8,7,Hybrid,1.7,18,5,5.3,7.5,3,7.9,FALSE,3.5,No
3360,25,Female,Single,Bachelors,Finance,Financial Analyst,2,4250,11,4,5,0.5,2,Hybrid,5,5,3.6,6.9,7.1,4,9.7,TRUE,6.6,Yes
3361,40,Male,Single,Bachelors,Engineering,Data Engineer,2,6267,17.3,6.1,14.4,3.2,2,Hybrid,6.8,5,3.7,6.7,6.9,4,10,TRUE,5.2,No
3362,43,Female,Single,Masters,Operations,Operations Manager,3,8145,12.8,7.5,13.6,5.3,1,Onsite,1.1,24,1.6,7.9,6.8,5,9.2,TRUE,2,No
3363,31,Male,Single,Bachelors,Finance,Financial Analyst,4,6507,11,5,11,3.3,2,Onsite,3,8,4.4,4.2,6,3,8.7,FALSE,5.5,Yes
3364,24,Female,Divorced,Bachelors,Research & Development,Research Scientist,1,3768,11.9,1.9,4,1.3,1,Remote,7.7,4,3.4,6.4,6.8,3,8.1,TRUE,3.9,No
3365,21,Male,Married,Bachelors,Engineering,QA Engineer,2,5000,9.2,0,1,0,1,Onsite,9.1,4,3.9,6.6,5.2,4,8.1,TRUE,4.1,No
3366,48,Female,Married,Bachelors,Research & Development,R&D Manager,4,11874,5.7,7.6,12.3,1.1,2,Hybrid,6.9,7,1.3,9.5,6.7,4,7.7,FALSE,2.7,No
3367,39,Male,Divorced,Masters,Engineering,Data Engineer,3,9179,8.7,11.5,19,6.6,5,Remote,4.1,7,6,2.8,6.5,3,6.5,TRUE,5.1,No
3368,36,Male,Married,PhD,Engineering,Data Engineer,1,5265,15.9,7.5,15.2,1.1,3,Onsite,4.6,7,2,8.7,5.9,4,10,TRUE,3.5,No
3369,26,Female,Married,Masters,Finance,Accountant,3,8725,15.8,5,6,1.1,4,Hybrid,5.4,5,3,5.9,5.9,3,10,TRUE,6,No
3370,21,Female,Single,PhD,Sales,Sales Development Rep,1,4236,9.9,0,1,0,1,Onsite,6.6,22,5.4,5,6.6,4,10,FALSE,6.7,No
3371,32,Female,Married,Bachelors,Human Resources,Recruiter,3,7497,12.1,5.6,9.6,2.8,1,Hybrid,1.4,4,2.9,9.1,7.5,5,8.5,TRUE,6.6,No
3372,36,Female,Single,Masters,Sales,Sales Manager,3,7476,12.8,11.6,16,3,3,Onsite,8.6,18,4.2,6.2,4,3,6.7,TRUE,6.1,No
3373,46,Male,Married,Masters,Engineering,Software Engineer,4,11940,7.6,6.4,13.7,4.7,2,Hybrid,2,5,1,7.6,8,4,8.6,TRUE,4.8,No
3374,50,Female,Married,PhD,Customer Support,Support Team Lead,4,7704,14.6,7.6,12.1,0,1,Onsite,5.4,6,1.7,8.9,6.1,5,7.8,TRUE,4.6,No
3375,45,Female,Single,Masters,Customer Support,Support Team Lead,5,9429,11.3,11.5,18.5,2.2,3,Hybrid,6.9,10,3.5,7.2,6.6,4,8.8,TRUE,5.5,No
3376,39,Female,Married,Bachelors,Sales,Sales Development Rep,2,3411,10.2,6.9,12.5,0.6,2,Onsite,7.9,19,4.2,6.9,5.3,4,9.1,FALSE,3.9,No
3377,48,Male,Single,PhD,Sales,Account Executive,5,11922,16,9.6,14.8,0.6,1,Hybrid,8.7,18,4,5.2,6.1,3,8.4,FALSE,2.6,No
3378,38,Male,Single,PhD,Operations,Operations Analyst,2,8871,11.7,8,17.6,0.1,2,Hybrid,0.6,20,2.4,4.8,7.4,4,10,TRUE,1.8,No
3379,35,Male,Married,Bachelors,Marketing,Marketing Specialist,2,4845,13.2,8.9,15,1.1,2,Remote,9.6,5,3.6,7.7,6.1,4,8.9,TRUE,4.5,No
3380,34,Female,Married,Bachelors,Operations,Operations Manager,3,6797,14.7,7.2,14,1.3,5,Hybrid,3.9,23,4.5,6.2,6.8,4,6.5,TRUE,4.7,No
3381,39,Male,Married,Masters,Customer Support,Support Specialist,4,6550,10.6,8.9,15.6,1.1,3,Hybrid,10.9,5,3.3,8.1,5.9,3,8.1,FALSE,6.2,No
3382,51,Male,Married,Bachelors,Customer Support,Support Specialist,5,7403,13.9,8.1,14,0.4,1,Hybrid,3.1,3,2.4,8.3,7.3,4,10,FALSE,6,No
3383,38,Female,Single,Bachelors,Finance,Accountant,3,7626,10.6,7,8.5,2.9,0,Onsite,3.8,7,4.3,5.3,7,3,8.1,FALSE,7.8,No
3384,40,Male,Single,Masters,Operations,Operations Manager,2,4851,8.9,7.7,12.1,0.6,0,Hybrid,6,29,3.9,6.7,6.6,3,7.8,FALSE,6,No
3385,47,Female,Single,Bachelors,Engineering,Data Engineer,4,7782,12.7,11.3,18.4,0,3,Onsite,2.3,3,4.3,8.7,6.6,5,10,TRUE,3.9,No
3386,42,Male,Married,Masters,Customer Support,Support Team Lead,4,9858,8.5,5.9,15.3,5.9,2,Onsite,2.8,6,3.1,4.6,5.3,3,8.4,TRUE,7.1,No
3387,27,Male,Divorced,PhD,Engineering,QA Engineer,1,5700,11.8,4,4.5,2.9,0,Hybrid,6,12,4.4,6.2,5.6,4,6.6,TRUE,4.5,No
3388,41,Male,Single,Bachelors,Sales,Sales Manager,3,7279,7.2,7.5,14.9,1,1,Hybrid,7.7,24,4.9,5.3,5.6,3,7.6,FALSE,1.8,No
3389,36,Female,Single,Bachelors,Finance,Financial Analyst,3,5187,10.7,2.2,3.9,0.4,0,Hybrid,1,5,4.2,5.1,7.9,4,10,TRUE,5.7,No
3390,49,Female,Married,Bachelors,Sales,Sales Manager,4,6970,13.8,5.6,9.2,1,0,Remote,9.6,22,3.9,7,7.3,3,9.2,FALSE,8,No
3391,50,Female,Divorced,Bachelors,Customer Support,Customer Success Manager,5,7645,6.8,10.7,17.7,2.9,3,Onsite,4.2,6,4.5,7.3,5.8,4,8.6,FALSE,8.7,Yes
3392,40,Male,Single,Bachelors,Finance,Finance Manager,3,7520,15.1,9.3,14.5,1.3,1,Onsite,5.4,3,4.1,6,6.7,5,8.8,FALSE,5.4,No
3393,29,Male,Single,PhD,Research & Development,Product Researcher,2,6623,6.1,7,9,4,3,Onsite,6.2,8,4.8,6.5,6.3,3,7.7,TRUE,3.1,No
3394,38,Female,Single,Bachelors,Engineering,QA Engineer,4,9642,11.9,9.4,15.7,3,3,Onsite,14.7,3,6.6,5.8,3.1,4,10,FALSE,4.3,No
3395,58,Female,Single,Bachelors,Operations,Operations Manager,5,9339,12.3,10.6,19.3,1,2,Onsite,6.8,17,3.3,6.9,7.5,4,8.5,FALSE,8.5,No
3396,32,Male,Single,Bachelors,Engineering,Software Engineer,3,10227,12.5,8.6,11.5,1.9,1,Onsite,4,5,5,3.9,7.5,2,6.3,TRUE,1.2,No
3397,37,Male,Divorced,Masters,Engineering,QA Engineer,3,8321,21.1,4.9,11.9,1.4,2,Hybrid,1.4,7,2.6,10,7,5,8.2,TRUE,2.6,No
3398,34,Female,Single,High School,Marketing,Content Strategist,2,4690,12.9,8.3,14,3.1,4,Hybrid,16.3,5,4,6.1,3.9,4,7.8,FALSE,4.1,No
3399,38,Male,Married,Masters,Customer Support,Support Team Lead,3,5454,13,6.1,9.2,1,1,Hybrid,5.9,8,3.4,8.4,6.4,4,6.6,TRUE,6.2,No
3400,31,Female,Married,Masters,Marketing,Marketing Specialist,1,3401,17,0.4,5.4,0.4,1,Onsite,3.6,7,5,5.3,6.7,4,9.9,FALSE,5,Yes
3401,32,Female,Divorced,Bachelors,Human Resources,HR Manager,4,5319,6.8,5.3,9.2,2.7,1,Hybrid,4.8,5,3.4,4.9,6.4,3,10,FALSE,5.6,No
3402,37,Male,Single,Bachelors,Research & Development,Research Scientist,2,6296,15.8,8.5,13.1,0.5,2,Remote,5.8,6,3.2,5.8,7.8,4,8.4,TRUE,2.9,No
3403,44,Female,Single,Bachelors,Engineering,Engineering Manager,5,11613,10,11.9,15.3,2.1,2,Onsite,4.7,10,3.2,7.2,5.8,4,7.9,TRUE,5.2,No
3404,30,Female,Single,Masters,Customer Support,Support Specialist,1,2659,10.4,4.5,10,1.4,3,Hybrid,4.1,3,2.7,8.6,5.9,4,8.4,TRUE,3.8,No
3405,40,Male,Single,Bachelors,Operations,Operations Analyst,4,7979,11.5,10.4,18.8,1.9,4,Remote,3.7,20,2.4,9.5,8,4,6.3,FALSE,4.4,No
3406,27,Male,Married,PhD,Operations,Operations Analyst,1,3562,8.3,6,7,2,1,Remote,6.2,21,5.2,4.6,4.6,2,8.4,TRUE,6.7,No
3407,34,Female,Married,Masters,Sales,Sales Manager,3,6029,9.3,11.8,14,4.5,2,Remote,11,19,4.3,5.4,5.4,3,9.2,TRUE,2.4,No
3408,47,Male,Single,Bachelors,Customer Support,Customer Success Manager,5,5282,4.5,12.9,17.1,7.7,1,Remote,5,9,4.4,5.4,6.2,3,5.4,TRUE,9.3,Yes
3409,43,Male,Married,Bachelors,Research & Development,R&D Manager,5,12716,12.5,8.2,15.1,2.5,2,Onsite,3.1,8,1,8.7,7.8,4,7.8,TRUE,2.8,No
3410,22,Female,Single,Bachelors,Sales,Account Executive,2,4955,17.5,1,2,1,0,Remote,10.8,18,5,8.3,5.5,4,10,FALSE,5.6,No
3411,34,Male,Single,Bachelors,Sales,Account Executive,2,4945,14.7,1.4,6.3,1.4,2,Hybrid,3.3,22,2.9,8.4,8.3,4,7.8,TRUE,5.6,No
3412,42,Male,Married,Masters,Operations,Operations Analyst,4,9964,11.6,10.6,16.2,1.4,1,Hybrid,2.4,27,4.6,7.5,5.8,3,8.8,FALSE,4.8,No
3413,49,Male,Single,Masters,Marketing,Growth Manager,4,9188,8.9,13.4,16.3,0,1,Onsite,0,8,3.8,7.8,7.3,4,9.1,TRUE,6.3,No
3414,32,Non-binary,Married,Masters,Engineering,Engineering Manager,2,5407,13.9,3.4,12,0.6,3,Onsite,4.2,7,3.5,7.8,7.4,3,9.7,TRUE,1.8,No
3415,33,Female,Married,Bachelors,Customer Support,Customer Success Manager,2,3770,8.1,5,13,2.3,1,Onsite,4.5,9,4.3,5.8,4.2,3,8.4,FALSE,8.7,Yes
3416,55,Male,Married,Bachelors,Operations,Program Manager,3,8620,9.8,3.5,9.7,0.6,3,Hybrid,1.2,32,2.3,9.2,6.3,3,9.2,FALSE,6.2,No
3417,46,Female,Married,Bachelors,Marketing,Growth Manager,5,10851,1.7,14.2,18.9,7.3,2,Hybrid,14.3,5,6.2,4.1,4.2,3,8.3,TRUE,4.6,Yes
3418,36,Male,Single,Bachelors,Sales,Account Executive,2,6604,16.6,3.9,11.8,0.6,2,Hybrid,6.2,23,3.6,6.9,5.5,3,8.3,TRUE,7,No
3419,41,Male,Married,Masters,Finance,Accountant,3,6155,11.1,5.2,15.3,2,4,Remote,3.1,3,2.6,8.3,8.9,4,9.4,FALSE,6.4,No
3420,39,Female,Divorced,Masters,Sales,Account Executive,3,8464,12.5,0.8,10.5,0.8,5,Remote,5.1,24,1.8,7.7,7.9,4,8.1,TRUE,2,No
3421,35,Female,Single,Masters,Finance,Accountant,3,7112,4.1,7.3,9.3,7.3,0,Hybrid,1.5,8,1.8,6.5,7.1,3,7.2,TRUE,9,No
3422,33,Male,Single,Masters,Engineering,Engineering Manager,3,9003,8.8,8,13,4,2,Remote,8.7,7,5,5.7,4.2,3,6.5,TRUE,3.8,No
3423,33,Male,Single,Masters,Sales,Account Executive,2,5318,11,2.9,4.8,0.8,0,Onsite,5.3,24,4.6,3.7,7.6,3,9.9,TRUE,3.9,No
3424,40,Female,Married,Bachelors,Customer Support,Support Specialist,2,5602,13.4,1.4,13.9,1.4,4,Onsite,2.9,5,2.3,9,7.8,4,8.3,TRUE,7.9,No
3425,43,Male,Divorced,High School,Engineering,Data Engineer,2,4625,14.5,4.9,8.5,2,2,Hybrid,5.2,7,1.9,8.4,6.7,4,9.9,FALSE,6.2,No
3426,44,Male,Married,Masters,Operations,Program Manager,4,8012,11.5,10.6,17,0.9,2,Hybrid,3.9,15,4.5,5.3,5.8,2,5.9,TRUE,9.1,Yes
3427,33,Male,Single,Bachelors,Operations,Operations Manager,3,7901,13.2,5.1,13,0.7,3,Remote,8,15,5.8,4.9,6.2,4,6.4,TRUE,6.9,No
3428,27,Female,Married,Bachelors,Operations,Operations Manager,2,4600,14,6,7,1.9,3,Hybrid,4,26,4.9,5.4,5.7,3,8.1,FALSE,5.4,No
3429,32,Female,Married,Bachelors,Engineering,Engineering Manager,2,7143,9.3,7.3,9.8,2,1,Hybrid,8.8,6,4.1,6.7,5.4,3,8.1,TRUE,4.9,No
3430,45,Male,Married,Bachelors,Customer Support,Customer Success Manager,5,7037,14.2,13.2,21,1.4,2,Hybrid,5.7,18,2.9,6.3,8.2,4,8.8,FALSE,4.8,No
3431,37,Female,Divorced,Masters,Engineering,Data Engineer,4,12275,17.2,12.2,17,2.9,2,Remote,5.3,10,2.1,8.7,8.1,4,9,FALSE,3.5,No
3432,41,Female,Single,Bachelors,Engineering,Engineering Manager,4,9174,14.1,4,13.9,0,3,Onsite,14,10,6.9,5.9,3.2,3,9.2,TRUE,4.2,No
3433,33,Male,Single,Bachelors,Engineering,Software Engineer,1,4772,14,1.2,13,1.2,5,Hybrid,8.3,5,3.6,5.7,5.5,4,7.2,TRUE,6.3,No
3434,51,Female,Married,Bachelors,Finance,Financial Analyst,5,10102,5.4,9.7,18.2,1.9,2,Hybrid,3.1,4,2.1,7.5,8.2,5,8,TRUE,5.1,No
3435,32,Male,Single,Bachelors,Operations,Operations Analyst,3,4751,8.4,9.7,12,1.9,1,Onsite,2.3,26,4.1,3.5,7.2,3,7.1,FALSE,4,No
3436,37,Female,Married,Masters,Finance,Financial Analyst,4,10970,13.9,11.1,15.6,0,2,Onsite,12.5,4,2.9,8.2,6.6,4,9.9,TRUE,7.1,No
3437,36,Female,Married,Masters,Research & Development,R&D Manager,3,8151,17.3,6.3,14.2,0,2,Hybrid,4.5,9,2.9,8.3,8.1,3,7.3,TRUE,3.8,No
3438,41,Male,Divorced,High School,Sales,Sales Manager,4,6695,4.7,12.1,14.4,5.3,1,Hybrid,11.5,23,3.8,5.2,5.5,4,9.1,TRUE,6.8,No
3439,28,Female,Divorced,Bachelors,Engineering,Data Engineer,3,8084,13.4,7,8,1.1,2,Hybrid,4.3,2,5,7,4.9,4,8.5,TRUE,4.6,No
3440,46,Female,Single,Bachelors,Sales,Sales Manager,4,10072,7.8,9.8,17,3.4,2,Onsite,4.8,26,4.1,6.3,5.9,3,8.3,TRUE,4.3,No
3441,41,Male,Single,Bachelors,Engineering,Engineering Manager,4,10554,18.5,9.5,15.7,0,1,Hybrid,12.1,2,4.9,7.9,6.5,4,6.6,TRUE,2.5,No
3442,38,Female,Married,Bachelors,Operations,Operations Analyst,2,4442,9.3,6.2,5.9,1.3,1,Hybrid,1.2,18,1.9,6.1,7.4,3,9,TRUE,6.2,No
3443,38,Female,Married,Bachelors,Operations,Program Manager,4,7465,12.3,5.3,7.2,1.8,1,Hybrid,6.4,20,4,7.3,5.9,4,9.4,TRUE,6.7,No
3444,39,Male,Married,High School,Marketing,Marketing Specialist,3,6408,10.7,2.3,11.6,2.3,3,Onsite,0.7,4,1.7,7.9,6.8,4,10,TRUE,4.7,No
3445,42,Male,Divorced,Bachelors,Engineering,Data Engineer,2,5343,8.5,8.6,17.6,1.2,3,Hybrid,11.5,10,6.6,4.2,8.3,3,10,TRUE,2.5,No
3446,45,Female,Divorced,High School,Marketing,Marketing Specialist,4,5876,10.3,10.5,16.1,3.1,1,Remote,2.3,4,2.2,6.5,8.6,4,9.1,TRUE,6.8,No
3447,46,Female,Single,Bachelors,Operations,Operations Manager,5,5720,5,13.3,16.2,2,1,Onsite,12.8,23,8,3.6,4.3,3,8.5,TRUE,6,Yes
3448,21,Female,Married,Bachelors,Engineering,QA Engineer,1,4006,19.1,0,1,0,1,Hybrid,6.6,8,6,7,6.5,3,9,TRUE,4.2,No
3449,50,Female,Married,Bachelors,Marketing,Growth Manager,4,7763,9.1,8,16.9,2.5,3,Onsite,2.1,9,3.5,7.1,7.4,4,9.3,FALSE,4.7,No
3450,61,Female,Divorced,Masters,Engineering,Data Engineer,5,10389,7.5,11.5,13.8,2.9,1,Hybrid,1.5,4,3.6,5,6.5,4,9.8,TRUE,3.8,No
3451,45,Female,Married,Masters,Operations,Program Manager,5,8610,11.8,8.2,16.8,0.1,2,Onsite,11.4,24,5.6,8,5.7,4,10,TRUE,3.7,No
3452,48,Female,Single,PhD,Marketing,Growth Manager,5,14045,8.3,12.3,13.6,0.5,0,Hybrid,9,5,4.3,7,5.1,4,9.3,FALSE,5,No
3453,46,Female,Married,Masters,Marketing,Marketing Specialist,3,7505,12.5,6.8,10.7,2.2,0,Onsite,17.9,5,6.5,5.3,4.5,3,8.7,TRUE,5.7,No
3454,39,Female,Single,High School,Marketing,Content Strategist,3,4289,13,5.9,16.7,1.2,3,Hybrid,3.4,4,2.8,4,7.5,4,8.4,TRUE,6,Yes
3455,37,Male,Married,PhD,Sales,Account Executive,2,4916,11.2,2,6.8,1.6,1,Onsite,2.8,33,3.8,6.5,4.8,3,8.1,FALSE,6.7,No
3456,42,Female,Single,Bachelors,Customer Support,Support Team Lead,5,6557,12.4,8.6,14.3,1.1,2,Remote,11.8,4,2.8,7.7,5.6,4,7.3,TRUE,3.8,No
3457,45,Male,Married,Masters,Engineering,QA Engineer,3,10663,8.1,6.8,13.7,6.8,1,Onsite,2.6,10,2.7,8.4,6.8,4,7.4,TRUE,3.8,No
3458,33,Male,Divorced,Masters,Engineering,Data Engineer,3,8649,15.1,5.2,8.1,2.9,1,Remote,0.6,9,2.3,9.6,8.5,4,10,TRUE,6.7,No
3459,46,Male,Single,High School,Sales,Sales Manager,4,8302,11.7,7.4,19.8,2.3,4,Hybrid,6.2,19,3.5,7.1,5.2,3,10,FALSE,4.3,No
3460,30,Female,Married,Bachelors,Engineering,Data Engineer,4,11431,14.5,9,10,3.2,1,Onsite,12.9,5,5.1,6.8,3.9,3,8.5,TRUE,3.9,Yes
3461,38,Female,Married,Masters,Operations,Program Manager,5,10468,11.1,13.9,16.2,1.2,1,Hybrid,10.1,29,1.8,8.7,7,5,10,FALSE,4.9,No
3462,42,Male,Single,Masters,Engineering,Data Engineer,3,8372,17,7.8,14.4,0.6,2,Onsite,9.2,9,3.5,6.8,4.9,4,7.8,TRUE,4.2,No
3463,34,Female,Single,Bachelors,Finance,Accountant,2,5213,14,4.2,9.9,1.8,2,Onsite,1.5,9,3.5,5.9,6.5,5,8.5,FALSE,3.6,No
3464,39,Male,Single,High School,Operations,Program Manager,3,5680,6.1,5.5,12.7,2.8,1,Hybrid,6.5,25,1.6,7.3,5.7,4,7.2,FALSE,6.4,Yes
3465,37,Female,Single,Masters,Engineering,Data Engineer,2,6415,12,9,15.6,1.3,4,Hybrid,4.3,4,1.3,8.1,8.7,4,9,TRUE,1.1,No
3466,47,Female,Married,Bachelors,Engineering,Engineering Manager,5,13017,8.6,13.9,21.4,1.6,1,Hybrid,6.3,6,1,9.3,6.6,4,10,TRUE,3.8,No
3467,34,Female,Married,Masters,Marketing,Content Strategist,3,8831,8.6,7.9,14,2.9,2,Onsite,3.2,6,5.1,6.3,5.9,4,8,TRUE,4.3,No
3468,29,Female,Single,Bachelors,Sales,Sales Manager,2,4796,11.9,6.9,9,1,2,Hybrid,12.7,16,6.2,5.5,4.1,4,8.3,FALSE,8.5,No
3469,35,Male,Single,Bachelors,Engineering,Data Engineer,3,8297,8.7,11.9,13.3,2.2,1,Remote,6.1,5,2.2,6.1,7.9,3,6.9,TRUE,4.4,No
3470,48,Male,Divorced,PhD,Finance,Accountant,3,9223,9.7,6.9,11.1,1.1,2,Onsite,1.8,7,2.3,8.3,5.7,3,7.4,TRUE,5.3,No
3471,42,Female,Married,Masters,Engineering,Software Engineer,3,9808,8.9,10.1,20.6,1,4,Remote,3.9,4,3.5,9,6.9,3,6.5,TRUE,5.8,No
3472,34,Male,Married,Bachelors,Operations,Program Manager,4,9196,13.7,7.3,14,0.6,3,Onsite,1.9,23,2.9,7.3,7,3,8.6,FALSE,4.9,No
3473,39,Female,Married,Bachelors,Sales,Sales Manager,2,6243,8.9,9.1,19,4.5,4,Remote,5.5,25,3.4,5.7,7.1,2,7.4,TRUE,2.8,No
3474,47,Male,Married,Bachelors,Customer Support,Customer Success Manager,5,9510,9.9,9.8,21.2,2.4,6,Onsite,7.2,3,3.7,8.1,6.3,3,10,TRUE,3.4,Yes
3475,35,Male,Single,High School,Research & Development,Research Scientist,2,5522,12.2,7.1,12.8,0.8,1,Hybrid,6.4,5,1.3,10,7,5,9.4,FALSE,3.4,No
3476,29,Prefer not to say,Single,Bachelors,Operations,Operations Analyst,1,3107,7.8,0.3,3,0.3,1,Hybrid,16.3,18,7.1,5.6,4.4,3,8.2,FALSE,5.5,Yes
3477,38,Male,Married,Bachelors,Sales,Account Executive,2,4211,15.1,3.9,4.4,3.9,1,Remote,5.7,16,2.9,7,6.3,3,6.9,FALSE,6.8,No
3478,33,Non-binary,Married,Masters,Finance,Accountant,2,6686,8.7,2.6,7.7,1.2,2,Onsite,10.9,9,6.6,4.8,4.8,4,7.5,TRUE,1,No
3479,38,Female,Married,Bachelors,Operations,Operations Manager,3,5806,2.2,11.6,15,10.3,0,Onsite,6.1,23,2.3,5.9,6.4,3,8.5,FALSE,5.4,No
3480,40,Male,Divorced,PhD,Sales,Sales Manager,4,10122,13.8,8.6,14.4,0,1,Hybrid,7.5,16,3.5,6.3,4.7,3,9,TRUE,5.4,No
3481,26,Male,Single,Bachelors,Human Resources,HR Business Partner,2,6083,11.6,3.9,6,0.8,0,Onsite,0.7,5,3.4,6.4,6.8,4,8.2,FALSE,5,No
3482,36,Female,Married,Bachelors,Engineering,QA Engineer,2,5778,7.8,7.1,16,0,3,Hybrid,3.7,6,5,6.3,6.3,4,6.2,FALSE,5.6,Yes
3483,54,Male,Single,PhD,Marketing,Growth Manager,5,11052,12.6,8.9,8.5,1.9,0,Hybrid,5.1,8,4.7,7.3,7.6,5,8,TRUE,5.4,No
3484,46,Female,Divorced,Masters,Sales,Sales Development Rep,3,10530,12.9,11.7,16,0.9,1,Hybrid,18.3,25,5.2,8.2,3.7,4,10,TRUE,6.4,No
3485,38,Female,Single,Bachelors,Engineering,Software Engineer,3,7860,9.3,10.4,15.9,2.2,2,Onsite,5.3,7,5.8,7.2,3.9,4,10,TRUE,5.7,No
3486,36,Non-binary,Married,Bachelors,Engineering,QA Engineer,2,6852,12.7,9.9,10.2,0.1,0,Remote,5.6,3,3.3,5.9,6,4,9.8,TRUE,3.3,No
3487,38,Female,Married,PhD,Engineering,QA Engineer,2,6043,11.2,0,5,0,1,Remote,7,5,3.5,8.2,7,4,8.7,TRUE,5.9,No
3488,33,Female,Single,Bachelors,Engineering,Data Engineer,1,4831,14.2,2.8,9.7,0,2,Onsite,9,5,5.2,6.5,5,4,7.1,TRUE,6.8,Yes
3489,29,Male,Single,Masters,Engineering,Software Engineer,3,7546,13.3,5.5,9,2.3,2,Remote,1.4,4,1.1,9.4,7.8,4,8.1,TRUE,5.1,No
3490,45,Male,Married,Bachelors,Engineering,Software Engineer,3,8059,14.1,5.6,13.8,1,3,Remote,9.6,1,3.1,6.4,6.4,4,9.3,TRUE,3.6,No
3491,38,Female,Single,Masters,Research & Development,R&D Manager,4,10436,12.2,6.7,8.7,1.2,0,Hybrid,14.9,3,5.7,5,5.8,4,9.1,TRUE,1.6,Yes
3492,37,Female,Single,Bachelors,Engineering,QA Engineer,3,7724,11.5,8,15.4,4,2,Onsite,4.5,6,2.4,8.5,6.1,4,8.5,FALSE,2.1,Yes
3493,48,Female,Married,Masters,Sales,Sales Manager,3,6456,17.1,8.3,11.7,1.2,2,Remote,2.9,24,2.6,6,7.6,4,9,TRUE,5,No
3494,30,Male,Single,Bachelors,Research & Development,Product Researcher,2,7320,13.3,8.3,10,2.3,3,Hybrid,15,7,6.5,5.8,3.9,3,8.6,TRUE,5.4,Yes
3495,36,Male,Married,Bachelors,Sales,Sales Manager,4,7691,7.2,10.6,14.7,1.6,1,Onsite,4.5,14,3.7,6,4.7,4,8.4,FALSE,2.8,No
3496,34,Non-binary,Married,Bachelors,Customer Support,Customer Success Manager,3,5062,6.2,10.2,14,10.2,3,Hybrid,6.7,4,2,5.6,5,4,10,TRUE,8,No
3497,32,Male,Single,Masters,Engineering,Software Engineer,2,7794,18.1,7.3,12,2,3,Hybrid,6.8,8,4.8,5.3,6.4,4,8.6,TRUE,5.1,Yes
3498,38,Prefer not to say,Single,Bachelors,Research & Development,Research Scientist,3,8367,7.5,6,17.6,2.2,4,Hybrid,2.7,5,3.7,6,6.5,4,10,TRUE,4.7,No
3499,26,Non-binary,Single,Bachelors,Marketing,Marketing Specialist,2,4517,13.2,4.1,6,2.5,3,Remote,7.4,4,2.4,6.2,5.8,4,6.8,TRUE,7,No
3500,40,Female,Married,Bachelors,Operations,Operations Manager,5,8928,8.5,14.8,19.2,3.1,1,Remote,7.4,24,3.8,5.5,5.8,3,8.4,FALSE,4.9,Yes
3501,42,Female,Married,Masters,Sales,Sales Manager,4,7125,7.9,7.8,7.3,6.4,0,Onsite,6.1,22,2.2,7.2,7.4,3,8.3,TRUE,1,No
3502,40,Male,Single,Masters,Engineering,Software Engineer,4,11684,18.4,11.6,15.9,0.9,1,Remote,8.6,8,5,7.9,6.6,4,9.3,TRUE,4.6,No
3503,46,Male,Single,Bachelors,Engineering,Engineering Manager,5,15296,7.6,14.3,20.8,1.9,1,Hybrid,6.1,5,4.5,5.7,6.4,2,7.9,TRUE,2.3,No
3504,38,Male,Divorced,Masters,Engineering,Software Engineer,2,9352,11.5,8.5,15.6,0.5,4,Onsite,5.2,4,3.4,6.6,4.8,3,9,TRUE,2.5,No
3505,35,Female,Single,Bachelors,Human Resources,HR Manager,3,7331,20.2,9.5,15,2.7,1,Hybrid,0.6,5,1.7,7.6,7.1,3,6.1,TRUE,2.5,No
3506,29,Male,Married,Masters,Human Resources,Recruiter,2,5052,12,5.9,9,3.1,2,Hybrid,1.1,9,3.4,5.4,6.6,4,8.6,FALSE,2.9,No
3507,48,Female,Single,Masters,Operations,Operations Analyst,4,9884,15.7,13.2,10.6,2.6,0,Hybrid,9.6,27,3.8,5.9,7,2,6.9,FALSE,4.5,Yes
3508,27,Male,Single,Bachelors,Sales,Sales Development Rep,2,3611,13.3,0.8,3.8,0.8,2,Hybrid,7.6,16,3.9,2.6,5.6,4,9.4,FALSE,6.8,Yes
3509,32,Female,Married,Bachelors,Engineering,Software Engineer,2,6038,12.9,6.3,12,1.5,2,Hybrid,11.9,4,6,7.6,5.5,3,7.2,TRUE,7.5,No
3510,43,Non-binary,Married,PhD,Finance,Accountant,2,6398,10.8,4.2,7.6,0.5,1,Remote,5.3,5,3.5,8.5,7.2,4,6.8,TRUE,7.1,No
3511,33,Female,Single,Bachelors,Engineering,Software Engineer,3,8160,10.7,4.5,7.3,2.3,1,Onsite,12.2,7,6.3,4.9,3.5,3,8.5,FALSE,3.7,Yes
3512,28,Female,Married,Masters,Research & Development,Research Scientist,3,6427,18.3,7,8,1.6,3,Remote,16.7,4,4.2,6.2,3.2,3,7.1,TRUE,2.2,Yes
3513,37,Male,Single,Masters,Operations,Operations Analyst,4,6282,13,7.3,15.5,2.2,2,Onsite,1.3,23,2,7.6,6.7,4,8.9,TRUE,3.1,No
3514,40,Female,Single,Masters,Human Resources,Recruiter,2,4246,14.1,1.5,8.5,1.5,2,Remote,4,4,1.7,4.9,8.1,4,5.7,FALSE,6,No
3515,38,Male,Married,PhD,Engineering,Engineering Manager,4,11595,9.4,9.4,15.1,0.5,1,Remote,5,4,3.3,7.5,7.3,4,9.9,TRUE,7.2,No
3516,42,Male,Married,Masters,Marketing,Growth Manager,3,7559,5.5,10.6,16.7,1.9,2,Hybrid,6.7,6,3.7,6.9,6.7,4,8.8,TRUE,8.1,Yes
3517,45,Female,Single,Masters,Engineering,Data Engineer,4,10968,10.7,9.6,16.2,3.5,1,Remote,21.9,3,6,5.9,4.2,4,9.7,TRUE,3,No
3518,51,Male,Single,Bachelors,Research & Development,Research Scientist,5,9442,12.6,9.3,17.7,1,2,Hybrid,9.1,7,4,8.8,5.1,4,8.4,FALSE,5.9,No
3519,25,Female,Divorced,Masters,Sales,Account Executive,2,6588,8.1,4,2.4,1.2,0,Onsite,7.1,27,5.2,7.3,5.1,4,8.3,FALSE,6.6,Yes
3520,35,Female,Divorced,High School,Finance,Financial Analyst,3,5499,14.1,4.7,15,1.8,7,Onsite,4.8,8,5.6,6.2,5.1,4,9.5,TRUE,5.9,No
3521,49,Male,Single,Bachelors,Engineering,Software Engineer,5,13297,9.1,9.2,14.7,2.5,1,Hybrid,9.7,7,4.4,7.2,4.2,3,9,TRUE,5.4,No
3522,41,Male,Married,Bachelors,Sales,Account Executive,4,9922,12.4,8.4,14,2,1,Hybrid,12.7,25,6.1,7,5,4,8.7,TRUE,5.6,No
3523,31,Male,Married,Masters,Engineering,Data Engineer,1,3559,11.3,5.5,8.4,1.4,0,Hybrid,7.4,8,3.8,4.1,6.7,4,10,TRUE,4.4,No
3524,27,Female,Single,High School,Human Resources,HR Business Partner,3,5674,12,4.8,7,2.7,2,Hybrid,7.1,16,4.7,6.8,4.5,4,6.1,FALSE,5.3,No
3525,21,Female,Single,PhD,Research & Development,Product Researcher,2,7140,11.2,0,1,0,1,Remote,7.9,7,5.4,6.3,4.9,4,8.4,TRUE,6.7,No
3526,39,Male,Single,Bachelors,Sales,Sales Manager,4,8725,4.4,7.3,8.4,3.5,0,Onsite,17.5,20,5.4,6.4,6.1,4,7.1,FALSE,4.7,No
3527,35,Female,Married,Bachelors,Operations,Operations Analyst,2,5563,14.6,3.9,15,1.4,3,Hybrid,2.7,22,2.7,6.5,8.8,4,10,FALSE,5.9,No
3528,43,Female,Single,High School,Engineering,QA Engineer,3,5068,9.1,3.8,4.1,2.7,1,Remote,1.9,10,3.8,4.2,8,4,8.6,FALSE,4.6,Yes
3529,28,Female,Married,Bachelors,Engineering,QA Engineer,2,7093,9.1,2.5,6.9,1.7,0,Onsite,8.6,3,3.6,7,6.3,4,7.3,TRUE,3.9,No
3530,33,Male,Single,Bachelors,Engineering,QA Engineer,3,7407,6.4,6.4,13,4.4,1,Onsite,6.5,9,5,5.4,4.9,4,9.2,TRUE,1.2,Yes
3531,44,Female,Divorced,Masters,Engineering,Software Engineer,2,5423,13.4,1.3,3.4,1.3,0,Hybrid,15.7,4,4.3,8.3,4.2,4,8.8,TRUE,1.8,No
3532,48,Female,Married,High School,Engineering,Data Engineer,4,9785,5.3,10.1,16.8,5,3,Onsite,1.5,4,3.4,5.1,6.7,3,8.6,TRUE,2.1,Yes
3533,29,Male,Single,Masters,Finance,Financial Analyst,1,3310,8.4,4,9,3.1,3,Remote,5,6,3.8,6.5,7.5,3,8.7,TRUE,5.8,No
3534,38,Male,Married,Bachelors,Marketing,Content Strategist,2,5012,19.2,5.9,15.1,0,4,Onsite,3.5,2,4.5,7.2,5.2,3,8.7,TRUE,2.1,No
3535,27,Male,Single,Bachelors,Human Resources,HR Business Partner,2,3996,15.2,5.4,7,1.2,3,Hybrid,12.5,5,5,7.3,5.9,4,8.8,FALSE,4,No
3536,46,Prefer not to say,Married,Bachelors,Finance,Accountant,5,9516,12.4,9.3,18.4,5.1,4,Hybrid,2.1,4,4.7,6.9,6.6,4,9.6,TRUE,4.4,No
3537,30,Female,Single,High School,Sales,Sales Development Rep,1,3335,8.7,0,7.8,0,3,Hybrid,16.1,21,4.1,8.5,4,3,7.1,TRUE,9.3,No
3538,33,Male,Married,Bachelors,Customer Support,Support Specialist,1,2783,15.2,0,5.1,0,2,Onsite,7.8,6,3.5,8.1,6.1,4,9.3,TRUE,2.1,No
3539,29,Female,Single,Masters,Marketing,Marketing Specialist,4,8695,14.5,6.2,9,0.4,1,Hybrid,2.9,6,5.2,5.5,6.7,4,7.2,FALSE,5.1,No
3540,44,Female,Married,Masters,Customer Support,Support Team Lead,3,5733,8.8,6.4,7.7,1.7,1,Remote,6.7,8,3.2,8.5,6.6,4,8.4,TRUE,8.1,No
3541,43,Non-binary,Married,Bachelors,Customer Support,Support Team Lead,5,6613,10.8,9.1,10.3,2.9,0,Hybrid,5.3,6,4,7.3,5,4,9.3,TRUE,5.3,No
3542,47,Female,Married,Bachelors,Operations,Operations Manager,4,6787,15.9,11.2,24,3.8,4,Hybrid,3.2,23,2.8,6.6,7.4,3,9.7,TRUE,2.4,No
3543,34,Male,Married,Bachelors,Marketing,Growth Manager,2,5511,12.1,7.8,14,0.9,3,Remote,1.2,8,3.3,7.2,7.1,4,7.6,FALSE,6,No
3544,39,Male,Divorced,Bachelors,Customer Support,Support Specialist,3,6172,13.5,6.3,15.1,3.6,3,Onsite,13.8,8,6.2,6.4,4,3,8.2,FALSE,5.2,No
3545,36,Male,Single,Masters,Operations,Operations Analyst,2,6390,4.9,9.1,16,1.7,3,Onsite,4.9,20,6.3,6,7.6,3,8.2,FALSE,5.1,No
3546,35,Male,Single,Bachelors,Operations,Operations Analyst,1,3678,13.1,3.9,12.9,0.8,2,Onsite,17.3,21,6.8,6.8,4,4,6.7,TRUE,8.2,Yes
3547,38,Prefer not to say,Married,Masters,Engineering,Engineering Manager,4,13478,11.3,8,12.5,0.5,0,Hybrid,3.1,3,4.1,7.5,5.4,4,6.5,TRUE,3.4,No
3548,46,Female,Single,Masters,Sales,Account Executive,3,5735,9.7,7.2,14.9,2,3,Hybrid,3.8,28,2.2,7.7,6.1,4,8.5,FALSE,3.3,No
3549,46,Male,Divorced,High School,Finance,Finance Manager,4,6073,2.8,8.1,19.5,5.3,4,Onsite,1.3,10,3.2,7.1,7.6,4,10,FALSE,3.4,No
3550,32,Male,Married,Bachelors,Engineering,Software Engineer,2,6097,12.8,6.8,12,4.7,3,Remote,1,9,1.5,7.6,7.4,4,7.1,FALSE,2.4,No
3551,37,Male,Single,Masters,Marketing,Growth Manager,3,5634,5.4,3.5,16,3.5,4,Onsite,6.1,8,3.1,7.9,5.5,5,10,TRUE,6.2,No
3552,52,Female,Divorced,Masters,Human Resources,HR Business Partner,4,10014,11.9,5.1,10.5,3.2,1,Hybrid,6.8,8,3.4,6.3,6.2,4,9.2,FALSE,3.7,No
3553,47,Male,Single,PhD,Engineering,Engineering Manager,2,6063,17,5.6,12.4,2.2,0,Remote,2.7,6,2.9,8.5,7.5,4,8.2,TRUE,5.3,No
3554,48,Male,Single,Masters,Sales,Sales Development Rep,5,10087,11.4,14.6,20.8,2.6,2,Onsite,9.6,15,3.5,7.7,4.8,3,7.2,TRUE,5,No
3555,39,Female,Married,Bachelors,Operations,Program Manager,3,7253,8.4,7.1,14.4,2.1,2,Remote,6.3,20,2.3,6.8,7.2,5,10,FALSE,2.3,No
3556,36,Female,Divorced,Bachelors,Engineering,Data Engineer,3,7853,15.9,8,14.5,0.3,3,Hybrid,7.5,9,3.8,7.1,5.5,4,10,TRUE,2.2,No
3557,40,Female,Single,Bachelors,Engineering,Data Engineer,4,13054,13.4,9.1,14.4,1.8,2,Hybrid,1.9,2,3,9.6,5.6,4,7.4,TRUE,3.9,No
3558,21,Male,Married,Bachelors,Research & Development,Research Scientist,1,2590,13.1,0,1,0,0,Hybrid,4.3,6,3.1,4.6,5.5,3,9.5,FALSE,4.8,No
3559,43,Female,Single,Masters,Operations,Operations Analyst,3,6907,12.3,10.8,23,4.2,5,Onsite,9.2,31,4.5,7.7,5.5,4,9.1,FALSE,4.3,Yes
3560,40,Male,Married,PhD,Human Resources,HR Manager,4,7695,7.5,7.6,10.1,2.5,2,Hybrid,1.7,4,3,6.5,7,5,7.1,FALSE,2.8,No
3561,41,Female,Single,Bachelors,Operations,Operations Manager,3,5295,17.5,3.1,9.8,1.9,2,Remote,3.8,21,1.4,8.4,7.3,4,7.3,FALSE,8.7,No
3562,34,Female,Married,Bachelors,Engineering,Data Engineer,3,10763,12.7,8.9,14,1.2,2,Hybrid,4.7,5,2.5,6.3,6.6,3,9.9,TRUE,4.4,No
3563,36,Female,Divorced,High School,Operations,Operations Manager,3,4264,16.2,9.8,13.7,0.3,1,Hybrid,4,24,4.2,6.9,6.5,3,8,TRUE,6.8,No
3564,36,Female,Married,Masters,Finance,Accountant,3,9690,15.1,7.3,16,0.8,4,Onsite,11.3,7,3.6,9,5.3,4,7.4,TRUE,7,No
3565,23,Female,Single,High School,Sales,Sales Development Rep,1,2671,14.3,2,2.7,2,0,Hybrid,3.5,19,4,6,6.9,3,9.6,TRUE,7.1,Yes
3566,33,Female,Married,Bachelors,Sales,Sales Development Rep,1,3827,7.8,0,6.6,0,3,Hybrid,16.1,21,7.5,3.7,5,3,8,TRUE,5.2,Yes
3567,59,Female,Single,Bachelors,Marketing,Content Strategist,5,7633,12.2,11.4,15.5,2.3,2,Hybrid,6.6,9,5,6,4.5,5,10,TRUE,6,No
3568,46,Male,Single,Bachelors,Engineering,Data Engineer,5,13050,14.3,9.1,16.8,2.2,3,Hybrid,13.8,5,6.4,6.5,4.9,3,8,TRUE,4.1,Yes
3569,45,Female,Married,High School,Operations,Program Manager,3,4703,8.2,7.7,18.6,3.7,4,Hybrid,8,20,2.6,8.7,7.1,5,8.5,FALSE,2.1,No
3570,33,Female,Single,Bachelors,Customer Support,Support Specialist,2,4108,15,8.1,13,0.9,2,Onsite,4.1,7,5.6,5.8,6.3,4,7,FALSE,5.6,No
3571,36,Female,Married,PhD,Customer Support,Support Specialist,4,7852,7.9,5.4,8.6,4.5,0,Hybrid,3.4,7,2.5,7.7,6.6,4,8.8,FALSE,5.2,No
3572,54,Male,Married,Masters,Finance,Accountant,4,7600,17.2,9.1,14.3,1.3,2,Hybrid,1.4,5,2.2,6.1,7.1,4,8.7,FALSE,4,No
3573,26,Female,Single,Bachelors,Engineering,QA Engineer,1,3944,8.2,2.1,6,2.1,2,Remote,8,6,4.8,6.3,6.2,4,7.8,TRUE,2.4,Yes
3574,24,Male,Divorced,Masters,Engineering,Data Engineer,2,5200,15.5,3,4,1.8,2,Remote,9.1,11,4.1,5.5,7.4,3,6.2,TRUE,6,Yes
3575,28,Female,Married,High School,Human Resources,HR Business Partner,1,2823,10.4,3.4,8,3.4,5,Hybrid,2,4,4.5,7.2,7,3,8.2,FALSE,3.2,No
3576,36,Male,Single,Masters,Engineering,Data Engineer,2,6443,12.3,2,7.2,2,0,Remote,3.9,2,2.8,5.6,7.2,3,6.2,TRUE,3,No
3577,41,Male,Divorced,Masters,Sales,Account Executive,2,5031,10.2,3.9,10.1,1,1,Hybrid,8.9,25,3.4,8.3,7.3,4,9.4,FALSE,4.7,No
3578,39,Male,Single,Bachelors,Operations,Program Manager,2,4342,9.7,6.6,10.4,2.5,1,Onsite,7.1,23,5.9,4.7,4.7,3,9.6,FALSE,8.3,Yes
3579,33,Female,Single,Bachelors,Engineering,Engineering Manager,2,6753,9.6,0,12.2,0,4,Hybrid,3.8,6,3.3,6.5,7,4,8.2,TRUE,3.2,No
3580,42,Male,Single,Bachelors,Finance,Financial Analyst,4,8759,13,8.9,17.4,0.5,3,Hybrid,7,6,4,7.2,3.9,3,9.3,FALSE,7.5,No
3581,31,Male,Married,Bachelors,Operations,Operations Analyst,3,6141,8.3,4.9,11,4.6,5,Remote,11.2,18,4.6,4.6,6.7,3,8.3,FALSE,4.7,Yes
3582,30,Non-binary,Single,Masters,Engineering,QA Engineer,4,9584,15.5,6.5,6.8,2.1,0,Onsite,12.6,5,5.8,6.4,4.2,5,6.9,TRUE,2.7,No
3583,37,Male,Married,Bachelors,Human Resources,HR Business Partner,2,4501,10.2,4.7,11.6,0.7,2,Hybrid,8.9,12,5.9,5.1,3.7,3,8.5,TRUE,3.9,No
3584,31,Non-binary,Married,Bachelors,Operations,Operations Analyst,2,5013,12.4,0.6,10.7,0.6,3,Hybrid,2.5,16,3.6,8.6,7.5,3,9.1,TRUE,5.9,No
3585,46,Male,Divorced,Masters,Sales,Account Executive,2,6348,13.9,7.5,17.2,1.2,2,Hybrid,5.2,29,1.6,9.8,5,5,10,FALSE,5.1,No
3586,44,Female,Married,Bachelors,Sales,Sales Development Rep,3,7552,11.9,8.8,15.7,3.6,1,Remote,4.8,24,1,9.4,6.5,4,10,TRUE,6.3,No
3587,25,Male,Married,Bachelors,Engineering,QA Engineer,3,6999,11.7,4,5,2.6,0,Hybrid,5.7,3,5.9,4.8,4.7,3,7.8,FALSE,4.6,Yes
3588,35,Female,Single,Masters,Research & Development,Research Scientist,4,12208,15.5,10.2,15,0.8,3,Remote,9.4,6,1,8.3,7.5,4,9,TRUE,1,No
3589,45,Male,Single,Bachelors,Sales,Sales Manager,5,10390,13.7,8.3,18.7,2.3,4,Onsite,14.6,22,4.9,7.6,4.9,3,7,TRUE,6.7,No
3590,28,Female,Married,Bachelors,Engineering,Data Engineer,1,3987,13,7,8,1.7,2,Remote,7.1,6,4.7,7.4,5.7,4,7.9,TRUE,2.2,No
3591,31,Male,Single,Masters,Engineering,Data Engineer,4,8813,9.6,4.5,11,3.1,4,Onsite,7,2,3.9,8.6,6.7,4,9.1,FALSE,2.1,No
3592,28,Female,Divorced,Bachelors,Engineering,Software Engineer,1,3729,12.1,2.4,6.7,2.4,1,Hybrid,6.8,9,3.6,7.3,6.8,4,8.8,TRUE,6.7,No
3593,33,Female,Married,Bachelors,Customer Support,Support Specialist,2,3866,12.3,7.3,9.6,1.2,1,Remote,6.9,8,1,8.8,8.5,5,8.4,FALSE,4.2,No
3594,31,Male,Married,Masters,Engineering,QA Engineer,3,10654,5.7,10,11,3.8,3,Onsite,6,5,7,1.7,3.5,3,6.6,TRUE,7.2,Yes
3595,28,Female,Married,Bachelors,Operations,Operations Analyst,1,3804,11.1,4.7,8,1.6,3,Remote,3.5,24,4.8,6.6,6.4,3,7.6,TRUE,6.4,No
3596,33,Male,Married,Bachelors,Customer Support,Support Specialist,2,3320,9.5,4.5,7.8,3.6,1,Remote,6.9,7,1.1,9.3,5.9,4,9.4,FALSE,4,No
3597,42,Female,Single,Bachelors,Sales,Account Executive,1,3218,14.3,0,5.5,0,2,Onsite,17.5,23,6.3,6.4,4.6,3,7.2,FALSE,5.4,No
3598,39,Male,Single,Masters,Human Resources,HR Manager,4,8734,7.3,10.6,14.5,1.6,0,Hybrid,7.5,3,3.7,5.8,5.7,4,8.3,TRUE,5.5,No
3599,33,Female,Single,Bachelors,Engineering,Data Engineer,2,5230,10.7,10.5,13,2.4,2,Hybrid,4.7,3,1.8,8,7.6,2,6.2,TRUE,2.5,No
3600,26,Male,Single,Bachelors,Engineering,Data Engineer,1,4983,12.2,5,6,0.8,3,Hybrid,8.7,7,4.7,5.6,6,3,9.3,TRUE,3.6,No
3601,27,Female,Single,Bachelors,Sales,Sales Development Rep,2,3741,5.5,6,7,2.8,2,Onsite,8,25,4,6.7,6.4,4,10,FALSE,6.2,Yes
3602,28,Male,Married,High School,Operations,Operations Analyst,3,4897,8.9,6.8,6.8,0.8,0,Hybrid,14.2,30,6.2,4.3,4.7,3,7.8,TRUE,7.2,No
3603,43,Male,Married,Masters,Marketing,Content Strategist,3,6189,16.4,7,14.3,1.2,1,Hybrid,9.4,4,1.3,7.9,5,4,8.6,FALSE,3.3,No
3604,39,Male,Single,Bachelors,Customer Support,Support Specialist,3,5358,13.6,4.1,12.1,1.1,3,Onsite,7.4,3,3.1,5.8,7,3,8.7,TRUE,7.1,No
3605,29,Male,Married,Masters,Operations,Program Manager,2,4908,17.3,4.1,9,0.2,2,Remote,2.6,25,4,7.8,7.3,3,8.2,TRUE,9.4,No
3606,38,Male,Married,Masters,Human Resources,Recruiter,5,7765,11,9.8,12.1,3.4,0,Remote,5.7,10,2.9,5.5,8.2,3,8.5,FALSE,2.7,No
3607,50,Male,Married,Masters,Sales,Sales Manager,3,9182,14.1,6.3,11.1,0.9,2,Onsite,4.5,22,6.1,4,7.1,3,8.3,TRUE,5.7,No
3608,44,Male,Single,Masters,Human Resources,HR Manager,3,6539,9.8,7.8,18.3,2.1,3,Onsite,4.1,3,4.8,6.3,5.4,4,9.3,FALSE,5.5,Yes
3609,44,Female,Married,Bachelors,Sales,Sales Development Rep,3,6633,12,8,16.4,2.3,2,Hybrid,2.8,24,3.2,7.4,6,3,8.4,TRUE,7.2,No
3610,44,Female,Divorced,Bachelors,Marketing,Content Strategist,4,7807,6.1,10.5,14.9,3.5,1,Onsite,17.4,5,7.1,4.1,3.7,2,7,TRUE,7.2,Yes
3611,34,Female,Single,PhD,Sales,Sales Manager,3,7698,9.2,11.9,14,5.9,0,Remote,4,18,2.1,7,6,4,7.5,TRUE,7.2,No
3612,46,Male,Single,Bachelors,Engineering,Data Engineer,4,9847,11.1,6.3,16.4,2.5,3,Hybrid,4.5,6,2.4,6.5,8.2,4,6.5,TRUE,6.2,No
3613,34,Male,Married,Masters,Research & Development,Product Researcher,3,8444,9.8,7.9,14,0.5,2,Hybrid,8.7,8,4.7,6.9,8.1,3,8.3,TRUE,4.8,Yes
3614,43,Male,Married,Bachelors,Engineering,Engineering Manager,4,12189,18.3,7.8,11.8,0.4,1,Remote,5.3,8,5.1,7.9,5.3,4,7.2,TRUE,5.3,No
3615,31,Male,Divorced,Masters,Engineering,Software Engineer,2,5492,11.3,0.8,7.9,0.8,3,Onsite,10.6,4,3.8,7.9,5.7,4,9.3,TRUE,7.1,Yes
3616,30,Male,Divorced,Masters,Engineering,Software Engineer,3,7467,9.7,8.7,10,2.7,0,Remote,4,8,3.3,6.1,7.1,4,7.4,FALSE,4.7,No
3617,27,Male,Single,Bachelors,Sales,Sales Development Rep,1,3656,14.6,3,7,0.8,6,Hybrid,4.6,29,5.7,6.1,6.6,4,8.3,FALSE,7.4,No
3618,48,Male,Single,Bachelors,Marketing,Growth Manager,5,10085,9.3,7.7,13.6,5,1,Hybrid,10.4,3,1.8,7.9,6.3,4,9.5,FALSE,4.5,No
3619,32,Male,Divorced,Masters,Sales,Sales Manager,2,4800,11.8,3.7,12,0.9,5,Hybrid,19.4,19,4,6.9,4.2,2,5.7,FALSE,5.3,No
3620,43,Male,Married,Bachelors,Operations,Operations Analyst,5,7524,11.3,6.5,8.8,0.6,0,Onsite,11.7,18,6.4,4.3,5.8,2,9.1,TRUE,6.6,Yes
3621,45,Male,Single,Masters,Sales,Account Executive,3,7996,16.8,8,15.3,1.3,2,Onsite,11,23,3.4,9.7,3.4,4,7,TRUE,4.1,No
3622,27,Male,Single,High School,Engineering,QA Engineer,1,3373,12.6,3,7,1.3,1,Onsite,0.4,6,3.3,5.5,7.5,4,8,TRUE,5.9,No
3623,32,Male,Divorced,Bachelors,Sales,Sales Development Rep,3,7891,14.3,4.6,9.1,0.6,1,Hybrid,3.2,24,2.6,7.6,8.1,3,10,FALSE,7.1,No
3624,44,Male,Married,Masters,Marketing,Content Strategist,2,7909,10.1,8.3,15.6,6.1,4,Hybrid,17.5,2,4.8,7.1,7.4,4,9.7,TRUE,5.4,Yes
3625,48,Female,Single,Bachelors,Marketing,Growth Manager,5,14123,10.3,9.9,22.3,3.1,3,Hybrid,9.6,7,4.7,7.2,7.1,5,10,FALSE,5.4,No
3626,26,Male,Married,Bachelors,Sales,Account Executive,2,5220,11,5,6,2.7,3,Remote,4.8,18,2.7,5.1,9.3,3,7.6,FALSE,4.9,No
3627,27,Non-binary,Married,Bachelors,Sales,Sales Development Rep,2,5414,13.1,6,7,2.1,2,Hybrid,4,24,1.8,5.1,5.7,4,7.9,FALSE,7.1,No
3628,53,Male,Married,Bachelors,Sales,Sales Manager,5,11073,15.9,5.9,13.9,2.3,1,Hybrid,3.9,21,3.5,7.4,7.7,4,8.3,TRUE,2.2,No
3629,44,Male,Married,Bachelors,Engineering,QA Engineer,5,14557,14.8,11.4,17.2,2.5,1,Hybrid,2.2,8,2.8,6.6,5.9,4,8.5,TRUE,1,No
3630,33,Female,Single,Bachelors,Sales,Sales Development Rep,2,4653,13.7,5.3,3.9,0.7,0,Onsite,13.2,28,4.6,6.3,5.2,5,8.1,TRUE,2.7,No
3631,30,Male,Married,High School,Finance,Financial Analyst,2,4831,11.2,6.8,9.8,2.6,1,Hybrid,1.9,2,4.5,6,7.2,3,7.9,TRUE,8.3,No
3632,25,Male,Married,Bachelors,Research & Development,R&D Manager,2,5020,10.6,4,5,4,1,Onsite,2,4,1,8.2,7.6,4,9.7,FALSE,4.9,No
3633,27,Male,Divorced,PhD,Marketing,Content Strategist,1,3075,9.6,2.2,7,2.2,4,Onsite,4.8,5,2.2,7.1,7.3,4,10,FALSE,3.8,No
3634,44,Female,Single,Bachelors,Marketing,Content Strategist,5,10489,7.3,9.3,17.8,9.3,2,Onsite,12.5,5,5.9,6.4,3.9,4,7.2,FALSE,6.3,Yes
3635,36,Female,Single,Bachelors,Engineering,QA Engineer,2,7145,11.1,5.7,6.5,1,0,Onsite,4.4,4,4.4,7,4,4,7.7,TRUE,1.9,No
3636,37,Male,Married,Bachelors,Sales,Sales Development Rep,3,5562,15.2,2.9,4.8,1.5,0,Remote,7.2,19,3.3,7.3,6.4,4,10,FALSE,5.7,No
3637,22,Male,Married,Bachelors,Customer Support,Support Specialist,1,2077,6.8,1,2,1,2,Remote,11.3,6,1.8,7.7,6.5,3,10,FALSE,7.6,No
3638,38,Female,Divorced,PhD,Engineering,QA Engineer,3,8777,11.1,7.6,15.6,0.9,3,Hybrid,7.5,8,6.1,6.4,5,3,8.4,TRUE,5.9,Yes
3639,22,Non-binary,Married,Masters,Marketing,Marketing Specialist,1,3478,11.6,1,2,1,2,Hybrid,10,6,8.1,3.3,3.3,3,8.7,FALSE,4.2,Yes
3640,56,Male,Married,Bachelors,Research & Development,Research Scientist,5,9282,10.7,8.9,17.4,3,2,Hybrid,1.3,5,1.1,9.2,8.1,5,8,FALSE,3.1,No
3641,31,Male,Married,High School,Operations,Operations Analyst,1,2435,12.8,5.1,11,1.7,3,Hybrid,5.9,17,4.7,6.5,6.9,4,9,TRUE,4.8,Yes
3642,44,Male,Single,High School,Finance,Financial Analyst,3,4426,16.1,6.4,9,1.2,1,Onsite,0.7,4,2.6,7.6,7.4,4,10,FALSE,3,No
3643,42,Female,Single,Bachelors,Human Resources,HR Manager,4,8379,12.3,8.5,14.5,0.8,2,Hybrid,2,7,4.4,5.7,5.7,4,8.6,TRUE,5.7,No
3644,43,Female,Single,PhD,Engineering,Software Engineer,4,10009,6,11,18.3,1.6,2,Onsite,1.8,4,3.1,7.1,7.8,4,10,TRUE,1,No
3645,47,Male,Single,High School,Human Resources,HR Business Partner,5,8698,18.2,10,14.7,0.2,0,Remote,8,7,4.3,7.2,7.9,5,9.5,FALSE,2.6,No
3646,43,Non-binary,Single,Bachelors,Sales,Sales Manager,2,4420,12.5,3.6,3.9,3.6,0,Hybrid,5.3,17,5.4,4.8,4.1,3,8.4,TRUE,5.7,No
3647,26,Male,Married,High School,Engineering,Software Engineer,2,5997,14.1,5,6,1,3,Hybrid,5.5,5,4.5,5.9,5.7,3,8.6,FALSE,4.3,No
3648,41,Male,Single,Bachelors,Sales,Sales Manager,3,6755,11.3,5.8,12.8,1.5,1,Onsite,13.1,19,5.5,6.6,4.6,3,9.5,FALSE,4.3,No
3649,29,Male,Single,Masters,Marketing,Growth Manager,4,9332,8.8,8,9,1.8,1,Hybrid,5.6,7,4.6,4.9,5.3,3,8.9,FALSE,6.5,No
3650,34,Prefer not to say,Single,Bachelors,Operations,Operations Analyst,2,3940,6.2,4.5,7.4,2.5,1,Hybrid,5.5,21,3.2,7.3,6.5,5,8.3,FALSE,2.7,No
3651,34,Male,Divorced,Bachelors,Finance,Finance Manager,3,7182,11,7.9,14,0.8,3,Hybrid,8.9,4,4.3,6.6,5.4,4,8.4,TRUE,4.2,Yes
3652,21,Male,Married,Bachelors,Engineering,QA Engineer,1,4179,12.1,0,1,0,3,Hybrid,13.7,3,7.1,7.9,3.4,3,7.3,TRUE,5.7,No
3653,30,Female,Divorced,Masters,Finance,Accountant,2,6027,15.8,4.7,8,1.6,0,Hybrid,1.1,7,1.9,9.4,9.7,4,6.8,FALSE,3.2,No
3654,45,Male,Married,Bachelors,Marketing,Marketing Specialist,5,8394,8,4.7,11,1.3,1,Hybrid,5.4,7,4.5,5.4,5.9,4,9.7,FALSE,7.4,No
3655,34,Male,Single,Bachelors,Sales,Account Executive,4,10032,13.5,11.6,14,3.6,4,Onsite,11.8,31,4.6,7.5,6.2,3,9.1,FALSE,6.2,No
3656,52,Male,Single,Bachelors,Finance,Accountant,4,9231,9,7.4,14.8,0.5,2,Hybrid,8.6,7,5.4,5.5,6.7,3,9.2,TRUE,5.8,No
3657,26,Male,Married,Masters,Marketing,Growth Manager,2,5229,8.2,5,6,4.4,1,Remote,4.5,8,3.3,6,7.9,4,10,FALSE,5.3,No
3658,45,Female,Married,Bachelors,Finance,Finance Manager,4,11681,0,11.4,16.7,11,2,Onsite,10.1,6,3.4,7.7,5.7,4,9.4,FALSE,5.2,No
3659,51,Female,Single,Masters,Research & Development,Research Scientist,4,9447,10,9,13.2,0.8,0,Remote,9.3,7,5.3,5.6,5.6,4,9.8,TRUE,3.4,Yes
3660,46,Female,Single,Bachelors,Human Resources,Recruiter,3,4767,15.3,4.9,14.1,1.6,2,Hybrid,8.9,7,3,9.3,6.3,4,10,TRUE,3.8,No
3661,21,Male,Single,High School,Finance,Accountant,3,3986,14.1,0,1,0,1,Hybrid,7.7,4,4.1,4.9,7,3,7.4,TRUE,7.5,No
3662,34,Male,Married,Masters,Engineering,Engineering Manager,3,10671,7.2,3.5,8.2,2.2,0,Hybrid,2.4,9,5.1,6.4,7.6,3,7.6,TRUE,2.9,No
3663,24,Male,Single,Bachelors,Sales,Sales Development Rep,2,6349,15.8,3,4,0.3,3,Remote,6.8,29,3.4,8.4,7.5,5,9.3,FALSE,1.8,No
3664,40,Male,Single,Bachelors,Engineering,Software Engineer,3,8488,16,8.5,12.1,0.8,1,Onsite,5.4,6,4.5,6.2,6.3,4,8.8,TRUE,4.3,No
3665,33,Male,Married,High School,Finance,Financial Analyst,2,3434,12.9,2.8,5.8,2.6,1,Remote,1.3,7,2.1,7.4,7.9,3,6.9,FALSE,6.7,No
3666,48,Male,Married,Bachelors,Sales,Sales Development Rep,3,6234,13.6,7.7,10.3,1.5,0,Onsite,3.9,26,4,8.7,6.6,3,9.5,FALSE,6.1,No
3667,42,Male,Single,Masters,Engineering,Engineering Manager,3,6189,13.7,7.3,9,1.8,0,Hybrid,11.5,6,5.1,8,5.9,5,6.6,FALSE,1.1,No
3668,33,Female,Divorced,High School,Research & Development,R&D Manager,2,5082,12.1,5.4,13,1.6,1,Hybrid,12.9,6,6.1,4.4,2.8,3,6.6,FALSE,6.2,No
3669,29,Male,Married,PhD,Sales,Account Executive,1,2931,12.2,0,9,0,3,Onsite,3.9,25,4.5,6.8,5.1,5,9.3,FALSE,7.8,No
3670,43,Male,Divorced,Bachelors,Engineering,Data Engineer,4,10053,11.7,11.3,17.5,1.3,0,Hybrid,5,0,6.1,5,5.4,3,7.5,TRUE,6.9,No
3671,52,Female,Single,Masters,Engineering,Engineering Manager,4,8647,7,8.2,15.7,5.1,2,Onsite,5.7,12,2.9,7.6,6.7,4,7.4,TRUE,3.6,Yes
3672,43,Male,Married,Bachelors,Finance,Finance Manager,4,9287,12.5,7,15.5,1.3,2,Hybrid,1.8,6,2,7.4,7.1,3,7.4,TRUE,5.6,No
3673,23,Non-binary,Divorced,Bachelors,Marketing,Content Strategist,1,3196,8.9,2,3,1.9,3,Hybrid,3,7,3.4,5,7.1,4,9.8,FALSE,6,No
3674,27,Male,Married,Bachelors,Human Resources,HR Business Partner,1,3131,16.3,1.7,5.1,1.1,2,Remote,7.5,5,1.9,8.9,7.3,4,7.4,TRUE,6,No
3675,21,Female,Single,Bachelors,Sales,Account Executive,1,3362,10.6,0,1,0,0,Hybrid,3.5,24,2.4,4.6,5.7,3,5.6,TRUE,3.4,No
3676,44,Female,Single,PhD,Research & Development,Product Researcher,3,7582,13.6,6.4,10.9,1.6,0,Onsite,2.5,9,2.7,7.7,7.8,5,10,FALSE,2.9,No
3677,40,Male,Single,Bachelors,Sales,Sales Development Rep,3,6096,14.1,3.4,13.3,2.2,3,Onsite,17,21,7.2,4.6,3.7,4,9.2,TRUE,3,No
3678,44,Male,Married,Bachelors,Engineering,QA Engineer,5,14904,14.6,11,14.5,1.5,1,Hybrid,7.1,2,4.4,6.1,5,4,8,FALSE,3.6,No
3679,30,Male,Single,High School,Finance,Accountant,2,4867,12.8,7.4,10,0.8,1,Remote,4.3,5,2.9,9.1,7.8,3,8.7,FALSE,8.3,Yes
3680,24,Male,Single,Masters,Customer Support,Support Team Lead,2,3312,6.6,3,4,2.9,3,Hybrid,6.9,8,6,7.2,6.7,4,8.2,FALSE,8,No
3681,41,Female,Married,Bachelors,Engineering,Software Engineer,1,6287,7.9,5.4,18.2,5.4,5,Remote,5.2,7,2.7,6.1,7.5,4,7.3,TRUE,5.8,No
3682,46,Female,Married,Bachelors,Engineering,QA Engineer,3,10350,9,5,18.4,1.7,5,Hybrid,5,9,4.4,5.3,6.9,4,7.5,TRUE,6.2,No
3683,29,Male,Married,Bachelors,Engineering,Software Engineer,4,7930,8.6,8,9,5.6,2,Onsite,1.5,9,2.7,5.3,6,4,6.1,TRUE,4.8,No
3684,46,Male,Divorced,Bachelors,Customer Support,Support Specialist,3,5038,17,8.7,18.4,0.6,3,Onsite,4.3,5,4.2,5.4,5.7,4,8,FALSE,5.9,No
3685,27,Male,Single,Bachelors,Human Resources,HR Business Partner,2,2799,12.4,6,7,2.3,3,Onsite,1.4,3,2.3,6.8,7.6,3,6.7,TRUE,4.4,No
3686,29,Female,Single,High School,Operations,Operations Analyst,2,4454,12.8,4.9,9,0.2,3,Remote,6.9,30,2.7,5.4,6.2,5,7.9,FALSE,6.3,No
3687,45,Female,Single,Bachelors,Research & Development,Research Scientist,3,7430,9.9,7.5,13.5,2.4,3,Hybrid,8.6,7,3.7,4.6,5.8,4,7.6,FALSE,1.2,No
3688,53,Male,Single,Masters,Operations,Operations Manager,5,8683,8.6,13.5,21.9,1.3,3,Hybrid,14.2,23,7.6,4.7,3.7,3,7.4,FALSE,3.1,No
3689,50,Male,Divorced,Masters,Finance,Accountant,2,5586,8.3,2.8,6.6,0.7,1,Remote,11,5,4.2,6.2,6.2,4,7,TRUE,7.1,No
3690,39,Male,Single,Masters,Sales,Account Executive,2,5367,13.9,5.2,11.3,3.2,2,Onsite,5.1,20,2.9,7.2,6.5,5,6.2,FALSE,4.9,Yes
3691,42,Female,Married,Bachelors,Engineering,Data Engineer,1,6231,9.1,5,11,3.1,2,Onsite,5.8,4,5.7,4.4,6.8,3,8.1,TRUE,3.5,No
3692,35,Female,Married,Masters,Sales,Sales Development Rep,2,5383,12.4,4.9,10.3,1.3,1,Onsite,3.5,28,4.9,7.4,6.9,3,7.6,TRUE,8.1,No
3693,31,Female,Divorced,Masters,Engineering,QA Engineer,1,5582,10.3,5.3,11,5.3,1,Onsite,1.5,7,4.5,5.8,5.1,3,6.2,FALSE,4.1,No
3694,39,Male,Single,Bachelors,Customer Support,Support Team Lead,5,6635,14,8.8,11.8,0,1,Onsite,8.8,8,5.4,6.4,3.8,2,6.5,TRUE,7.6,Yes
3695,35,Female,Married,Masters,Operations,Operations Manager,3,5468,12.6,7.7,13.4,2.3,3,Hybrid,2.6,23,4,4.4,6.5,2,8.7,FALSE,7.8,No
3696,47,Male,Single,Bachelors,Operations,Operations Manager,2,4502,11.1,10.9,19.2,0.5,2,Onsite,3.6,24,4.5,5.4,5.1,4,8.8,FALSE,6.7,No
3697,33,Female,Married,Bachelors,Human Resources,HR Manager,3,6165,15.8,5.2,13,0.5,2,Hybrid,3,16,6.1,6.9,5.6,3,9.4,FALSE,4,No
3698,29,Female,Married,High School,Finance,Accountant,1,2895,14.9,2.6,8.9,1.3,1,Remote,5.6,3,2.3,9.1,8,5,8.7,FALSE,6.3,No
3699,38,Male,Married,High School,Marketing,Growth Manager,2,4992,8.9,2.6,10.3,2.6,2,Hybrid,7.3,4,5.3,5.8,4.7,3,10,TRUE,5.4,No
3700,31,Female,Married,Masters,Engineering,Data Engineer,1,7474,10.2,3.4,10.2,2.3,1,Hybrid,2.8,2,2.7,7.5,7.8,4,8.3,TRUE,6.4,No
3701,32,Female,Single,Bachelors,Research & Development,Research Scientist,2,6527,14.7,5.9,8.1,1.5,0,Hybrid,2.4,9,2.2,7.1,8.2,4,8.7,FALSE,5.6,No
3702,40,Female,Married,Bachelors,Engineering,Engineering Manager,5,13558,8.2,9.1,19.6,1,3,Remote,7.9,11,3.6,8.1,7.4,3,7.4,TRUE,1.3,No
3703,39,Female,Married,Bachelors,Engineering,Software Engineer,3,9869,10.6,4.9,10,3.4,1,Remote,2.1,8,2.1,6.9,8,4,9.4,TRUE,5.5,No
3704,33,Male,Married,Masters,Marketing,Marketing Specialist,3,7318,14.6,5.5,12.2,4.1,2,Hybrid,12.4,7,5.6,6.1,5.9,3,5.1,TRUE,6.5,No
3705,38,Female,Single,Bachelors,Engineering,Software Engineer,3,5952,11.6,7.5,12,0.9,1,Remote,5.3,3,3.9,4.5,6.8,3,7.8,TRUE,2.7,No
3706,24,Male,Single,Bachelors,Sales,Sales Manager,2,4870,13.2,3,4,2.2,3,Hybrid,12,30,6.6,2.6,4.5,3,8.5,FALSE,6,Yes
3707,37,Female,Married,Masters,Customer Support,Support Specialist,5,9156,10,7.3,15.1,2,3,Hybrid,3.7,5,4.1,4.8,6,3,8.5,FALSE,5.8,No
3708,37,Female,Single,Bachelors,Sales,Account Executive,4,8883,12.9,8.2,17,3.2,3,Hybrid,4.8,26,2.4,4.6,6.9,3,9.5,TRUE,5.6,No
3709,32,Male,Married,Bachelors,Engineering,Engineering Manager,3,9200,15.1,8.3,12,1.8,2,Onsite,4.6,4,3.4,7.3,6.5,3,7.9,TRUE,2,No
3710,40,Female,Single,Bachelors,Marketing,Content Strategist,3,4815,10.4,4.8,15.6,4.8,2,Onsite,6.4,7,5,3.4,6.6,3,8.5,TRUE,5.1,No
3711,23,Female,Single,Masters,Engineering,Data Engineer,1,4291,16.6,0.3,3,0.3,1,Hybrid,1.5,3,2.5,8,7,4,9.6,TRUE,5.6,No
3712,34,Female,Married,Bachelors,Sales,Sales Development Rep,3,7249,7.2,8.7,11.4,2.7,0,Hybrid,3.1,29,4.5,6.6,7.2,4,9.5,FALSE,5.6,No
3713,45,Female,Married,Bachelors,Research & Development,R&D Manager,3,10807,11.2,8,12.2,4.4,1,Hybrid,10.1,5,5,4.9,5,3,6.2,TRUE,2.8,No
3714,29,Male,Married,High School,Engineering,Engineering Manager,2,5175,11.2,5,7.8,3.4,1,Hybrid,8,4,3.6,5.6,4.6,4,8.1,TRUE,1.6,No
3715,28,Female,Married,Bachelors,Customer Support,Support Team Lead,3,4652,12,6.9,8,6.9,2,Hybrid,6.3,5,3.4,5.7,5,3,7.8,TRUE,7,Yes
3716,46,Male,Married,Bachelors,Research & Development,R&D Manager,5,9716,9.8,10.2,15.1,0.9,2,Hybrid,2,9,2.9,6.1,6.3,3,8.8,TRUE,3.4,No
3717,35,Female,Married,Bachelors,Research & Development,Research Scientist,3,6300,13.1,5.5,14.9,5.5,1,Hybrid,2,5,1.9,6.7,7.8,4,9.9,FALSE,3.8,No
3718,29,Female,Single,Masters,Engineering,Software Engineer,2,7227,10.5,8,9,2.8,4,Remote,6,6,3.6,5.7,5.7,3,8.1,TRUE,4.8,No
3719,42,Female,Married,High School,Engineering,Data Engineer,5,10104,16.5,6.6,12.5,1.6,2,Remote,2.4,7,1,9.5,8.5,4,8.5,FALSE,1.5,No
3720,44,Male,Married,Bachelors,Engineering,Software Engineer,3,8405,4.6,7.9,18.7,5.8,4,Hybrid,10.8,11,4.1,6,5,3,10,TRUE,2.4,No
3721,45,Female,Married,Bachelors,Finance,Finance Manager,5,11785,8.9,11.9,19.6,1.6,2,Hybrid,10.8,5,4.5,5.1,5.6,3,7.4,TRUE,4.8,No
3722,48,Female,Single,Masters,Marketing,Content Strategist,4,9489,14.6,12.5,19.4,1,2,Hybrid,3.9,5,4.3,6.2,6.6,4,9.1,TRUE,4.7,No
3723,45,Male,Single,High School,Customer Support,Customer Success Manager,3,3327,13.7,1.2,2.1,0,0,Onsite,4.8,3,2.1,7.7,7,3,8.7,TRUE,5.8,No
3724,40,Male,Married,Masters,Engineering,Software Engineer,3,9950,15.2,9.2,14,1.4,1,Remote,7.7,6,3,8.1,6.3,3,7.1,TRUE,3.9,No
3725,42,Male,Married,Bachelors,Marketing,Marketing Specialist,3,5445,12,3.8,4.6,3.8,0,Onsite,6.2,2,2.4,7.4,6.3,3,10,TRUE,3.4,No
3726,33,Male,Single,Bachelors,Operations,Operations Analyst,2,4203,13.8,2.3,11.5,2.3,3,Onsite,4.3,27,3.4,6.3,6.9,4,7.7,TRUE,4.3,No
3727,25,Male,Married,Bachelors,Finance,Accountant,3,4610,12.9,4,5,1,1,Hybrid,1.4,9,4.7,5.3,7.9,3,8.9,FALSE,7.3,No
3728,61,Male,Single,Bachelors,Sales,Sales Development Rep,5,9148,8.9,12.2,11.5,5.4,0,Onsite,9.6,17,4.8,6.3,5.6,3,9.2,FALSE,3.8,Yes
3729,40,Female,Divorced,Masters,Engineering,Data Engineer,3,7583,6.3,5.3,13.3,5.3,1,Onsite,10.7,6,5,4.3,5.1,4,8.7,TRUE,3.7,Yes
3730,33,Female,Single,Bachelors,Sales,Sales Manager,4,8901,14.4,12,13,0,1,Hybrid,9,27,4.7,5.1,5.9,4,7,FALSE,6.1,No
3731,46,Male,Married,Masters,Engineering,Software Engineer,5,13316,8.4,10.7,16.9,5.9,1,Hybrid,4.2,9,2.9,6.3,5.7,2,8.1,TRUE,3.8,No
3732,28,Female,Single,Bachelors,Engineering,Data Engineer,1,4512,13.2,0.6,8,0.6,2,Hybrid,0.6,5,2.1,6.1,6.4,3,10,TRUE,6.2,Yes
3733,38,Female,Married,Bachelors,Customer Support,Support Team Lead,5,7752,12,13.6,18,3.3,1,Hybrid,18.7,4,3.7,6.6,5.3,4,7.3,FALSE,5.3,No
3734,56,Male,Single,PhD,Engineering,Data Engineer,5,18879,10.8,12.3,17.6,4.7,3,Remote,2.1,5,1.9,5.7,7.4,3,7.5,TRUE,2.5,Yes
3735,44,Male,Single,Masters,Customer Support,Support Team Lead,4,6864,14.2,7.2,18.4,1.4,5,Hybrid,6.1,2,5.5,5.3,6.9,3,7.5,TRUE,7.9,No
3736,38,Male,Married,PhD,Engineering,QA Engineer,2,7163,9.6,2.2,13.7,1.5,5,Hybrid,7.9,2,5.8,6.2,4.3,4,6.5,TRUE,4,No
3737,32,Female,Married,Bachelors,Engineering,QA Engineer,2,7472,9.2,3.3,9.4,3.3,0,Remote,8.3,6,5.1,5.5,6.2,3,8.8,FALSE,5.7,Yes
3738,38,Male,Single,Masters,Engineering,Engineering Manager,3,7631,15.4,4,11.1,2.2,1,Onsite,11,7,5.4,6.7,4.8,3,8.1,TRUE,4.3,No
3739,38,Male,Single,Bachelors,Sales,Sales Manager,3,7782,9.6,2.7,12.9,2,3,Remote,5.7,25,3.7,7.3,5.9,4,8.9,FALSE,5.7,No
3740,35,Female,Single,Bachelors,Human Resources,HR Manager,3,4842,17,5.6,10.8,0.7,1,Hybrid,6.7,11,2.7,5.6,6.2,3,7.2,FALSE,4.2,No
3741,40,Female,Married,Bachelors,Marketing,Growth Manager,4,9446,8.2,13.1,17,2.6,2,Hybrid,9.4,5,5.3,4.2,6.7,4,8.3,FALSE,7.1,No
3742,36,Female,Married,Bachelors,Customer Support,Support Team Lead,4,8176,14.9,13.5,16,2.2,1,Hybrid,4.3,6,3.3,9.8,6,5,8.2,TRUE,3.9,No
3743,33,Female,Single,High School,Finance,Accountant,3,5623,12.3,9,13,1.3,4,Onsite,7.8,5,3.1,5.8,7.4,4,9.4,TRUE,5.8,Yes
3744,50,Male,Married,Bachelors,Sales,Sales Manager,4,9532,12.1,12.3,20,1.7,2,Hybrid,4.2,24,3.6,8.3,7.6,4,9.5,TRUE,6.6,No
3745,25,Male,Married,High School,Marketing,Content Strategist,1,2930,5.4,4,5,2.7,2,Onsite,12.4,6,9.1,2.1,3.6,3,9.1,FALSE,8.6,Yes
3746,37,Female,Married,High School,Engineering,Software Engineer,2,6267,9.4,6.5,11.5,1.8,2,Remote,6.9,4,3.8,6,6.7,3,7,FALSE,5.1,Yes
3747,30,Male,Married,Masters,Operations,Operations Manager,2,5589,17,4,7.3,1.9,1,Remote,2.8,19,3.5,8.7,6.9,4,8.3,FALSE,9.5,No
3748,33,Male,Single,Masters,Marketing,Marketing Specialist,3,8606,11.7,8.7,12.7,2.6,1,Onsite,2.2,7,3.9,6.5,7.5,3,7,FALSE,5,No
3749,37,Male,Single,Bachelors,Finance,Finance Manager,3,7521,18.8,9.7,15.2,0.8,2,Hybrid,14.1,2,6.1,6.5,6.1,3,7.3,TRUE,5,No
3750,28,Male,Married,Bachelors,Engineering,QA Engineer,4,9078,8,7,8,3.6,0,Hybrid,1.1,7,4.3,6.7,6.8,3,7.7,TRUE,4.9,No
3751,42,Male,Single,PhD,Customer Support,Customer Success Manager,4,6565,10.4,9.2,18.4,1.2,3,Hybrid,7.3,7,4.5,4.6,4.9,3,9.2,FALSE,7.4,No
3752,44,Male,Married,High School,Customer Support,Support Specialist,3,4216,13.1,12,19.7,1.4,3,Hybrid,5.2,9,4.1,7,8.6,3,8.1,TRUE,4.3,No
3753,22,Female,Married,PhD,Operations,Operations Analyst,1,4171,12.7,1,2,1,0,Onsite,3.3,21,4.2,5.2,5.4,4,9.7,TRUE,4.7,No
3754,36,Female,Married,Bachelors,Engineering,Data Engineer,3,10118,8.7,10.1,14.2,2.9,2,Remote,2.7,6,2.8,7.9,6.8,4,8.5,TRUE,3.9,No
3755,37,Male,Single,Bachelors,Sales,Account Executive,3,6769,11.2,4.7,9.3,3,2,Remote,7.3,21,6.9,3.9,4.7,3,8.4,FALSE,4.5,No
3756,41,Male,Divorced,Bachelors,Engineering,Engineering Manager,4,8126,17.4,5.8,8,0.6,1,Hybrid,7.1,4,3.4,8.5,6.2,3,7.9,TRUE,3.3,No
3757,29,Male,Divorced,Bachelors,Sales,Account Executive,2,5985,15.2,5,9,2.2,1,Onsite,6.6,31,5.7,6.9,5.7,4,9.6,FALSE,5.9,No
3758,29,Male,Single,Bachelors,Engineering,Data Engineer,1,3840,13.9,2.6,9,1,4,Onsite,7.6,7,4,7.8,7.2,4,9.3,FALSE,3.1,Yes
3759,22,Male,Married,PhD,Engineering,Software Engineer,1,4248,14.8,1,2,1,1,Remote,3.2,5,3.4,6,6.5,3,9,FALSE,5.5,No
3760,37,Male,Single,Bachelors,Marketing,Marketing Specialist,2,3854,13.9,5.1,11.5,0.7,1,Onsite,1.9,9,3.5,6.9,6.7,2,6.9,FALSE,5.6,No
3761,38,Female,Married,Bachelors,Customer Support,Support Specialist,3,4617,7.9,5.5,11.7,2.6,0,Remote,9.5,5,6.5,6.2,6.4,3,7.3,FALSE,6.8,No
3762,40,Male,Married,Bachelors,Customer Support,Customer Success Manager,3,6034,15.2,8.8,16,1.6,1,Hybrid,6.8,7,3.9,5.3,5.7,3,9,FALSE,4,No
3763,32,Non-binary,Single,Bachelors,Finance,Financial Analyst,2,4923,9.1,5.2,7.4,0.4,0,Hybrid,3.1,9,1.3,6.6,5.9,5,8.9,FALSE,4.9,No
3764,34,Male,Married,Bachelors,Engineering,Data Engineer,1,2620,12,2.7,9.9,2.1,2,Onsite,2.5,6,4.9,5.7,6.3,3,8.4,TRUE,3,No
3765,42,Male,Married,Bachelors,Marketing,Marketing Specialist,3,8855,13.9,5.3,14.3,1.5,3,Hybrid,14.2,4,4,8,3.2,4,9.2,FALSE,3.1,No
3766,43,Female,Married,Masters,Research & Development,Product Researcher,4,11310,9,11.4,16.9,2.7,1,Onsite,6.2,4,4.6,6.4,6.7,3,7.7,TRUE,1.3,No
3767,26,Female,Married,High School,Engineering,Engineering Manager,3,5103,11.1,5,6,2.1,0,Onsite,1.1,4,4.3,5.6,6.6,3,7.5,TRUE,4.5,Yes
3768,34,Female,Divorced,Masters,Engineering,QA Engineer,2,6234,10,3.3,10.6,2.4,2,Hybrid,9.2,4,4.1,6.5,7,4,7,FALSE,1,Yes
3769,30,Female,Single,Bachelors,Sales,Sales Development Rep,2,5430,17,3.7,10,1.2,2,Onsite,11.1,25,7,3.5,4.8,3,5.9,FALSE,6.1,No
3770,38,Male,Married,Bachelors,Marketing,Marketing Specialist,4,5950,3,9.9,15,2.2,2,Remote,10,7,3.1,7.8,6.7,4,8.9,TRUE,1,No
3771,30,Female,Single,Bachelors,Research & Development,Research Scientist,2,5519,8.5,1.1,6.9,1.1,0,Onsite,6.9,6,3.5,7,4.9,3,5.7,FALSE,5,No
3772,23,Male,Single,Masters,Research & Development,Research Scientist,1,4297,10.2,2,3,2,1,Remote,3,3,1.9,7.8,5.6,5,8.9,TRUE,2.1,No
3773,38,Female,Married,Masters,Engineering,Software Engineer,4,9979,14.3,5.7,12.2,0.3,1,Hybrid,5,2,2.1,9,5.9,4,8.3,TRUE,2.1,No
3774,47,Male,Single,Masters,Finance,Finance Manager,2,5233,9.8,0,6.6,0,3,Hybrid,10.8,4,7.7,3.9,5.2,4,8.3,FALSE,6.4,No
3775,42,Female,Single,Masters,Sales,Sales Manager,5,10515,16.3,12.2,17.3,0.6,2,Hybrid,9.5,20,3,8.3,6.7,4,7.6,TRUE,5.8,No
3776,39,Female,Single,Masters,Operations,Program Manager,3,5630,10.2,10,14.2,1.2,1,Onsite,4.2,22,3.9,6.1,6.7,3,7,FALSE,2.9,No
3777,29,Female,Single,Masters,Customer Support,Support Specialist,3,4260,13.1,4,9,0.5,1,Hybrid,4.2,4,4.7,6.8,9,4,9.9,FALSE,9.2,No
3778,31,Female,Single,Masters,Operations,Program Manager,3,6984,10.4,8.3,9.4,2,0,Remote,1.2,23,2,6.6,7.5,4,8.8,FALSE,4.8,No
3779,32,Non-binary,Single,Masters,Marketing,Growth Manager,3,7860,7.3,7.6,12,2.4,2,Onsite,7.4,8,3.5,5.7,6.2,3,7.9,FALSE,7.1,Yes
3780,37,Male,Single,Bachelors,Engineering,Engineering Manager,3,10503,6.1,8.2,15.8,6.9,2,Hybrid,0.6,4,1.6,8.7,6.7,4,6.9,TRUE,2.2,No
3781,28,Male,Married,Bachelors,Research & Development,Product Researcher,2,6995,13.7,6.2,7.8,1.8,1,Remote,5.5,5,1.1,9.5,6.6,4,7.4,TRUE,1,No
3782,40,Male,Single,Bachelors,Research & Development,Research Scientist,3,6204,11.9,8.4,12.5,1.4,1,Remote,1.2,3,4,7.2,7.4,3,8.3,FALSE,4.6,No
3783,22,Female,Married,Masters,Finance,Finance Manager,2,4951,9.4,1,2,1,0,Onsite,6.8,8,4.4,7,4.5,3,7.9,FALSE,5.6,No
3784,40,Male,Single,Bachelors,Customer Support,Customer Success Manager,3,4581,5.8,5.5,7.9,1.4,1,Hybrid,6.2,8,6,5.9,3.8,4,8.7,FALSE,5.2,Yes
3785,26,Female,Single,Masters,Sales,Sales Manager,2,3989,7.4,5,6,4.8,3,Remote,6.6,24,4.5,4.2,6.6,3,8.5,FALSE,2.7,Yes
3786,32,Female,Married,Bachelors,Sales,Sales Manager,2,5765,15.1,4.6,10,0.3,2,Onsite,7.7,23,4.3,4.8,5.9,3,6.7,FALSE,4.4,No
3787,41,Male,Married,Bachelors,Research & Development,Research Scientist,4,8941,13.3,7.2,11.3,0.7,1,Hybrid,3.3,7,3.1,8.7,6,3,9.9,TRUE,3.3,No
3788,37,Female,Married,Bachelors,Sales,Sales Manager,3,6632,11.6,8.1,10.9,3.6,1,Onsite,8.7,20,5.5,5.5,5.4,3,7.5,FALSE,9.2,No
3789,38,Female,Single,Masters,Marketing,Growth Manager,4,8091,14.5,11.5,18,0.9,3,Hybrid,2.4,8,4.1,6.8,6.6,4,8.7,FALSE,3.8,No
3790,33,Male,Married,Masters,Sales,Account Executive,2,5144,19.1,7.4,9.9,0.5,1,Onsite,5.9,18,3.7,8.1,4.9,4,7.8,FALSE,6.6,No
3791,38,Male,Married,Bachelors,Engineering,Data Engineer,3,6968,15.2,5.3,8.4,2.1,1,Onsite,2.4,3,6.2,8,5.3,3,8.3,TRUE,4.5,No
3792,56,Female,Single,Masters,Sales,Account Executive,3,6472,2.9,5.9,16,3.4,2,Hybrid,9.7,17,6.2,1.2,5.3,3,9.9,TRUE,5.4,Yes
3793,35,Male,Single,Masters,Operations,Operations Analyst,2,5967,9.4,6.5,11.8,1.1,0,Hybrid,10.4,18,5.5,6,5.8,4,9.1,FALSE,6.6,No
3794,35,Female,Married,Bachelors,Operations,Program Manager,4,8398,13.9,13.2,15,2.9,1,Onsite,7.8,27,4.3,9.2,5,4,8.7,FALSE,5.2,No
3795,34,Male,Married,Masters,Engineering,Data Engineer,2,7123,9.7,8.6,10,1.2,1,Hybrid,6.3,2,4.1,6.6,3.7,4,7.1,TRUE,3.9,No
3796,40,Male,Married,Masters,Sales,Sales Manager,3,9257,10.7,9.3,17.3,1.5,4,Hybrid,10.7,24,5,7.4,4.9,3,7.7,TRUE,6.5,No
3797,40,Male,Single,Bachelors,Customer Support,Customer Success Manager,4,6575,6,13.9,20,1.4,3,Remote,10.8,7,2.9,6.1,5.9,4,8.2,FALSE,5.3,No
3798,27,Male,Single,High School,Customer Support,Support Specialist,2,2335,11.8,6,7,1.5,0,Onsite,2.2,4,4,7.2,6.8,4,6.9,FALSE,6.7,Yes
3799,33,Female,Married,Bachelors,Sales,Sales Development Rep,2,7304,9.4,3.6,9.6,3.6,1,Hybrid,3.2,18,4.7,6.7,5.4,3,8.5,FALSE,6.1,Yes
3800,38,Female,Married,Bachelors,Customer Support,Support Specialist,5,5842,12.1,9.6,17.5,3,2,Hybrid,17.7,7,5.3,4,3,3,7.1,FALSE,6.4,Yes
3801,57,Female,Single,PhD,Operations,Program Manager,5,12558,8.3,9.7,15.8,3.3,1,Hybrid,4.1,21,5.6,5.8,7.2,3,7.2,FALSE,2.6,Yes
3802,21,Female,Married,High School,Sales,Account Executive,2,3691,12.4,0,1,0,1,Onsite,8,23,5.3,4.5,6.4,3,6.7,TRUE,7.3,No
3803,42,Male,Married,Bachelors,Human Resources,HR Business Partner,2,3294,13.6,0,0.4,0,1,Remote,17.5,14,9.1,3.1,3.2,3,7.4,FALSE,7,Yes
3804,37,Male,Married,Bachelors,Engineering,Data Engineer,3,8259,13.1,4.9,9.8,3.6,3,Remote,5,3,3.4,8.8,7.2,4,9.5,TRUE,4.4,No
3805,49,Prefer not to say,Married,Bachelors,Engineering,QA Engineer,5,11849,11.9,12.8,21.7,1.3,1,Onsite,15.1,5,5.3,5.5,6.2,3,9.4,TRUE,3.1,No
3806,34,Female,Married,PhD,Engineering,Software Engineer,3,8790,12.4,8.2,10.4,0.7,0,Hybrid,2.5,9,2.6,8.1,5.2,4,7.8,TRUE,4,No
3807,29,Male,Single,Masters,Human Resources,HR Manager,3,5763,13.9,5.9,9,0,2,Onsite,3.5,10,1.8,8.2,9.4,4,9.4,TRUE,2.2,No
3808,30,Female,Divorced,Masters,Operations,Program Manager,2,5402,14.4,6.6,10,0.8,2,Hybrid,2.8,21,5.2,6.3,6.3,3,8.2,TRUE,6.5,No
3809,39,Female,Married,Bachelors,Customer Support,Customer Success Manager,5,7019,12.7,8.9,9.1,0.4,0,Hybrid,9.3,8,5.4,4.6,5.6,3,7.3,TRUE,6.2,Yes
3810,39,Male,Married,Masters,Customer Support,Support Team Lead,4,5832,7.7,11.3,18.8,4.8,2,Remote,2.3,3,2.8,8.2,7.7,4,9.1,FALSE,7.7,No
3811,47,Female,Married,Bachelors,Engineering,Data Engineer,4,10111,12,7.3,14.6,3.7,4,Onsite,2.8,8,4.2,5.1,6.2,4,7.1,TRUE,4.1,No
3812,36,Male,Married,Bachelors,Customer Support,Support Team Lead,2,4055,10.1,5.6,9.9,5.6,1,Remote,4.9,1,2.8,6.4,7.9,3,7,TRUE,7.1,No
3813,33,Male,Single,PhD,Engineering,Software Engineer,1,4684,11.4,1.9,13,0.4,6,Hybrid,6.8,7,4.3,6.4,6.4,3,8.5,TRUE,8.4,No
3814,38,Female,Single,Bachelors,Engineering,Software Engineer,2,6230,7.1,6.2,15.2,4.6,3,Onsite,9.7,6,5.7,4.6,6,4,6,TRUE,4.2,No
3815,47,Female,Single,Masters,Sales,Sales Manager,5,11768,13,9.6,16.6,1.5,3,Hybrid,3.4,21,3.9,5.6,5.8,4,9.5,FALSE,4.4,No
3816,43,Male,Married,Bachelors,Sales,Account Executive,2,5056,12.9,3.4,10.8,0.7,2,Remote,6.6,21,5.8,5.7,6.4,3,5.6,FALSE,6.3,No
3817,34,Female,Married,High School,Customer Support,Support Specialist,4,5960,8.7,5.3,12.4,5.3,0,Hybrid,8.9,3,3.3,6.8,5,4,7.9,TRUE,6.4,No
3818,40,Female,Married,Bachelors,Sales,Sales Development Rep,5,13356,8.5,12.4,18.2,1.7,2,Onsite,8.1,28,4.2,7.5,6,3,7.2,TRUE,5.6,No
3819,46,Female,Married,Bachelors,Sales,Account Executive,2,5373,10.9,4,10.7,3.4,2,Remote,9.2,19,5.4,6,6.6,3,6.5,FALSE,7,No
3820,21,Female,Single,Bachelors,Human Resources,HR Business Partner,2,3178,15,0,1,0,4,Hybrid,5.9,4,3.6,6.3,6.3,4,10,TRUE,5.2,No
3821,26,Male,Single,Masters,Research & Development,Product Researcher,2,4775,13.6,1.2,2.8,1.2,0,Onsite,0.2,6,4.3,5.9,7.4,3,8.6,TRUE,5.1,No
3822,28,Female,Single,Bachelors,Sales,Account Executive,2,4649,11,6.5,8,1.4,2,Hybrid,10.3,26,2.7,6.1,5.4,3,8.7,TRUE,3.1,No
3823,29,Male,Married,Bachelors,Customer Support,Support Team Lead,2,4579,10.6,5.6,9,5.6,1,Hybrid,3.2,3,3.9,6.3,6.3,3,7.6,TRUE,7.4,No
3824,44,Female,Single,Bachelors,Operations,Program Manager,4,7447,12.3,8,14.7,1.9,2,Onsite,5.6,25,2.7,8.9,6.7,4,10,TRUE,4.2,No
3825,38,Male,Married,Masters,Marketing,Marketing Specialist,3,7386,13.1,6,9.8,2.4,1,Onsite,2.9,4,2,9.1,8,3,8.6,TRUE,4.4,No
3826,48,Male,Single,Bachelors,Operations,Program Manager,5,13727,11.2,14.2,22.8,3.3,3,Onsite,14.9,24,5.4,6.6,4.7,3,6.3,FALSE,1,No
3827,31,Male,Single,Bachelors,Marketing,Marketing Specialist,2,3880,13.2,5,7.1,0,0,Remote,4.6,9,3.6,5.2,8.8,4,8.1,TRUE,4.9,No
3828,34,Female,Single,Masters,Operations,Operations Manager,3,6576,7.5,6.3,14,3.1,3,Remote,2.4,22,2.3,7.5,8.8,4,9.2,FALSE,4.7,No
3829,34,Female,Single,Bachelors,Sales,Sales Development Rep,4,7748,12.1,11.5,14,2.5,0,Hybrid,7.3,31,3.7,6.1,6.3,4,9.3,FALSE,4.2,Yes
3830,31,Female,Married,Masters,Marketing,Content Strategist,1,2796,12.7,4.3,11,1.4,1,Onsite,9.6,10,3.3,6.8,7.4,3,7.4,FALSE,2.7,No
3831,37,Female,Married,Masters,Engineering,Software Engineer,1,3926,16.1,4.7,12.6,0.3,2,Remote,6.9,7,4.9,4,6.3,3,7.2,TRUE,4.1,Yes
3832,40,Male,Married,Masters,Sales,Sales Development Rep,2,6051,5.5,8.4,13,6,1,Hybrid,5.2,20,4.1,4.8,6.9,4,10,FALSE,7.2,No
3833,42,Male,Married,Bachelors,Research & Development,Product Researcher,3,10095,9.7,6.8,15.1,1.3,3,Hybrid,3.4,7,2.4,4.3,6.9,3,9.7,FALSE,5.6,No
3834,42,Female,Single,Masters,Finance,Finance Manager,4,11141,16.3,11.4,20.1,2,3,Hybrid,6.1,5,3.1,7.8,6.4,2,7.3,TRUE,4.8,No
3835,39,Female,Divorced,Bachelors,Finance,Financial Analyst,2,5050,12.1,6,13.1,2,1,Onsite,7.1,7,4,5.4,6.6,3,7.8,TRUE,4.5,No
3836,41,Female,Single,Masters,Sales,Account Executive,5,9843,11.2,10,18.5,2.3,2,Hybrid,4.9,29,2.8,6,6.4,3,8.5,TRUE,4.3,No
3837,31,Male,Single,Masters,Finance,Finance Manager,3,7661,11.3,10,11,1.7,3,Hybrid,5.4,6,1.9,8.1,7,4,9.8,TRUE,6.5,No
3838,55,Female,Married,Masters,Engineering,Software Engineer,4,10166,12,6.6,9.7,0.4,1,Onsite,1.5,5,2,9.3,6,5,9,TRUE,2.9,No
3839,30,Male,Married,Bachelors,Sales,Sales Manager,2,6458,17.2,0,9.6,0,4,Onsite,6.7,24,3.8,8.6,4.6,4,9.6,TRUE,7.6,Yes
3840,31,Male,Single,High School,Research & Development,Product Researcher,2,4023,9.9,4.4,11,3.1,3,Onsite,9.6,7,5.5,6.8,5.2,4,8,TRUE,2.8,No
3841,43,Female,Single,Bachelors,Operations,Program Manager,2,5488,4.5,3.6,6.3,1,2,Hybrid,17.6,18,5.5,6.7,4.5,4,6.6,TRUE,4.2,No
3842,40,Male,Married,PhD,Sales,Account Executive,3,7520,16.3,7.8,10,1,0,Onsite,9.6,25,5.5,7.1,5.7,4,7.4,FALSE,8,No
3843,33,Female,Married,Masters,Human Resources,Recruiter,2,5111,9.6,6,13,0.6,3,Hybrid,3.4,8,4.8,4.2,5,4,8.4,FALSE,3,Yes
3844,38,Male,Married,Bachelors,Sales,Account Executive,1,4235,11.9,3.7,14.6,3,2,Hybrid,4,23,2,6.7,7.8,4,9.3,TRUE,6,No
3845,27,Male,Married,Masters,Operations,Program Manager,2,3770,7.6,1.1,7,1,2,Onsite,3.8,21,3.1,9.5,7,4,10,TRUE,6,No
3846,42,Male,Married,Masters,Sales,Account Executive,3,5886,14,6.9,11.3,1.7,1,Remote,6.7,22,4.2,7.8,6.6,4,10,TRUE,7.5,No
3847,36,Female,Married,Bachelors,Customer Support,Support Team Lead,2,4006,11.1,5.3,13.2,3,3,Onsite,10.8,8,8,4.8,4.9,3,7.3,TRUE,5.9,No
3848,55,Male,Married,High School,Research & Development,R&D Manager,4,10035,7.7,8.4,18.2,2.1,3,Onsite,3.5,8,3.6,6.9,6.2,4,8.4,TRUE,1.1,No
3849,47,Female,Married,Bachelors,Operations,Operations Manager,4,7185,11.2,8.3,14.5,0.9,1,Hybrid,7.6,27,4.2,6.3,5.8,4,7.7,FALSE,3.4,No
3850,42,Male,Single,PhD,Engineering,Data Engineer,4,12563,17.5,11.5,11.5,1.1,0,Onsite,1.5,4,2.4,6.9,5.7,4,8.6,TRUE,4.6,No
3851,46,Male,Divorced,Masters,Sales,Sales Manager,4,6154,13.6,6.1,10.7,1.8,2,Onsite,29.2,21,7.1,6.5,3.8,3,7.9,FALSE,2.7,Yes
3852,41,Female,Married,High School,Sales,Account Executive,5,8153,14.4,12.3,21,4.7,3,Onsite,6.3,25,2.8,5.5,7,4,7.5,FALSE,4.2,Yes
3853,38,Prefer not to say,Married,Bachelors,Sales,Account Executive,5,8288,8.8,12,15,0.3,1,Hybrid,12.2,20,7,4.9,4.1,3,8.2,FALSE,2.4,Yes
3854,31,Male,Married,Bachelors,Engineering,QA Engineer,2,6314,6.3,6.4,10.1,3.9,0,Hybrid,6,2,4,8.4,6.5,4,8.7,TRUE,4.7,No
3855,37,Female,Married,Masters,Finance,Financial Analyst,1,3999,7,3.9,5.6,0.8,0,Onsite,6.2,6,6.2,4.1,6.5,3,9.6,FALSE,6.7,No
3856,23,Male,Married,Bachelors,Sales,Account Executive,2,4887,13.2,2,3,1.9,2,Onsite,7.8,23,4.2,7.8,5.7,4,10,FALSE,4.2,No
3857,41,Female,Married,Masters,Engineering,Engineering Manager,5,17969,9.3,8.6,20.2,1.6,2,Hybrid,4.5,6,4.4,7.1,6.2,4,7,TRUE,1,No
3858,42,Male,Divorced,Masters,Research & Development,Research Scientist,2,6805,18.7,3.9,13,1,4,Onsite,9.5,4,4.7,6.4,3.1,4,7.9,TRUE,1.4,Yes
3859,30,Male,Married,Masters,Engineering,Software Engineer,4,12100,14,9,10,0.9,2,Onsite,4,6,4.4,6.2,7.6,4,8.9,TRUE,1,No
3860,34,Male,Single,Bachelors,Research & Development,R&D Manager,3,5970,15.3,10.2,9.8,2.1,0,Hybrid,8.5,4,1.7,7,6.6,4,7.2,FALSE,3.8,No
3861,43,Male,Married,PhD,Engineering,Engineering Manager,4,14409,12.4,8.6,19.7,0.8,4,Hybrid,3.3,2,3.6,6.5,6.5,4,7.1,TRUE,3.9,No
3862,49,Female,Single,PhD,Marketing,Content Strategist,4,9349,6.6,9.4,14.5,2.6,1,Onsite,4.6,3,4.7,6.4,5.3,4,9,TRUE,4.2,Yes
3863,40,Female,Married,Bachelors,Marketing,Growth Manager,4,7309,7.3,9.1,15.4,0.5,0,Hybrid,6,7,5.7,5.7,5.6,4,7.6,TRUE,5.8,No
3864,32,Female,Single,Bachelors,Operations,Operations Analyst,2,4049,12.9,7.9,12,1.2,1,Onsite,12.5,32,5.5,6.3,5.6,3,7.5,FALSE,5.3,No
3865,25,Female,Divorced,Bachelors,Customer Support,Support Team Lead,2,2484,21.5,4,5,0.7,0,Onsite,9.4,7,3.9,6.4,6.2,3,6.9,TRUE,7.7,No
3866,26,Female,Married,Bachelors,Sales,Sales Development Rep,1,3987,10.3,4.7,6,4.2,1,Onsite,6.6,26,2.6,7.9,5.9,4,8.7,FALSE,6.3,No
3867,33,Female,Divorced,Bachelors,Operations,Operations Manager,3,5411,17.8,10.5,13,0.9,2,Hybrid,0.8,29,1,9.9,8.3,4,7.6,TRUE,5.8,No
3868,32,Male,Married,Masters,Engineering,Data Engineer,2,7208,13.4,5.4,12,1.8,5,Onsite,3.8,4,4,5.9,6,4,8.7,TRUE,3.9,No
3869,39,Prefer not to say,Married,High School,Engineering,Software Engineer,3,6671,16.5,7.1,13.8,0.4,2,Onsite,0.8,6,1.7,9.7,6.6,4,7.8,TRUE,3.2,No
3870,34,Male,Married,Bachelors,Sales,Sales Manager,3,7259,10.6,7.4,10,1.3,1,Hybrid,13.9,23,6.3,5,4.9,2,5.7,TRUE,4.5,No
3871,52,Male,Married,Bachelors,Sales,Sales Development Rep,5,9978,15.9,12.9,14.3,2.2,0,Hybrid,8.5,21,4.6,9.1,5,4,7.7,FALSE,4.3,No
3872,45,Female,Married,Bachelors,Sales,Account Executive,4,8205,14,10.7,15.2,1.7,2,Remote,3.8,34,2.2,6.8,6.8,3,5.5,TRUE,3.8,No
3873,48,Male,Married,Bachelors,Sales,Sales Development Rep,3,8030,12.2,9.1,13.1,1.9,1,Onsite,4.7,27,4.4,7.2,4.7,3,8.4,TRUE,7.6,No
3874,48,Female,Married,Masters,Finance,Accountant,5,11868,11.1,13.2,18.6,3.7,3,Hybrid,2.8,8,3.1,5.1,6.3,4,9.9,FALSE,5.1,No
3875,37,Male,Married,High School,Engineering,Software Engineer,3,5753,4.6,8.1,14.3,6.6,2,Onsite,0.3,6,2.4,6.3,6.8,3,8.7,FALSE,4.6,No
3876,44,Female,Single,Masters,Sales,Account Executive,5,11358,15.4,9.6,17.8,0.3,3,Hybrid,3.2,19,1.9,9.1,6.7,5,9.1,FALSE,3.9,No
3877,35,Female,Single,High School,Sales,Sales Manager,4,7032,7.7,10.7,15,2.2,2,Hybrid,6.4,20,5.8,5.4,6.2,3,4.7,TRUE,5.4,No
3878,37,Female,Single,PhD,Research & Development,R&D Manager,3,9418,15,4.5,9.8,1.2,2,Onsite,17.6,10,7.4,4.3,4.5,4,7.6,TRUE,4.3,No
3879,36,Female,Married,PhD,Engineering,Engineering Manager,3,7569,10,5.7,7.8,3.2,0,Remote,4,5,1.3,10,7.9,4,8.3,TRUE,2.6,No
3880,49,Prefer not to say,Single,Bachelors,Engineering,Software Engineer,2,5468,14.4,6.7,9.8,2.3,0,Onsite,3.9,6,6.8,6.3,4.7,3,9.4,TRUE,4.6,No
3881,36,Female,Single,Masters,Engineering,Engineering Manager,3,9043,9.1,12.1,16,0.6,0,Hybrid,3.6,6,3,7.3,7.1,4,7.5,FALSE,1,No
3882,32,Male,Divorced,High School,Operations,Operations Manager,2,4433,6.3,6.1,12,6.1,3,Hybrid,7.5,17,5,4.7,5.7,3,8.3,TRUE,5.8,No
3883,55,Female,Married,Masters,Engineering,Engineering Manager,5,15419,16.8,10.8,21.5,3.5,3,Remote,2.6,8,1.7,8.9,7.1,4,10,TRUE,3.4,No
3884,62,Male,Divorced,Bachelors,Finance,Finance Manager,5,10130,14.7,10.4,15.7,1.1,2,Hybrid,6.1,5,3.6,7.9,6.4,4,8,FALSE,2.8,No
3885,50,Female,Married,Bachelors,Operations,Program Manager,4,7453,11.8,7.8,11.2,1.9,0,Onsite,8.3,31,4.4,8.6,6.8,4,8.2,TRUE,4.9,No
3886,32,Male,Single,Bachelors,Engineering,Engineering Manager,3,8880,14.8,11,12,1.8,0,Hybrid,7.4,10,3,7.8,6.4,4,9.7,FALSE,4.4,No
3887,34,Male,Married,Bachelors,Customer Support,Support Specialist,2,3258,12.7,7.2,6.7,1,1,Onsite,3.7,6,3.7,7.6,7.3,3,8.6,TRUE,10,No
3888,29,Male,Married,Masters,Research & Development,Product Researcher,2,6732,12.8,6.6,9,3.1,1,Hybrid,6.7,9,4,4,4.5,3,9.1,TRUE,3.7,Yes
3889,21,Male,Single,Masters,Engineering,Software Engineer,2,7163,10.7,0,1,0,2,Onsite,5.9,6,3.7,6.4,6.7,3,7.9,TRUE,5.1,No
3890,35,Prefer not to say,Single,Bachelors,Sales,Sales Development Rep,2,5965,14.7,5.7,9.2,2.5,1,Hybrid,6.8,26,3.9,5.9,7.2,4,10,TRUE,7.2,No
3891,24,Female,Single,Bachelors,Human Resources,HR Manager,2,5783,11.2,3,4,2.3,1,Onsite,6.3,7,5.2,3.6,5.2,3,8,FALSE,6.4,Yes
3892,48,Male,Married,Masters,Sales,Sales Manager,5,10226,18.2,9.6,15.6,1.3,2,Remote,7.6,21,2.6,8.9,6.1,3,7.4,FALSE,4.8,No
3893,42,Female,Single,Bachelors,Customer Support,Support Team Lead,5,8119,10.5,9.7,13.1,0,1,Onsite,5.9,7,5.5,7.6,6.5,3,7.3,FALSE,6.4,Yes
3894,33,Male,Single,High School,Research & Development,Research Scientist,2,5300,14.1,3.2,13,0.7,4,Onsite,4.9,5,2.6,9,6.1,3,7.3,TRUE,5.3,No
3895,26,Female,Divorced,Bachelors,Marketing,Content Strategist,2,4377,16.4,3.8,6,0,3,Remote,4,9,3.9,7.5,7.5,4,8.1,FALSE,7.1,No
3896,31,Female,Married,Masters,Operations,Operations Analyst,3,5531,15.8,8.8,11,1.3,3,Onsite,1.7,23,2.8,8.4,7.3,3,8.7,FALSE,4.7,No
3897,21,Male,Divorced,Bachelors,Engineering,Software Engineer,2,4732,7.8,0,1,0,1,Hybrid,5.6,6,1,10,6.1,4,9.3,TRUE,4.3,No
3898,39,Prefer not to say,Single,Bachelors,Operations,Program Manager,4,6706,17.9,13.3,19,0.4,2,Remote,4.2,27,2.5,8.4,6.8,4,10,TRUE,4.6,No
3899,49,Female,Married,PhD,Engineering,Engineering Manager,5,12476,5.2,11.6,16.8,2.9,1,Hybrid,7.2,5,5.7,3.4,5.4,3,5.7,TRUE,2.3,No
3900,26,Female,Single,Bachelors,Sales,Account Executive,1,2735,10.8,2.6,6,2.5,1,Hybrid,11.9,25,6.4,4.8,4.7,3,8.9,TRUE,5,No
3901,21,Male,Married,Masters,Research & Development,Product Researcher,3,7937,14.3,0,1,0,4,Onsite,18.4,8,7.6,6.7,6.4,4,7.4,TRUE,3,Yes
3902,51,Prefer not to say,Married,Masters,Engineering,Data Engineer,5,15959,13,9,18,0.7,3,Onsite,7.3,4,5,6.7,5.3,3,7.9,FALSE,3.7,No
3903,49,Male,Divorced,Bachelors,Customer Support,Support Specialist,4,6651,13.8,7.7,12.2,0.8,0,Onsite,16.4,4,5.5,6.6,4.1,3,9.3,TRUE,4.4,No
3904,28,Male,Married,Masters,Engineering,QA Engineer,2,5594,10.3,7,8,2,3,Remote,9.6,8,4.5,7.5,7.9,3,8.1,TRUE,3.8,No
3905,33,Male,Single,Bachelors,Customer Support,Support Specialist,1,3431,13.5,1.4,12.1,1.4,2,Remote,8.7,4,3.8,5.7,5.9,4,7.9,FALSE,8,Yes
3906,30,Female,Divorced,Bachelors,Engineering,Data Engineer,2,6072,13,6.4,9.1,2.4,1,Hybrid,4.2,7,2.9,6,6.6,4,9,FALSE,2.5,No
3907,51,Female,Married,Masters,Engineering,Engineering Manager,5,18297,8.1,8.3,20.5,0.9,5,Onsite,7,10,3.3,10,6.3,4,7.9,TRUE,2.1,No
3908,39,Female,Married,Bachelors,Engineering,QA Engineer,3,11246,10.5,9.5,14.5,3.2,0,Remote,9.9,8,4.7,7.4,4.3,3,6,TRUE,5.7,No
3909,33,Male,Married,PhD,Operations,Operations Manager,3,6462,11.5,8.3,13,0.9,1,Onsite,4.2,24,3.3,6.4,5.8,4,8.9,TRUE,1.2,Yes
3910,37,Male,Single,PhD,Sales,Sales Manager,5,11522,3.4,8.4,14.2,5.8,0,Hybrid,4.6,29,4.3,7.2,5.7,4,9.6,FALSE,6.1,No
3911,48,Male,Single,Bachelors,Engineering,Engineering Manager,4,10037,8.3,10,16.8,2.3,2,Onsite,4.1,5,2.4,5.5,8,3,10,TRUE,5,No
3912,49,Male,Married,Bachelors,Operations,Operations Manager,5,9011,14.1,11.2,17.4,0.4,1,Onsite,11.9,18,3.6,6.4,5.1,4,9.2,TRUE,5.3,No
3913,52,Male,Single,Bachelors,Finance,Accountant,5,11403,12.8,15.2,15.6,2.5,0,Hybrid,3.2,7,2.9,7.2,7.6,4,9.2,FALSE,4.9,No
3914,30,Male,Single,Masters,Engineering,Data Engineer,2,6626,14.4,2.3,7.2,1.3,2,Remote,4.5,7,3.6,8.2,6.7,4,9.2,TRUE,4,No
3915,35,Female,Single,Bachelors,Human Resources,HR Business Partner,3,6220,16.1,8.1,9,0.4,1,Hybrid,7,10,5.2,5.2,5.1,4,10,FALSE,5,No
3916,51,Female,Single,PhD,Marketing,Growth Manager,4,14183,8.9,6.3,13.4,3.5,2,Hybrid,2.5,7,3.6,4.8,7.6,3,7.3,TRUE,3.7,No
3917,21,Male,Single,Bachelors,Customer Support,Customer Success Manager,3,4135,10.8,0,1,0,2,Onsite,13.3,11,6.8,5.5,4.4,3,7.3,FALSE,3.9,Yes
3918,44,Male,Single,Masters,Customer Support,Support Specialist,4,6229,10.7,8.7,15.4,0.3,3,Hybrid,4.4,7,5.2,6.2,6,2,9.4,TRUE,4.6,No
3919,43,Female,Married,Bachelors,Sales,Sales Development Rep,3,6647,14.4,9.2,14.1,0.6,2,Onsite,6.5,21,5.4,5.5,6.7,4,8.1,FALSE,4.4,No
3920,33,Female,Married,Masters,Human Resources,Recruiter,2,5356,9.3,4.4,12.1,4.4,2,Hybrid,3.2,3,5.1,7.3,7.3,4,8.9,FALSE,5.1,Yes
3921,46,Male,Divorced,Bachelors,Sales,Sales Manager,5,11017,9.6,14.6,22.6,0.8,2,Onsite,12.8,28,6.4,6.5,4.9,3,7.8,FALSE,3.8,No
3922,34,Female,Single,Bachelors,Engineering,Software Engineer,2,6412,10.2,2.5,12.5,2.5,4,Hybrid,9.1,5,4.4,5.2,2.5,3,7.4,FALSE,3.8,Yes
3923,39,Male,Single,Bachelors,Operations,Operations Analyst,3,8713,12.1,6.7,17.1,1.9,2,Hybrid,2.4,29,3.6,7.4,7.5,4,8.2,FALSE,7.1,No
3924,46,Female,Single,Masters,Operations,Operations Manager,4,7729,13.8,8.7,18.8,1.1,4,Remote,5,21,3,8.6,7.7,4,7.5,TRUE,5.5,No
3925,23,Female,Married,Bachelors,Engineering,QA Engineer,2,5298,13.1,2,3,1.4,5,Hybrid,5.4,7,2.3,7,6.9,2,6.6,TRUE,4,No
3926,30,Male,Married,Masters,Customer Support,Support Specialist,3,5464,14.1,6.3,10,2.9,1,Hybrid,7.2,11,4.5,6.3,8.4,4,7.7,FALSE,8.3,No
3927,52,Male,Single,PhD,Customer Support,Support Specialist,3,7027,15,9.3,12.3,3.1,0,Hybrid,5,7,3.7,7.3,7.5,4,9.5,TRUE,6.6,No
3928,21,Male,Married,Masters,Sales,Sales Development Rep,1,4062,13.8,0,1,0,1,Hybrid,3.4,23,2.2,7.7,6.4,4,8.5,FALSE,5,No
3929,36,Female,Married,Bachelors,Sales,Sales Manager,2,5486,19.1,3.1,11.7,1.6,3,Hybrid,8.1,10,5.7,3.8,5.7,3,7.3,TRUE,5.5,Yes
3930,43,Male,Single,Masters,Engineering,Engineering Manager,4,9284,15.5,11.4,17.8,2,2,Hybrid,3.9,8,2.6,7.6,6.8,4,9.5,TRUE,6,No
3931,36,Male,Married,Bachelors,Operations,Program Manager,3,5321,14.6,9.5,16,0,3,Hybrid,1.3,22,3.8,8.7,6.4,5,9,FALSE,4.3,No
3932,21,Female,Married,Bachelors,Engineering,QA Engineer,2,5074,10.5,0,1,0,3,Hybrid,6.9,5,2,8.5,7,4,5.9,FALSE,4.4,No
3933,49,Female,Married,Bachelors,Customer Support,Support Team Lead,5,6767,15,7.3,12.8,0.9,0,Remote,6.5,6,1.7,9.5,7.5,5,8.3,TRUE,4.9,No
3934,36,Female,Divorced,Bachelors,Sales,Sales Manager,3,6649,13,8.8,16,1.1,4,Onsite,6.2,17,4.4,5.9,8.2,4,8.3,FALSE,4.7,No
3935,31,Female,Single,Bachelors,Engineering,Data Engineer,2,5315,11,6.2,11,1.5,1,Remote,7.8,9,3.5,6.6,5,4,10,TRUE,2.1,No
3936,42,Male,Married,Bachelors,Research & Development,R&D Manager,4,6311,12.3,8.4,11.6,1.9,0,Hybrid,5.7,6,3.5,6.6,5.6,3,8.2,TRUE,3,No
3937,46,Female,Married,Masters,Customer Support,Customer Success Manager,5,11143,6,14.1,20.1,6.3,3,Hybrid,6,12,6.2,5.9,5,4,8.5,TRUE,5.8,No
3938,51,Male,Married,High School,Sales,Account Executive,4,7235,10.9,11.2,19.2,1.8,2,Hybrid,6.5,26,4.6,7.2,5.3,3,8.1,FALSE,6.3,No
3939,36,Non-binary,Married,Masters,Engineering,Data Engineer,1,5390,13.7,2.4,13.7,2.4,3,Hybrid,8.7,8,2.1,7.7,7.2,3,8.7,FALSE,4.9,No
3940,47,Male,Single,Masters,Operations,Program Manager,4,8316,17.4,10.2,15.4,1.4,2,Onsite,1.6,19,1.7,9.3,5.8,4,8.5,TRUE,4.5,No
3941,40,Non-binary,Single,Masters,Finance,Finance Manager,5,10954,9.5,11.4,13.7,1.3,0,Hybrid,2,5,4.6,7,6.4,3,7.3,FALSE,4.5,No
3942,43,Female,Single,High School,Customer Support,Customer Success Manager,3,3761,9.8,5.6,11.6,2.8,2,Onsite,3.5,4,1.5,5.7,8.2,3,7.1,FALSE,10,No
3943,42,Male,Married,PhD,Finance,Financial Analyst,3,6977,14.2,6.3,9.8,1.4,1,Remote,2.2,6,1.6,8.1,8.5,3,9.1,FALSE,8,No
3944,43,Male,Married,Bachelors,Sales,Account Executive,4,9312,12,11.8,21.9,3,4,Hybrid,8.5,30,6.6,6.5,4.8,4,9.3,FALSE,6.3,No
3945,26,Prefer not to say,Married,Masters,Sales,Sales Development Rep,3,8016,10,5,6,1,3,Hybrid,12.7,21,6.3,4.5,5.2,3,6.2,FALSE,3.9,No
3946,38,Male,Married,Masters,Sales,Sales Development Rep,2,5112,6.5,8.4,11.1,4.9,1,Hybrid,5.5,16,4.5,7.6,5.4,3,7.3,FALSE,5,No
3947,35,Female,Single,Bachelors,Engineering,Software Engineer,2,6504,11.3,5.7,11,1.4,1,Onsite,5.9,9,4.1,7,5.5,4,7.6,TRUE,4.9,No
3948,28,Female,Single,High School,Sales,Account Executive,3,5679,12.8,6.5,8,0.1,1,Remote,9.3,21,5.4,6,6.5,4,9,TRUE,3.6,Yes
3949,41,Female,Married,Bachelors,Operations,Operations Manager,4,6078,12.3,8.2,9.9,2.7,1,Onsite,7,29,4,6.7,7.2,3,6.2,FALSE,4.2,Yes
3950,28,Prefer not to say,Single,High School,Research & Development,Product Researcher,2,3297,9.1,3.8,8,0.8,4,Hybrid,13.8,5,5.8,3.5,6.1,3,9.9,TRUE,1,Yes
3951,30,Male,Single,Masters,Customer Support,Customer Success Manager,3,5955,13.4,6.3,10,3.8,5,Onsite,11.5,7,6.9,5.3,4.6,5,9.3,TRUE,9.6,Yes
3952,35,Female,Married,Bachelors,Engineering,Data Engineer,1,3301,17.2,0,4.3,0,3,Hybrid,8.9,6,3.7,5.1,5.4,3,7.8,TRUE,4.6,No
3953,39,Female,Single,Masters,Operations,Program Manager,4,6010,1.7,8.9,13.9,4.2,1,Onsite,4.3,22,5,5.4,5,2,7.2,TRUE,4.5,Yes
3954,40,Male,Married,Masters,Engineering,Software Engineer,2,8398,11.8,10.3,15.9,0.3,4,Onsite,1.1,4,5.1,5.5,6.4,4,8.6,TRUE,5.9,No
3955,28,Female,Single,Masters,Customer Support,Customer Success Manager,2,2868,14.8,7,8,3.7,1,Hybrid,13.1,7,6.2,4.9,5,3,8.2,FALSE,6.9,No
3956,32,Male,Single,Masters,Engineering,Data Engineer,2,7063,11.1,6.5,11.2,2.1,1,Hybrid,12,5,5.9,7.4,4.3,4,9.3,TRUE,7.2,No
3957,34,Male,Single,Masters,Marketing,Marketing Specialist,3,5427,7.4,8.5,14,5.6,4,Onsite,3.4,7,3.4,6.3,6.8,3,8.6,FALSE,7.1,No
3958,38,Female,Single,Bachelors,Engineering,QA Engineer,1,4523,13.7,6.6,9.8,1.3,1,Remote,11.5,8,6.5,6.9,4.5,3,7.5,FALSE,2,No
3959,35,Male,Single,Bachelors,Marketing,Marketing Specialist,4,6219,14.8,12.9,15,0,5,Hybrid,5,12,3.1,6.9,6.4,4,8,FALSE,3.7,No
3960,31,Male,Single,Bachelors,Research & Development,Research Scientist,2,6607,14.8,5.2,11,1.8,5,Hybrid,7.9,7,5.8,5.2,7,2,6.8,FALSE,3.2,No
3961,21,Female,Married,High School,Customer Support,Support Specialist,1,1500,18.3,0,1,0,1,Hybrid,2.6,5,2.8,4.9,7.8,3,8,FALSE,5.8,No
3962,29,Male,Married,High School,Sales,Account Executive,2,3724,3,6.6,9,6.6,0,Hybrid,13.4,16,5.2,2.9,6.1,2,8.7,TRUE,4.6,No
3963,42,Male,Single,Bachelors,Engineering,Data Engineer,3,7767,14,5.3,9.3,1.2,0,Remote,4.4,12,2.5,7.6,5.6,3,8.2,TRUE,2.9,No
3964,36,Male,Married,Masters,Finance,Financial Analyst,4,7269,8.7,8.4,14.5,0,3,Hybrid,5.1,6,5.2,5.3,7,3,7.7,TRUE,6.1,No
3965,47,Prefer not to say,Divorced,Bachelors,Operations,Operations Analyst,5,10639,7.3,11.3,17.7,3,2,Remote,2.5,15,2.1,6.2,8.5,4,8.9,FALSE,3.9,No
3966,35,Male,Single,Bachelors,Customer Support,Support Specialist,2,4115,6.8,7.1,15,6.8,3,Hybrid,2.1,5,3,5.6,6.7,4,7.5,FALSE,9.8,No
3967,45,Male,Married,Masters,Operations,Program Manager,5,10664,9.3,10.9,14.1,2.9,1,Onsite,4.5,31,5.3,6.3,5.8,3,8.2,TRUE,5,Yes
3968,43,Male,Married,Masters,Customer Support,Customer Success Manager,5,7141,3.5,7.3,10,2.3,0,Onsite,4.8,6,4,5.4,6.6,3,7.1,FALSE,2.8,No
3969,31,Female,Single,High School,Operations,Operations Analyst,1,2214,14.2,6.5,9.7,1.6,2,Hybrid,5.6,25,4.6,5.2,5.6,4,8.7,TRUE,4.7,Yes
3970,31,Male,Married,Bachelors,Sales,Sales Manager,3,7626,12.1,4.8,9.4,0.8,2,Hybrid,5.8,24,3.6,5,6.2,4,9.8,TRUE,6.8,No
3971,21,Male,Single,Bachelors,Research & Development,Research Scientist,2,4358,11.8,0,1,0,2,Hybrid,15.3,8,7.1,6.1,6.5,3,7.7,TRUE,2.5,No
3972,27,Male,Single,Masters,Engineering,QA Engineer,2,6777,0.3,6,7,3.9,1,Hybrid,4.5,8,3.8,5.5,7.7,3,9.6,TRUE,4.6,No
3973,41,Male,Single,Bachelors,Marketing,Marketing Specialist,2,4640,12.1,4.1,6.2,0.1,0,Hybrid,2.4,11,2.1,8.4,8.1,4,8.9,TRUE,7.1,No
3974,53,Male,Single,Bachelors,Finance,Finance Manager,4,7674,12.6,10.9,12.9,2.3,1,Onsite,11,10,4.3,6.1,4.7,4,6.9,TRUE,3.4,No
3975,42,Female,Single,Bachelors,Finance,Accountant,4,9060,13.6,8,14,2.8,0,Hybrid,4.5,2,3.3,6,6.2,4,9.1,TRUE,3.7,No
3976,45,Female,Married,Masters,Operations,Operations Analyst,5,10168,17.4,13,19.3,0.3,1,Hybrid,4.8,30,3.9,5.1,5.9,4,8.5,TRUE,2.3,No
3977,31,Female,Married,Bachelors,Human Resources,Recruiter,4,7868,10.1,10,11,3.5,1,Hybrid,3.6,3,1.8,7.4,6.1,3,6.2,TRUE,3.5,No
3978,24,Male,Single,Bachelors,Engineering,QA Engineer,3,6825,19.1,3,4,1.3,1,Onsite,3.3,9,3.5,7.8,7.2,4,7.2,TRUE,3.8,No
3979,31,Male,Married,High School,Customer Support,Customer Success Manager,2,3562,8.1,10,11,3,1,Remote,18.8,6,6.9,4.3,4.8,3,7,TRUE,5.7,Yes
3980,42,Male,Single,Bachelors,Operations,Operations Manager,4,8813,13,6.9,11.8,3.3,0,Hybrid,5,19,2.9,5.5,5.1,3,8.9,TRUE,2.9,No
3981,47,Male,Divorced,Bachelors,Engineering,Engineering Manager,4,14196,16.4,7.2,17.5,1.5,5,Onsite,7,8,4.3,5.9,5.7,4,9.1,FALSE,5.6,No
3982,44,Female,Married,Masters,Finance,Finance Manager,5,11260,10.6,11.1,19.9,1.9,3,Hybrid,3.5,4,4,7.6,5.9,4,7.5,TRUE,5.5,No
3983,32,Male,Single,Masters,Engineering,Data Engineer,2,6409,11.7,5.5,8.2,5.5,0,Onsite,15,2,5.6,5.4,5.4,3,7.6,FALSE,3.6,No
3984,49,Female,Married,Bachelors,Marketing,Marketing Specialist,5,9504,13.3,11.9,19.8,2.2,2,Onsite,8.2,12,3.9,8.4,4.8,4,9,TRUE,5.5,No
3985,21,Male,Single,PhD,Marketing,Content Strategist,2,5669,15.5,0,1,0,0,Remote,15,4,3.6,7.7,5.3,4,9.6,FALSE,5.2,No
3986,29,Male,Single,Bachelors,Engineering,Software Engineer,3,7478,10,5.5,9,1.9,2,Onsite,3.8,6,4.9,5.5,5.7,2,6.9,TRUE,4.2,No
3987,33,Female,Divorced,Masters,Sales,Sales Development Rep,2,5860,13.5,6.6,5.9,4.8,1,Hybrid,12.7,10,5.2,6.5,6.2,4,8.8,FALSE,5,No
3988,37,Male,Married,Bachelors,Sales,Sales Development Rep,1,3245,14.5,1.7,6.7,0.6,1,Onsite,11.9,27,6.1,4.9,4.9,4,9.6,FALSE,8.2,Yes
3989,48,Male,Married,Masters,Operations,Operations Manager,3,7714,15.6,6.9,10.6,0.5,0,Onsite,3.5,14,2.8,6.5,6.7,4,8.2,TRUE,3.7,No
3990,38,Female,Married,High School,Engineering,Software Engineer,1,2649,11.3,4.7,8.6,1.7,1,Hybrid,3.1,9,3.3,6.9,7.3,3,8,TRUE,4.4,No
3991,25,Male,Married,Masters,Sales,Account Executive,1,4247,12.6,3.8,5,1.9,1,Hybrid,6.5,33,2.6,6.7,6.1,4,8.3,FALSE,5.1,No
3992,38,Male,Single,Masters,Engineering,Engineering Manager,5,14984,5.1,10.4,17.8,4.1,2,Remote,1.4,7,2.3,8.5,8.2,4,6.8,TRUE,3.9,No
3993,35,Male,Single,Bachelors,Finance,Accountant,3,5814,11.4,6.5,10.7,2.7,0,Remote,14.2,10,7.9,5.6,3.4,4,8.6,TRUE,5.4,No
3994,41,Male,Married,Masters,Customer Support,Support Specialist,1,3592,8.8,4.1,13.7,4.1,3,Remote,14,5,6.1,7.7,5.1,4,8.1,TRUE,7.6,No
3995,34,Male,Single,PhD,Human Resources,HR Manager,3,6368,9,4.3,8.3,2.9,1,Onsite,3.2,10,3.5,7.5,5.5,3,8.2,FALSE,3.3,No
3996,31,Male,Single,Masters,Research & Development,Product Researcher,2,5601,12.5,5.3,9.8,2.4,2,Remote,2.2,5,1,9.5,6.8,4,7.5,TRUE,2.7,No
3997,42,Male,Married,High School,Finance,Financial Analyst,3,5063,12.1,11.1,21.9,0,5,Onsite,2.8,2,3.6,4.8,7.5,2,9.5,FALSE,6.7,No
3998,46,Female,Married,Bachelors,Customer Support,Customer Success Manager,3,4654,11,8.4,18.8,1,3,Hybrid,3.8,6,3.8,7.2,6.2,3,7.8,TRUE,7.3,No
3999,33,Male,Divorced,PhD,Marketing,Marketing Specialist,4,7799,14.8,12,13,1.4,0,Hybrid,4.8,3,5,7.9,6.5,4,7.7,FALSE,7,No
4000,41,Female,Single,Masters,Customer Support,Customer Success Manager,2,3266,15.1,1.1,4.8,0,3,Hybrid,21.4,6,6.3,4.9,3.5,2,7.1,TRUE,4.9,No
4001,38,Female,Single,Masters,Engineering,Software Engineer,3,9204,7.3,8.7,15.8,3.7,2,Hybrid,1.4,6,5.3,3.7,5.8,4,9.4,FALSE,4.4,No
4002,40,Female,Single,Bachelors,Marketing,Content Strategist,3,8322,10.5,5,8.3,3.2,1,Onsite,4.6,7,4.4,6.6,7.3,5,10,FALSE,3.7,No
4003,36,Female,Married,Bachelors,Sales,Sales Manager,2,6345,15.3,7.2,12.3,0.8,1,Hybrid,9.9,15,4.8,7.7,5,4,9.1,FALSE,7.9,No
4004,39,Male,Single,Bachelors,Engineering,Data Engineer,4,9132,9.2,7.4,11.3,3,1,Hybrid,1.5,12,2.5,5.5,6.9,2,7,TRUE,4.3,No
4005,21,Male,Married,Masters,Human Resources,HR Manager,2,3738,12.4,0,1,0,3,Onsite,0.7,2,3.2,6.7,6.6,4,8,TRUE,7,No
4006,40,Female,Married,Bachelors,Engineering,QA Engineer,2,5852,8.9,4.4,13.9,3.1,3,Onsite,10.3,8,4.2,6.1,5.3,2,7.3,FALSE,3.7,No
4007,38,Male,Single,Masters,Customer Support,Support Team Lead,3,4347,6.2,5.7,8.6,2.2,2,Onsite,13.1,6,5.7,5,6.2,3,7,TRUE,7.2,Yes
4008,31,Male,Married,Bachelors,Sales,Account Executive,2,7149,18.1,6.3,11,1.4,5,Hybrid,12.5,17,5.9,5.6,4.8,4,6.9,FALSE,4.8,Yes
4009,52,Female,Married,Bachelors,Engineering,QA Engineer,5,8166,12.9,11.5,15.9,4,0,Onsite,5.7,5,4.2,6.9,9.1,4,10,TRUE,3.7,No
4010,31,Prefer not to say,Single,Masters,Engineering,Software Engineer,1,3383,12,2.5,6.3,0.7,2,Onsite,4.5,4,3.6,5.5,5.8,3,6.6,TRUE,5.9,No
4011,30,Female,Single,High School,Sales,Sales Manager,3,5497,12.7,7.5,10,0.6,5,Hybrid,2.9,18,4.4,5.2,5.7,3,8.7,FALSE,5.8,No
4012,40,Male,Married,Bachelors,Sales,Sales Manager,2,5233,11.5,1.9,5.3,1.9,0,Onsite,4,16,5.1,6.3,6.3,4,9.1,FALSE,5.8,No
4013,39,Female,Single,Bachelors,Engineering,Engineering Manager,4,10281,14.7,11.8,13.4,0.8,1,Hybrid,9.8,8,4.6,8.1,4.6,4,8.5,TRUE,3.8,No
4014,31,Female,Married,High School,Engineering,Software Engineer,3,6724,10.6,4.6,8.2,1.3,0,Remote,4.6,6,1.2,7.9,6.2,4,7.5,TRUE,5,No
4015,50,Female,Single,Masters,Human Resources,HR Business Partner,4,10557,12.6,7.1,12.5,2.1,2,Remote,8.1,7,3.5,5.3,6.9,4,8.1,TRUE,3.4,No
4016,23,Female,Married,Masters,Engineering,Software Engineer,2,5920,12.2,2,3,2,1,Onsite,8.2,4,5,6.3,6,4,9.5,TRUE,4,Yes
4017,55,Male,Married,PhD,Sales,Account Executive,5,12252,5.3,9.1,24.4,1.3,6,Onsite,5.9,15,5.3,6.2,6.1,4,9.1,TRUE,5.5,Yes
4018,45,Female,Married,High School,Operations,Operations Manager,5,7372,8,11.4,21.1,8.4,2,Onsite,2,22,4,5,7.1,4,9.2,TRUE,6.3,No
4019,31,Male,Married,Bachelors,Operations,Operations Manager,2,3662,7.1,10,11,0.1,2,Hybrid,14,25,4.5,6.7,4.1,3,9.3,FALSE,6.4,No
4020,25,Prefer not to say,Divorced,Masters,Human Resources,HR Business Partner,1,2704,12.1,4,5,1.2,2,Hybrid,4.8,5,3.2,4.4,6,2,7.7,FALSE,3.4,No
4021,27,Male,Married,Bachelors,Sales,Sales Development Rep,3,8373,8.7,6,7,1.4,2,Onsite,4.1,24,1.1,7.9,6.9,3,5.6,FALSE,7.1,No
4022,46,Male,Married,Bachelors,Sales,Sales Manager,5,12902,13.5,13.8,18.6,0.5,0,Hybrid,15.8,23,6.8,7.1,6.1,4,10,FALSE,5.3,No
4023,27,Female,Single,Bachelors,Sales,Sales Development Rep,3,5181,11.8,6,7,3.4,2,Hybrid,2.8,31,2.3,8.6,7.7,4,7.8,TRUE,5.5,No
4024,48,Female,Married,Bachelors,Research & Development,Research Scientist,4,9798,15.2,6.6,9.9,0.7,1,Hybrid,5.8,5,1.6,10,6.2,5,8.1,FALSE,3.2,No
4025,28,Prefer not to say,Married,Bachelors,Engineering,Engineering Manager,5,15371,15.2,7,7.6,0.2,0,Hybrid,7.9,6,4.2,8.9,6.2,4,6.5,TRUE,6.2,No
4026,38,Male,Single,Masters,Customer Support,Support Team Lead,4,6968,16.3,10.4,11.1,0,0,Onsite,2.6,5,2.9,6.2,6.1,4,7.1,FALSE,4,No
4027,44,Male,Married,Masters,Sales,Sales Manager,3,7934,14.7,5.9,12.4,0.9,2,Hybrid,13.8,15,6.7,5.3,4.9,4,8.6,TRUE,2.6,No
4028,21,Male,Single,Masters,Customer Support,Support Specialist,2,3649,14.8,0,1,0,2,Onsite,9.3,3,5.5,6.9,6.5,3,6.9,FALSE,10,No
4029,34,Male,Single,Masters,Research & Development,R&D Manager,3,9166,8.1,12.7,14,3,4,Hybrid,6.9,5,3.5,7,6.4,3,7,TRUE,3.5,No
4030,37,Female,Single,Bachelors,Finance,Accountant,3,8525,10.7,2.8,4,2.8,0,Hybrid,2.4,3,3.4,5.9,6.8,4,8.3,FALSE,3.9,No
4031,41,Male,Married,Masters,Customer Support,Support Team Lead,3,5611,11.5,7.6,11.3,1.3,1,Onsite,5.4,3,5.2,4.2,6.8,4,7.8,TRUE,3.5,No
4032,37,Male,Married,Bachelors,Customer Support,Support Team Lead,4,6233,6.7,7.8,12.6,5.5,2,Hybrid,5.6,9,2.8,7.3,6.8,4,7.4,TRUE,6.6,No
4033,24,Male,Single,Bachelors,Sales,Sales Development Rep,1,2548,14.9,3,4,3,2,Hybrid,12.5,22,5.2,5.5,4,4,9.3,TRUE,4.7,No
4034,44,Male,Single,Masters,Engineering,Engineering Manager,4,12363,7.4,10.1,13.3,3.1,2,Remote,4.4,4,3,5.9,6.5,4,10,TRUE,3.9,Yes
4035,39,Female,Single,Bachelors,Research & Development,Product Researcher,1,4412,16.6,4,11.7,0,3,Remote,7.2,12,4.1,5.8,7.1,3,9.6,FALSE,3.5,No
4036,34,Male,Married,Bachelors,Operations,Operations Analyst,1,2874,15.6,0.1,13.2,0.1,5,Onsite,3.3,20,2.8,7,6,4,8.8,FALSE,7.6,No
4037,40,Male,Married,Bachelors,Customer Support,Support Team Lead,4,6059,10,5.2,13,2.4,2,Hybrid,3.7,6,5.2,4.7,7.4,2,7,FALSE,9.1,Yes
4038,28,Female,Married,Bachelors,Engineering,QA Engineer,1,4225,17.4,4.2,8,1.1,2,Hybrid,1.6,10,4.7,4.1,7.8,3,7.1,TRUE,3.3,No
4039,47,Male,Single,Bachelors,Operations,Program Manager,5,9812,13.9,13.4,15.5,1.4,0,Hybrid,0.9,26,2.1,7.1,7.4,4,8.4,TRUE,4.8,No
4040,39,Female,Single,Bachelors,Operations,Program Manager,2,4846,9.1,2.6,11.1,0.8,5,Remote,2.4,15,1.8,5.8,8.5,4,9.5,TRUE,4.1,No
4041,26,Non-binary,Single,Bachelors,Operations,Program Manager,2,3864,8.1,1.9,6,1.8,3,Onsite,3.3,21,2.4,7.7,6.5,4,9.4,TRUE,4.3,No
4042,43,Female,Divorced,Bachelors,Research & Development,R&D Manager,3,9342,11.3,4.7,10.1,4.6,2,Hybrid,7.5,11,4,4.5,5.8,3,9,TRUE,5.2,No
4043,21,Female,Single,Bachelors,Research & Development,R&D Manager,2,6123,14.6,0,1,0,1,Hybrid,0.7,10,3.8,6.9,5,4,8.7,TRUE,6,No
4044,32,Female,Single,PhD,Customer Support,Customer Success Manager,2,3898,18.5,3.6,8.4,3.6,2,Remote,9.9,6,3.9,7.6,5.1,4,7.2,FALSE,5.9,No
4045,37,Male,Single,Bachelors,Sales,Sales Manager,3,6659,14.2,4.7,15.5,2.6,3,Hybrid,4.8,22,3.7,8.7,6.7,4,10,TRUE,6.3,Yes
4046,49,Prefer not to say,Married,Bachelors,Engineering,QA Engineer,5,11247,9.4,11.1,17.9,1.5,2,Hybrid,8.5,5,3.8,7.4,7.7,4,8.3,TRUE,3.4,No
4047,45,Female,Divorced,Masters,Marketing,Growth Manager,4,9454,12.3,11.4,23.1,2.6,4,Onsite,11.3,9,4.2,6,4.5,4,10,TRUE,4,No
4048,35,Male,Single,Bachelors,Engineering,QA Engineer,3,9228,9.9,7.9,15,3.6,3,Hybrid,2.3,3,3.4,5.9,7.4,3,6.1,TRUE,4.8,Yes
4049,27,Male,Married,Bachelors,Finance,Financial Analyst,1,4596,11,6,7,2.3,0,Hybrid,6.7,6,4.7,7.3,6.9,4,10,TRUE,6.8,No
4050,31,Female,Married,Bachelors,Sales,Account Executive,2,6183,12.6,10,11,0.4,6,Onsite,3.5,21,1.5,8.5,6.6,4,8.2,TRUE,5.3,No
4051,31,Female,Single,Masters,Engineering,Data Engineer,1,5842,10.9,5.7,10.6,1.9,2,Onsite,5.3,7,2.4,6.5,6.2,4,8,TRUE,4.3,No
4052,29,Male,Married,Bachelors,Research & Development,Product Researcher,2,5858,8.4,5.5,9,1.6,2,Onsite,4,6,5.3,4,6.8,3,8.3,TRUE,4.6,No
4053,41,Male,Married,Masters,Sales,Sales Manager,4,9971,9.3,14.3,21,1.2,1,Hybrid,5.5,21,4.9,5.6,6.2,2,5.2,TRUE,4.4,No
4054,46,Male,Single,High School,Customer Support,Customer Success Manager,4,7476,10.2,9.9,20.4,2.4,4,Onsite,5.8,1,2.5,8.8,7.8,4,8.7,FALSE,5,No
4055,38,Male,Single,Bachelors,Human Resources,Recruiter,2,4932,10,8.7,11.8,4.1,1,Hybrid,3.6,3,3.3,6.4,4.5,4,7.6,FALSE,2.2,Yes
4056,58,Male,Single,Masters,Sales,Sales Manager,5,11033,11.5,11,19.7,2.4,1,Remote,9,22,3.7,8.8,5.1,4,10,TRUE,1,No
4057,37,Male,Single,Bachelors,Engineering,Engineering Manager,3,8541,11.3,8.6,17,3.4,2,Remote,5,8,3.7,5.4,5,4,6.4,TRUE,4.9,Yes
4058,31,Female,Single,Masters,Operations,Program Manager,3,6925,14,5.4,11,3.1,5,Onsite,11.6,22,5.5,6.9,6.7,3,8.5,FALSE,5.5,No
4059,27,Male,Divorced,Bachelors,Engineering,Engineering Manager,3,7383,13.9,6,7,0.2,2,Remote,5.6,4,4.2,7,6.3,4,9.7,FALSE,3.2,No
4060,21,Male,Married,Bachelors,Research & Development,Product Researcher,1,3688,11.5,0,1,0,3,Onsite,11.5,9,3.5,6.2,5.5,3,8.4,TRUE,3.4,Yes
4061,29,Male,Single,Bachelors,Customer Support,Support Specialist,1,2195,10.6,1.8,9,1.8,2,Hybrid,3.6,4,2.6,7.4,7.7,4,10,FALSE,7.7,No
4062,36,Male,Married,High School,Human Resources,HR Manager,2,4986,12.6,8,11.1,1.9,0,Remote,15.6,7,3.4,8.6,4.4,4,8.7,FALSE,7.4,No
4063,51,Male,Single,PhD,Operations,Operations Manager,5,14445,6.8,13.7,28.7,1.2,5,Hybrid,3.3,17,3.6,7.1,5.3,3,8,FALSE,3.5,No
4064,28,Male,Single,Bachelors,Engineering,Engineering Manager,3,9403,10.1,7,7.1,1.1,0,Hybrid,5.4,8,3.8,4.7,6.2,4,10,TRUE,4.2,No
4065,47,Male,Married,Masters,Marketing,Content Strategist,5,10746,11,8,10.8,1.8,0,Remote,3.1,9,2.2,8.6,7.8,3,6.6,TRUE,7.8,No
4066,37,Male,Married,Bachelors,Operations,Operations Analyst,2,4189,6.4,1.4,7.6,1.4,1,Remote,5.8,23,2.7,7.5,6.9,4,9,FALSE,8.4,Yes
4067,37,Female,Married,Bachelors,Engineering,QA Engineer,4,10198,6.5,10.1,15.8,4.2,1,Onsite,15.6,5,7.5,4.8,3.6,4,7.3,TRUE,2.9,Yes
4068,33,Female,Married,Bachelors,Sales,Account Executive,3,7840,8.9,7.6,10.2,5.7,1,Onsite,2.7,29,4.8,5.4,5.9,3,9.3,TRUE,3.9,No
4069,42,Female,Married,Bachelors,Research & Development,Product Researcher,3,10255,6.8,7.1,11.4,4.4,2,Onsite,7.6,7,5.3,7.1,6,4,9.9,FALSE,5,No
4070,45,Female,Divorced,PhD,Sales,Sales Development Rep,4,12774,9.5,10.5,20,2.2,2,Remote,3.9,14,1,9.1,7.1,4,8.6,FALSE,4.5,No
4071,34,Male,Single,Bachelors,Engineering,Engineering Manager,2,4482,11.6,2.8,6.3,1.2,1,Onsite,4.8,4,3.3,5.4,5.9,4,10,FALSE,5,No
4072,35,Male,Single,Bachelors,Sales,Sales Manager,4,7951,17.1,9,13.8,0.2,0,Remote,13.5,26,4.8,7.2,5.7,4,9.2,TRUE,3.7,No
4073,40,Male,Single,Masters,Engineering,Software Engineer,2,8194,12.2,7.3,15.3,0.8,2,Hybrid,4.1,5,7.5,3.1,6.9,4,8.8,TRUE,5.2,Yes
4074,32,Female,Single,Masters,Engineering,Software Engineer,1,6452,15.4,0,9.7,0,5,Onsite,1.3,6,2.2,8.6,8,4,7.5,TRUE,2.8,No
4075,37,Male,Married,Masters,Research & Development,Product Researcher,3,7945,13.4,9.2,15.1,0.9,2,Onsite,6.8,5,4.9,7.1,5.8,4,6.7,TRUE,3.3,No
4076,45,Female,Married,High School,Sales,Sales Development Rep,5,8749,14.9,7.2,16.7,0.2,3,Onsite,9.6,19,6,5.5,4.5,4,8.6,FALSE,1.6,No
4077,42,Male,Married,Bachelors,Marketing,Growth Manager,4,6997,11.2,12,21.5,2.2,3,Hybrid,3.1,12,2.9,8.2,6.2,4,8.9,TRUE,7.3,Yes
4078,36,Male,Married,Masters,Engineering,Engineering Manager,2,4925,9.5,1.2,15.3,1,6,Onsite,1.3,8,2.7,5.9,6.8,4,9.2,TRUE,7.6,No
4079,45,Male,Single,High School,Sales,Account Executive,3,5611,12.5,9.1,18.3,1.2,4,Onsite,27.4,17,6.1,7.1,3.6,4,8.6,FALSE,6,Yes
4080,21,Male,Married,Bachelors,Engineering,Data Engineer,2,5520,12.9,0,1,0,2,Remote,2.4,4,2.1,10,6.5,4,8.1,TRUE,4.8,No
4081,31,Female,Divorced,Bachelors,Engineering,Engineering Manager,2,5119,13.5,5.1,8.7,3.2,1,Onsite,9.7,6,2.9,7.2,8.3,4,10,TRUE,5.3,No
4082,42,Male,Single,PhD,Human Resources,HR Business Partner,5,11585,15.3,10.1,14.5,0.6,1,Remote,9.8,4,3.7,6.9,6.5,3,6,TRUE,5.9,No
4083,42,Male,Divorced,Bachelors,Customer Support,Support Specialist,2,3387,14.5,7.4,16.1,0,2,Hybrid,7.4,1,3.1,7.5,7,3,9.3,TRUE,3.3,No
4084,35,Male,Single,Bachelors,Engineering,Data Engineer,2,5423,9,2,4.2,2,0,Hybrid,2.5,3,3.1,6.8,6.6,4,8.1,TRUE,4,No
4085,22,Female,Single,Masters,Human Resources,HR Business Partner,1,4241,15.7,1,2,0.9,2,Onsite,1.1,7,2.7,9.5,7,4,10,FALSE,5.5,No
4086,39,Female,Married,Bachelors,Sales,Account Executive,2,4735,11,8.1,13.4,0.4,2,Hybrid,5.6,25,3.7,7.9,6,4,10,TRUE,6,No
4087,42,Non-binary,Married,Bachelors,Finance,Accountant,2,6216,10.4,4.3,10.3,4.3,2,Onsite,8.3,5,4,7.1,4,4,10,FALSE,4.3,No
4088,33,Male,Divorced,PhD,Customer Support,Customer Success Manager,3,6157,15.7,6.1,11.2,3.2,2,Onsite,4.8,5,5.8,4.2,7.4,3,10,TRUE,5.8,No
4089,45,Male,Single,Masters,Engineering,Data Engineer,4,13691,11.6,12.1,21.6,1.4,3,Onsite,3.2,9,6.2,5,6.8,4,6.9,FALSE,5.5,No
4090,41,Female,Single,High School,Finance,Accountant,4,6600,15.4,6.9,13.8,1.8,2,Remote,1.5,4,3.1,5.5,6.1,3,8.2,TRUE,6.2,No
4091,44,Female,Married,Masters,Customer Support,Support Team Lead,2,4319,7.3,6.2,10.5,5.4,1,Remote,4.2,7,2.9,7.8,7.1,4,9.8,TRUE,6.5,No
4092,36,Male,Married,High School,Finance,Finance Manager,3,6044,12.2,2.5,7.2,1,1,Onsite,2.7,6,2,8.1,8.2,5,6.5,TRUE,1.3,No
4093,34,Female,Married,High School,Sales,Sales Manager,2,5701,11.9,10,13.8,3.9,1,Remote,8.5,23,1.8,6.2,6.7,4,9.3,TRUE,3.4,No
4094,35,Male,Married,Masters,Engineering,Software Engineer,2,6108,11.2,7,11.7,1.5,1,Remote,1.9,4,1.6,7.5,7,4,7.8,TRUE,4.2,No
4095,42,Male,Married,Bachelors,Human Resources,HR Business Partner,4,7918,14,11.5,15.9,0.3,2,Hybrid,23.4,4,6.5,6,3.1,3,9.4,TRUE,2.8,No
4096,59,Male,Divorced,PhD,Marketing,Growth Manager,5,13055,9.6,10.3,14.6,1.3,1,Onsite,4.2,10,2.1,8.4,8.2,4,7.3,TRUE,2.7,No
4097,32,Female,Single,Masters,Sales,Sales Manager,2,5370,8.5,3,8.5,1.1,1,Hybrid,10.8,18,5.3,5.7,4.8,3,7.5,TRUE,3.2,No
4098,33,Female,Single,Bachelors,Sales,Sales Development Rep,2,5259,8,8,13,2.6,3,Hybrid,9,21,4.5,5.7,4.4,3,5.6,TRUE,2.8,Yes
4099,28,Female,Married,Bachelors,Engineering,Data Engineer,1,4847,12.6,1.8,8,0.3,2,Remote,5.9,3,5.7,6.6,7.3,4,10,FALSE,3.6,No
4100,50,Female,Divorced,Masters,Sales,Sales Manager,5,10712,12.8,7.6,10.7,3.6,3,Hybrid,4.6,19,5.7,4.9,5.4,4,10,FALSE,6.1,No
4101,31,Female,Single,Bachelors,Human Resources,HR Business Partner,1,2917,11,1.8,7.1,0.8,2,Onsite,22.6,7,7.6,5.5,4.9,2,7.1,TRUE,5.2,Yes
4102,33,Male,Single,Masters,Research & Development,Product Researcher,2,8631,14.4,5.8,11,1.5,1,Hybrid,6.1,7,3.1,8.2,6.4,5,10,TRUE,1,No
4103,37,Female,Single,Masters,Customer Support,Customer Success Manager,4,6186,6.8,7.3,11.9,0.9,2,Hybrid,9.7,6,5.4,3.5,4.4,3,8.8,FALSE,6.3,Yes
4104,29,Female,Married,Masters,Sales,Sales Manager,2,5762,12.4,6.1,9,5.7,3,Remote,4.4,27,3.3,5.1,5.5,4,9.4,FALSE,5.5,No
4105,30,Male,Single,Bachelors,Customer Support,Support Team Lead,2,4844,8.7,6.3,10,3.9,1,Hybrid,3.3,7,2,9,6.6,4,7.2,FALSE,8.5,No
4106,30,Female,Single,Bachelors,Sales,Sales Manager,4,8135,10.5,9,10,0.3,1,Onsite,6.9,16,3.6,6.6,6.6,3,9,TRUE,4.9,No
4107,44,Male,Single,Bachelors,Sales,Account Executive,3,6168,14.8,8.1,16,1.5,1,Onsite,4.1,22,1.2,7.7,7.6,4,7.7,FALSE,6.6,No
4108,40,Male,Single,Masters,Marketing,Marketing Specialist,2,4423,12.2,2.4,7.8,1.9,3,Hybrid,2.7,5,4.9,7.2,5.7,4,7.2,FALSE,9.1,Yes
4109,48,Female,Married,Bachelors,Sales,Sales Manager,5,10309,10.4,8.9,14.4,2.9,2,Onsite,14.8,22,5.8,6.9,5.4,3,5.9,TRUE,4.2,No
4110,33,Male,Divorced,Bachelors,Sales,Sales Manager,4,8837,9.3,12,13,4.6,4,Hybrid,13.3,22,4,8.1,4.9,4,8.6,TRUE,4,No
4111,46,Male,Single,Bachelors,Customer Support,Support Specialist,5,11379,8.8,11,17.4,2.3,2,Onsite,4.9,5,4.3,5.1,4.8,3,8.9,TRUE,5.8,No
4112,50,Male,Married,Masters,Human Resources,HR Business Partner,3,6300,6.1,4.3,10.6,4.3,0,Remote,8.7,5,4.1,6.9,5.8,4,7.1,TRUE,6.1,Yes
4113,21,Female,Single,Bachelors,Research & Development,Product Researcher,1,3929,14.7,0,1,0,0,Remote,4.9,5,2.1,7.3,7.2,4,7.6,FALSE,1.8,No
4114,34,Female,Single,PhD,Finance,Financial Analyst,4,9067,9.3,7.7,14,1.3,1,Onsite,11,5,5.1,6.4,5.5,3,8.2,TRUE,5.5,No
4115,44,Male,Married,Masters,Research & Development,Product Researcher,4,10724,14.6,9.6,16.8,0,2,Onsite,7.1,6,4.2,6.8,4.3,3,6.8,TRUE,3.9,No
4116,27,Female,Married,Bachelors,Marketing,Content Strategist,2,5543,13.7,3.3,7,1.3,2,Onsite,19.2,6,7,5.8,4.5,4,7.4,FALSE,1.8,No
4117,32,Female,Single,Bachelors,Human Resources,HR Manager,3,6629,13,9.3,12,1.6,5,Onsite,7,6,5.2,4.4,5.6,3,7.5,FALSE,3.6,No
4118,42,Female,Divorced,Bachelors,Research & Development,Product Researcher,3,7268,11.2,8.6,15.4,0.8,1,Hybrid,9.8,5,4.6,7,7.7,3,9.4,TRUE,3.4,No
4119,35,Female,Single,Masters,Customer Support,Support Specialist,1,2673,13,7.5,15,0.7,2,Hybrid,9.3,2,6.8,3.6,4.4,3,8.9,FALSE,6.5,Yes
4120,40,Prefer not to say,Married,Bachelors,Sales,Sales Development Rep,3,8038,13.4,10.3,12.9,0.2,1,Onsite,12.6,22,6.2,6.3,4.9,4,7.6,FALSE,6.1,No
4121,38,Female,Single,Bachelors,Sales,Sales Manager,4,7417,11.2,7.7,13.8,2.3,2,Hybrid,7.8,25,5.3,6.5,6.5,4,8.2,TRUE,4.8,No
4122,28,Prefer not to say,Married,Bachelors,Operations,Operations Analyst,1,3341,5.8,7,8,2.3,0,Onsite,11,29,5.3,5.2,5,4,9.9,TRUE,6.4,Yes
4123,34,Female,Single,Masters,Human Resources,HR Business Partner,2,6093,13.3,2.4,10,1.5,2,Hybrid,10.4,4,4.6,6.4,6,4,6.8,FALSE,7.6,No
4124,33,Female,Single,Masters,Engineering,Engineering Manager,3,7447,18.4,8.6,13,0.9,5,Hybrid,10.9,14,4.1,8,6.5,4,10,FALSE,2.7,No
4125,30,Female,Married,Masters,Research & Development,R&D Manager,2,7275,7.3,5.6,10,0.1,3,Hybrid,6.8,5,2.5,6,5.8,3,9.3,TRUE,3.4,No
4126,37,Male,Married,Bachelors,Marketing,Marketing Specialist,4,7415,11.8,10.4,13.2,1.4,1,Hybrid,5.2,4,3.8,9.3,5.5,4,9.7,TRUE,6.1,No
4127,36,Male,Married,Bachelors,Engineering,QA Engineer,2,4824,4.5,9.7,13.5,3.2,1,Remote,7.9,2,3,5.4,6.3,3,6.8,TRUE,3.6,No
4128,27,Female,Married,Bachelors,Operations,Operations Analyst,2,3993,16.2,6,7,2.3,1,Hybrid,8.8,27,5.3,5.6,5.4,4,8.2,FALSE,4.3,No
4129,49,Female,Single,Masters,Customer Support,Support Specialist,5,10078,9.4,15.6,19.3,0.9,0,Onsite,10.5,5,6.4,8.4,6.1,3,7.6,TRUE,5.1,No
4130,28,Male,Single,Bachelors,Sales,Sales Development Rep,3,5877,16.9,7,8,0.4,0,Hybrid,9.1,28,4.1,5.5,5.2,3,7.2,FALSE,4.8,No
4131,48,Male,Married,Masters,Operations,Operations Manager,5,9876,11.1,10.7,17.1,2.8,2,Hybrid,2.5,16,1,8.4,7.2,4,7.9,FALSE,4.8,No
4132,44,Female,Single,Bachelors,Engineering,Software Engineer,3,7155,7.1,6.5,9.8,1.5,1,Hybrid,9.7,3,2.6,7.8,6.2,4,9.6,TRUE,4.4,No
4133,39,Male,Divorced,Bachelors,Customer Support,Customer Success Manager,4,5491,7.6,11.5,19,3.1,7,Hybrid,4.3,4,2.7,6.1,7.5,3,7.4,FALSE,4.8,No
4134,41,Male,Divorced,Masters,Marketing,Growth Manager,4,8054,11.4,5.3,10.7,2.1,2,Onsite,2.3,5,3.7,7.3,6.4,4,10,FALSE,6.5,No
4135,35,Male,Divorced,Bachelors,Sales,Sales Manager,3,7091,12.8,9.4,15,0.9,2,Hybrid,11.6,17,6.6,5.6,4.3,3,8.1,TRUE,5.3,No
4136,32,Female,Married,Bachelors,Engineering,Data Engineer,3,8129,12.4,9,12,0.4,1,Hybrid,11.5,4,3.9,9.9,5.1,3,6.1,TRUE,1.3,No
4137,33,Female,Married,High School,Sales,Account Executive,3,4340,12.9,3.3,10,0.7,1,Onsite,4.1,24,6,5.8,6.5,4,8.1,TRUE,4.8,No
4138,41,Male,Married,Bachelors,Engineering,Data Engineer,4,8586,11.7,6.8,11.8,1.9,2,Hybrid,3.1,6,3.2,6.1,7.7,4,9,FALSE,5.2,No
4139,31,Female,Single,Bachelors,Sales,Account Executive,1,3931,16.6,3.1,7.2,0.3,1,Hybrid,7.5,26,5.6,3.6,6.6,3,7.3,TRUE,7.3,No
4140,32,Female,Single,High School,Human Resources,HR Business Partner,2,3660,20.7,1.5,8.3,0.2,1,Onsite,8.7,2,5.3,5.9,6.1,3,8.4,TRUE,4.7,No
4141,41,Male,Divorced,Bachelors,Operations,Operations Manager,5,11468,9.6,12.8,19.9,2.6,2,Onsite,0.9,17,3.8,5.9,7.3,4,10,TRUE,6.9,No
4142,33,Female,Married,Masters,Sales,Sales Manager,3,7001,12.9,5.1,12.4,1,2,Onsite,7.8,22,3.7,8.8,7.1,3,7.7,TRUE,4.7,No
4143,33,Male,Married,Bachelors,Finance,Accountant,1,3915,10.1,4.1,6.6,2.2,1,Onsite,4.2,7,4.5,4.5,4.8,4,8.8,TRUE,3.4,No
4144,31,Male,Single,Bachelors,Marketing,Growth Manager,3,7247,17.6,9.3,11,0.9,1,Onsite,5.2,8,3.8,8.2,6.3,4,8.9,FALSE,8,No
4145,44,Male,Single,Masters,Operations,Operations Analyst,5,9611,3.8,9.8,15.1,9.1,2,Hybrid,8.7,15,5.9,4.5,5.9,3,6.2,TRUE,4.2,Yes
4146,21,Female,Single,Masters,Finance,Financial Analyst,1,3744,11.1,0,1,0,2,Remote,4.7,7,4,5.5,7.1,3,7.4,FALSE,4.9,Yes
4147,41,Female,Married,Bachelors,Sales,Sales Development Rep,3,5644,8.4,2.8,10.4,2.5,1,Hybrid,4.7,17,4,7.4,7.3,3,7.6,FALSE,6.5,Yes
4148,56,Female,Single,PhD,Finance,Finance Manager,5,11183,9.7,9.2,14.1,0.3,1,Hybrid,8.9,7,5.3,5.3,6.3,3,8.5,FALSE,4.2,No
4149,37,Male,Divorced,Bachelors,Sales,Sales Manager,3,6884,10.9,9.4,16.3,1.2,3,Hybrid,4.8,22,1.7,7,7.1,4,7.9,TRUE,5.3,No
4150,41,Male,Single,Bachelors,Customer Support,Customer Success Manager,3,5402,8.7,4.5,12.7,2.5,1,Onsite,8,3,6.7,3.8,4.7,4,7.7,TRUE,7.5,No
4151,30,Male,Married,Masters,Customer Support,Customer Success Manager,3,5261,9.9,5.1,8.2,1.1,0,Onsite,3.7,5,4.3,4.7,6.2,2,6.7,FALSE,3.4,No
4152,33,Female,Married,Bachelors,Engineering,Software Engineer,4,7475,10.9,11,13,1.8,5,Hybrid,8.5,9,4.1,5.8,7.3,3,8.7,TRUE,4.2,No
4153,43,Female,Divorced,Masters,Operations,Operations Analyst,1,2902,5.8,4.8,11.1,3.4,2,Hybrid,6.6,17,7.3,3.2,5.9,4,10,FALSE,7.1,No
4154,43,Female,Married,High School,Engineering,Engineering Manager,4,9397,3.7,9,18.9,2.7,3,Onsite,8,4,6.5,4.1,4.2,4,7.4,FALSE,4.3,Yes
4155,23,Female,Single,Masters,Finance,Accountant,1,3543,15.4,2,3,1.7,1,Remote,10.5,8,1.9,9.6,6.2,5,8.5,TRUE,2.4,No
4156,29,Female,Married,High School,Research & Development,Product Researcher,3,7352,11.3,7.2,9,2.7,0,Hybrid,7.9,8,5.9,5.6,5.7,4,9.1,TRUE,1.6,No
4157,48,Female,Married,Masters,Operations,Operations Manager,4,6940,7.8,9.9,16.8,1.4,2,Onsite,13.2,22,6,4.1,4.8,3,7.3,TRUE,4,No
4158,21,Female,Single,Bachelors,Marketing,Marketing Specialist,1,3290,9.9,0,1,0,1,Hybrid,3.8,4,5.1,5.9,6.5,4,8.6,TRUE,4.6,No
4159,31,Male,Divorced,Bachelors,Sales,Sales Development Rep,1,2820,11.7,6.6,9,1.3,0,Hybrid,4.8,23,3.4,6.2,5.6,3,9.5,TRUE,3.9,No
4160,37,Male,Married,Bachelors,Research & Development,Product Researcher,2,8774,11.4,9.8,14.9,1.3,2,Onsite,1.3,8,5.1,6.2,6.6,4,8.1,TRUE,3.8,No
4161,30,Female,Married,High School,Sales,Sales Development Rep,1,3628,14.8,3.8,9.9,2.8,2,Onsite,10.6,27,3.9,6.7,5,4,8.7,FALSE,3.6,No
4162,22,Male,Married,Masters,Sales,Sales Manager,4,7477,10,1,2,1,1,Hybrid,4.8,28,6,6.4,6.4,3,8.7,FALSE,8.8,No
4163,32,Female,Married,Bachelors,Marketing,Content Strategist,1,3577,10.9,6.4,12,2.9,2,Onsite,2.7,9,3.8,6.2,6.5,3,10,FALSE,5.6,No
4164,35,Male,Married,Bachelors,Operations,Operations Analyst,2,4356,13.1,7.1,12.2,1.5,0,Hybrid,3.8,22,3.8,7.8,6.4,3,10,FALSE,5.6,No
4165,35,Female,Single,PhD,Engineering,Data Engineer,2,6790,15.1,1.8,6.3,1.1,0,Hybrid,1.9,10,2,7.6,7.7,4,10,TRUE,3.5,No
4166,29,Male,Divorced,Bachelors,Engineering,Data Engineer,2,4620,17.2,5.8,9,1.8,1,Hybrid,11.9,5,4.3,8.1,4.7,4,8.9,TRUE,3.8,No
4167,33,Female,Divorced,Bachelors,Human Resources,HR Manager,3,7644,13.5,6.4,8.5,0.3,1,Onsite,6.5,8,4.1,5.4,3.8,3,6.7,FALSE,2.6,Yes
4168,52,Female,Married,Bachelors,Engineering,QA Engineer,3,7791,9.3,7.7,15,1.6,2,Hybrid,3.9,7,4,7,5.4,4,10,TRUE,2.4,No
4169,31,Female,Single,Bachelors,Marketing,Marketing Specialist,2,6628,12.1,1.3,3.5,1.3,1,Onsite,1,3,4.6,7.5,5,5,7.9,FALSE,9.4,No
4170,34,Female,Married,Bachelors,Finance,Financial Analyst,2,4513,4.4,10.3,14,4.1,1,Hybrid,13.3,6,6.2,6.5,3.7,3,6.6,TRUE,4.5,Yes
4171,41,Male,Divorced,Bachelors,Engineering,Software Engineer,2,6099,12,5.3,7.9,3.6,1,Onsite,8.7,6,5.7,2.9,4.3,2,6.6,FALSE,5.6,No
4172,22,Male,Married,High School,Engineering,Engineering Manager,2,5148,6.8,1,2,1,2,Onsite,2.9,7,2.8,6.6,6.1,4,9.9,TRUE,4.3,No
4173,35,Female,Divorced,Bachelors,Finance,Financial Analyst,3,5715,12.7,10.1,14.7,5.4,2,Remote,9.7,9,5.5,2.2,6.9,3,8.4,FALSE,5.7,No
4174,31,Prefer not to say,Single,Bachelors,Sales,Account Executive,1,3767,12.8,2,9.4,1.8,2,Hybrid,5.8,17,3.4,8.2,5.9,3,8,TRUE,3.8,No
4175,37,Prefer not to say,Married,Masters,Sales,Sales Development Rep,2,5745,13.5,4,5.5,3.8,2,Hybrid,11.7,17,4.2,6.9,6.7,4,9,FALSE,6.4,No
4176,32,Female,Single,Bachelors,Research & Development,Research Scientist,1,3423,19.2,2.6,5.1,0.5,0,Onsite,5.9,9,5.8,7.4,4.9,4,8.2,TRUE,4.1,No
4177,36,Male,Single,Bachelors,Finance,Accountant,2,4242,14.5,1.5,0.5,0,0,Onsite,13.1,2,5.5,6.4,3.2,4,9.6,TRUE,5.1,No
4178,34,Prefer not to say,Single,Bachelors,Engineering,Engineering Manager,3,8831,8.1,10.8,14,3.4,2,Onsite,5.4,6,4.2,5.9,6.6,3,8.7,TRUE,1.7,No
4179,44,Female,Single,Masters,Engineering,QA Engineer,3,8439,18.2,4.7,8,3.5,1,Hybrid,12.5,1,7,5.9,4.1,3,8.1,TRUE,3,No
4180,44,Male,Married,Bachelors,Finance,Financial Analyst,3,6693,12.5,5.1,9.9,2.2,1,Hybrid,0.7,7,1.5,8.3,7.6,3,7.4,FALSE,4.5,No
4181,37,Male,Married,Masters,Human Resources,HR Manager,4,7886,9.1,11.5,17,1.6,1,Remote,2.9,6,1.9,6.8,7.1,4,8.6,FALSE,2.8,No
4182,45,Male,Single,High School,Engineering,Engineering Manager,4,9103,9.6,5.6,14.5,2.5,2,Hybrid,4.8,2,4.7,8,7.4,4,8.6,TRUE,6.8,No
4183,45,Female,Married,Bachelors,Engineering,Data Engineer,3,6516,17.8,9,16.7,0.3,2,Onsite,1,5,1.1,7.6,7.7,4,7.2,TRUE,4.5,No
4184,39,Male,Married,Masters,Sales,Sales Development Rep,3,6270,14.5,6.3,15.3,0.7,3,Onsite,6,21,3.4,8.1,6.6,3,8.9,TRUE,3.7,Yes
4185,39,Male,Divorced,Bachelors,Customer Support,Support Team Lead,3,5045,10.9,6.4,14.5,0.5,2,Remote,5.3,8,1.2,9.4,6.8,4,7.7,TRUE,6.1,No
4186,33,Female,Single,PhD,Customer Support,Support Team Lead,4,5080,7.7,9.9,13,5.1,4,Remote,11.1,7,6,5.2,4.8,3,7.1,TRUE,7.5,Yes
4187,60,Male,Married,Masters,Customer Support,Support Team Lead,5,8602,10.6,12.2,17.7,3.6,1,Hybrid,23,8,9.3,2.5,3,3,7.9,FALSE,6.5,No
4188,47,Male,Single,Bachelors,Operations,Program Manager,5,7689,8.8,8.9,12.4,3,1,Remote,5.5,13,5,5.9,4.8,3,9.2,FALSE,4.9,Yes
4189,36,Female,Single,High School,Customer Support,Customer Success Manager,3,5833,6.7,10.4,16,2.8,3,Onsite,4.6,3,3.8,6.2,5.7,3,6.7,TRUE,3.9,No
4190,40,Female,Single,Bachelors,Research & Development,R&D Manager,2,6073,14.8,2.9,12.9,0.6,3,Hybrid,0.8,5,3.6,6.7,6.6,3,8.4,FALSE,2.4,No
4191,43,Female,Single,High School,Customer Support,Support Team Lead,4,4991,12.6,7.1,13.5,0.9,2,Hybrid,8.7,4,6.3,5,3,2,7.7,FALSE,4.9,No
4192,47,Male,Single,Masters,Engineering,Engineering Manager,4,12673,8.3,9.1,15.2,0.4,2,Onsite,6.5,3,4.5,7.1,5.9,4,7.8,TRUE,1,No
4193,46,Male,Married,Masters,Engineering,Software Engineer,4,9858,7.4,11.5,15.7,3.8,1,Onsite,7.9,5,3.1,7.4,6,3,8.8,TRUE,1.2,No
4194,36,Female,Married,Bachelors,Customer Support,Support Team Lead,3,5669,16.6,7.3,15.1,1,3,Onsite,8.2,8,5.3,6,5.3,3,9.2,FALSE,5.2,No
4195,38,Female,Divorced,Bachelors,Research & Development,R&D Manager,3,10580,11.6,8.6,15.7,5.6,1,Remote,1.9,8,4.2,6.5,8.6,2,7,FALSE,2,No
4196,39,Male,Single,Bachelors,Sales,Sales Manager,4,7791,6.1,3.8,10,2.3,1,Onsite,5,23,5.1,6.8,6.4,4,9,FALSE,5.9,No
4197,45,Female,Single,Bachelors,Finance,Finance Manager,5,9350,11.5,15.6,25,1.5,2,Hybrid,6,3,1.8,8.4,6,3,7.5,FALSE,3.6,No
4198,49,Female,Single,Masters,Engineering,Engineering Manager,5,21609,7.6,12.8,27.9,1,4,Hybrid,11.3,8,6.7,6.2,5.4,3,7.3,TRUE,2.9,Yes
4199,27,Female,Married,Masters,Finance,Financial Analyst,1,4623,11.6,4.6,7,2.8,2,Remote,6.7,3,2.5,5.1,4.9,4,7.2,TRUE,4.2,No
4200,38,Female,Single,High School,Engineering,Engineering Manager,3,6466,7.5,7.3,17.1,2.2,2,Hybrid,13,2,4.6,7,6.3,4,6.6,TRUE,4.7,No
4201,36,Male,Single,High School,Engineering,Engineering Manager,2,4650,12.3,0,6.4,0,3,Hybrid,4.6,7,3.6,4,6.7,3,6.7,TRUE,1,Yes
4202,44,Male,Married,Bachelors,Customer Support,Support Team Lead,2,4806,2.2,4.1,19.5,3.1,6,Onsite,6.9,5,3.4,5,6,4,8.9,FALSE,4.7,No
4203,39,Male,Married,Bachelors,Finance,Accountant,4,11575,11.9,11.2,17.3,1.9,2,Hybrid,4.5,2,6.3,4.2,5.6,4,9.3,FALSE,6.3,Yes
4204,28,Female,Married,Bachelors,Operations,Operations Analyst,1,3152,5.4,5.2,8,3.9,3,Hybrid,1.9,30,3.1,6.4,7.4,3,8.3,TRUE,6,Yes
4205,36,Female,Married,Bachelors,Sales,Account Executive,1,4185,8.1,3.3,9.4,1.1,2,Hybrid,4.1,33,2.3,8.3,7.4,4,7,FALSE,3.8,No
4206,39,Female,Divorced,Bachelors,Customer Support,Support Specialist,5,6540,17.9,15.1,19,1.8,3,Hybrid,9.1,5,4.5,6.3,5.3,4,9.3,FALSE,9.2,Yes
4207,39,Female,Single,Masters,Sales,Sales Development Rep,4,9442,12.5,12.7,16.3,3.2,2,Hybrid,10.3,23,5.3,6,3.2,4,9.9,TRUE,3,No
4208,39,Male,Married,Bachelors,Engineering,Data Engineer,4,10183,12.6,11.5,14.7,2.1,1,Onsite,17.5,4,4.1,8,4.5,4,9.1,FALSE,4.3,No
4209,26,Male,Married,Bachelors,Engineering,Software Engineer,3,6429,7,5,6,0.6,1,Hybrid,2.6,9,3.9,5.5,5.8,4,8.5,TRUE,4,No
4210,33,Female,Single,Masters,Engineering,Software Engineer,2,6351,12.8,3.9,9.4,0.2,2,Onsite,1.8,6,4,5.6,7.9,3,8,FALSE,3.6,No
4211,33,Female,Married,Masters,Operations,Operations Manager,2,4149,4.8,9,13,6.6,5,Hybrid,7.6,18,6.4,1.6,5,2,6.1,FALSE,4.4,No
4212,59,Male,Single,PhD,Research & Development,Product Researcher,4,7246,11.3,12.8,17.3,2.2,2,Onsite,0.9,3,2.6,6,7.5,4,9.6,TRUE,3.1,No
4213,36,Male,Single,Bachelors,Marketing,Growth Manager,2,4829,15.6,6.3,11.4,1.3,1,Hybrid,1.9,5,3.3,7.2,7.3,4,9,TRUE,7.5,No
4214,46,Male,Married,Bachelors,Engineering,Software Engineer,3,8942,11.9,5.8,10.6,0.4,0,Remote,8.5,13,4,3.7,6.7,3,9.3,TRUE,2.1,No
4215,41,Prefer not to say,Single,Bachelors,Engineering,Engineering Manager,5,9892,8,6.4,16.9,1.8,3,Hybrid,3.3,6,3.5,4.2,6.1,4,10,FALSE,5.4,No
4216,36,Female,Single,Masters,Operations,Program Manager,3,7289,15.6,9.5,14,1.6,1,Hybrid,2.1,26,3.5,8.1,5.3,4,7.6,FALSE,5.5,No
4217,35,Female,Married,Bachelors,Engineering,Software Engineer,2,5902,7.2,6.2,13,5.8,4,Remote,3.5,5,3.7,5.7,5.7,3,6.5,TRUE,6.1,No
4218,40,Male,Single,PhD,Operations,Operations Analyst,4,11367,12.1,11.8,17.5,5.1,1,Hybrid,18.3,30,5.1,9,4.9,3,7.2,TRUE,4.1,No
4219,48,Prefer not to say,Single,Bachelors,Engineering,Software Engineer,5,13402,12.9,9.6,19.8,0.1,4,Onsite,4.1,8,3,7.3,6.5,4,9.1,TRUE,2.3,No
4220,37,Male,Married,Bachelors,Operations,Program Manager,2,3565,12.1,0,5.2,0,2,Onsite,6.1,22,5,5.9,5.3,4,10,FALSE,5.5,No
4221,33,Male,Married,Masters,Finance,Financial Analyst,1,5559,9.5,5.5,13,0.4,2,Hybrid,5.6,6,2.6,5.5,7.1,4,6.5,FALSE,8.4,No
4222,43,Male,Married,High School,Marketing,Marketing Specialist,5,7663,13.4,9.8,10,2.3,0,Hybrid,4.5,5,2.6,8,4.6,4,10,FALSE,3.6,No
4223,49,Male,Single,High School,Engineering,Engineering Manager,4,7394,12.6,9.9,15.2,2,1,Remote,4.7,8,1,9.9,6.1,5,8.4,TRUE,3.9,No
4224,21,Female,Married,Masters,Finance,Accountant,1,3352,10.1,0,1,0,2,Onsite,7.9,8,6.3,6,4.9,3,6.1,TRUE,7.8,No
4225,30,Female,Single,Bachelors,Operations,Operations Analyst,2,4043,10.5,6.4,10,0.3,2,Hybrid,4.4,25,4.8,5.7,6.7,4,6.8,TRUE,6.6,No
4226,44,Male,Single,Bachelors,Engineering,Software Engineer,4,10356,6.9,11.4,15.3,2.6,1,Hybrid,7.2,5,4.6,8,5.1,4,10,TRUE,3,No
4227,28,Female,Single,Bachelors,Sales,Account Executive,1,3401,5.3,5.1,8,2.9,2,Onsite,4.4,24,2.4,8.5,6.5,5,10,FALSE,7.4,No
4228,37,Female,Single,Masters,Operations,Operations Manager,3,5996,13.1,8,13.3,0.6,0,Onsite,13.1,25,7.5,6.7,4.8,3,8.2,FALSE,3.3,No
4229,34,Male,Single,Bachelors,Engineering,Data Engineer,2,5616,9.9,6.9,13.1,1.8,0,Hybrid,4.2,9,2.9,9.6,5.6,3,6.8,TRUE,1.7,No
4230,33,Female,Married,Bachelors,Operations,Program Manager,3,6962,10.2,9.5,13,0.3,1,Remote,2.5,23,4.3,4.8,6.1,4,7.9,FALSE,4.5,No
4231,31,Prefer not to say,Married,Masters,Sales,Sales Development Rep,2,4576,11.9,8.6,11,1,2,Hybrid,7.5,22,4.4,4.5,6.1,4,10,FALSE,3,No
4232,39,Female,Married,Bachelors,Operations,Operations Analyst,2,5347,10.5,4.1,11.4,4.1,2,Remote,0.6,25,3.5,7.3,7.7,3,6.6,FALSE,4.6,No
4233,39,Female,Married,Bachelors,Research & Development,R&D Manager,4,12328,13,10.2,17.4,1.2,5,Hybrid,1,4,3.4,7,6.8,4,8.4,TRUE,7,No
4234,46,Female,Single,Bachelors,Engineering,Data Engineer,5,13901,11.2,14.8,17.7,2,0,Onsite,3.2,6,4.5,5.5,5.9,4,7.2,TRUE,4.5,No
4235,40,Male,Single,Bachelors,Research & Development,Product Researcher,2,7589,10.7,7.1,13.5,1.3,0,Onsite,10.4,5,1.6,8,5.8,4,8.5,TRUE,1.7,No
4236,39,Male,Married,Masters,Customer Support,Support Specialist,1,3442,14.1,6.6,14.9,1.9,3,Remote,8.9,4,2.4,6,6.9,3,7.5,FALSE,5,No
4237,33,Male,Divorced,Bachelors,Marketing,Marketing Specialist,2,5279,9.7,6.7,8.1,3.6,0,Hybrid,9.5,4,5.1,4.9,7.8,4,9.4,TRUE,6.6,No
4238,44,Female,Divorced,Bachelors,Engineering,QA Engineer,2,6732,9.2,6.5,12.5,1.9,1,Hybrid,15,7,4.7,7.6,4.8,3,8.7,TRUE,4.1,No
4239,37,Female,Single,PhD,Customer Support,Support Specialist,1,3164,12.4,3.3,11.8,1.4,2,Onsite,3.1,5,2.5,8.6,6,3,7.2,TRUE,6.9,No
4240,27,Male,Married,Masters,Finance,Financial Analyst,1,4396,11.2,3,5.1,3,0,Remote,9.9,5,5.1,6.7,6.8,4,7.1,FALSE,5.2,No
4241,36,Female,Single,Bachelors,Sales,Account Executive,2,4166,13.8,10.9,16,1.1,3,Hybrid,9.8,13,4.5,8,7.5,4,7.2,FALSE,6.3,No
4242,36,Male,Married,High School,Engineering,Engineering Manager,3,8174,11.4,7.2,10.7,2.3,0,Remote,9.8,9,3.4,8.9,5.4,4,10,FALSE,5.5,No
4243,21,Female,Single,Bachelors,Sales,Sales Development Rep,1,3126,14.6,0,1,0,0,Remote,8,25,3.6,4.6,7.2,4,9.9,TRUE,6,Yes
4244,50,Female,Single,PhD,Engineering,Software Engineer,3,12161,15.6,7.4,16.7,1.3,2,Onsite,0.9,7,4.3,7.9,6.1,4,10,TRUE,7.5,No
4245,45,Male,Single,Bachelors,Marketing,Marketing Specialist,3,6879,15.3,4.5,9.9,2.5,2,Remote,5.9,8,2.8,7.7,5.3,4,8.2,TRUE,5.3,No
4246,34,Female,Married,Bachelors,Engineering,QA Engineer,1,3421,6.8,3.4,7.8,3.4,1,Onsite,25.8,4,6.5,3.9,2.7,4,6.7,TRUE,4.1,Yes
4247,46,Male,Married,High School,Operations,Operations Manager,5,8984,12.9,15.3,21.7,0.8,2,Onsite,3.4,29,3.7,6.5,5.2,4,7,FALSE,2.7,No
4248,44,Male,Married,Masters,Finance,Accountant,2,7168,17.4,7.9,14.4,1.9,1,Hybrid,7.9,7,2.5,8.1,7.5,4,7.3,FALSE,5.1,Yes
4249,43,Female,Single,Bachelors,Engineering,QA Engineer,2,6680,11.7,1.6,6.8,1.3,1,Onsite,7.1,5,3.7,8.2,8.1,4,8.3,FALSE,5.3,No
4250,31,Male,Married,Masters,Finance,Financial Analyst,2,4808,14.6,0.5,6.5,0.5,2,Onsite,2,6,3.6,7.2,7.3,4,7.5,FALSE,8.6,No
4251,25,Male,Married,Masters,Engineering,Software Engineer,1,5291,8,3.1,5,0.4,3,Hybrid,16.7,11,8.1,4.8,3.1,3,7.9,TRUE,2.3,No
4252,37,Female,Married,Masters,Engineering,Engineering Manager,3,9352,6.5,6.1,17,5.7,3,Onsite,7,2,2.5,7.6,6.5,4,9.4,FALSE,7.4,No
4253,37,Female,Single,Masters,Sales,Sales Manager,3,5657,13.1,2.2,5.3,1.6,0,Hybrid,4.6,17,1.6,9.7,6.3,4,8.2,TRUE,7,No
4254,27,Female,Married,Masters,Engineering,Software Engineer,2,5885,13.7,1.5,4.5,1.5,0,Hybrid,7.7,6,4.2,6.3,6.4,3,9.3,TRUE,3.7,No
4255,35,Male,Married,Masters,Marketing,Growth Manager,2,6977,10.6,1.4,4.3,1.4,1,Onsite,5.1,6,4.7,6.7,6,3,8,TRUE,5.9,No
4256,32,Male,Married,Masters,Human Resources,HR Manager,2,5634,11.1,2.3,9.5,1.7,2,Hybrid,1.8,5,4.6,5.6,7.4,4,8.7,FALSE,4.8,No
4257,41,Female,Single,Bachelors,Marketing,Growth Manager,3,6509,11,9.5,18.2,4.2,2,Hybrid,4.7,6,4.3,7.5,5.5,4,10,FALSE,6.8,No
4258,32,Male,Single,PhD,Human Resources,Recruiter,3,6634,8.8,4.7,11.2,0.9,2,Hybrid,2.7,2,3,9.2,6.9,4,8.7,TRUE,5.6,No
4259,35,Female,Married,Bachelors,Customer Support,Customer Success Manager,4,6360,11.2,7.2,14.6,4.4,4,Hybrid,10.7,6,3.8,5.6,4.8,4,8,TRUE,5,Yes
4260,49,Male,Divorced,Bachelors,Research & Development,R&D Manager,5,10743,11.4,10,20,1.6,3,Remote,5.7,9,2.9,4.7,6.7,3,9.6,TRUE,2.5,No
4261,53,Male,Married,Bachelors,Engineering,QA Engineer,5,10708,13.2,9.7,14.1,0.8,0,Hybrid,3,8,3.8,4.2,6,3,8.7,TRUE,2.5,Yes
4262,23,Male,Single,Bachelors,Finance,Financial Analyst,2,5989,15.5,2,3,1.8,0,Remote,1.1,4,2.2,7.6,7.7,4,10,TRUE,7.3,No
4263,35,Female,Married,Bachelors,Engineering,Software Engineer,1,4669,10.5,2.6,5.6,1,3,Remote,10.7,7,4.7,6.5,5.7,4,8.6,TRUE,4.5,No
4264,47,Female,Married,Masters,Marketing,Growth Manager,3,7695,7.3,11.1,17.6,3,1,Hybrid,7.5,5,5.7,6,6.1,3,8.7,TRUE,5.9,No
4265,40,Female,Married,Bachelors,Sales,Sales Development Rep,3,6070,14.3,10.9,20,1.3,4,Onsite,9.8,23,2.8,8.2,6.5,4,8.4,FALSE,1.5,No
4266,34,Female,Married,Bachelors,Engineering,QA Engineer,3,8681,11.4,4.9,10.7,1.8,1,Hybrid,3.7,3,3.7,7.7,7.9,2,6.8,FALSE,6.3,No
4267,43,Female,Divorced,Bachelors,Research & Development,R&D Manager,4,9175,13.2,10.3,23,1.4,4,Hybrid,3.7,6,1,8.6,7.1,4,9.1,TRUE,5.1,No
4268,37,Female,Married,Bachelors,Sales,Account Executive,2,5017,6.9,6.1,5.9,2.1,0,Hybrid,12,17,5.6,5.3,6.3,3,9.1,FALSE,6.8,Yes
4269,32,Female,Married,Bachelors,Marketing,Growth Manager,3,6267,15.1,8.3,12,0.9,2,Remote,10.6,8,1.6,9.8,7,4,9,TRUE,4.9,No
4270,54,Male,Married,Masters,Operations,Operations Manager,5,9976,11.1,10.8,19.8,1.8,3,Hybrid,4.7,21,2.4,5.1,6.3,3,8.5,TRUE,1.5,No
4271,55,Female,Single,PhD,Finance,Financial Analyst,5,10452,12.3,8.9,15.8,2.4,1,Remote,2.4,7,3.3,6.3,7.7,3,10,FALSE,6.1,No
4272,42,Male,Married,High School,Customer Support,Customer Success Manager,3,5866,13.4,9.1,14.2,0.6,2,Hybrid,9.4,11,5,5.7,6.2,4,6.7,TRUE,4.3,No
4273,39,Male,Married,Masters,Engineering,Engineering Manager,2,6000,6.1,11.4,17.2,11,3,Hybrid,1.1,3,2.1,4.9,6.7,3,9,TRUE,4.3,No
4274,50,Male,Single,Bachelors,Engineering,Engineering Manager,3,8011,15,8.7,12.4,0.9,1,Hybrid,3,1,1.3,7.2,5.6,3,8.7,TRUE,3.2,No
4275,27,Female,Divorced,High School,Engineering,Software Engineer,2,4170,12.6,3.4,7,0.5,1,Hybrid,2.2,8,4.5,6.2,6.7,4,8.9,TRUE,3.6,No
4276,21,Male,Single,Bachelors,Finance,Financial Analyst,2,4802,15.2,0,1,0,0,Hybrid,3.3,12,1,8.1,6.9,4,10,TRUE,8.6,No
4277,31,Male,Single,Masters,Finance,Financial Analyst,1,3116,10.4,1,6.1,1,1,Onsite,4.4,5,2.4,5.2,5.3,4,6,TRUE,7.1,No
4278,42,Female,Divorced,Masters,Engineering,QA Engineer,4,12849,9.1,12,22,3.9,3,Onsite,4.7,5,2.5,7.6,6.4,4,6.9,FALSE,3.8,No
4279,48,Female,Married,Bachelors,Engineering,Software Engineer,5,12036,11,8,14.6,2.4,2,Hybrid,2.1,7,2.8,6.6,6.6,3,8.2,TRUE,1,No
4280,21,Male,Married,High School,Human Resources,Recruiter,1,2846,17.4,0,1,0,3,Onsite,1.8,5,5.7,6.3,3.6,3,9.6,FALSE,7.1,No
4281,50,Female,Married,Masters,Customer Support,Customer Success Manager,5,8793,12.5,9.8,16.9,0.2,2,Hybrid,3.6,3,3.4,8.8,5.1,5,6.2,FALSE,8.9,No
4282,42,Male,Married,Bachelors,Engineering,Data Engineer,5,16547,10.1,11.8,16.3,1.7,1,Hybrid,9.3,3,3,5,5.4,5,10,TRUE,3.1,No
4283,38,Male,Single,Bachelors,Sales,Sales Development Rep,3,5890,7.5,11.1,18,11.1,2,Hybrid,9.4,17,3.9,6.9,6.7,4,10,FALSE,6,No
4284,36,Male,Single,High School,Customer Support,Support Specialist,4,5543,17.3,11.7,16,1,4,Hybrid,13.4,8,8.2,4.6,5.2,3,8.5,FALSE,4.9,Yes
4285,36,Male,Married,High School,Customer Support,Support Specialist,3,4195,11.7,5.9,16,0.7,5,Hybrid,13.1,4,3,6.3,5.4,4,8.3,TRUE,4.2,No
4286,35,Male,Single,Bachelors,Finance,Financial Analyst,2,5319,11.3,5.9,15,0.9,5,Onsite,3.2,6,3.2,7.6,6.5,5,9.4,TRUE,2.5,Yes
4287,55,Female,Single,Bachelors,Operations,Operations Manager,5,10396,11.5,12.8,14,0.8,0,Onsite,2.5,30,1,10,7.4,4,7.6,FALSE,4,No
4288,31,Male,Single,Masters,Sales,Sales Manager,2,5308,8.4,7.1,11,2.4,3,Hybrid,8.2,17,6.4,4.8,5.9,2,7.4,TRUE,6.6,Yes
4289,41,Female,Married,Bachelors,Operations,Operations Analyst,2,4667,15.6,1.2,8.1,1.2,1,Onsite,11.4,19,7.7,5.7,3.8,3,10,TRUE,8.3,No
4290,42,Male,Single,Bachelors,Engineering,Software Engineer,3,9063,10.2,9.8,13.7,2.2,0,Hybrid,4.7,5,5.9,4.4,6.2,3,7.2,TRUE,3.7,No
4291,26,Male,Single,Bachelors,Engineering,Software Engineer,1,5075,10,5,6,1.5,0,Hybrid,2.8,5,5.9,4.8,5.6,4,8.3,TRUE,4.4,No
4292,21,Female,Married,High School,Human Resources,HR Business Partner,2,2893,12,0,1,0,2,Hybrid,3.4,7,2.5,8.8,7.1,4,10,FALSE,6.1,No
4293,38,Male,Single,High School,Customer Support,Support Team Lead,4,5520,13.6,10.4,17.7,0.4,1,Hybrid,2.8,3,1.9,9.2,8.2,5,9.7,FALSE,5.5,No
4294,25,Male,Married,Bachelors,Customer Support,Support Specialist,1,2363,6.8,2.1,5,2.1,3,Hybrid,3.4,10,3.5,6.5,8.2,4,10,TRUE,6.5,No
4295,42,Male,Married,High School,Marketing,Content Strategist,3,6774,12.2,6.5,11,1,2,Onsite,6.6,7,5.9,6.5,6.2,4,8.4,TRUE,5.2,No
4296,44,Non-binary,Single,High School,Human Resources,Recruiter,4,6319,18.4,7.2,9,0.6,0,Hybrid,2.9,10,2.3,6.9,7,4,10,FALSE,4,No
4297,31,Female,Married,Masters,Research & Development,Research Scientist,2,6290,6.5,8.4,11,0.8,4,Hybrid,3.8,7,2.4,6.6,7.1,3,6.4,TRUE,3.1,No
4298,42,Male,Married,Bachelors,Customer Support,Support Specialist,4,6269,10.4,13.8,16.9,2.7,2,Remote,4.8,2,1.5,7,7,3,8.5,FALSE,5.5,No
4299,31,Male,Married,Bachelors,Marketing,Growth Manager,3,5400,13.4,6.2,11,1.2,1,Hybrid,4,6,4.5,6.1,5.8,3,8.6,TRUE,5.6,Yes
4300,22,Male,Single,Masters,Sales,Account Executive,1,3276,13,1,2,1,2,Onsite,6.2,28,3.8,7.8,5.8,5,8.9,TRUE,2.7,No
4301,51,Male,Married,Masters,Engineering,Engineering Manager,3,7676,8.2,8.9,17.5,1.9,3,Onsite,7,5,7.4,3.4,4.7,2,9.5,FALSE,4.3,No
4302,34,Male,Single,Masters,Sales,Account Executive,2,4913,9.9,2.3,5.9,2,0,Onsite,13.9,27,6.4,4.9,4,4,10,FALSE,5.1,Yes
4303,36,Prefer not to say,Single,PhD,Engineering,Engineering Manager,3,9221,7.6,7.8,12.9,1.3,1,Onsite,10.7,5,4.3,7.4,5.8,5,10,TRUE,2.7,No
4304,25,Male,Single,PhD,Engineering,QA Engineer,2,8250,8.2,4,5,3.3,3,Onsite,18.6,8,5.7,3.4,5.2,3,7.4,TRUE,2.4,Yes
4305,23,Male,Married,Bachelors,Marketing,Growth Manager,3,5582,12.5,2,3,0.5,3,Hybrid,9.3,11,5,8.4,6.1,4,6.4,FALSE,7.4,No
4306,29,Female,Divorced,Masters,Sales,Sales Manager,2,6281,11.6,6.1,9,3,0,Remote,6.9,18,1.3,9.2,7,4,9.1,TRUE,5.5,No
4307,39,Male,Single,Masters,Sales,Sales Development Rep,3,8879,5.1,8.5,15.5,3.8,3,Onsite,12.5,23,4.5,6.9,5.9,3,7.8,FALSE,7.8,Yes
4308,51,Female,Married,Bachelors,Marketing,Growth Manager,5,9494,15.8,9.6,17.4,0.9,3,Onsite,2.6,7,1.8,8.5,8.1,4,8.5,TRUE,2.5,No
4309,37,Female,Married,Bachelors,Sales,Account Executive,2,4414,9.6,6.7,6,3.1,0,Remote,16,21,4.2,5.5,5.1,2,6.7,FALSE,5.5,Yes
4310,26,Male,Single,Masters,Research & Development,Research Scientist,1,6416,12.6,5,6,0.7,1,Hybrid,7.5,3,3.6,7,6.2,3,7.7,TRUE,4.9,No
4311,52,Female,Married,Bachelors,Engineering,Software Engineer,5,11632,6.4,12.5,19.2,4.1,1,Hybrid,1.4,4,3.1,7.2,8.3,4,8.4,TRUE,4.5,No
4312,32,Female,Single,Bachelors,Engineering,QA Engineer,3,7331,11.4,6.7,12,1.1,1,Hybrid,6.3,5,4.8,5.4,6.8,3,8,TRUE,1.9,No
4313,43,Female,Single,Masters,Customer Support,Support Specialist,4,6863,9.4,11.6,14,1.1,0,Remote,6.8,7,2.4,6.4,5.8,4,8.3,TRUE,4.2,No
4314,22,Male,Married,Bachelors,Sales,Sales Manager,2,4293,15.6,1,2,0.6,1,Remote,14.8,25,7.7,3,3.4,2,8.1,FALSE,6.9,No
4315,33,Female,Married,Bachelors,Engineering,Engineering Manager,2,4959,16.3,4.5,8.8,0.9,1,Hybrid,5.9,6,3.6,7.9,4,4,9.9,FALSE,3,No
4316,50,Female,Married,Bachelors,Customer Support,Support Specialist,5,8214,8.9,14,21.5,1.6,2,Remote,8,7,4.8,6.1,5.9,4,9.4,TRUE,9.2,Yes
4317,40,Male,Married,Masters,Customer Support,Support Team Lead,5,9417,9.1,9.9,14.7,1.3,1,Remote,3.1,3,3,4.1,6.7,3,7.1,FALSE,4.6,No
4318,35,Female,Single,High School,Engineering,Engineering Manager,2,5885,11.6,6.9,15,4.2,5,Remote,8.8,5,4.2,6.5,5.9,3,7.4,TRUE,3.9,No
4319,45,Female,Single,PhD,Research & Development,Product Researcher,2,6122,10.6,2.6,10.3,2.6,2,Onsite,3.7,7,2.8,6.6,6.2,4,8,TRUE,5.4,No
4320,38,Female,Married,Bachelors,Sales,Sales Manager,4,8829,11.3,11.6,17.9,2.4,2,Hybrid,20.2,20,5.6,6.2,4.1,3,7.9,FALSE,4.4,No
4321,21,Male,Married,Bachelors,Customer Support,Support Specialist,1,3370,9.7,0,1,0,3,Onsite,2.6,5,4.5,5.1,6.2,3,7.5,FALSE,7.9,No
4322,43,Male,Married,PhD,Customer Support,Support Specialist,5,7758,16.2,6.9,12.4,0.4,1,Hybrid,16.4,3,6.6,4.8,4.9,3,6.9,TRUE,8.2,No
4323,51,Female,Single,Masters,Sales,Account Executive,4,11700,13,11.1,15,2.3,2,Hybrid,3.9,21,2.1,8.9,6.7,5,8,FALSE,3.3,No
4324,39,Female,Married,Masters,Marketing,Growth Manager,4,10884,10.7,7.5,19,0.8,4,Hybrid,5.3,3,3.7,8.4,5.4,4,7.7,TRUE,6.5,No
4325,38,Female,Single,Masters,Sales,Account Executive,2,4677,17.8,5.2,11.5,1.2,2,Remote,10.5,19,5.6,6.8,3.9,3,6.9,TRUE,4.4,No
4326,41,Male,Single,High School,Marketing,Content Strategist,3,5582,8.4,5.9,13.9,1.3,4,Hybrid,13.8,8,2.7,7,4.2,4,9.1,FALSE,7.4,No
4327,24,Female,Divorced,Bachelors,Engineering,QA Engineer,2,5625,12.2,3,4,1.3,2,Hybrid,6.8,7,5.3,7.9,6.5,4,8.6,TRUE,1.7,No
4328,41,Female,Married,High School,Sales,Account Executive,3,6359,3.4,4.9,11.7,4.9,1,Remote,2.6,20,3.8,7.3,8.2,4,9.6,TRUE,2.6,No
4329,26,Male,Married,PhD,Engineering,QA Engineer,1,4280,9.7,2.6,6,2.6,3,Remote,6.3,10,4,4.8,5.9,3,9.7,TRUE,6,No
4330,29,Male,Married,Masters,Engineering,Software Engineer,1,4971,10.3,5.5,7.1,1,0,Hybrid,3.5,4,3.9,5,7.5,4,9.5,TRUE,3.7,No
4331,45,Male,Divorced,Bachelors,Customer Support,Support Specialist,3,4659,8.9,7.9,10.6,1.4,1,Hybrid,8.6,10,4,3.9,6.5,3,9.2,FALSE,5.9,No
4332,34,Male,Single,High School,Marketing,Growth Manager,2,3559,8.2,4.7,14,4.7,5,Remote,4.3,2,3.2,7,5.2,4,9,FALSE,6.6,Yes
4333,29,Male,Single,Bachelors,Engineering,Engineering Manager,3,9442,6.4,8,9,2,2,Hybrid,2.1,5,4.6,5,6,3,8.8,TRUE,4.2,No
4334,35,Female,Married,High School,Engineering,Data Engineer,4,12085,13.3,8.1,10.1,0.4,1,Remote,5.8,1,2.5,8.3,7.8,4,9.3,TRUE,4.6,No
4335,35,Male,Married,Bachelors,Human Resources,HR Business Partner,2,5098,12.3,9,15,3.6,4,Hybrid,2,11,2.9,9.5,6.4,4,9.4,FALSE,3.4,No
4336,22,Female,Married,High School,Operations,Operations Analyst,1,2448,9.7,1,0.5,1,0,Remote,8.4,24,5,7.1,5.5,3,10,FALSE,5,No
4337,27,Male,Divorced,High School,Engineering,Engineering Manager,3,5702,8.6,5.1,7,4,1,Onsite,12.4,7,6.7,3.6,5.7,2,6.8,FALSE,3.7,Yes
4338,38,Female,Divorced,Bachelors,Sales,Sales Manager,3,6706,11.7,9.9,13.8,1.5,1,Hybrid,6.1,19,1.8,6.9,5.8,3,5.2,TRUE,6,No
4339,48,Male,Married,Masters,Finance,Accountant,4,8779,9.6,11,14,5.8,0,Hybrid,3.4,6,2.2,8,7,4,5,FALSE,5.6,No
4340,30,Female,Single,Bachelors,Finance,Accountant,2,4067,12.3,3.1,6.8,0.6,1,Hybrid,8.7,3,4.9,6.1,6,3,8.5,FALSE,4.3,No
4341,25,Male,Single,Bachelors,Engineering,Engineering Manager,2,6891,10.2,4,5,1.7,2,Hybrid,3.4,7,3.6,8.5,7.6,5,8.2,TRUE,4.8,No
4342,40,Male,Single,Bachelors,Marketing,Growth Manager,4,8006,10.2,10.6,16.1,0.6,1,Remote,4.9,5,2,8.4,8,4,8.8,FALSE,3.8,No
4343,57,Non-binary,Single,Masters,Marketing,Growth Manager,5,8980,10,12.6,14.1,0.7,2,Hybrid,5.1,3,3.3,7.6,8.2,4,10,FALSE,4.6,No
4344,25,Male,Divorced,Bachelors,Sales,Sales Development Rep,1,3595,16.3,0,4.1,0,1,Onsite,2.8,21,3.7,8.4,7.6,4,7.6,FALSE,5.6,No
4345,42,Male,Divorced,Masters,Operations,Operations Analyst,3,5346,15.8,5.7,8.7,1.5,0,Hybrid,5.3,25,4,6.5,4.9,3,10,FALSE,5.7,No
4346,36,Male,Divorced,Masters,Finance,Financial Analyst,2,5984,21.1,7.3,14.9,1.4,3,Onsite,7.3,10,4.1,8,6.8,3,8.8,TRUE,6.3,Yes
4347,43,Female,Single,Masters,Human Resources,HR Manager,4,9282,6.9,8.9,14.3,1.5,1,Hybrid,15.8,8,7.9,1.8,2.8,2,7.1,FALSE,4.2,No
4348,31,Male,Single,Masters,Human Resources,HR Business Partner,1,3451,8.6,1.3,5.5,0.6,1,Onsite,2.7,6,2.2,6.8,8.2,5,9.2,TRUE,6.3,No
4349,48,Female,Married,Bachelors,Customer Support,Customer Success Manager,4,6098,13.5,9.3,20,3.3,4,Onsite,3.9,5,4.8,6.5,6.7,3,7.3,FALSE,4.6,No
4350,46,Female,Married,PhD,Engineering,Engineering Manager,4,12903,10.5,14,23.1,5.6,3,Onsite,8.1,8,4.3,6.1,5.6,4,9,TRUE,1,No
4351,39,Male,Divorced,Bachelors,Customer Support,Support Team Lead,2,3591,7.4,3.5,8.3,0.3,1,Hybrid,5.1,8,5.7,6.2,6,3,7.6,FALSE,4.9,No
4352,51,Male,Married,Masters,Marketing,Growth Manager,3,5770,11.7,7.4,11.1,0.1,2,Hybrid,2.1,5,3.7,5,9.1,4,8.8,TRUE,4.9,No
4353,39,Female,Married,PhD,Sales,Sales Development Rep,4,11806,14.1,13.7,16,2.4,0,Hybrid,9.7,30,5.6,6,4.9,3,6.5,TRUE,5.3,No
4354,45,Female,Single,Bachelors,Operations,Operations Analyst,3,7390,12.1,6.1,15.7,2.1,3,Hybrid,3.4,18,3.3,5.2,6.7,4,8.2,FALSE,2.7,No
4355,43,Male,Single,Bachelors,Customer Support,Customer Success Manager,4,5708,13.2,10,12.4,1.8,0,Onsite,4,3,3.8,6.9,6.3,3,10,TRUE,4.1,No
4356,37,Male,Married,Masters,Finance,Financial Analyst,3,7140,11.2,1.6,7.4,1.6,1,Hybrid,7.5,9,4,6.9,5,4,8.9,FALSE,5.5,Yes
4357,30,Female,Married,Bachelors,Research & Development,Product Researcher,1,4348,9.7,9,10,2,0,Remote,7.8,2,3.8,7.1,6.2,4,9.4,FALSE,5.2,No
4358,47,Male,Single,Masters,Engineering,Data Engineer,4,9146,11.9,11,17,2.7,2,Remote,2.7,5,3.1,4.5,6,4,10,TRUE,3.8,No
4359,39,Male,Single,High School,Engineering,Software Engineer,2,6534,14.6,2.9,8.5,2.9,2,Hybrid,8.3,5,3.9,8.8,7.8,5,8.1,TRUE,2.4,No
4360,30,Female,Married,Bachelors,Finance,Financial Analyst,2,4798,11.8,1.8,9.9,0.3,2,Hybrid,19.5,8,6.9,4.8,2.5,3,9.8,TRUE,6.2,No
4361,34,Female,Married,Bachelors,Marketing,Content Strategist,2,4989,13.4,8.4,14,1.1,3,Hybrid,6.1,7,4,5.6,5,3,9,TRUE,7.3,No
4362,42,Female,Single,Masters,Engineering,Data Engineer,3,12529,6.8,11.7,16.5,5.1,1,Onsite,18.9,6,7.2,7,2.7,4,9.3,FALSE,3.4,Yes
4363,54,Female,Married,High School,Customer Support,Support Specialist,4,4697,8,10,14,3.5,1,Hybrid,11.3,4,5,5.4,6.1,3,8.9,FALSE,6.5,No
4364,28,Female,Single,PhD,Customer Support,Support Team Lead,4,6679,1.6,4.9,8,2.9,0,Onsite,2.7,3,3.1,8,6.3,4,8.6,TRUE,5.4,No
4365,48,Male,Single,High School,Marketing,Marketing Specialist,4,8047,9.7,11.6,17.6,9.1,1,Onsite,1.2,10,2.7,7.3,9.5,4,8.6,TRUE,4.2,No
4366,30,Female,Single,Masters,Sales,Sales Development Rep,2,6203,13.2,8,10,1.1,4,Onsite,3.9,34,4.5,6,6.1,3,8.6,FALSE,6.7,No
4367,29,Male,Single,Bachelors,Engineering,QA Engineer,1,5273,10.6,2.3,9,2.3,2,Remote,3.1,11,2.2,8.7,7.8,3,7.4,TRUE,4.3,No
4368,23,Female,Married,Bachelors,Customer Support,Support Specialist,1,2687,15.3,2,3,2,1,Hybrid,7.1,9,3.1,6.8,6.2,5,9.1,FALSE,7.8,No
4369,43,Female,Married,Bachelors,Research & Development,R&D Manager,2,6671,10.9,5.2,11,0.8,2,Hybrid,2.6,9,4.3,4.7,5.2,3,6.8,TRUE,4,Yes
4370,37,Female,Married,Bachelors,Operations,Program Manager,3,5135,7.2,5.5,14.3,1.6,2,Hybrid,3.6,32,2.8,5.9,8.7,4,6.9,FALSE,7.3,No
4371,45,Male,Single,Masters,Sales,Account Executive,4,9551,17.8,5.4,10.4,2.1,2,Hybrid,6.5,15,4.2,8.1,5.2,3,6.5,FALSE,4.1,No
4372,36,Male,Single,PhD,Engineering,Engineering Manager,2,6396,15.2,0.8,8.6,0.8,3,Remote,4.1,11,2.1,9,8,4,7.4,TRUE,2.8,No
4373,42,Male,Married,Masters,Sales,Sales Manager,4,8779,9.4,10,16.5,4.1,1,Onsite,3.5,17,1.6,8.2,6,4,8.5,TRUE,4.6,No
4374,36,Female,Single,Masters,Engineering,QA Engineer,2,6685,15.1,2.6,12.7,1.5,4,Remote,4.6,7,1.6,7.9,7.3,4,6.4,TRUE,2.3,No
4375,32,Male,Married,High School,Research & Development,R&D Manager,2,6463,5.9,6.7,12,3.9,2,Remote,9.1,6,5.3,6.4,5.4,4,8.2,TRUE,3.3,No
4376,43,Female,Single,Masters,Engineering,QA Engineer,4,10583,7.3,14.1,20,2.1,1,Hybrid,12.4,6,4.7,5.7,5.2,3,9.1,TRUE,5,Yes
4377,26,Female,Single,Masters,Engineering,QA Engineer,2,5460,9.3,4.5,6,3.4,1,Remote,10.7,10,3.6,6.6,8.7,3,6.9,TRUE,1.9,Yes
4378,42,Male,Married,Bachelors,Engineering,Engineering Manager,4,9336,15.7,5.3,15.8,0,3,Onsite,1.5,6,2,7.1,7.5,3,10,FALSE,5.1,No
4379,46,Female,Single,Bachelors,Human Resources,Recruiter,3,5053,8.1,10.6,17.2,2,3,Onsite,18.3,6,7.9,3.8,4.7,3,9.2,TRUE,7,No
4380,32,Female,Divorced,Bachelors,Marketing,Growth Manager,3,7483,9.9,9.1,12,1.5,2,Remote,8.9,4,6,3.6,5.1,3,9.1,TRUE,6.5,Yes
4381,42,Male,Single,Bachelors,Sales,Account Executive,2,6047,11.8,8.4,17.2,0.3,4,Remote,21.8,23,4.1,7.6,3.3,3,8.1,FALSE,6,No
4382,36,Male,Divorced,Bachelors,Sales,Account Executive,2,5574,13.2,4.7,15.4,0.8,3,Hybrid,9.4,28,3.8,7.6,4.7,4,8.4,FALSE,3.4,No
4383,27,Female,Divorced,Bachelors,Engineering,Software Engineer,2,5727,10.8,3.9,7,1.5,2,Hybrid,3.7,13,2.3,7.4,6.9,4,10,FALSE,4.6,No
4384,36,Male,Single,Bachelors,Marketing,Growth Manager,3,6290,10.1,9.2,8.2,3.3,0,Remote,8.4,4,4.1,4.6,6,3,8.3,TRUE,2.8,No
4385,32,Male,Single,PhD,Engineering,QA Engineer,4,14868,13.1,11,12,2.8,1,Onsite,5.8,13,4.9,8,7.2,3,6.6,TRUE,3.1,No
4386,39,Female,Divorced,Masters,Research & Development,Product Researcher,3,8525,11,8.2,19,2.5,6,Hybrid,2.1,8,2.1,6.1,6.8,4,8.6,TRUE,5.4,Yes
4387,36,Male,Single,Masters,Customer Support,Customer Success Manager,3,7662,3,4.1,9.4,4.1,0,Hybrid,11.5,3,4.3,7.6,4,5,9.4,TRUE,2.9,Yes
4388,36,Female,Married,Masters,Sales,Sales Manager,3,10213,11.3,8,11.4,0.4,1,Hybrid,10.8,17,6.7,4,5.1,4,9.1,TRUE,5.9,No
4389,42,Female,Single,Bachelors,Operations,Program Manager,2,5587,14,4.6,14,0.7,5,Remote,3.1,18,2,6.8,7.3,4,8.6,FALSE,4.6,No
4390,48,Male,Married,Bachelors,Sales,Sales Manager,4,7176,8.8,11.5,15.1,0.3,1,Remote,2.3,28,3.5,6,6.3,4,7.7,TRUE,6.1,No
4391,38,Male,Single,Masters,Engineering,Data Engineer,3,10741,20,5.7,15.6,1.2,5,Onsite,16.8,3,5.3,5.8,5.1,4,8.5,TRUE,5.3,Yes
4392,49,Female,Divorced,Bachelors,Engineering,Engineering Manager,5,12040,14.9,14.3,22.4,0.4,2,Remote,9.1,7,2.2,8,5.6,4,8.8,TRUE,1,No
4393,30,Female,Single,Bachelors,Marketing,Marketing Specialist,3,5214,5.8,1.9,10,1.9,3,Remote,19.1,7,3.6,5.6,5.5,4,8.3,TRUE,5.3,No
4394,35,Male,Married,Masters,Engineering,Data Engineer,2,7491,10,5.9,11.6,1.1,1,Remote,10.9,11,3.5,6.9,6.9,4,8.1,TRUE,3.3,No
4395,48,Female,Single,Masters,Customer Support,Support Team Lead,5,10229,14.2,8.4,13.7,3.8,0,Hybrid,2.1,7,4.2,7.3,7.1,4,7.9,FALSE,4.9,No
4396,34,Female,Single,Bachelors,Operations,Operations Analyst,1,3974,11.6,0.9,1.5,0.7,0,Hybrid,7.7,15,3,7.5,5.2,4,8.1,FALSE,6.2,No
4397,31,Female,Married,Bachelors,Research & Development,Product Researcher,2,4821,11.2,6.2,11,1.2,4,Hybrid,7.7,10,3.3,7.9,6.6,4,6.7,TRUE,3.1,Yes
4398,28,Male,Single,Bachelors,Research & Development,Product Researcher,1,4788,11.5,3.4,8,3.4,2,Hybrid,6.4,9,3.1,6.9,7.6,3,7.3,TRUE,4.4,No
4399,40,Male,Married,Bachelors,Sales,Sales Development Rep,3,7450,11.1,5.5,15.2,3.3,4,Onsite,4.9,24,4.8,6.3,5.3,3,7.9,TRUE,6.1,No
4400,38,Female,Married,Masters,Customer Support,Customer Success Manager,2,4177,8.1,2.8,6.9,2.2,2,Onsite,2.3,9,4.2,5.4,7.3,4,8.3,FALSE,8,No
4401,30,Male,Divorced,Bachelors,Finance,Financial Analyst,3,6347,13.6,5.4,10,2.5,1,Hybrid,1.1,5,3,7.6,7.9,3,8.2,TRUE,6,No
4402,45,Female,Married,Masters,Engineering,Software Engineer,2,5656,5.3,6.4,11.9,4.6,2,Hybrid,4,5,2.7,7.6,6.3,4,9.7,TRUE,4.4,No
4403,36,Female,Divorced,Bachelors,Marketing,Growth Manager,2,5907,12.8,1.7,5.2,0.5,1,Hybrid,14.7,3,5.5,6.8,4.3,3,7.5,TRUE,6.6,Yes
4404,31,Female,Single,Bachelors,Engineering,Data Engineer,4,10071,13,5.4,11,2.4,5,Onsite,1.3,7,3.4,9.5,7.7,4,7.8,TRUE,1.6,No
4405,37,Female,Married,Masters,Engineering,Data Engineer,2,5095,8.8,7.5,11.1,3.6,1,Onsite,4.1,6,3.2,6.4,6.1,4,8.6,TRUE,6.4,No
4406,31,Male,Divorced,Bachelors,Operations,Operations Analyst,2,5055,9.8,10,11,1.1,3,Onsite,10.1,22,6.5,7.1,6.4,4,9.3,TRUE,4.6,No
4407,32,Male,Married,Bachelors,Finance,Financial Analyst,4,8580,15.1,7.3,9.4,0,1,Hybrid,6.7,3,3.8,8.9,6.1,4,9.3,FALSE,6.2,No
4408,36,Non-binary,Married,Bachelors,Sales,Sales Development Rep,1,3630,12.4,2.4,5.1,1.2,0,Onsite,17.2,23,7.3,3.3,3.5,3,7.9,TRUE,7.4,Yes
4409,39,Male,Married,Masters,Finance,Financial Analyst,4,10406,8.7,4.8,12.5,1.3,3,Remote,2.3,8,4,5.3,6,2,7.6,FALSE,5.6,No
4410,56,Female,Single,Bachelors,Engineering,Engineering Manager,5,11061,10.6,10.6,30.4,0.9,8,Remote,8.3,6,6.2,5.2,5.5,3,9.4,TRUE,5.9,No
4411,33,Female,Divorced,Bachelors,Human Resources,Recruiter,2,6307,10.4,4.4,11.5,0.9,3,Hybrid,8.4,6,3,8.1,6.6,4,9.5,FALSE,7.8,No
4412,43,Male,Single,Bachelors,Sales,Account Executive,2,7563,15.6,6.6,7,1.8,0,Hybrid,7.3,17,2.3,6.6,7.1,4,9.2,FALSE,3.8,No
4413,43,Male,Single,Bachelors,Engineering,Software Engineer,3,8397,18.3,5.7,13.6,0,2,Remote,3.4,3,1.2,10,5,4,9.2,TRUE,7.5,No
4414,23,Male,Single,High School,Customer Support,Customer Success Manager,2,3754,9.9,2,3,0,1,Hybrid,17.3,3,7.9,2.8,6.1,3,6.1,FALSE,5.7,Yes
4415,35,Male,Married,PhD,Research & Development,R&D Manager,2,6102,7.7,2.9,7.6,2.9,1,Hybrid,8.4,6,4.4,4.4,5.6,3,8.2,TRUE,4.5,Yes
4416,35,Female,Married,Bachelors,Sales,Sales Development Rep,4,8259,13.3,12.5,15,0.6,1,Onsite,8.1,37,4.3,7.3,5.4,3,6.9,TRUE,4.8,No
4417,33,Female,Single,High School,Sales,Sales Development Rep,1,2641,6.2,2.1,13,2.1,4,Remote,9.1,27,4.7,4.6,7,4,7,TRUE,2.8,Yes
4418,49,Female,Married,Bachelors,Engineering,Data Engineer,3,9242,16.8,6.6,12.8,0.2,1,Remote,6,8,4.6,7.7,5.9,4,7.6,TRUE,4.5,No
4419,50,Male,Married,High School,Marketing,Marketing Specialist,4,7201,8.5,9.2,15.4,5.9,1,Hybrid,2.3,6,4.3,5.8,6.9,4,7.7,FALSE,5.5,No
4420,36,Male,Married,Bachelors,Operations,Operations Manager,3,7072,6.4,7.2,13.6,5.1,2,Onsite,6.1,32,4.1,5.2,6,3,9.4,TRUE,5.6,No
4421,25,Male,Married,Bachelors,Engineering,Engineering Manager,2,5589,15.2,4,5,0.5,4,Hybrid,1.3,7,3.2,7,6.1,4,7.5,TRUE,3.9,No
4422,46,Male,Single,High School,Research & Development,R&D Manager,3,6509,9.5,6.3,16.5,4.3,3,Remote,4,5,2.5,7,6.8,4,8.3,FALSE,5.4,No
4423,41,Female,Single,Bachelors,Finance,Financial Analyst,3,8531,15,9.5,15.9,2.5,1,Hybrid,5.7,5,2.2,9.2,7.6,3,8.5,TRUE,5.1,No
4424,41,Male,Married,Bachelors,Research & Development,R&D Manager,5,13499,10.4,9.2,20.5,0.6,3,Remote,6.4,6,6,5.2,6,4,7.2,FALSE,3.1,No
4425,26,Female,Married,Bachelors,Research & Development,Research Scientist,1,3329,4.5,5,5.7,0.8,0,Hybrid,2.1,5,2.7,9.2,6.8,4,8,TRUE,3.9,No
4426,34,Male,Single,Masters,Operations,Operations Manager,3,7013,11.8,7.8,14,3,3,Hybrid,4.2,24,1,8.1,6.2,4,8.2,FALSE,6.6,No
4427,54,Female,Divorced,Masters,Engineering,Engineering Manager,5,13125,10.9,4.1,12.4,0.3,4,Hybrid,1.8,5,2.5,7.9,8.6,3,9.4,TRUE,3.8,No
4428,42,Male,Single,Bachelors,Finance,Financial Analyst,5,10720,11.3,8.6,17.6,1.5,3,Remote,2.3,4,3.6,6.6,8.3,4,8.7,TRUE,4.7,No
4429,27,Female,Divorced,Bachelors,Sales,Account Executive,1,3600,11.4,6,7,0.6,3,Onsite,13.6,26,3.5,7.2,5.2,4,8.6,FALSE,6.8,Yes
4430,48,Male,Divorced,Bachelors,Marketing,Growth Manager,5,10589,14.3,14.4,16.6,2.1,1,Hybrid,4.1,8,3.1,7.7,6.9,4,9.5,TRUE,6.2,No
4431,44,Female,Single,Bachelors,Sales,Sales Development Rep,2,5080,10.9,2.5,8.8,0,3,Hybrid,3.1,10,3.6,6.2,6.3,3,6.1,TRUE,7.2,Yes
4432,41,Female,Single,Bachelors,Engineering,QA Engineer,2,6321,7.1,9.5,18.2,6.5,2,Hybrid,8.3,4,3.2,5.9,5.5,4,8.8,TRUE,1.4,No
4433,35,Female,Single,Bachelors,Sales,Sales Manager,3,7421,12.6,7.7,15,1.7,1,Hybrid,6.8,22,5.2,5.6,3,4,9.6,TRUE,7.4,Yes
4434,51,Male,Married,Bachelors,Engineering,Engineering Manager,5,15950,12.1,12.3,17.6,0,1,Onsite,6.6,4,5.5,8.3,5.6,4,7.8,TRUE,1,No
4435,25,Female,Single,Masters,Research & Development,Research Scientist,1,3444,13.2,1.2,5,0.6,2,Hybrid,3.7,10,3.6,5.7,6.3,4,7.4,FALSE,3.1,Yes
4436,34,Prefer not to say,Married,Bachelors,Engineering,Software Engineer,4,13087,10.4,7.4,11.9,2.5,0,Hybrid,2.6,3,3.9,5.3,7,4,8.4,FALSE,5,No
4437,55,Male,Married,High School,Engineering,Data Engineer,4,8891,12.9,7.8,14.7,1.2,3,Remote,0.7,5,1.4,7.2,8.4,4,8.3,TRUE,3.7,No
4438,41,Female,Married,Bachelors,Sales,Sales Manager,2,4491,1.9,5.4,12.5,0,3,Hybrid,6.8,34,3,5,7,4,7.6,TRUE,6.4,No
4439,43,Female,Married,High School,Operations,Program Manager,4,6347,9.1,8,10.8,2.2,1,Hybrid,13.1,24,8,3.5,4.2,3,7.5,TRUE,4.8,Yes
4440,48,Male,Married,High School,Research & Development,R&D Manager,5,10704,18.6,15.2,26,0.3,3,Hybrid,11.6,6,3.8,8.1,3.7,4,8.1,TRUE,1.9,No
4441,49,Female,Married,Bachelors,Sales,Sales Manager,4,9633,5.2,8.2,13,2.7,1,Hybrid,18.3,22,5,4.7,2.7,4,8.7,TRUE,6.5,No
4442,39,Male,Married,Masters,Sales,Account Executive,4,9732,12.6,10.8,13.7,2.3,0,Hybrid,6.8,16,4.5,6.6,5.3,4,8.4,TRUE,5.6,Yes
4443,25,Female,Married,PhD,Engineering,Software Engineer,1,5831,12.5,4,5,0.2,2,Remote,10.2,7,2.8,8.2,6.3,4,10,FALSE,5.9,No
4444,46,Female,Single,Bachelors,Research & Development,Product Researcher,3,9699,12.4,12.9,18.8,2.3,3,Remote,3.4,7,1,8.4,7.5,5,7.5,TRUE,7.5,No
4445,27,Male,Divorced,Bachelors,Engineering,Engineering Manager,3,8490,12.9,5,7,3.5,1,Hybrid,6.4,6,3.8,5.8,7.2,4,7.8,TRUE,4.8,No
4446,33,Prefer not to say,Married,Bachelors,Engineering,Software Engineer,2,6016,10.6,0.1,5.9,0.1,1,Hybrid,7.6,3,5.7,5.3,4.9,4,7.1,TRUE,4.9,No
4447,41,Female,Married,Bachelors,Engineering,QA Engineer,2,6864,10.5,2.4,10.9,1.9,2,Remote,5.3,9,1.5,7.3,8.4,4,8.7,TRUE,4.2,No
4448,21,Female,Married,PhD,Operations,Operations Analyst,2,4386,16.5,0,1,0,2,Remote,4.5,20,5.3,7,7.7,4,9.3,FALSE,4.7,No
4449,38,Male,Single,Bachelors,Engineering,Data Engineer,2,9348,9.5,7.2,18,2,5,Remote,6.6,9,2.7,8,6.7,4,8.1,TRUE,6.9,No
4450,41,Male,Single,Bachelors,Customer Support,Support Specialist,4,6787,14.8,7.1,17.6,0.3,3,Remote,9.4,4,4.1,8.1,6.1,3,8.8,FALSE,4.6,No
4451,29,Male,Married,Bachelors,Operations,Program Manager,2,3766,3.1,5.9,9,4.8,1,Onsite,9,13,5.8,3.6,7.2,3,7.3,TRUE,6,Yes
4452,31,Male,Married,Masters,Customer Support,Support Team Lead,2,5502,14.4,6.8,11,2,1,Hybrid,1.9,6,2.5,6.1,5.7,4,9.3,TRUE,8.8,No
4453,40,Male,Divorced,Bachelors,Engineering,QA Engineer,3,8893,5.7,10.6,17.8,8.8,2,Hybrid,6.9,0,3.3,7.5,4.8,3,10,FALSE,5.5,No
4454,30,Male,Married,Bachelors,Operations,Program Manager,4,7512,5.9,9,10,1.7,4,Onsite,13.3,21,5.2,6.5,5.5,5,9.8,TRUE,3.4,No
4455,34,Male,Divorced,Bachelors,Research & Development,Research Scientist,2,4910,10.8,6.1,13.8,1.7,4,Hybrid,2.9,4,4.1,4.8,6.5,3,9.3,TRUE,4.1,No
4456,36,Female,Divorced,Bachelors,Customer Support,Support Team Lead,5,7033,9.8,11.7,16,1.2,2,Remote,3.1,8,4.9,6.6,7,3,9.2,TRUE,8.1,No
4457,28,Male,Married,Bachelors,Engineering,Software Engineer,2,5294,9.6,0.9,8,0.9,2,Hybrid,4.5,11,5.4,5.5,4.1,3,6.7,FALSE,3,No
4458,24,Female,Married,Masters,Engineering,Data Engineer,1,3682,10.5,1.3,4,1.3,2,Remote,9,4,4.1,5.9,4.9,4,9.5,TRUE,3.1,No
4459,42,Male,Married,Bachelors,Marketing,Marketing Specialist,3,5355,8.3,5.9,7.6,2.2,0,Hybrid,4.4,4,2.7,8.3,7.3,4,10,FALSE,4.5,No
4460,36,Female,Married,Bachelors,Engineering,QA Engineer,1,3875,7.2,2.1,11.4,2.1,3,Remote,2.1,8,1,6.9,8.3,3,8.8,TRUE,2.3,No
4461,35,Female,Single,High School,Engineering,QA Engineer,2,5105,10.3,6.2,9.9,1,0,Hybrid,10.4,9,4.7,5.2,4,4,7.1,TRUE,7.4,No
4462,28,Male,Married,Bachelors,Engineering,Data Engineer,3,10236,11.7,7,8,1.3,2,Hybrid,6.3,10,3.4,8.1,6,3,10,FALSE,3.8,No
4463,39,Male,Single,High School,Sales,Sales Development Rep,1,4030,15.2,1.8,7.3,0.7,1,Onsite,13.7,31,4.7,9.7,4.5,4,7.7,FALSE,6.3,No
4464,44,Female,Married,Bachelors,Operations,Program Manager,4,9246,13,13,20,1.4,1,Hybrid,22.4,25,3.9,8.7,4.6,3,10,FALSE,7.9,No
4465,46,Female,Single,Bachelors,Engineering,Data Engineer,3,7424,17,8.3,17.4,0.6,3,Hybrid,4.2,10,3.8,5.6,5.7,4,7.3,TRUE,3,No
4466,26,Female,Married,Bachelors,Engineering,Engineering Manager,2,6062,10,4.9,6,1.6,1,Hybrid,12,3,6.8,6.7,6,3,8,TRUE,7,No
4467,28,Male,Single,Masters,Engineering,Software Engineer,1,5971,9.8,5.8,8,0.9,4,Onsite,4.4,12,3.1,4.9,6.4,4,8.1,TRUE,7.6,No
4468,24,Male,Single,Bachelors,Customer Support,Support Team Lead,3,5489,18.4,3,4,1.6,3,Onsite,13.6,3,7.2,5.6,4.2,4,10,FALSE,7.3,No
4469,53,Male,Married,Masters,Engineering,Engineering Manager,5,11542,11.2,14,14.5,0.5,0,Hybrid,19.6,6,5.1,6.7,1.7,4,9,FALSE,3.5,No
4470,42,Female,Single,High School,Engineering,Engineering Manager,5,12535,17.8,10.4,17.4,0,3,Remote,4.2,9,2.9,7.5,6.9,4,9.4,TRUE,4.6,No
4471,51,Male,Single,Bachelors,Customer Support,Support Specialist,4,6033,12.3,10.3,13.6,2.9,1,Hybrid,7.8,4,4.1,4.3,5.2,3,8,TRUE,3.7,No
4472,34,Male,Divorced,Masters,Operations,Operations Manager,3,6732,11.5,9.1,14,5.1,3,Hybrid,4.3,21,3.9,7,4.9,4,7.4,FALSE,5,No
4473,28,Male,Married,Masters,Engineering,QA Engineer,3,8455,9.4,4.8,8,2.5,1,Hybrid,3.2,5,3.1,7.2,8.3,4,7.8,TRUE,3.8,No
4474,42,Male,Divorced,Masters,Sales,Sales Manager,3,7621,10.6,8.9,16.1,1,0,Onsite,8.7,19,3.7,5.1,4.7,3,8.9,TRUE,4.7,No
4475,40,Male,Married,Bachelors,Research & Development,Product Researcher,2,5542,8.4,4.4,11.2,2.7,2,Onsite,3.9,4,3.9,8.4,7.5,3,8.1,TRUE,2.6,No
4476,21,Male,Single,Masters,Engineering,QA Engineer,1,3624,12.2,0,1,0,2,Hybrid,1.5,7,2.6,8.5,6.8,4,8.3,TRUE,3,No
4477,40,Male,Married,Bachelors,Customer Support,Customer Success Manager,5,8395,19.5,12,14.9,0,2,Onsite,4.1,4,3.5,7.4,5.3,4,10,TRUE,4.6,No
4478,36,Female,Married,Bachelors,Marketing,Growth Manager,3,6274,10.6,3.9,8,2.5,2,Hybrid,12.1,5,6.5,2.3,5.2,3,8.2,TRUE,4.1,Yes
4479,46,Female,Married,Masters,Operations,Program Manager,5,12218,12.2,13.6,20.1,2,3,Hybrid,1.2,22,2.7,4.4,9.1,3,9.4,FALSE,4.6,No
4480,32,Female,Single,Masters,Sales,Sales Development Rep,2,5791,4.9,4.9,12,2.5,2,Hybrid,24.6,24,8.5,4,1,4,9.4,TRUE,6.7,Yes
4481,42,Female,Married,Masters,Sales,Sales Manager,4,10599,16.4,10.5,20.2,0.4,2,Onsite,13.4,21,6.7,7.3,6,4,8.9,FALSE,4.3,No
4482,26,Female,Single,Bachelors,Engineering,Data Engineer,1,3600,11.2,3.1,6,2.1,2,Onsite,5.1,4,1.8,7.7,6.1,4,8.5,TRUE,6,No
4483,49,Male,Divorced,Masters,Operations,Program Manager,5,8192,13,9.3,16.3,0.8,3,Hybrid,5.2,16,5.2,6.5,5.9,4,7.8,TRUE,4.7,No
4484,43,Male,Married,Bachelors,Research & Development,Research Scientist,5,9235,7.8,14.4,18.7,0.3,2,Hybrid,1.5,6,3.6,4.6,7.1,4,8.7,TRUE,1,No
4485,41,Female,Divorced,Masters,Sales,Sales Development Rep,3,7650,6,5.4,12.3,2.1,1,Onsite,5.2,15,6.1,4.8,4.7,4,9,FALSE,2,No
4486,36,Male,Single,High School,Sales,Sales Manager,3,6131,14.3,9.3,14.7,1.3,1,Onsite,4,32,3.5,6.2,7.4,5,10,TRUE,3.9,No
4487,41,Male,Married,Masters,Operations,Operations Analyst,1,2539,8.8,0,6.8,0,2,Onsite,8.3,31,4.5,6.5,2.8,3,6.8,FALSE,7,No
4488,36,Male,Single,Masters,Operations,Operations Analyst,2,4632,12.5,8.3,14.1,0.5,2,Onsite,5.6,19,3.8,6,7.4,3,8.7,FALSE,4.3,No
4489,33,Female,Single,Bachelors,Operations,Operations Analyst,3,5411,15.3,3.2,9.7,3,2,Hybrid,5.2,34,4.7,7.2,6,4,9.1,FALSE,8.6,No
4490,58,Female,Married,Masters,Engineering,Engineering Manager,5,14040,8,13.4,17.6,4.2,2,Hybrid,1.2,12,1,7.5,5.7,4,9,TRUE,4.9,No
4491,41,Female,Married,Masters,Customer Support,Support Team Lead,4,6879,7.1,11.7,18.8,3.2,1,Hybrid,14.4,3,5.2,5.9,4.8,3,6.5,FALSE,4.4,Yes
4492,34,Male,Married,High School,Customer Support,Customer Success Manager,5,7727,4.7,7.2,14,2.9,2,Hybrid,4.9,7,3.6,5.1,5.3,4,10,TRUE,6.5,No
4493,39,Male,Single,Bachelors,Operations,Operations Manager,3,6119,13.4,7.2,10.5,1.5,0,Hybrid,6.1,15,4.1,4.9,7.9,3,7.2,FALSE,5,No
4494,47,Male,Divorced,Bachelors,Engineering,Engineering Manager,4,10810,13.3,4.8,9.4,4.8,1,Hybrid,1.8,7,2.6,8.3,6.9,4,8.6,FALSE,4,No
4495,39,Female,Single,Bachelors,Human Resources,Recruiter,2,4255,5.5,6.7,11.6,5.1,2,Hybrid,6.2,5,5,3.2,6.8,3,7.5,FALSE,4.3,Yes
4496,42,Female,Married,Bachelors,Marketing,Marketing Specialist,4,7556,15.6,11.8,22,0.2,5,Hybrid,0.7,7,2.2,8.6,6.9,4,4.6,FALSE,3.2,No
4497,35,Female,Married,Bachelors,Research & Development,Research Scientist,3,7436,7.3,9.5,11.3,3.4,0,Hybrid,4.9,6,7.1,5.7,5.8,3,5.8,TRUE,4.1,No
4498,40,Male,Single,Bachelors,Human Resources,HR Manager,3,5316,11.4,5.5,9.1,2.9,0,Hybrid,5.9,8,3.8,6.6,5.4,3,6.6,TRUE,4.2,Yes
4499,48,Female,Single,Masters,Marketing,Growth Manager,5,11430,15.1,7.4,13.7,1.4,2,Hybrid,16.4,7,6.8,6.2,5.8,3,6.2,TRUE,5.6,No
4500,39,Male,Married,Masters,Marketing,Content Strategist,3,7661,10.1,6.3,11,5.3,0,Remote,5.1,5,2.7,9,6.9,5,9.4,FALSE,7.4,No
4501,28,Female,Married,Bachelors,Engineering,Engineering Manager,3,7942,9,7,8,3.2,0,Hybrid,2.2,4,3.3,4.6,7.9,4,8,TRUE,5.5,No
4502,42,Male,Single,Masters,Research & Development,Product Researcher,3,9369,10.8,5.5,9.7,1.8,2,Onsite,6.7,6,6.2,4.8,7.7,2,8.9,TRUE,1.6,No
4503,31,Female,Single,Bachelors,Finance,Finance Manager,4,7316,8.7,10,11,3.3,2,Hybrid,10.8,8,5.5,4.9,6.4,3,9.1,FALSE,4.6,No
4504,52,Male,Single,Masters,Operations,Operations Manager,4,8248,16.1,12.4,21.2,0.6,2,Onsite,2.6,23,4.1,8.8,6.7,4,8.8,TRUE,6.6,No
4505,26,Female,Married,High School,Finance,Financial Analyst,1,2722,8.1,5,6,3.1,3,Onsite,1.1,9,5.1,6.6,5.7,2,10,TRUE,6.1,No
4506,33,Male,Single,Bachelors,Engineering,Software Engineer,1,4457,13.8,8.6,11.5,0.2,1,Onsite,1,3,2.6,6.2,8.5,3,8,TRUE,3.5,No
4507,26,Male,Married,Masters,Operations,Program Manager,3,6560,12.9,5,6,0.7,2,Hybrid,3.3,16,1,7.7,6.7,4,9.3,TRUE,2.3,No
4508,40,Female,Divorced,Bachelors,Engineering,Data Engineer,3,8481,11.8,9.4,11.6,0.9,2,Hybrid,10.5,7,3.2,8.8,5.6,4,9.6,FALSE,4.8,No
4509,48,Non-binary,Married,Bachelors,Engineering,Software Engineer,5,13572,10.9,12.1,20.8,2.7,3,Onsite,2.6,4,3.6,6.1,5.7,3,10,FALSE,3.6,No
4510,37,Female,Married,Bachelors,Marketing,Content Strategist,3,7485,16,4.9,16.9,0.1,4,Onsite,0.9,6,4.5,7.7,7,3,8.7,TRUE,7.2,Yes
4511,31,Female,Married,Bachelors,Marketing,Growth Manager,2,4825,13.3,1.8,4.6,1.8,0,Onsite,3.3,7,2.4,8.9,5.8,4,8.9,TRUE,7,No
4512,25,Female,Married,Bachelors,Human Resources,HR Business Partner,1,3212,6,3.9,5,3.5,2,Hybrid,11.1,6,3.6,6.6,5.8,4,8.5,TRUE,2.6,No
4513,52,Male,Divorced,Masters,Research & Development,Product Researcher,3,9957,8.5,2.2,11.2,1.4,3,Hybrid,12.3,6,5.2,8.7,3.8,4,7.7,FALSE,5.6,No
4514,26,Male,Married,Masters,Sales,Sales Manager,2,4169,10.2,3,6,1.8,5,Hybrid,5.1,21,3.5,6.8,5.1,4,8.7,FALSE,3.5,No
4515,54,Male,Married,Bachelors,Operations,Operations Analyst,4,7289,4.2,8.7,11.5,4,0,Hybrid,5,19,6,5.9,5.4,5,8.9,FALSE,3.6,No
4516,28,Male,Married,Bachelors,Sales,Sales Development Rep,2,6037,8.5,7,8,1.4,1,Remote,11.8,20,4,5.6,4.2,3,8,TRUE,7.3,Yes
4517,25,Male,Single,Bachelors,Operations,Program Manager,3,5444,9.7,3.9,5,2.6,0,Onsite,9.6,27,6.6,4.4,5.4,3,8.9,TRUE,3.5,No
4518,46,Male,Single,PhD,Finance,Financial Analyst,1,5038,9.7,10,20,4.6,3,Onsite,3.6,4,4,8.4,6.4,3,7.7,FALSE,6.1,No
4519,34,Female,Married,Bachelors,Sales,Account Executive,2,5267,11,6.3,11.5,0,0,Hybrid,12.5,23,6.9,5.3,4.2,4,9.1,TRUE,5.3,Yes
4520,37,Male,Divorced,Bachelors,Sales,Account Executive,2,5199,10.3,6.2,17,1.5,5,Hybrid,21.6,23,6.4,7.5,3.3,2,9.5,TRUE,6.7,Yes
4521,32,Male,Married,Bachelors,Marketing,Marketing Specialist,2,5014,16.3,3.4,11.6,0,3,Hybrid,4.6,2,3.4,8.5,5.9,4,8.1,FALSE,8.1,No
4522,33,Male,Married,Masters,Human Resources,HR Manager,4,7476,4.7,9.6,9.7,4.7,0,Remote,1.7,7,4.4,4,6.5,3,7.7,FALSE,7.4,Yes
4523,46,Male,Single,Masters,Customer Support,Support Specialist,4,6543,13.9,6.5,13.4,0.8,1,Onsite,5.9,7,4.4,8.7,4.9,4,10,TRUE,7.3,No
4524,44,Male,Married,Bachelors,Engineering,Software Engineer,5,11900,13.8,16,18.9,5.1,1,Hybrid,4.8,7,1.7,7.5,7.1,4,8.3,FALSE,1,No
4525,50,Male,Divorced,Bachelors,Sales,Sales Development Rep,3,8086,11.9,9.1,20.9,1.7,5,Onsite,5.4,26,6.1,5.4,5.3,4,9,FALSE,5.3,No
4526,44,Female,Single,Masters,Operations,Program Manager,3,9120,14.4,8.6,17.5,0.8,2,Hybrid,6.6,25,3.4,8.9,6.3,5,9.7,FALSE,6.1,No
4527,32,Female,Married,Bachelors,Sales,Sales Development Rep,2,5089,8.8,4,12,2.2,2,Remote,14.1,26,5.8,6,4.6,4,9.8,FALSE,8,No
4528,35,Male,Single,Masters,Finance,Financial Analyst,2,6419,9.8,7,11.7,2.4,0,Onsite,6.1,6,4.3,5.9,6.3,3,7.7,FALSE,8.9,No
4529,30,Female,Married,Bachelors,Research & Development,Product Researcher,2,6613,10,5.8,10,5.8,5,Remote,1.4,8,1,7.5,8.4,3,8.9,TRUE,2,No
4530,30,Female,Single,PhD,Marketing,Marketing Specialist,2,5970,12.7,6,10,0.7,1,Onsite,4.6,6,3.4,6.9,5.5,4,8.5,TRUE,10,No
4531,32,Female,Single,Bachelors,Customer Support,Support Specialist,2,3223,13.8,3.1,8.9,3.1,2,Remote,7.5,3,3.9,6.3,5.3,4,10,FALSE,5.4,No
4532,33,Female,Single,Bachelors,Engineering,Engineering Manager,2,5468,13,1.4,3.6,1.4,0,Onsite,1.2,4,3.8,6.7,7.9,3,9.3,TRUE,6.3,No
4533,38,Female,Single,Bachelors,Finance,Accountant,2,4742,10.2,4.5,10.3,2.3,2,Onsite,4,6,4,4.9,5.9,3,8,TRUE,10,No
4534,39,Male,Single,Masters,Finance,Finance Manager,2,5365,11.9,4.9,9.6,1.3,1,Onsite,2.8,7,2.3,7.7,7.1,4,10,FALSE,4.1,No
4535,38,Male,Married,High School,Human Resources,HR Business Partner,2,3523,7.8,7.8,11.9,7.4,2,Hybrid,2.2,14,3.7,8.2,7.8,4,9.1,FALSE,5.3,No
4536,48,Male,Single,PhD,Engineering,QA Engineer,4,10477,8,5.3,7.4,2.4,0,Hybrid,10.9,7,4.6,5,6.6,3,7.6,TRUE,2.6,No
4537,33,Male,Married,Bachelors,Engineering,Data Engineer,3,6720,9.8,6.7,8.8,0,0,Remote,5,4,3.3,6.3,7.3,3,6.9,FALSE,5,No
4538,32,Male,Single,Bachelors,Finance,Finance Manager,3,5187,12.6,6.8,12,1.8,5,Remote,8.5,9,3.4,6.5,6.1,3,6.9,FALSE,6.1,No
4539,39,Male,Married,Bachelors,Engineering,QA Engineer,3,7764,13.9,6.9,12.9,0.8,2,Hybrid,12.1,7,5.6,7.8,3.7,3,7,FALSE,6.6,No
4540,49,Female,Married,Bachelors,Marketing,Growth Manager,3,6179,12.7,6.6,11.3,1.3,2,Onsite,3.7,3,4.4,6.5,6.1,4,10,TRUE,5.4,No
4541,21,Male,Married,High School,Human Resources,Recruiter,1,2522,11.9,0,1,0,0,Hybrid,14.3,8,5.9,5.7,4.1,3,7.2,TRUE,7.6,Yes
4542,34,Male,Married,Bachelors,Research & Development,Research Scientist,2,5490,18.3,7.7,10.9,0.9,0,Hybrid,2.8,5,2.4,8.3,9.2,2,9.4,TRUE,1.8,No
4543,32,Male,Single,Masters,Research & Development,Research Scientist,2,5956,14.3,6.4,11.5,2.2,2,Hybrid,5.9,5,2.2,6.2,8.1,3,9.2,TRUE,3.8,No
4544,45,Female,Single,Bachelors,Finance,Accountant,4,7536,10.4,12.1,25,1.9,5,Hybrid,2,9,2.1,7.6,6.4,5,10,TRUE,4.2,No
4545,33,Female,Single,Bachelors,Customer Support,Support Specialist,2,3095,8.5,6.6,13,0.9,2,Remote,12.1,3,3.7,4.8,5.9,4,10,TRUE,9,No
4546,41,Male,Divorced,Bachelors,Finance,Finance Manager,5,8969,9.2,10.4,14,2.3,1,Onsite,2.3,5,4.1,7.3,5.8,4,7.2,TRUE,6.4,Yes
4547,32,Female,Single,Bachelors,Human Resources,Recruiter,1,3449,10.5,2.4,11.4,2,4,Hybrid,3.9,5,2.8,5.8,5.2,4,6.2,TRUE,4.2,No
4548,29,Female,Single,Bachelors,Sales,Sales Development Rep,3,8477,10.8,4.1,9,1.7,3,Onsite,12.8,17,4.8,4.3,4.5,4,10,FALSE,7.5,No
4549,33,Female,Single,Masters,Operations,Operations Analyst,1,3552,7.6,3.6,9.3,2.3,2,Remote,0.9,22,2.9,7.4,8.2,4,7.2,FALSE,4.9,No
4550,45,Female,Single,Bachelors,Engineering,Engineering Manager,4,10893,6,9.6,12.8,4,1,Hybrid,1.4,4,2.4,7.1,8.1,3,9,TRUE,3.6,No
4551,33,Male,Single,Bachelors,Engineering,QA Engineer,1,3643,9.6,3.5,0,1.3,0,Onsite,4.6,7,5,7.2,6.1,3,7.5,TRUE,4.5,No
4552,34,Male,Single,High School,Finance,Finance Manager,3,5284,10.1,6.4,14,0.2,3,Hybrid,3.4,5,3.8,5.4,6.6,4,8.4,FALSE,8.8,No
4553,36,Female,Married,Bachelors,Operations,Operations Analyst,2,4473,10.3,3.1,9.3,3.1,1,Remote,7.3,19,4.3,5.9,6.3,3,9.2,FALSE,5.2,No
4554,36,Male,Married,Masters,Engineering,QA Engineer,4,13511,6,9,16,5.1,4,Onsite,4.3,5,2.5,6.9,6.3,4,9.1,FALSE,3.9,No
4555,42,Female,Single,Bachelors,Research & Development,Product Researcher,2,6076,12.6,4.1,8.5,0.2,1,Hybrid,3.1,8,4.2,6.3,6.6,3,7.7,TRUE,5.3,No
4556,54,Female,Single,Masters,Customer Support,Support Specialist,5,8267,10.1,8.8,12.2,2.7,1,Hybrid,5,4,2.3,6,7.1,3,9.3,TRUE,7.3,No
4557,23,Male,Single,Bachelors,Engineering,QA Engineer,1,3363,12.8,2,3,0,1,Hybrid,5.9,7,4.2,4.3,6.3,3,7.5,FALSE,7,No
4558,43,Female,Single,High School,Operations,Operations Manager,3,5684,16.5,7.5,6.9,0.3,0,Remote,5.9,25,4.8,6.5,6.3,4,7.6,TRUE,3.7,No
4559,40,Female,Married,Masters,Engineering,QA Engineer,3,10700,13.5,13.3,17.2,3.7,1,Hybrid,4.1,2,4.9,6.5,5.3,3,7,TRUE,3.4,No
4560,29,Male,Married,Bachelors,Operations,Program Manager,3,6752,10,5.6,9,2.9,1,Remote,4.6,17,3.2,4.4,6.4,3,9.3,FALSE,8,No
4561,40,Male,Divorced,High School,Sales,Account Executive,3,6230,9,4.2,14.3,0,4,Hybrid,4.9,24,4,6.9,5.5,3,9.3,FALSE,3.2,Yes
4562,41,Female,Married,Bachelors,Engineering,Software Engineer,4,10719,13.9,11.4,12.9,0.9,0,Onsite,2.7,6,3.7,5.5,5.3,4,10,TRUE,3.2,No
4563,50,Male,Single,High School,Sales,Account Executive,3,6345,11.5,5.1,11.7,1.4,1,Onsite,2.1,16,4.1,6.4,6.1,2,9,TRUE,6.5,No
4564,32,Female,Single,Bachelors,Finance,Accountant,2,5306,13,6,7,1.5,0,Hybrid,2.3,8,3,7.5,6.1,4,10,TRUE,5.3,No
4565,37,Female,Divorced,Bachelors,Finance,Finance Manager,3,7095,8.7,14.7,17,2.8,2,Onsite,4.6,8,1,10,6.6,4,9,FALSE,5.1,No
4566,30,Female,Single,Masters,Sales,Sales Manager,3,6034,12.5,9,10,0.4,0,Onsite,5.4,25,5.1,5.1,6.4,5,10,FALSE,3.4,No
4567,39,Female,Married,PhD,Operations,Operations Manager,3,8210,11.9,3.1,13.8,2,3,Onsite,1.4,22,3.9,5.8,6.9,3,7.5,TRUE,8.5,Yes
4568,33,Male,Married,High School,Marketing,Content Strategist,1,2802,6.8,3.4,12.5,3.4,2,Hybrid,9.6,2,7.3,4.3,6.5,4,9.5,FALSE,9,Yes
4569,33,Female,Divorced,Masters,Sales,Sales Manager,3,6382,14,3.4,6,1.4,0,Onsite,16.6,28,4.5,7.8,5.2,4,9.2,FALSE,5.1,No
4570,29,Male,Married,Bachelors,Operations,Program Manager,2,4174,13.9,7.7,9,3,1,Hybrid,5.6,20,3.9,8.2,5.4,4,9.7,TRUE,2.9,No
4571,42,Male,Married,Masters,Operations,Operations Manager,5,10010,11.7,10.9,16,1.6,2,Onsite,0.8,20,4.1,5.9,7.9,3,7.6,FALSE,3,No
4572,25,Female,Single,Bachelors,Research & Development,Research Scientist,2,5194,12.8,0.9,5,0.3,1,Onsite,3.7,7,6.4,4.5,5.4,5,9.7,TRUE,5.3,Yes
4573,34,Male,Married,Bachelors,Engineering,Software Engineer,2,5065,15.3,3.5,11.5,0.9,2,Remote,4.5,4,4.9,5.6,6.7,4,6.2,FALSE,6.3,No
4574,35,Male,Married,Bachelors,Research & Development,R&D Manager,3,8724,12,5.3,15,2.3,5,Hybrid,2.5,8,4.2,6.3,6.7,3,7.6,TRUE,1.5,No
4575,43,Female,Single,Bachelors,Engineering,Engineering Manager,3,9537,17.6,11,19.3,0.3,2,Hybrid,3,7,3.8,6.1,6.2,4,8.4,FALSE,4.7,No
4576,46,Male,Married,Masters,Engineering,Data Engineer,5,13936,13.4,11,19.5,0.3,2,Hybrid,5.4,7,1.8,7.5,8.6,4,7.3,TRUE,1.5,No
4577,47,Female,Single,Bachelors,Operations,Operations Analyst,3,6536,15.5,6.5,9,1.6,0,Remote,4.4,17,3.6,6.8,6.2,4,9.7,FALSE,7.8,No
4578,27,Female,Married,Masters,Engineering,Software Engineer,1,3825,13.2,2.9,7,1.5,6,Hybrid,13.6,4,5.6,6,4.8,3,10,FALSE,3.9,No
4579,35,Male,Single,Masters,Finance,Financial Analyst,1,3814,15.4,3.5,10.2,3.5,3,Hybrid,5.4,7,6.1,5.3,5.6,3,10,FALSE,7.8,No
4580,43,Non-binary,Single,Masters,Marketing,Growth Manager,4,12133,13,10.9,19,1.1,3,Onsite,3.5,7,5.6,7.5,5.6,3,6.8,TRUE,8.9,No
4581,41,Male,Married,Masters,Research & Development,Product Researcher,4,10773,16.1,7.3,6,1.8,0,Hybrid,7.2,9,3.5,7,5.6,3,7.3,TRUE,2.6,No
4582,43,Male,Divorced,Masters,Operations,Operations Manager,3,5752,13.8,4.1,13.9,1.3,3,Remote,7,19,3.5,7.6,7.3,4,8.4,FALSE,4,No
4583,34,Female,Single,Bachelors,Marketing,Growth Manager,2,5731,11.7,9.4,14,0.9,2,Hybrid,2.3,5,4.4,7.5,6.6,4,9,TRUE,6.7,No
4584,31,Female,Married,High School,Operations,Operations Analyst,2,4157,12,8.3,11,2.9,2,Hybrid,3.7,27,3.3,3.2,5.2,4,7,TRUE,5.7,No
4585,42,Male,Married,Bachelors,Engineering,QA Engineer,3,8302,11.1,10.9,19.1,1.8,2,Hybrid,5,6,4.2,6.9,6.9,5,9.3,TRUE,5.5,Yes
4586,48,Male,Married,Bachelors,Marketing,Growth Manager,3,5989,13.3,2.3,12.5,0.9,3,Hybrid,19.1,6,5.8,7.6,4,4,7,TRUE,5.4,Yes
4587,48,Male,Single,Masters,Customer Support,Customer Success Manager,3,5690,18.8,6.8,9.7,2.7,1,Hybrid,6.8,5,5.7,6.4,6.1,4,9.5,FALSE,4.7,No
4588,40,Female,Married,Masters,Marketing,Growth Manager,4,8054,9.3,10.4,14,4.8,1,Remote,4.6,1,1,6.6,8,4,8.6,TRUE,2.1,No
4589,45,Male,Single,Bachelors,Sales,Sales Development Rep,2,4342,0,4.8,5.6,4.1,1,Onsite,24.2,19,8.7,4.2,2.2,2,8.4,FALSE,4.8,No
4590,44,Male,Married,High School,Engineering,Data Engineer,4,9782,14,6.4,11.5,3,1,Remote,4,9,2.9,9.9,7.1,4,9.5,FALSE,1,No
4591,31,Female,Married,Masters,Marketing,Content Strategist,4,9761,7,10,11,4.4,0,Onsite,2.9,5,3.9,6,6.4,3,5.6,FALSE,5.2,No
4592,41,Male,Single,Masters,Operations,Operations Analyst,3,6234,10.8,6.8,12.2,0.4,2,Onsite,12.6,31,5.8,6.5,5,5,9.4,TRUE,5.3,No
4593,45,Female,Single,Bachelors,Operations,Operations Analyst,2,5265,10.9,5.1,12.9,3,2,Onsite,0.6,15,4.4,5,6.6,4,9.8,TRUE,3.5,No
4594,24,Male,Single,High School,Engineering,Software Engineer,3,5477,12.3,3,4,1.9,1,Remote,4.3,4,2.5,6.2,8,3,10,TRUE,5.6,No
4595,35,Female,Married,Bachelors,Sales,Account Executive,2,4818,11.4,6.2,7.9,2.9,1,Hybrid,2.7,27,1.5,8,6.6,5,8.6,FALSE,6.6,No
4596,32,Male,Single,Bachelors,Sales,Sales Development Rep,2,4514,9.1,5.2,8.4,2.5,2,Onsite,14.4,29,5,6.3,3.8,5,8.4,TRUE,5.1,No
4597,46,Male,Married,Masters,Sales,Account Executive,4,8527,15.4,9.9,12.3,1.3,1,Hybrid,16.4,25,5.2,5.5,6.4,4,7.3,FALSE,5.1,Yes
4598,31,Male,Single,Masters,Research & Development,Product Researcher,1,5401,12.6,0,9.1,0,2,Hybrid,8.2,8,2.9,9,4.9,4,8.8,TRUE,3.8,No
4599,36,Male,Married,Masters,Customer Support,Customer Success Manager,4,6241,7.7,8.7,14.4,4.6,1,Remote,1.8,9,1.1,6.5,8.1,3,9.4,FALSE,7.4,No
4600,25,Male,Single,Bachelors,Engineering,Software Engineer,1,5108,18.5,2.4,5,0.7,1,Hybrid,2.5,6,2.8,7.8,6.9,3,8.2,TRUE,4,No
4601,37,Male,Single,Bachelors,Finance,Finance Manager,4,8094,9.3,9.1,17,0.4,5,Onsite,5.4,3,5.6,8.3,5.8,4,7.5,FALSE,6.8,No
4602,47,Female,Married,Bachelors,Engineering,QA Engineer,3,8808,17.2,6.4,11.4,4.7,1,Onsite,1,6,3.4,7.3,6.6,3,8,TRUE,1,No
4603,28,Female,Single,Masters,Marketing,Content Strategist,3,6325,20,7,8,1.1,0,Remote,0.2,7,2.4,7.6,7.4,4,9.9,TRUE,3.7,No
4604,37,Male,Single,Bachelors,Finance,Financial Analyst,2,4958,19.3,4.2,11.1,1.7,2,Onsite,5.8,11,2.5,7.3,7.1,4,9,TRUE,5.1,No
4605,37,Female,Single,Masters,Sales,Sales Development Rep,1,5134,9.6,3,15.1,2.2,4,Hybrid,3.7,26,3,8.3,6.5,4,9.7,TRUE,2.1,No
4606,39,Female,Divorced,Masters,Marketing,Growth Manager,3,7356,8.4,6.4,14,1.4,2,Remote,6.7,9,4.6,5.4,6.6,3,6.7,TRUE,7.9,Yes
4607,53,Female,Married,Bachelors,Marketing,Marketing Specialist,3,4632,16.2,3,7.7,1,1,Onsite,2.8,6,2.4,7.6,7.3,4,10,FALSE,4.5,No
4608,41,Male,Single,Bachelors,Engineering,Engineering Manager,3,6915,8.7,13.1,17.3,4.8,1,Hybrid,3.9,8,4.4,5.6,6.4,4,7.3,TRUE,1.6,Yes
4609,42,Male,Married,Masters,Engineering,Software Engineer,2,7108,11.7,9,13.8,0.8,0,Onsite,4,5,5.4,8,6.6,4,10,TRUE,3.8,No
4610,41,Female,Single,High School,Human Resources,HR Manager,5,8530,12.1,10.4,20.2,0.7,2,Remote,8.1,2,6.7,1.9,4.4,2,7.1,FALSE,8.2,Yes
4611,33,Female,Married,Bachelors,Finance,Accountant,1,3512,15.8,4.4,13,1.3,5,Hybrid,17.5,8,4.9,7.2,5.6,3,10,FALSE,7.3,No
4612,21,Female,Single,High School,Research & Development,Research Scientist,2,3753,11.9,0,1,0,2,Remote,11,5,4.4,7,6.4,4,8.5,TRUE,5.5,No
4613,41,Female,Single,Masters,Engineering,Software Engineer,3,6685,12.3,5.2,13,1.4,4,Onsite,3.2,2,2.6,6.4,5.1,4,7,FALSE,2,No
4614,37,Female,Married,Bachelors,Research & Development,Research Scientist,3,9237,13.7,8.9,17,0,2,Remote,8.4,4,5.4,7.8,6.4,3,10,TRUE,3.2,No
4615,21,Female,Single,Bachelors,Engineering,QA Engineer,2,5807,14.2,0,1,0,0,Onsite,9,7,4.6,5.8,6,3,8.7,TRUE,7.3,Yes
4616,38,Male,Married,Masters,Operations,Program Manager,2,4858,10.9,4.3,18,4.3,4,Hybrid,2.2,27,2.8,5.2,7,3,9.1,FALSE,5.7,No
4617,35,Female,Single,PhD,Sales,Sales Development Rep,2,6076,4.8,3.2,9.3,3.2,2,Remote,16.8,26,6.1,6,2.4,3,8.4,TRUE,6.7,No
4618,38,Male,Single,High School,Research & Development,Product Researcher,4,6446,7.8,7.3,13.5,3.8,1,Hybrid,3,4,2.2,4.1,6.8,3,7.5,TRUE,2.5,No
4619,35,Male,Single,Bachelors,Engineering,QA Engineer,3,8058,12.8,7.2,15,0.9,3,Hybrid,0.7,3,3,7.3,7.6,4,8.3,TRUE,2.9,No
4620,31,Female,Married,Masters,Engineering,QA Engineer,2,7695,6.2,8.2,11,3.1,1,Onsite,1.5,8,5,4.5,5.8,5,8.7,TRUE,6,No
4621,30,Male,Married,Bachelors,Human Resources,Recruiter,2,3552,15.1,6.6,10,0.8,1,Remote,4,2,1,7.4,8.1,4,10,FALSE,2.2,No
4622,37,Male,Married,High School,Operations,Program Manager,3,5792,15.7,8.2,15.4,2,1,Hybrid,14.4,22,6,7,4.1,4,7.8,FALSE,4.9,Yes
4623,41,Female,Married,Bachelors,Customer Support,Support Team Lead,3,3967,9.2,9.4,14.2,0.9,0,Onsite,5.6,1,4.5,6.3,6.9,3,7.9,FALSE,6.4,No
4624,46,Female,Married,Bachelors,Customer Support,Support Team Lead,5,7235,10.2,13,17.6,1.1,1,Onsite,9.4,7,6.1,3.3,5.4,3,6.6,FALSE,9.3,Yes
4625,37,Female,Single,Masters,Operations,Operations Manager,4,6912,10.6,8.3,15.7,1.4,3,Onsite,15.8,20,9,5.4,3.6,4,7.7,FALSE,5.8,No
4626,43,Prefer not to say,Single,High School,Research & Development,Research Scientist,4,8559,7.6,11.5,20,7.3,2,Hybrid,8.9,2,4.9,6.4,6.3,3,7.9,FALSE,3.3,Yes
4627,26,Male,Married,Masters,Engineering,Software Engineer,1,4665,11.1,2,6,2,1,Hybrid,3.9,6,4.7,6.4,6.3,3,7.4,TRUE,3.2,No
4628,35,Female,Married,Bachelors,Sales,Account Executive,2,5634,14.1,3.9,6.2,1.5,0,Hybrid,5.1,24,4.3,5.1,5.6,3,6.7,TRUE,4.5,No
4629,38,Female,Single,Masters,Engineering,QA Engineer,4,11680,11.2,10.9,18,0.3,2,Hybrid,10.6,8,3.6,8.1,5.6,4,10,TRUE,2,No
4630,39,Male,Single,Masters,Operations,Program Manager,2,3973,8.1,0.5,9,0.5,2,Onsite,5.3,21,6.1,4.2,5.3,2,7.7,FALSE,1.8,No
4631,34,Male,Married,Bachelors,Marketing,Content Strategist,2,3884,7.8,6.4,9.4,2.9,1,Remote,5.6,5,4.4,3.2,8.2,3,9.3,TRUE,4.4,Yes
4632,32,Female,Single,Bachelors,Human Resources,HR Business Partner,3,6732,10.4,2.9,11.4,2.9,3,Hybrid,11.9,4,3.5,7.8,4.6,4,7.6,FALSE,1,No
4633,36,Female,Divorced,Bachelors,Sales,Sales Development Rep,2,6650,10.4,5,13.4,3.3,1,Hybrid,2.8,32,2.4,7.1,6.7,4,7.9,FALSE,5.8,No
4634,36,Female,Single,Bachelors,Customer Support,Customer Success Manager,4,5403,12,9.4,15.3,0.8,1,Hybrid,7.6,6,5.2,5.7,6,4,9.9,TRUE,3.2,No
4635,21,Prefer not to say,Single,High School,Marketing,Marketing Specialist,1,3334,14.7,0,1,0,1,Hybrid,2.4,13,1.2,8.5,7.5,4,8.9,TRUE,6.8,No
4636,46,Female,Single,Bachelors,Engineering,Software Engineer,2,6054,19.6,8.4,10.6,0.7,1,Onsite,4.1,5,4.2,7.1,6.8,3,5.8,FALSE,3.3,Yes
4637,52,Male,Single,Masters,Engineering,Software Engineer,2,6685,14.7,5.4,11.9,2.7,1,Remote,7.7,8,3.9,6,7,5,9.6,TRUE,4.7,No
4638,21,Male,Single,High School,Finance,Accountant,1,3297,13.3,0,1,0,2,Remote,0.4,3,1,9.9,9.3,5,8.1,FALSE,6,No
4639,35,Male,Single,Masters,Finance,Financial Analyst,2,6818,11.9,6.4,15,4.9,2,Hybrid,9.3,7,3.8,8.1,5.6,4,7.5,FALSE,2.8,No
4640,45,Female,Single,Bachelors,Operations,Program Manager,4,7287,15,5.9,11.8,1.2,2,Onsite,3.6,24,4.1,6.8,6.3,4,8.1,FALSE,4.8,No
4641,32,Male,Single,Masters,Engineering,Software Engineer,2,6662,10.4,9.1,12,1,1,Remote,3.4,8,1.6,8.5,8.6,3,9.3,TRUE,4.2,No
4642,41,Male,Married,Masters,Engineering,Software Engineer,3,13011,9.8,7.1,14.7,2.2,3,Hybrid,2.3,5,1.9,7.2,5.6,3,8.8,TRUE,4.5,No
4643,45,Male,Married,PhD,Marketing,Marketing Specialist,5,15191,16.5,13.9,15.4,1.1,0,Hybrid,6,8,2.9,6.5,6.9,3,9.3,FALSE,2.2,No
4644,27,Female,Single,Bachelors,Engineering,Data Engineer,1,6030,10.1,4.4,7,2.1,3,Onsite,2.6,4,3.7,7.6,6.6,4,9.4,TRUE,3.7,No
4645,34,Male,Married,Masters,Finance,Finance Manager,4,9829,9.6,10,14,5.4,1,Hybrid,3.7,3,3.3,6.9,6.1,4,9.5,FALSE,4.5,Yes
4646,43,Female,Married,Masters,Customer Support,Customer Success Manager,4,8891,12.5,4.4,14.7,1,4,Hybrid,3.4,6,2.3,6.2,6.9,3,7.2,FALSE,4.7,No
4647,41,Female,Single,Bachelors,Sales,Sales Development Rep,2,6008,10.5,7.7,12.5,0.9,3,Onsite,5.8,34,4.9,5.3,5.4,3,8.2,FALSE,5.9,No
4648,48,Male,Divorced,High School,Engineering,Data Engineer,4,9577,16.4,10.3,17.4,0.7,2,Hybrid,2.9,6,4,6.2,6.1,4,9.9,TRUE,1.5,No
4649,36,Male,Single,Masters,Research & Development,R&D Manager,3,6568,10.8,9.2,9.8,3.2,0,Hybrid,11.9,4,5,3.3,5.5,3,8.4,TRUE,2.6,No
4650,33,Female,Single,Masters,Research & Development,Product Researcher,2,8006,6.2,7.2,13,2,3,Hybrid,4.1,6,3.8,7.8,7.6,4,7.5,TRUE,1,No
4651,39,Female,Single,Bachelors,Sales,Account Executive,3,8155,8.2,4.4,12,2,2,Remote,5.8,22,4.8,5.3,5.4,4,9.8,FALSE,5,Yes
4652,27,Male,Single,Masters,Operations,Operations Manager,3,5624,13.2,6,7,1.2,1,Onsite,9.7,26,6,4,5.5,3,8,TRUE,2.7,Yes
4653,40,Male,Single,Bachelors,Engineering,QA Engineer,3,9521,12.5,6.8,12.1,0.7,2,Hybrid,11.5,7,3.7,9.2,6,5,8.9,FALSE,1,No
4654,36,Female,Single,Bachelors,Operations,Program Manager,4,10330,12.3,8.2,16,0.9,2,Onsite,5.3,19,2.7,7.4,8.6,4,6.9,TRUE,5.4,No
4655,29,Female,Married,PhD,Engineering,QA Engineer,2,7593,6.5,2.7,6.8,2.3,1,Onsite,6.2,8,4.5,5.1,6.6,3,8.1,TRUE,4.9,Yes
4656,42,Male,Single,Bachelors,Operations,Operations Analyst,5,13818,12.8,9.4,14.6,2.5,1,Remote,3.7,21,1.9,6.9,6.2,2,7.3,FALSE,3.5,No
4657,35,Female,Married,Bachelors,Engineering,Software Engineer,2,6419,6.8,5.5,12,1.2,3,Hybrid,16.1,3,2.9,8.4,3.4,4,9.2,TRUE,1,No
4658,23,Male,Married,Bachelors,Marketing,Content Strategist,2,4639,9.7,2,3,2,2,Hybrid,1,2,4.3,5.6,6.5,4,8.3,TRUE,4.7,No
4659,38,Male,Single,Bachelors,Finance,Accountant,2,4839,13.9,2.3,6.3,2.3,1,Onsite,2.9,8,4.6,6.1,5.8,3,9.4,TRUE,7.5,No
4660,38,Male,Married,Masters,Customer Support,Customer Success Manager,3,5388,9.3,6,14.2,1.4,1,Hybrid,7.1,11,4.6,7.2,5.9,4,8,FALSE,6.6,No
4661,36,Male,Divorced,Bachelors,Marketing,Growth Manager,4,8117,11.1,7,11,5.2,2,Hybrid,2,4,3.4,4.7,6.8,3,6.9,FALSE,6.5,No
4662,34,Female,Single,Bachelors,Marketing,Content Strategist,1,3121,10.4,3.7,7.9,1.9,0,Onsite,5.7,6,4.5,6.5,5.3,3,7.5,FALSE,6.6,No
4663,36,Female,Single,Masters,Engineering,Software Engineer,2,6941,7.5,4.3,12.8,4.3,3,Hybrid,7.2,3,5,4.6,5.8,3,10,TRUE,4.7,No
4664,38,Male,Single,Bachelors,Sales,Account Executive,2,6519,8.7,6.1,8.9,4,1,Hybrid,7.2,23,2.8,6.7,7.5,3,7.1,FALSE,3.8,Yes
4665,36,Male,Married,Bachelors,Marketing,Content Strategist,2,3996,14.7,2.1,11.3,1.3,1,Hybrid,5,7,3.2,7,7.3,3,8.7,FALSE,4.6,No
4666,36,Female,Married,High School,Sales,Sales Manager,4,5432,18.1,13.3,14.2,0.5,0,Onsite,12.7,25,3.8,8.6,6.4,3,6.8,TRUE,1,No
4667,45,Female,Married,Masters,Human Resources,HR Manager,5,10278,13.2,9,13.9,2.6,1,Hybrid,9.8,11,5.4,6.6,5.1,4,9.2,FALSE,6,Yes
4668,25,Female,Married,Bachelors,Research & Development,Product Researcher,1,3479,10.7,1.5,5,1.5,1,Remote,4,1,2.6,4.4,5.7,2,8.3,TRUE,4.8,No
4669,42,Female,Married,Masters,Engineering,QA Engineer,5,14091,14.6,14.2,22,1.1,2,Remote,3.7,10,1,9.5,7.9,5,7.2,TRUE,1,No
4670,26,Male,Married,Masters,Marketing,Marketing Specialist,2,5126,16.6,5,6,1.7,3,Remote,3.6,4,1,10,8.3,3,7.8,TRUE,4.2,No
4671,21,Male,Divorced,Masters,Engineering,Software Engineer,1,3736,14.8,0,1,0,3,Onsite,10.2,4,4,5.7,5.3,3,7.4,TRUE,3.9,Yes
4672,27,Female,Married,Bachelors,Engineering,QA Engineer,2,6835,15.3,2.6,7,0.9,1,Remote,4.8,3,2.2,7.2,6.5,4,6.9,FALSE,3.9,No
4673,27,Male,Married,PhD,Engineering,Software Engineer,1,4842,13.7,6,7,3.2,2,Onsite,6.3,5,4.1,6.9,4.3,4,9.8,TRUE,6.1,No
4674,42,Female,Married,Masters,Research & Development,R&D Manager,2,7658,4.4,3,11.1,3,2,Hybrid,7.8,3,4.1,6.1,5.2,4,9.5,TRUE,3.1,No
4675,25,Male,Single,Masters,Customer Support,Support Team Lead,2,4106,13.3,4,5,1.1,1,Hybrid,11.1,5,6.2,5.1,4.8,4,9.4,FALSE,8.7,Yes
4676,36,Female,Single,Bachelors,Engineering,Engineering Manager,5,11303,10.6,14.1,15.7,4.5,1,Onsite,6.6,3,1.4,7.4,6.3,4,7.5,TRUE,3.7,No
4677,32,Female,Single,Masters,Operations,Operations Manager,3,6566,17.1,5.3,10.3,0.8,1,Hybrid,5.4,14,3.1,9.2,6.6,5,9.7,FALSE,5.5,Yes
4678,30,Male,Married,Bachelors,Engineering,Data Engineer,2,6403,18.8,7.8,10,0.4,1,Hybrid,15,3,5.1,5.8,4,3,9.1,FALSE,3.2,No
4679,52,Female,Single,PhD,Human Resources,HR Business Partner,4,7568,13.2,12.3,18.5,1,1,Hybrid,10.3,3,5.7,6.9,3.9,3,9.4,FALSE,7.4,No
4680,40,Female,Married,Bachelors,Sales,Sales Manager,5,9521,12.8,9.3,14.3,0.5,2,Hybrid,9.5,19,3.2,7.1,6.9,4,9.8,TRUE,3.9,No
4681,47,Male,Married,Bachelors,Customer Support,Customer Success Manager,4,6174,4.9,12.5,17.7,6.4,0,Hybrid,6.4,7,2.8,4.6,6.4,3,9.1,TRUE,6,Yes
4682,37,Male,Divorced,Bachelors,Marketing,Content Strategist,4,7768,11.6,9.4,15.9,1.9,2,Onsite,19.6,8,5.2,7.8,4.2,4,10,FALSE,8.6,No
4683,39,Female,Single,Bachelors,Operations,Operations Analyst,4,8102,9.1,9.6,19,3.3,1,Hybrid,14.4,24,4,7.8,5.7,3,6.6,FALSE,2.6,No
4684,48,Female,Single,Bachelors,Operations,Operations Manager,4,7192,8.7,6.4,9.9,1.9,1,Onsite,1.6,19,2.9,7.2,6.5,4,6.1,TRUE,5.1,No
4685,37,Male,Single,High School,Customer Support,Support Specialist,2,3350,7.9,7.9,15.9,2.6,1,Hybrid,8.1,3,4.2,6.6,6,4,8.4,FALSE,7.4,No
4686,38,Female,Married,Masters,Operations,Operations Manager,2,4757,8.5,5.8,10.4,2.4,1,Onsite,6.1,19,5.4,4.3,4.9,4,9.6,TRUE,5.1,Yes
4687,35,Male,Married,Masters,Finance,Accountant,5,8605,11.8,10.6,15,2.8,4,Hybrid,7.7,7,4.3,6.7,4.7,3,9.3,TRUE,4.9,No
4688,32,Female,Divorced,Bachelors,Sales,Sales Manager,3,7992,11.6,3.9,9.6,0,1,Remote,14.6,18,7,5.8,4.7,4,8.5,TRUE,6,No
4689,29,Male,Single,Bachelors,Marketing,Content Strategist,2,4489,6.5,4.4,9,2.3,4,Onsite,6.9,7,4.8,8.2,6.6,3,7.3,FALSE,7,No
4690,35,Male,Single,Bachelors,Engineering,Engineering Manager,2,7275,13.5,6.5,9.3,3.1,2,Remote,7.3,7,3.5,5.7,6.9,4,10,FALSE,2.3,Yes
4691,40,Male,Single,Bachelors,Operations,Operations Manager,5,10349,11.9,9.2,20,1.2,4,Onsite,16.7,26,9,2.1,2.8,3,5.4,TRUE,4.5,Yes
4692,39,Male,Single,Bachelors,Engineering,Engineering Manager,4,10779,19,9.3,11,0.5,2,Onsite,2.8,8,2.5,9.2,8.3,5,9.6,TRUE,3.5,No
4693,29,Female,Single,Masters,Engineering,Software Engineer,2,6055,14.8,7.3,8.5,0.7,1,Remote,3.4,6,3.7,7.3,6.5,4,8,TRUE,3.1,No
4694,21,Female,Single,Bachelors,Sales,Account Executive,1,3080,17.9,0,1,0,1,Onsite,3.5,20,3.8,8.2,6.1,4,9.3,FALSE,7.8,No
4695,36,Female,Single,Bachelors,Sales,Account Executive,3,6616,10.6,7.7,13.2,2.2,1,Onsite,11.2,16,3.4,6.3,6.1,5,10,FALSE,3.3,No
4696,43,Female,Single,High School,Research & Development,Research Scientist,3,5138,12.6,9.1,12.6,0.8,2,Hybrid,0.7,10,1.7,6.7,8.2,3,9.2,TRUE,2.2,No
4697,31,Male,Married,Bachelors,Finance,Financial Analyst,3,5492,10.2,8.1,11,1.8,6,Hybrid,11.8,9,5.8,5.8,5.4,2,8.6,TRUE,5.6,No
4698,27,Male,Single,Bachelors,Marketing,Content Strategist,1,4206,9.4,3.3,7,3.3,2,Onsite,15.7,10,8.1,3.3,3.5,3,6,TRUE,7.3,Yes
4699,43,Female,Single,Masters,Research & Development,R&D Manager,4,9479,12,9.2,13.5,5,1,Onsite,2.6,4,6,5.7,7.5,3,6.5,FALSE,4.6,No
4700,31,Male,Married,Bachelors,Research & Development,R&D Manager,2,4934,12.3,9.5,11,1.6,2,Hybrid,3.3,13,1.8,9,8.4,4,8.4,TRUE,3.7,No
4701,31,Male,Divorced,Bachelors,Human Resources,Recruiter,1,3102,12.4,10,10.2,3,0,Remote,1,4,1.5,8.7,7.7,4,8.9,TRUE,5.4,No
4702,21,Female,Single,Masters,Sales,Sales Development Rep,1,4097,10.6,0,1,0,2,Hybrid,14.5,35,5.7,6.5,4.2,4,10,FALSE,6.2,Yes
4703,28,Male,Divorced,Bachelors,Sales,Account Executive,2,5512,7.8,0.9,4.9,0.4,2,Onsite,3.6,13,3.1,6.6,6.8,3,10,FALSE,9.3,No
4704,38,Male,Married,Masters,Research & Development,R&D Manager,4,11885,11.5,12.5,18,2.5,2,Remote,10.9,9,3.5,5.4,7.2,4,9.3,TRUE,5.3,No
4705,35,Female,Married,Masters,Finance,Finance Manager,2,6809,11.1,8.1,11.3,8.1,2,Remote,2.3,3,2.4,5.9,7.5,4,8.6,TRUE,5.1,No
4706,24,Male,Married,High School,Engineering,Software Engineer,1,4537,9.3,1.9,4,0.5,0,Hybrid,16.6,8,6.5,4.6,2.9,3,9.1,TRUE,2.7,No
4707,39,Male,Married,Masters,Marketing,Marketing Specialist,4,9580,12.4,8.6,13.4,0.7,1,Onsite,10.3,6,5.9,5.4,5.2,2,9.1,TRUE,5,No
4708,52,Female,Married,Masters,Operations,Program Manager,5,12699,13.5,8.2,11,0,0,Onsite,2.8,21,4.2,5.2,6.8,4,9.1,TRUE,4.7,No
4709,43,Female,Single,Bachelors,Sales,Account Executive,2,5056,4.7,4.4,14.7,4.4,4,Onsite,8.1,22,7.1,4.3,5.8,3,5.9,FALSE,5.1,Yes
4710,27,Male,Single,Masters,Finance,Financial Analyst,2,6410,10.4,6,7,3.5,0,Hybrid,2.2,7,3.5,7.8,6.3,2,8.5,FALSE,5.1,No
4711,39,Non-binary,Single,Bachelors,Research & Development,Research Scientist,2,5200,11.5,4.3,4.1,4.3,0,Onsite,0.8,4,4.5,4.9,5.8,4,9.1,TRUE,4.9,No
4712,33,Male,Married,Bachelors,Engineering,Data Engineer,1,4185,12.7,0.6,7,0.6,2,Onsite,6.6,4,5.8,5.7,4.8,3,8.3,TRUE,2.2,No
4713,30,Female,Divorced,Masters,Operations,Program Manager,2,5047,12.9,9,10,5.3,3,Hybrid,4.9,21,2.2,4.8,6.2,4,9.5,FALSE,3,No
4714,45,Female,Divorced,Masters,Customer Support,Customer Success Manager,3,6202,7.2,6,10.3,2,1,Onsite,12.9,6,8.4,6.4,3.7,4,9.5,TRUE,7.7,No
4715,34,Non-binary,Married,Bachelors,Human Resources,HR Manager,3,5613,12.8,5.6,12.6,2.6,1,Onsite,2.4,4,1.9,7.3,6.5,4,6.7,FALSE,1.6,No
4716,27,Female,Married,PhD,Marketing,Marketing Specialist,2,7645,12.5,5.1,7,3.7,0,Hybrid,6.8,3,2.1,8,5.8,5,9.1,FALSE,4.8,No
4717,30,Female,Married,Masters,Sales,Sales Manager,3,9022,16.3,7.7,10,0.7,2,Onsite,6.4,30,5.5,6.4,6.4,3,8.8,FALSE,5.5,No
4718,31,Male,Married,High School,Marketing,Content Strategist,2,3785,9.2,7.6,11,4.7,3,Remote,3.9,13,3.1,8.1,8.1,4,10,FALSE,8.2,No
4719,29,Female,Married,PhD,Operations,Operations Manager,3,6590,10.6,8,9,4.7,1,Hybrid,4.4,21,1,9.1,7.8,4,6.6,TRUE,5,No
4720,47,Female,Married,Masters,Operations,Operations Manager,3,5755,13.8,7.8,11,1.3,1,Remote,9.1,19,3.6,3.4,6.2,4,7.5,TRUE,5.8,Yes
4721,37,Male,Single,Bachelors,Finance,Financial Analyst,2,5150,15.2,3.6,15.1,2.8,2,Onsite,11.6,3,7,3.5,5,4,8.4,TRUE,4.5,No
4722,41,Male,Single,Masters,Finance,Finance Manager,4,11874,6.5,9.9,19.2,4.4,3,Remote,12.1,9,3.7,6,7.7,5,10,FALSE,3.2,No
4723,39,Male,Single,Bachelors,Customer Support,Customer Success Manager,3,4155,8.3,5.4,9.5,4,2,Hybrid,12.5,5,6.9,5.5,3.9,3,8.1,TRUE,8.8,No
4724,38,Male,Married,High School,Engineering,Software Engineer,2,5342,11.8,10.5,14.8,2.2,2,Hybrid,2.1,4,2.5,6.5,5.5,4,8.3,FALSE,6.2,No
4725,42,Female,Single,Bachelors,Human Resources,HR Business Partner,3,6706,18.7,5.1,14.7,0.5,2,Remote,6.2,6,2.4,7.1,6.4,4,9.1,TRUE,4.3,No
4726,42,Female,Married,Bachelors,Research & Development,Product Researcher,2,5390,16.3,0,5.8,0,3,Hybrid,2.7,7,4.5,4.5,6.9,3,8.1,TRUE,4.8,No
4727,47,Male,Married,Bachelors,Sales,Sales Development Rep,4,7603,14.6,5.8,13.4,0,4,Remote,6.4,23,2.1,7.4,8.4,4,8.5,FALSE,4.4,No
4728,33,Male,Single,Bachelors,Operations,Operations Manager,2,4159,10.1,11.7,13,3.5,1,Remote,5.1,18,4.2,3.4,6.6,3,6.4,FALSE,2.8,Yes
4729,33,Female,Married,Bachelors,Marketing,Content Strategist,4,9196,13.6,8.8,13,2.5,6,Onsite,9.1,8,4.8,7,5.7,3,7.3,FALSE,4.6,No
4730,35,Male,Single,Bachelors,Sales,Account Executive,2,5507,6.2,4.6,7.3,4.6,1,Onsite,4.9,22,2.8,8.7,6.9,3,9,TRUE,4.5,No
4731,34,Female,Married,Bachelors,Sales,Sales Development Rep,1,2644,7.7,8.2,13.8,7.8,1,Hybrid,7.3,24,5.3,5.3,4.7,4,8.7,FALSE,6.1,No
4732,37,Female,Married,High School,Customer Support,Support Specialist,1,2894,7.3,7.4,11.4,2.4,1,Onsite,14,6,5.7,5.4,5.1,3,6.7,TRUE,5.4,No
4733,45,Female,Married,Masters,Finance,Accountant,4,8474,11.4,12.3,15.5,4.4,0,Onsite,2.8,5,2.6,7.9,6.8,4,7.5,FALSE,6.6,No
4734,43,Male,Married,Bachelors,Operations,Operations Manager,4,6876,12.5,9.7,13,0.3,1,Onsite,10.9,23,5.7,6.4,5.2,3,8.5,TRUE,4.5,Yes
4735,33,Female,Single,Bachelors,Sales,Sales Manager,3,7645,11.4,10.9,13,1.1,2,Hybrid,15,21,5.1,6.4,5,4,7.8,FALSE,2.5,No
4736,34,Male,Single,Bachelors,Sales,Sales Manager,3,8765,8.2,9.9,14,1.4,0,Onsite,8.7,27,5.1,7,3.6,4,8.3,FALSE,7.7,No
4737,50,Female,Married,PhD,Engineering,Software Engineer,4,12310,12.3,7.9,12.6,3.1,1,Onsite,2.4,5,4.1,8.4,5.6,5,9.8,TRUE,6.9,No
4738,37,Male,Married,Masters,Research & Development,Research Scientist,3,6965,15.4,5.3,12.6,0.5,1,Onsite,5.6,4,2.8,9.7,6.1,3,9,FALSE,3.3,No
4739,40,Male,Divorced,Masters,Sales,Sales Manager,4,10845,12.5,10.9,16.9,1.1,2,Hybrid,4.1,29,3.7,7.8,5.1,4,7.8,TRUE,1.1,No
4740,47,Female,Married,Bachelors,Customer Support,Support Specialist,4,5213,13.1,9,12.4,1.6,1,Onsite,3.5,4,3.4,6.4,5.8,3,10,TRUE,5.6,Yes
4741,60,Female,Married,Bachelors,Sales,Sales Manager,5,8746,7.8,11.2,21.1,1.6,3,Hybrid,16.4,24,6,7.5,5.5,3,8.2,TRUE,2.9,No
4742,28,Male,Married,Masters,Human Resources,HR Business Partner,3,5831,16.2,5.7,7.8,1.6,0,Onsite,15.7,5,7,5.4,4.2,4,8.4,FALSE,4.3,No
4743,52,Male,Single,Bachelors,Customer Support,Customer Success Manager,4,6671,12.8,12.2,14.9,0.6,2,Hybrid,5.3,8,2.1,7.7,7.2,4,6.9,FALSE,6.4,No
4744,27,Female,Single,PhD,Engineering,QA Engineer,1,5149,11.7,0,4.8,0,2,Remote,11.2,1,4.2,6.6,6.3,4,10,FALSE,6.3,No
4745,25,Female,Married,Bachelors,Human Resources,HR Manager,4,7408,5.5,4,5,1.6,1,Onsite,7.4,6,5.3,6.4,4.7,3,7.8,FALSE,6.3,No
4746,33,Male,Single,PhD,Engineering,Data Engineer,4,8289,14.3,12,13,0.9,2,Remote,0.4,8,2.9,6.3,7.4,3,10,TRUE,2.5,No
4747,44,Female,Divorced,PhD,Research & Development,Research Scientist,2,5956,11.9,5,11.2,3,1,Hybrid,9.2,5,4,5,6.2,3,8.3,FALSE,2.6,Yes
4748,37,Female,Divorced,High School,Research & Development,Research Scientist,3,6505,12.9,7.3,16.5,0.8,2,Hybrid,12.6,5,4.7,6.2,5.7,3,9.1,TRUE,5.6,No
4749,41,Male,Married,Bachelors,Marketing,Growth Manager,4,7121,7.5,14.9,19.6,3.1,0,Remote,3.1,6,2.2,7,7.5,5,8.6,FALSE,7.1,Yes
4750,49,Female,Single,Masters,Engineering,Software Engineer,3,6764,14.1,4.4,11.9,2.7,3,Hybrid,1,6,3.5,7.5,6.3,4,8.9,TRUE,5.6,No
4751,31,Male,Married,Bachelors,Finance,Finance Manager,3,6593,9.8,10,11,5.2,1,Hybrid,2.6,5,1.2,7.6,7.9,3,8.5,FALSE,7.9,No
4752,40,Male,Married,Bachelors,Customer Support,Support Specialist,3,5371,9.9,10.3,15.3,1.7,2,Remote,10.6,5,2.9,6.3,6.2,3,8,TRUE,7.3,No
4753,38,Male,Single,Bachelors,Finance,Accountant,3,5544,16.1,6.7,15.6,1.6,2,Onsite,3.3,4,4.7,6.8,3.6,4,9.2,TRUE,5.3,No
4754,44,Female,Divorced,Bachelors,Customer Support,Customer Success Manager,3,5343,7.2,7.7,10.1,0.9,1,Hybrid,8.1,8,3.7,8.3,4.5,3,7.4,TRUE,3.6,Yes
4755,42,Male,Single,PhD,Customer Support,Support Specialist,3,4369,7.7,6,12.5,0.8,1,Hybrid,7.3,3,6,3.1,5,2,9.6,FALSE,8.3,Yes
4756,41,Male,Divorced,Bachelors,Engineering,Engineering Manager,4,12831,12.5,11.6,16.6,0.1,1,Onsite,4.4,4,3.4,9.9,6.7,5,8.3,TRUE,5.3,No
4757,44,Female,Married,Bachelors,Marketing,Marketing Specialist,2,4153,12.1,5.3,16.4,5.3,4,Onsite,8,6,3.7,5.4,5.8,3,8.9,TRUE,8,No
4758,36,Female,Single,Masters,Engineering,QA Engineer,1,4271,15.3,2.8,4.9,0.7,0,Onsite,15.2,7,5.5,5.9,4.2,5,8.6,TRUE,6,No
4759,23,Female,Married,PhD,Engineering,Engineering Manager,4,10834,15.5,2,3,2,1,Remote,5.3,5,1.3,9.6,7,4,7,TRUE,3.4,No
4760,34,Male,Single,Masters,Engineering,QA Engineer,2,7140,17.3,6.8,11.1,1.6,2,Hybrid,5.7,3,4.8,5.5,5.5,4,7.2,TRUE,4.7,No
4761,34,Male,Married,Bachelors,Research & Development,Product Researcher,1,4733,9.5,1.6,4.1,1.6,0,Onsite,11.5,8,5.6,4.2,5,3,6,TRUE,5.8,No
4762,51,Female,Divorced,Masters,Customer Support,Customer Success Manager,4,6172,7.4,8.1,15.4,2.3,3,Hybrid,7.4,6,5.6,7.1,4.8,3,6.8,FALSE,6.6,No
4763,48,Male,Married,Bachelors,Customer Support,Customer Success Manager,5,7377,11.9,12.9,20.3,1.9,2,Onsite,7.6,2,4.7,6.3,4.4,4,8.8,FALSE,6.4,No
4764,41,Male,Divorced,Masters,Engineering,QA Engineer,2,6040,15.7,5,14.8,0.9,3,Onsite,10.5,3,4.1,7.4,6,4,9.2,FALSE,3.8,No
4765,32,Male,Single,Bachelors,Engineering,QA Engineer,2,6585,5.5,3,8.5,3,1,Hybrid,0.6,7,4.4,6.4,6,4,7.7,TRUE,3,Yes
4766,46,Female,Married,Bachelors,Engineering,Data Engineer,5,11976,6.8,12.9,16.8,0.3,1,Onsite,5.6,4,4.6,4.7,6.5,4,7.9,TRUE,3.1,No
4767,22,Male,Single,Bachelors,Sales,Sales Manager,3,5434,11.3,1,2,1,2,Onsite,4.1,21,3.9,5,6.9,4,7.4,TRUE,7,No
4768,43,Female,Married,High School,Customer Support,Support Specialist,4,4243,15.1,5.1,8,1.6,0,Onsite,8.3,6,4.3,6.7,5.2,4,8.7,TRUE,6.6,Yes
4769,37,Female,Single,Bachelors,Human Resources,HR Manager,3,5504,8.2,7.6,17,1.4,3,Onsite,8.5,8,3,6.8,5.1,3,6.7,TRUE,7.1,No
4770,36,Male,Married,High School,Finance,Financial Analyst,2,4686,11.6,2.9,7.8,2.4,3,Hybrid,4.4,9,4.9,5,5.7,4,8.7,TRUE,6.5,No
4771,46,Male,Married,PhD,Customer Support,Support Specialist,4,7423,12.5,9.4,17.7,2.9,1,Remote,4.1,5,4.5,6,6.6,3,9.4,FALSE,7,Yes
4772,31,Male,Single,Masters,Sales,Account Executive,4,8773,8.8,10,11,1.5,2,Onsite,8.5,31,4,6,7.7,4,8.8,TRUE,5.8,No
4773,37,Female,Single,High School,Customer Support,Support Specialist,4,6599,10.1,9.7,17,4.3,2,Remote,5.4,2,2,5.9,7.3,4,8.5,TRUE,4.3,No
4774,37,Male,Married,Masters,Research & Development,Product Researcher,2,5795,5.8,5.5,11.8,2.5,1,Hybrid,5.4,1,2.4,8.2,7.5,4,8.5,TRUE,4.5,No
4775,48,Female,Married,Masters,Marketing,Marketing Specialist,4,7533,14.5,6.6,15.3,4.5,2,Hybrid,19.1,4,4.4,4.6,4.7,4,7.7,TRUE,4.6,Yes
4776,49,Male,Married,Bachelors,Finance,Finance Manager,5,11941,17.1,5.8,7.7,0.8,0,Remote,1.5,3,1.5,9.1,8.1,4,9.1,FALSE,4.8,No
4777,31,Female,Single,Masters,Customer Support,Support Specialist,3,6810,10.6,8.9,11,1.5,1,Hybrid,9.6,9,5.3,6.9,4.9,4,8,TRUE,5.4,No
4778,32,Male,Married,High School,Engineering,QA Engineer,1,3518,11.1,5.8,11.2,1,1,Remote,2.8,3,2,7.7,7.6,4,8.4,TRUE,5.7,No
4779,38,Male,Married,Masters,Sales,Account Executive,2,7166,15.4,6.1,12,1.3,1,Remote,19.2,21,7.9,4,4,3,8,FALSE,2.6,Yes
4780,39,Female,Married,High School,Engineering,QA Engineer,1,3485,13.8,5.8,8.6,0.8,0,Onsite,7.2,3,2.5,5.5,6.4,3,6.8,TRUE,3.8,No
4781,38,Male,Married,High School,Research & Development,Research Scientist,2,5569,14.7,5.9,6.4,0.7,0,Onsite,1.1,2,4.4,4.9,6.3,4,5.8,FALSE,5.1,No
4782,34,Female,Married,Bachelors,Marketing,Growth Manager,2,4860,8.6,4.3,11.6,4.3,2,Onsite,10.9,8,3.5,7.9,4.1,4,9.6,FALSE,4.4,Yes
4783,33,Female,Married,Masters,Marketing,Growth Manager,2,6324,15.6,7.3,13,2.1,4,Remote,6.4,7,5,7.1,5.5,4,9,TRUE,5,No
4784,39,Male,Single,Bachelors,Engineering,QA Engineer,3,7335,7.4,8.6,12.6,3,0,Onsite,15.9,2,3.8,9.2,4,4,8.2,FALSE,2.4,No
4785,30,Female,Divorced,Bachelors,Customer Support,Customer Success Manager,3,5971,12.8,4.9,10,4.9,1,Onsite,11,4,4.3,5.8,6.3,4,7.5,FALSE,5.5,No
4786,42,Male,Married,Bachelors,Sales,Sales Manager,5,13909,13.3,16,22,0.8,2,Onsite,15.1,24,6,6,4.8,3,8.6,TRUE,4.4,Yes
4787,27,Female,Single,PhD,Engineering,Data Engineer,2,8227,14,6,7,1.5,2,Remote,3.1,7,4.1,4.7,7.4,3,8.1,TRUE,4.1,No
4788,34,Female,Married,Bachelors,Sales,Sales Development Rep,2,4608,13.5,4.5,8,0.6,0,Remote,3.7,26,3.5,5.6,8.1,2,5.7,TRUE,5,No
4789,54,Female,Single,Masters,Sales,Account Executive,5,10383,12.5,14.6,17,2.7,0,Onsite,9.5,22,4.2,7.7,4.8,4,6.8,TRUE,3.6,No
4790,37,Male,Married,PhD,Finance,Accountant,3,8138,9.5,7.6,17,1.6,5,Hybrid,8.4,8,4.4,8.2,4.2,4,7.7,FALSE,7.7,No
4791,31,Female,Single,Bachelors,Marketing,Content Strategist,3,6528,6.9,6,11,5.6,3,Hybrid,5.2,12,4.7,4.7,6.4,2,6.9,FALSE,5.3,No
4792,34,Prefer not to say,Married,High School,Engineering,Software Engineer,3,6164,14.3,6.1,11,1.2,2,Hybrid,1.4,5,4.5,5.6,6.7,4,9.1,FALSE,6,No
4793,50,Female,Single,Bachelors,Engineering,Engineering Manager,4,11492,9.4,16.1,25.7,0.9,2,Hybrid,10.5,7,2.7,8.1,5.4,4,8.1,TRUE,1,No
4794,30,Male,Single,High School,Engineering,QA Engineer,1,3261,12.6,6,10,3.8,1,Onsite,6.1,5,5.6,6,6.4,4,8,TRUE,6.8,No
4795,49,Female,Married,Masters,Finance,Financial Analyst,3,7717,6.1,5.3,11.7,3.5,3,Onsite,0.8,2,3.4,7.3,9,5,10,TRUE,6.9,No
4796,38,Male,Single,Bachelors,Operations,Operations Manager,2,4515,14.7,2,13.1,1.4,4,Hybrid,8.5,27,3.9,7.2,6.4,3,8.8,FALSE,5.2,No
4797,35,Male,Married,Bachelors,Engineering,Data Engineer,3,7569,10.9,5.3,10.9,2.1,0,Remote,9.8,5,5.1,5.2,6,4,7,TRUE,3.6,No
4798,47,Male,Divorced,High School,Human Resources,HR Business Partner,5,8015,15.4,7.7,15.5,1.2,3,Hybrid,1.1,7,3.3,4.8,6.7,4,7.1,TRUE,5.8,No
4799,26,Female,Married,PhD,Operations,Operations Analyst,3,6763,6.7,4.1,6,4.1,2,Remote,4.2,11,2.4,7.3,7.3,4,9.8,TRUE,6.9,No
4800,34,Male,Married,Masters,Engineering,Software Engineer,2,4370,12,1.3,8.8,1.3,1,Hybrid,7.2,6,5.7,5.4,5.8,3,6.8,TRUE,3.5,No
4801,45,Male,Married,High School,Customer Support,Customer Success Manager,4,5764,10.4,11,17.1,3,1,Onsite,8,4,3.5,7.9,4.4,5,10,FALSE,6.1,No
4802,37,Male,Divorced,Bachelors,Engineering,Data Engineer,4,10262,6.6,12.7,17,2.7,3,Onsite,3.3,6,4.1,7.5,4.8,3,5.5,TRUE,3.5,No
4803,37,Male,Married,Bachelors,Customer Support,Support Team Lead,2,3589,2.7,6.7,12.3,2.8,1,Hybrid,5.4,5,4.2,5.6,6.5,4,9.5,FALSE,10,No
4804,46,Prefer not to say,Married,Bachelors,Finance,Finance Manager,4,8422,14.3,8.7,14.5,0.6,1,Onsite,13.3,2,4.8,7,5.3,4,9,TRUE,2.1,No
4805,41,Male,Married,PhD,Finance,Finance Manager,4,11461,8.4,8.6,13,2.5,1,Onsite,2.9,4,4.8,5.7,5.8,4,9.6,TRUE,5.8,Yes
4806,42,Male,Single,Bachelors,Engineering,Engineering Manager,4,9496,10.1,7.9,15.2,0.1,3,Onsite,4.7,3,3.6,6.8,7.1,3,9.1,TRUE,5.1,No
4807,38,Female,Married,High School,Customer Support,Support Specialist,2,2910,14.1,5.2,10.4,0,2,Onsite,4.3,9,6.2,5.5,4.8,4,9.8,TRUE,7,Yes
4808,44,Female,Single,Bachelors,Sales,Sales Manager,4,10071,18.3,5.2,9.6,1.5,0,Remote,8.6,22,4.2,4.8,6.7,3,8.1,TRUE,5.7,No
4809,37,Female,Married,Masters,Sales,Sales Development Rep,2,4819,18.1,5.1,9.4,1.1,1,Hybrid,8.4,23,3.8,6.4,6.3,4,9.6,FALSE,4.8,No
4810,28,Male,Single,Bachelors,Customer Support,Support Specialist,1,2403,13.5,3.2,8,2.8,2,Onsite,4.1,3,4.4,5.9,5.5,2,9,FALSE,5.7,No
4811,38,Female,Divorced,Masters,Engineering,Data Engineer,1,5929,6.7,4.6,9.1,1.1,1,Onsite,1.7,6,3.5,5.8,6.1,4,8.1,TRUE,6.6,No
4812,40,Male,Single,Masters,Customer Support,Support Team Lead,3,4509,6.5,5.1,14.8,5.1,4,Remote,9.5,3,3.8,5.4,9,4,8.3,FALSE,5.8,Yes
4813,34,Male,Married,Bachelors,Engineering,Engineering Manager,3,7200,9.5,7.6,8.7,0.2,1,Onsite,9.9,7,6.4,4.2,5.6,3,8.2,TRUE,3.5,No
4814,43,Male,Married,Masters,Research & Development,Research Scientist,4,11436,7.2,9.3,14.3,1,1,Remote,5.9,10,6.2,6,5.6,2,7,FALSE,6.1,No
4815,30,Prefer not to say,Married,Bachelors,Sales,Account Executive,2,5792,6.3,4.1,10,2.4,3,Onsite,12.9,17,5.5,3.8,5.9,3,9,FALSE,4,No
4816,46,Male,Single,Masters,Customer Support,Customer Success Manager,4,7395,11.5,11.9,15.8,6,0,Hybrid,5.3,7,3.3,7.9,5.9,3,7.1,TRUE,3.6,No
4817,36,Female,Married,Bachelors,Engineering,Engineering Manager,5,15508,15.1,10.7,16,4,3,Remote,5.7,6,3.4,6,5.7,4,10,TRUE,5.7,Yes
4818,31,Male,Single,Bachelors,Marketing,Content Strategist,1,3773,15.2,6.4,11,0.4,5,Remote,1.7,5,5.2,4.6,6.4,3,8.2,TRUE,4.7,No
4819,28,Male,Married,Bachelors,Operations,Program Manager,2,4456,11.4,3.5,8,1,2,Onsite,3,17,3.5,6.5,8,4,9.6,FALSE,2.3,No
4820,51,Male,Married,Bachelors,Sales,Account Executive,5,9985,10.4,9.7,14.6,5,2,Onsite,8.3,23,5.6,4.6,4.4,3,5,FALSE,7.6,Yes
4821,41,Female,Single,Bachelors,Engineering,Data Engineer,2,6655,10.5,6.3,9.7,1.8,2,Onsite,5.3,5,2.9,6.8,7.8,4,10,FALSE,4.6,No
4822,33,Male,Single,Masters,Sales,Sales Manager,3,6605,10,7.8,13,4.1,2,Onsite,15,20,6.1,3.9,4.6,4,8.7,FALSE,2.2,No
4823,53,Male,Divorced,Bachelors,Human Resources,HR Manager,5,8716,9.3,8.9,13,3.1,2,Hybrid,4.1,5,3.1,7.1,7.2,4,8.7,TRUE,4,No
4824,49,Female,Married,Masters,Engineering,QA Engineer,3,11920,11.1,9.7,15.3,0.1,3,Onsite,3.5,5,6.3,6.6,5.2,3,10,TRUE,2.3,Yes
4825,51,Female,Married,Bachelors,Engineering,Engineering Manager,5,13213,11.7,10.3,16.4,1,2,Hybrid,11.9,6,3.8,6.9,5.5,4,7.1,TRUE,1,No
4826,31,Male,Divorced,Masters,Finance,Finance Manager,3,9799,7.5,10,11,4.7,1,Hybrid,7.8,8,6.5,5.1,4.7,3,8.7,FALSE,3.3,No
4827,31,Male,Single,Bachelors,Finance,Finance Manager,5,11035,12.6,10,11,1,1,Hybrid,4.6,4,5.6,6,5.4,3,10,FALSE,4.4,Yes
4828,42,Female,Single,PhD,Operations,Operations Manager,4,8288,12.8,8.5,17.1,1.4,1,Onsite,10.4,19,5.7,7.3,3.7,3,7.9,TRUE,7.3,No
4829,32,Male,Single,Masters,Sales,Sales Development Rep,2,4722,6.8,3.6,12,2.5,3,Hybrid,5.4,14,2.3,8.7,7.2,4,8.9,TRUE,6.9,No
4830,35,Female,Single,Masters,Human Resources,HR Business Partner,3,5283,13.2,7,8.7,3.2,0,Onsite,8.3,3,4.1,6.3,6.2,3,7.7,TRUE,4.8,Yes
4831,40,Male,Married,Bachelors,Operations,Program Manager,4,8780,13.4,8.9,13.8,2.2,3,Onsite,3.1,27,3.1,7.8,6.7,5,8.2,FALSE,4.1,No
4832,21,Female,Single,Bachelors,Finance,Accountant,4,5551,13.2,0,1,0,0,Hybrid,5.9,5,4.1,7.4,5.2,5,8.8,FALSE,5.6,No
4833,43,Male,Married,Masters,Operations,Operations Analyst,3,6733,6.6,1.3,8.8,1.3,2,Onsite,5.1,30,5.9,5.3,6.6,4,7.4,FALSE,4.4,No
4834,44,Male,Married,Bachelors,Engineering,Data Engineer,2,4981,13.7,4.7,7.9,0.6,0,Remote,10.6,5,4.1,6.6,5.5,5,8.9,TRUE,3.6,No
4835,42,Male,Married,Masters,Finance,Finance Manager,5,12458,13.7,10.2,12.4,1.3,2,Onsite,12.1,5,5.4,5,4.1,4,9.8,FALSE,4.3,No
4836,26,Female,Divorced,Bachelors,Engineering,Software Engineer,1,5022,8.9,5,6,4.4,4,Hybrid,4.5,5,3.2,6.6,7.1,5,10,TRUE,1.6,No
4837,40,Male,Married,Masters,Sales,Sales Development Rep,3,9970,15.4,9.3,16.8,1.3,2,Remote,8.4,29,5.1,8.5,7.1,4,7,TRUE,4.7,No
4838,31,Female,Married,Masters,Marketing,Marketing Specialist,3,5584,16,6.5,11,1.8,4,Remote,1.4,8,2.3,7.2,8.1,4,9.8,FALSE,6.1,No
4839,42,Non-binary,Divorced,Bachelors,Engineering,QA Engineer,2,8484,11.3,7.3,13.4,1.6,1,Hybrid,1.3,3,2.8,5.7,6.6,4,8.6,TRUE,4.3,No
4840,45,Male,Married,Masters,Engineering,Engineering Manager,4,14497,11,7.6,10,2,0,Remote,7.2,6,3.8,8.2,5.7,3,8,TRUE,3.9,No
4841,37,Male,Married,Bachelors,Engineering,Engineering Manager,3,11452,13.8,9.2,17,0.2,6,Remote,2.2,3,1.7,8.5,9.2,3,8.4,TRUE,1,No
4842,39,Male,Married,Bachelors,Engineering,Engineering Manager,5,14384,14.6,11.9,19,1.9,4,Onsite,1.2,3,2.2,4.8,6.3,4,8.2,FALSE,3.6,No
4843,48,Female,Single,PhD,Operations,Operations Manager,5,9662,12.2,13.1,18.5,0,2,Hybrid,14.9,24,5.1,6.9,4.6,4,8.7,TRUE,2.6,No
4844,40,Female,Single,Masters,Sales,Sales Manager,4,8190,13.2,13.6,17,4.7,0,Remote,8.9,26,3.6,7.3,5.2,5,8.3,FALSE,4.7,No
4845,39,Male,Married,Bachelors,Human Resources,Recruiter,2,4253,7.7,3.7,9,0.7,0,Remote,1.3,5,5.2,5.1,6.1,4,6.5,TRUE,5.3,No
4846,38,Female,Married,Bachelors,Customer Support,Customer Success Manager,3,3778,8.6,2.1,5.1,1.3,0,Onsite,6.7,3,4.1,8.5,5,4,10,FALSE,7.8,No
4847,34,Male,Single,Bachelors,Engineering,Engineering Manager,2,4732,11.1,5.8,9.8,0.3,1,Hybrid,3.8,5,6.7,4.6,6.5,4,6,TRUE,4.5,No
4848,45,Male,Single,Bachelors,Sales,Sales Development Rep,4,9858,17.5,2,4,0.4,1,Onsite,3.6,21,2.9,9.1,6.5,5,9.2,FALSE,4.3,No
4849,29,Male,Single,PhD,Finance,Accountant,1,4964,17.1,0,4.9,0,2,Remote,4.5,4,2.3,7.5,7.5,4,7.3,TRUE,7.1,No
4850,35,Female,Married,Masters,Engineering,Software Engineer,1,5407,8.1,6.1,11.1,6.1,2,Onsite,3.5,10,4.9,6.8,7.9,3,5.6,FALSE,5.3,Yes
4851,33,Female,Married,Masters,Finance,Financial Analyst,2,5105,8.9,2.7,5.6,1.6,0,Onsite,4.4,4,5.8,6.5,7.9,3,7.3,TRUE,3.7,No
4852,30,Male,Single,Bachelors,Engineering,QA Engineer,2,5991,11.3,4.5,4.1,2.5,1,Remote,11.4,7,7.2,4.9,6.1,3,7.5,FALSE,6.6,No
4853,33,Male,Single,Masters,Research & Development,Product Researcher,2,7519,14.7,9.9,13,1.8,3,Hybrid,6.7,6,4.4,5.2,5.1,4,9.6,TRUE,4.7,No
4854,28,Female,Single,Bachelors,Research & Development,Product Researcher,2,6188,7.2,4.5,8,4.3,3,Onsite,6.1,3,4.5,4.2,6.1,4,9.9,TRUE,4,Yes
4855,49,Female,Single,Masters,Sales,Sales Manager,4,8516,12.4,7.4,14.3,3.3,1,Remote,5.1,21,4.4,8.6,5.9,5,10,TRUE,5.8,No
4856,45,Male,Married,Masters,Sales,Sales Manager,4,10072,11.2,8.9,15.2,4.3,3,Onsite,5.8,30,3.4,7.2,5,3,7.8,TRUE,4.6,Yes
4857,32,Male,Married,Bachelors,Operations,Operations Manager,3,6731,12.3,8,10.7,0.2,0,Hybrid,5.5,17,4.7,5.8,6.4,3,7,FALSE,5.1,No
4858,49,Male,Single,Bachelors,Human Resources,Recruiter,3,6781,10.6,7.2,13.4,1.6,2,Onsite,1,9,3.9,6.2,7.1,4,9.2,TRUE,3.2,No
4859,43,Female,Single,Masters,Research & Development,Research Scientist,4,11196,6.8,9.3,14.9,6.5,2,Hybrid,2.5,3,3.8,6.7,6.6,4,9,FALSE,3,No
4860,28,Male,Married,Bachelors,Customer Support,Support Specialist,2,4939,9.4,3.8,7.7,3.6,1,Hybrid,5.2,6,4.9,6,6.2,3,8.7,FALSE,8.2,Yes
4861,47,Male,Married,Bachelors,Customer Support,Customer Success Manager,5,6138,12.9,7.7,9.5,3.8,0,Hybrid,3.2,7,3.6,6.8,7.5,4,9.1,TRUE,5.1,No
4862,34,Prefer not to say,Single,Bachelors,Marketing,Content Strategist,2,6206,14.2,5.4,11.8,0.4,1,Onsite,5.5,7,2.9,10,7,4,7.9,FALSE,4.5,No
4863,42,Male,Single,Bachelors,Human Resources,Recruiter,2,4272,4.9,7.7,21,1.8,5,Remote,4.3,9,2.8,8,7.8,4,9.7,TRUE,5.8,No
4864,34,Female,Single,High School,Engineering,Software Engineer,3,7435,6.7,10.2,9.2,2.4,1,Hybrid,4,3,4.2,4.7,5.2,3,5.6,FALSE,4.1,No
4865,56,Female,Single,Masters,Customer Support,Customer Success Manager,5,10025,13.2,10.1,19.4,0,4,Hybrid,12.2,6,3.6,6.7,6.5,5,10,TRUE,6.5,No
4866,48,Male,Married,Bachelors,Sales,Account Executive,3,6639,12.5,8.3,15.5,0.9,1,Hybrid,11.2,30,4.8,6.3,4,3,8,FALSE,6.3,No
4867,46,Male,Married,Bachelors,Operations,Operations Analyst,3,6276,10.5,10.6,19.9,1,2,Hybrid,12.7,13,6.6,5.1,3.7,3,8.9,TRUE,5.1,No
4868,36,Male,Married,Bachelors,Sales,Account Executive,1,3601,11.9,1.7,13,0.5,3,Onsite,10.6,21,7.1,6.2,4.5,4,5.3,FALSE,6.1,No
4869,42,Female,Single,Masters,Customer Support,Support Specialist,1,2358,11.5,4.4,13.1,4,3,Remote,2.9,13,2.9,6,7.8,3,8.8,TRUE,5.2,No
4870,37,Male,Single,Bachelors,Human Resources,HR Manager,4,5998,8,10.8,17,6.2,3,Hybrid,4.7,5,3.3,8,5.3,5,9.4,TRUE,3.3,No
4871,47,Female,Single,Bachelors,Marketing,Marketing Specialist,4,7960,8.2,15.1,17.7,1.7,0,Onsite,3,7,3.3,7.9,5.3,3,8.5,TRUE,5.4,No
4872,42,Female,Married,PhD,Marketing,Marketing Specialist,3,8691,10.2,8.9,18.6,0.5,4,Onsite,5,12,2,6.9,6.8,4,7,FALSE,1.6,Yes
4873,26,Male,Married,Masters,Engineering,Software Engineer,3,8592,10.9,5,6,1.1,3,Onsite,7.9,6,6,5.6,4.3,3,8.8,TRUE,1.5,No
4874,30,Female,Married,Bachelors,Finance,Finance Manager,3,6829,10.7,9,10,2.2,2,Onsite,7.2,8,6.7,5.9,5.4,2,7.7,FALSE,6.4,No
4875,28,Female,Divorced,Bachelors,Sales,Sales Development Rep,2,4521,11.3,4.9,7.3,3.2,0,Hybrid,8.9,28,3.5,5.8,7.6,3,8.5,FALSE,7.7,Yes
4876,25,Male,Married,Masters,Finance,Finance Manager,2,5260,14.1,3.9,5,1,7,Onsite,9.2,7,4.3,8.6,6,4,7.3,FALSE,2.3,No
4877,22,Male,Married,Masters,Operations,Operations Analyst,2,5602,5.4,1,2,1,0,Hybrid,4.5,18,3.2,8.2,4.8,3,7.4,TRUE,7.6,No
4878,33,Male,Single,Bachelors,Sales,Sales Manager,2,3577,6,4.4,8,4.4,0,Onsite,4.4,19,3.4,5.1,7.3,4,8,FALSE,7.2,Yes
4879,26,Male,Married,Masters,Engineering,Engineering Manager,2,7034,8.4,5,6,1.5,3,Hybrid,6.5,7,3.9,8.4,5.1,4,8.5,TRUE,4.2,No
4880,32,Female,Married,Bachelors,Human Resources,HR Manager,2,4641,16.5,6.9,12,0.1,3,Remote,3.4,3,2.8,10,7.6,3,7.2,TRUE,5.8,No
4881,31,Male,Married,Bachelors,Marketing,Growth Manager,4,6081,9.6,5.8,8.7,0.8,1,Hybrid,3.8,9,3.5,8.1,7.6,4,10,FALSE,5.6,No
4882,34,Male,Single,Bachelors,Engineering,Data Engineer,3,8556,12.7,10.9,14,0.9,2,Hybrid,16.9,3,6,6.7,3.7,4,8.4,TRUE,6.2,No
4883,32,Female,Single,Bachelors,Operations,Operations Manager,3,5265,5.5,6.2,12,2,1,Onsite,2.8,27,6.1,3.8,6.3,3,8.3,FALSE,6.1,No
4884,44,Female,Divorced,Masters,Customer Support,Customer Success Manager,2,3257,12.8,7.5,11.6,1.5,0,Hybrid,11.4,3,4,5.3,5.6,4,10,FALSE,4.6,No
4885,33,Male,Single,Bachelors,Operations,Operations Manager,2,4351,13.2,5.7,5.2,1.9,0,Remote,4.4,19,1.9,8,9.9,4,7.2,TRUE,5.8,No
4886,52,Male,Married,Masters,Customer Support,Customer Success Manager,5,9395,10.5,10.7,19.1,4.6,1,Onsite,6.2,7,4.1,6.9,4.4,3,8.2,TRUE,6.5,No
4887,24,Female,Single,Masters,Human Resources,Recruiter,3,6270,14.3,3,4,0.7,2,Onsite,11.2,7,3.9,6.8,6.7,3,7.2,FALSE,5.5,No
4888,48,Female,Married,Bachelors,Customer Support,Customer Success Manager,5,8517,15.5,9.9,19.7,3.5,2,Onsite,12.3,6,6.1,4.1,4.1,3,6.9,FALSE,4.9,Yes
4889,55,Prefer not to say,Single,Bachelors,Research & Development,Research Scientist,4,10116,14.6,4.3,8.5,0.6,0,Onsite,5.4,4,3.3,7.2,6.4,4,8.5,TRUE,5.2,No
4890,33,Male,Divorced,Bachelors,Marketing,Marketing Specialist,2,5574,12.8,7,13,1.4,2,Onsite,1.5,3,2.1,8.7,7,3,6.6,TRUE,3.9,No
4891,39,Male,Married,Masters,Operations,Operations Manager,2,4821,17.6,5,4.4,0.4,0,Hybrid,6.4,26,3.7,5.4,4.9,3,9.7,TRUE,2.3,No
4892,42,Female,Married,Bachelors,Engineering,Data Engineer,3,9174,6.3,8.5,13.8,1.8,1,Hybrid,7.6,12,4.7,5.4,5.8,3,6.9,TRUE,5.2,Yes
4893,37,Female,Married,Masters,Operations,Operations Manager,3,6411,17.2,2.3,7.3,1.5,0,Hybrid,5.1,30,2.3,7.5,6.6,5,9.1,FALSE,6.1,No
4894,48,Female,Single,Bachelors,Operations,Operations Manager,5,9244,15.4,8.3,18,0.6,3,Hybrid,2.4,30,1.7,8.5,8,4,6,TRUE,7.5,No
4895,38,Male,Single,Bachelors,Operations,Operations Analyst,4,5925,22,7.1,12.1,0.9,0,Hybrid,6,17,3.5,7.7,6.4,3,5.7,TRUE,2.3,No
4896,48,Male,Married,Bachelors,Research & Development,Product Researcher,5,13450,15.1,13,19.8,0,1,Onsite,2.6,2,2,8.7,6.9,3,10,TRUE,2.9,No
4897,30,Male,Divorced,Masters,Customer Support,Support Specialist,2,3766,14.6,7.8,10,0.9,1,Onsite,8.9,9,4.2,8.2,6.3,5,9.8,FALSE,5.9,No
4898,30,Male,Single,Masters,Engineering,Software Engineer,1,5232,14.9,4.6,10,0.9,1,Hybrid,5.5,7,4.4,5.2,6.5,4,10,TRUE,5.9,No
4899,21,Female,Single,Masters,Marketing,Marketing Specialist,1,3777,10,0,1,0,2,Onsite,10.2,4,3.7,6.8,6.2,4,10,TRUE,4.3,No
4900,28,Male,Single,Bachelors,Finance,Accountant,2,6193,14.5,5.1,8,1.3,3,Onsite,5.8,4,4.4,6.8,6.3,4,10,TRUE,3.6,No
4901,31,Male,Married,Bachelors,Engineering,Software Engineer,1,3693,11.1,4.3,10,3.1,2,Onsite,0.7,8,3.8,5.5,6.7,4,8.4,TRUE,4.7,Yes
4902,46,Female,Married,High School,Customer Support,Support Specialist,3,3159,9.7,4.3,8.2,1,0,Hybrid,3.8,2,1.5,9,7.8,5,10,FALSE,7.6,No
4903,52,Female,Married,PhD,Research & Development,Product Researcher,4,9552,15.4,9.6,18.5,1.1,3,Onsite,4,6,3.4,7.4,7.7,4,9.3,FALSE,1,No
4904,49,Female,Married,Masters,Sales,Sales Development Rep,4,12611,12.4,8.2,11.9,1.5,1,Onsite,3.7,23,3.1,6.2,5.2,4,8.3,TRUE,4.7,No
4905,39,Male,Married,Masters,Engineering,Engineering Manager,3,9097,11.9,6.4,8.8,0.7,0,Onsite,8.6,8,5.4,6.6,6.8,3,8.3,TRUE,2.8,No
4906,34,Male,Single,Bachelors,Research & Development,Research Scientist,2,6183,15.8,9.1,14,1.1,5,Hybrid,13.4,2,3.3,7.9,4.4,4,7.9,FALSE,6,No
4907,42,Female,Single,PhD,Sales,Sales Manager,4,9583,10.6,5,9,1.1,1,Remote,7.1,25,3.4,7.3,7.9,5,8.6,TRUE,4.1,No
4908,37,Non-binary,Single,High School,Sales,Sales Development Rep,3,4935,8.5,6.9,17,0.8,3,Hybrid,4.9,26,3.6,4.1,5.4,3,6.7,TRUE,5.9,No
4909,40,Non-binary,Divorced,Bachelors,Engineering,QA Engineer,4,9468,12.9,6.4,16.6,1.4,3,Hybrid,11.4,6,5.2,3.8,6.4,4,9.8,TRUE,2.1,No
4910,50,Male,Married,PhD,Customer Support,Support Specialist,4,7255,8,8.8,16,1.5,3,Onsite,7.8,4,5,6.8,6.7,4,10,FALSE,5.3,No
4911,44,Male,Married,Masters,Engineering,Engineering Manager,3,8692,16.3,6.3,18.6,0.8,5,Hybrid,2.1,6,1.1,7.9,8,5,9.4,TRUE,2.1,No
4912,51,Prefer not to say,Single,Bachelors,Operations,Program Manager,5,9192,7.3,12,18.8,6.6,3,Hybrid,3.5,13,5.4,6.8,5.7,4,7.9,FALSE,3.9,No
4913,36,Female,Divorced,Bachelors,Engineering,QA Engineer,3,7525,12.9,8,11.5,0.2,0,Onsite,8.7,6,5.8,6.9,5.7,3,7.9,FALSE,5.8,No
4914,24,Male,Married,Masters,Sales,Sales Manager,2,4443,13.2,3,4,0.1,1,Onsite,9.6,24,6.1,4.6,4.5,3,8.9,FALSE,6.3,No
4915,37,Female,Married,Bachelors,Operations,Operations Manager,3,5615,11.5,5.2,7.1,0,0,Onsite,18.1,23,6.7,2.1,3.8,3,7.2,TRUE,5,Yes
4916,28,Male,Married,Masters,Customer Support,Support Specialist,3,5554,12,7,8,4.3,3,Remote,8.1,2,3,8.4,8.1,4,7.7,FALSE,5.9,No
4917,33,Female,Married,Bachelors,Engineering,Software Engineer,3,8443,11.9,10.7,13,1.1,4,Hybrid,9.3,7,4.7,7.3,6.2,5,9.6,TRUE,4.4,No
4918,33,Male,Single,Bachelors,Engineering,Data Engineer,4,8447,6.6,7.1,10.1,6.3,0,Hybrid,2.5,9,3.4,5.5,8.2,3,7.4,FALSE,4.6,Yes
4919,41,Female,Divorced,Masters,Sales,Sales Development Rep,3,5550,6.7,8.5,13.3,4.1,0,Onsite,9.6,24,3.5,5.8,5.3,4,7.1,FALSE,6.9,No
4920,30,Female,Single,Bachelors,Marketing,Marketing Specialist,3,8765,7.1,9,10,4.5,5,Remote,7.6,7,6.2,4.9,6.3,4,9.5,TRUE,4.9,Yes
4921,26,Male,Married,Bachelors,Human Resources,HR Manager,2,5261,6.5,3.7,6,2.4,1,Onsite,19.1,9,8.2,3.4,3.3,4,10,FALSE,4.3,Yes
4922,54,Male,Married,Bachelors,Operations,Operations Manager,5,11231,5.6,8.2,14,4.8,1,Onsite,1,26,3.8,8.3,7.4,4,7.3,TRUE,3.7,No
4923,35,Female,Single,Masters,Engineering,QA Engineer,2,6334,9.5,6.9,15,2.4,2,Hybrid,15.4,6,6.3,6.9,4.1,3,9.8,TRUE,4.2,No
4924,29,Female,Married,Bachelors,Finance,Financial Analyst,3,6489,15.7,8,9,0.8,1,Onsite,2.4,7,4.9,5.9,5.4,2,8.5,TRUE,7.8,No
4925,33,Female,Married,Bachelors,Engineering,Software Engineer,1,3931,16.2,2.6,9.8,0.4,1,Remote,4.8,5,3.3,7.9,8.1,4,9,TRUE,3.9,No
4926,25,Female,Married,Bachelors,Engineering,Engineering Manager,4,8498,9.7,4,5,3.6,2,Onsite,4,4,2.8,6.2,7.6,4,8.4,TRUE,1.3,No
4927,36,Male,Divorced,Bachelors,Engineering,Data Engineer,3,7131,11.6,2.9,5.1,1.2,1,Hybrid,5.9,6,5.2,4.9,6.8,4,8.2,TRUE,4.6,No
4928,34,Male,Married,Bachelors,Engineering,Software Engineer,2,6307,11.6,4.8,14,3.4,4,Hybrid,11.6,4,3.7,7.6,4.8,4,10,TRUE,5.2,No
4929,26,Female,Single,High School,Sales,Sales Development Rep,1,2523,10.7,3.6,6,1.2,2,Hybrid,4.7,22,3.8,4.2,5.9,3,7.5,FALSE,5.2,No
4930,29,Female,Married,Bachelors,Sales,Sales Development Rep,2,4725,11.1,1.6,6.4,0.4,1,Hybrid,13.3,22,5.4,6.3,4.3,3,6.8,FALSE,8.3,No
4931,40,Non-binary,Married,High School,Engineering,Software Engineer,3,6410,10,6.8,5.8,3,0,Hybrid,3.6,8,3.1,5,7.1,4,7.6,TRUE,3.9,No
4932,48,Male,Married,Bachelors,Research & Development,R&D Manager,3,7286,9.2,6.6,12.5,0.9,1,Hybrid,6.8,8,4.9,6.3,5.9,3,10,FALSE,2.8,No
4933,38,Female,Married,PhD,Customer Support,Customer Success Manager,2,3431,3.1,3.2,4.6,3.2,1,Onsite,6.2,5,4.7,6,6.2,4,5.5,TRUE,7.6,Yes
4934,36,Male,Single,Masters,Finance,Financial Analyst,1,3357,13.1,3.7,9.5,1.3,0,Onsite,4.4,5,3.6,5.8,4.8,4,9.4,FALSE,4.9,No
4935,47,Female,Single,Masters,Engineering,Engineering Manager,4,8540,9.8,6.3,10.9,6.3,4,Hybrid,7.7,3,4.5,4.5,6.3,2,5.6,TRUE,7.6,No
4936,26,Male,Married,Bachelors,Sales,Account Executive,2,4370,8.2,3.3,6,1.3,2,Hybrid,18.8,21,6,5.9,4.8,3,8.4,TRUE,5.3,Yes
4937,30,Male,Divorced,Bachelors,Finance,Accountant,1,4175,11.7,3.3,9.4,1.7,2,Remote,3.8,8,2.6,5.7,7.4,5,8.8,TRUE,5.3,No
4938,40,Male,Divorced,Bachelors,Engineering,QA Engineer,2,6692,12.3,5.6,13.3,2.2,1,Onsite,9.8,6,4.4,6.2,5.1,3,8.5,TRUE,5.1,No
4939,36,Female,Married,Masters,Sales,Sales Development Rep,1,5096,12.6,0,7.7,0,2,Hybrid,4.4,20,2.7,7.6,7,4,9,FALSE,5.4,No
4940,51,Female,Married,Bachelors,Engineering,Software Engineer,5,14393,18.8,13.1,17.3,0.4,0,Onsite,5.3,8,3.3,7.7,5.9,4,7.5,FALSE,1,No
4941,30,Female,Divorced,High School,Engineering,QA Engineer,1,3129,13.9,0.7,5.7,0.7,0,Hybrid,14.3,3,6.3,3.9,6.2,4,7.8,TRUE,1.9,No
4942,45,Male,Married,High School,Marketing,Marketing Specialist,4,7584,11.2,9.9,20.9,2.7,4,Onsite,2.3,8,5.7,5.5,5.7,4,7.1,TRUE,5,No
4943,29,Male,Married,Masters,Customer Support,Support Specialist,2,4372,12.7,4.7,9,4.7,3,Hybrid,7.5,10,3.2,7,6,3,8.9,TRUE,6.8,Yes
4944,48,Male,Single,Bachelors,Sales,Sales Manager,4,9419,16.1,10.6,16.5,0.9,1,Onsite,8.3,22,2.6,7,6.6,4,7.5,FALSE,4.5,No
4945,37,Female,Single,Bachelors,Operations,Operations Manager,3,5370,6.1,4,12.2,3,5,Remote,9.5,14,2.7,7.7,8.1,4,9.1,FALSE,3,Yes
4946,29,Male,Married,Masters,Operations,Operations Analyst,3,7882,14.1,7.6,9,0.3,2,Onsite,12.1,24,5,6.1,5.5,4,9,TRUE,1,No
4947,44,Female,Married,Masters,Human Resources,HR Manager,5,9517,7.1,12.3,15.9,1.5,0,Hybrid,7.7,7,4.7,4,5.5,4,8.7,TRUE,4.4,No
4948,45,Male,Single,Bachelors,Sales,Sales Development Rep,3,6710,14.3,9.4,11.6,1.5,0,Onsite,7.2,24,3.9,6,6.9,3,9.6,FALSE,4.1,No
4949,21,Male,Single,Bachelors,Sales,Sales Development Rep,1,3146,10.9,0,1,0,0,Remote,12.1,20,5.9,8.2,6.4,4,10,FALSE,7.1,No
4950,46,Female,Married,Masters,Customer Support,Support Specialist,3,4613,12.9,7.8,17.5,0,5,Remote,12.3,9,4.6,8.2,5.8,3,7.6,FALSE,8.7,No
4951,31,Male,Married,Bachelors,Sales,Sales Manager,2,5387,15.6,6.8,11,1.1,2,Hybrid,5.8,21,2.6,8,7.5,4,10,TRUE,7.1,No
4952,21,Male,Married,Bachelors,Engineering,Data Engineer,2,5263,12,0,1,0,2,Hybrid,1.8,1,2.9,7.1,8,4,8.9,TRUE,2.3,No
4953,28,Female,Married,Bachelors,Finance,Finance Manager,3,7131,6.1,6.5,8,2.3,2,Onsite,3.6,10,4.1,5.2,6,4,9.5,FALSE,4.8,No
4954,54,Male,Married,Masters,Research & Development,R&D Manager,5,12978,10.5,12.5,20.2,0.9,2,Remote,5.7,3,4.3,6.9,8.1,3,5.9,TRUE,2.4,No
4955,35,Male,Single,High School,Operations,Operations Manager,3,5968,7.2,7.9,11,1.8,1,Remote,10.3,16,5.4,5.8,6.6,4,7.5,TRUE,6.5,Yes
4956,43,Male,Divorced,High School,Marketing,Marketing Specialist,5,7083,9.1,10.9,13,1.9,0,Hybrid,14.1,3,7.4,2.9,4.3,2,6.8,FALSE,3.8,No
4957,37,Female,Married,Masters,Customer Support,Support Team Lead,3,5826,11,8.2,17,1.3,4,Onsite,7.8,9,5.5,7.4,5,3,9,TRUE,5.9,Yes
4958,48,Prefer not to say,Married,Bachelors,Customer Support,Support Team Lead,4,8002,10.9,9,12.3,4.3,0,Onsite,4.4,5,5.2,6.6,5.3,3,7.7,FALSE,5.9,Yes
4959,32,Female,Single,Masters,Marketing,Growth Manager,3,8883,6.7,6.1,12,3.2,3,Hybrid,9.2,3,5,3.7,4.5,4,10,TRUE,5.8,No
4960,21,Female,Divorced,Bachelors,Sales,Account Executive,1,2788,14.1,0,0.3,0,0,Hybrid,27.6,20,10,2.1,3.1,3,7,FALSE,6.5,Yes
4961,36,Male,Divorced,Bachelors,Engineering,QA Engineer,4,9424,13.4,7.8,13.3,2.2,0,Onsite,8.5,6,4.7,6.4,7,4,8.7,TRUE,1.7,No
4962,44,Male,Single,Bachelors,Operations,Program Manager,3,4574,16.6,0,4.1,0,0,Hybrid,3.2,25,3,7.4,7.1,4,10,FALSE,2.6,No
4963,41,Male,Single,High School,Engineering,QA Engineer,5,10573,6.1,10.5,15,1.4,0,Onsite,2.5,11,4,6.4,5.7,5,10,FALSE,2.4,No
4964,39,Female,Single,Bachelors,Engineering,Data Engineer,5,14319,15.5,10,14.5,1.9,2,Hybrid,6.3,3,3.4,4.8,7.3,3,6.2,TRUE,1,No
4965,35,Male,Single,Bachelors,Finance,Accountant,2,5856,3.8,6.6,10.3,6.6,0,Onsite,9.8,9,4.6,5.2,7.8,4,7.5,FALSE,6.8,No
4966,21,Female,Married,Bachelors,Finance,Finance Manager,2,6345,8.4,0,1,0,1,Hybrid,9.1,7,5.1,5,5.9,3,9.4,FALSE,3.6,Yes
4967,41,Female,Married,Bachelors,Research & Development,Research Scientist,4,8553,12.2,7.8,16.7,0,1,Hybrid,3,5,3,9.7,5,5,8.7,TRUE,2.5,No
4968,50,Male,Single,PhD,Engineering,Engineering Manager,5,15789,15.4,10.8,16.4,0.7,2,Remote,12,6,5.5,5.3,6.6,4,10,TRUE,4.7,Yes
4969,47,Male,Married,Masters,Finance,Financial Analyst,5,14187,16.6,13.5,24.7,0.3,4,Hybrid,5.7,4,5.1,6.2,7.5,3,10,TRUE,6.4,No
4970,22,Female,Divorced,Masters,Finance,Finance Manager,2,5414,12,1,2,0.8,3,Hybrid,5,5,4.8,6,6.3,3,7.6,TRUE,4.5,Yes
4971,46,Female,Married,Bachelors,Marketing,Content Strategist,3,6273,13.1,6.2,13.8,2.9,1,Onsite,5.8,3,4.1,7.4,6.7,4,6.4,FALSE,5.5,No
4972,44,Male,Divorced,Masters,Finance,Finance Manager,3,9391,11.6,3.9,9.8,0,2,Hybrid,2.6,3,3.5,5.9,7.7,4,10,FALSE,6.9,No
4973,41,Male,Married,Bachelors,Operations,Operations Manager,4,8255,2.4,7.3,12,7.3,1,Remote,16.9,18,5.3,4.8,4.1,5,10,FALSE,5.1,Yes
4974,39,Female,Married,Bachelors,Research & Development,Research Scientist,2,6888,14.8,8,11.1,2,1,Hybrid,5.8,7,5.8,6.3,3.9,3,8.8,FALSE,4.6,No
4975,33,Female,Single,Masters,Sales,Account Executive,2,5997,14.8,1.8,11.3,0.7,3,Hybrid,14.7,23,5.4,7.3,4.5,4,10,TRUE,6.3,No
4976,36,Male,Single,Bachelors,Sales,Sales Manager,2,6536,12.9,4,12.2,0,2,Hybrid,6.1,25,3.1,6.8,5.8,3,9.1,FALSE,4.7,No
4977,34,Female,Married,High School,Engineering,Software Engineer,3,7355,6.1,9.6,14,5.5,2,Onsite,4.6,12,5.1,4.2,7.3,4,7.1,TRUE,6.2,No
4978,38,Male,Single,Masters,Engineering,Data Engineer,4,11491,12.3,8.2,13.6,5.3,1,Hybrid,3,4,1,9.2,9.3,4,9.5,TRUE,3.5,No
4979,44,Female,Single,Bachelors,Operations,Operations Analyst,2,4636,15.5,4.1,11.5,1.2,2,Hybrid,4.5,22,3.1,6.7,6.4,3,6.6,TRUE,5.7,No
4980,37,Male,Married,Bachelors,Sales,Sales Manager,2,5439,17.3,5.8,12.1,1.5,1,Remote,5.4,20,4.2,7.8,6.6,4,9.2,FALSE,5.8,No
4981,32,Female,Married,Masters,Human Resources,Recruiter,1,2746,19,0.3,0,0.3,1,Hybrid,5.2,8,4.6,3.1,6,3,9.8,FALSE,5.8,No
4982,34,Male,Single,Masters,Operations,Operations Analyst,2,5444,4.9,2.6,3.5,2.6,2,Onsite,1.5,24,2.5,6.1,7.9,4,6.9,TRUE,5.6,No
4983,35,Female,Married,Masters,Sales,Sales Manager,3,9663,10.1,8.6,15,2.8,2,Hybrid,6.9,22,4,5.5,5.4,2,9.2,TRUE,6.8,No
4984,48,Male,Single,High School,Human Resources,HR Manager,5,7049,13,11.3,16.6,1.2,2,Remote,11.4,7,6.8,5.3,4.8,4,9.9,FALSE,5,No
4985,22,Male,Single,Bachelors,Marketing,Content Strategist,1,3271,18.8,1,2,0.2,2,Hybrid,10,5,6.3,5.9,6.3,3,6.6,TRUE,4.8,No
4986,27,Male,Married,Bachelors,Engineering,Software Engineer,1,4005,8.4,3.5,7,2.7,3,Remote,22.9,8,8,4.9,3.6,3,8,TRUE,3.6,No
4987,32,Male,Divorced,Bachelors,Engineering,Software Engineer,2,4578,6.9,4.4,12,2.5,0,Hybrid,2.8,5,3.1,8.7,8.4,4,9.3,TRUE,4.6,No
4988,44,Female,Married,Masters,Customer Support,Customer Success Manager,4,6419,10.1,3.7,5.7,2.1,1,Onsite,4.9,7,3.6,8.3,6,4,7.8,FALSE,5.3,No
4989,36,Male,Single,Bachelors,Human Resources,Recruiter,3,6461,8.5,6.3,14.7,0.7,4,Remote,2.8,6,2,7.7,5.5,4,8.8,TRUE,6.3,No
4990,28,Male,Married,Bachelors,Sales,Sales Manager,3,6950,8.7,6,8,3.6,4,Hybrid,16.6,20,6.2,5.1,5.3,4,10,FALSE,4.1,No
4991,62,Male,Single,PhD,Engineering,QA Engineer,5,15844,17.6,11,20.1,3.5,4,Hybrid,3.3,7,1.8,9.7,7.2,4,8.3,FALSE,4.2,No
4992,38,Male,Married,Masters,Engineering,QA Engineer,3,8105,12.5,7.5,11.1,1.1,1,Onsite,8.5,5,4.5,9.1,4.6,4,8.9,FALSE,4.2,No
4993,37,Male,Single,Bachelors,Sales,Sales Manager,4,13194,13.2,5.8,13.5,1.1,2,Hybrid,5.2,15,2.5,6.7,6.3,4,7.4,FALSE,3.3,No
4994,33,Female,Single,PhD,Finance,Finance Manager,2,6213,12.6,3,13,0.4,5,Onsite,5.8,4,2.9,8.7,7.8,5,9.7,TRUE,5.5,No
4995,31,Male,Married,Bachelors,Engineering,QA Engineer,1,5363,9.6,4.2,9.1,3.8,1,Remote,5.7,7,3.6,5.4,7.9,3,7.2,TRUE,6.9,No
4996,36,Female,Single,High School,Operations,Operations Analyst,1,3379,15.4,6.7,10.2,1.5,1,Hybrid,3.5,19,3.3,9,7.8,4,10,TRUE,6,No
4997,43,Female,Married,Bachelors,Engineering,QA Engineer,5,15339,10.2,8.1,18.5,1.1,3,Hybrid,7.9,6,4.2,7.6,5.6,4,8.2,TRUE,2.6,No
4998,37,Male,Married,Bachelors,Finance,Accountant,2,6646,13.7,7,10.5,1.6,1,Hybrid,18.4,4,5.9,5.4,3,4,7.6,TRUE,5.5,Yes
4999,37,Female,Married,Bachelors,Sales,Account Executive,2,6207,12.8,7.3,8.6,1.8,1,Hybrid,4.9,16,4.3,6.2,7.5,4,7.9,FALSE,5.5,No
5000,52,Female,Single,Bachelors,Engineering,Data Engineer,3,13438,18.7,8.8,14.5,0.4,1,Onsite,2.4,7,3.6,9.6,8,4,7.1,TRUE,3.3,No
5001,35,Female,Married,Masters,Customer Support,Support Specialist,2,4447,10.7,4.3,12.7,2.2,1,Remote,6.2,6,4.5,7,4.3,4,7.2,TRUE,7.8,No
5002,43,Male,Married,Bachelors,Sales,Sales Manager,3,6301,12.9,4.3,8.6,1.8,1,Hybrid,5.2,21,4,5.9,7,3,6.9,TRUE,4.3,No
5003,41,Male,Single,High School,Research & Development,Research Scientist,2,5191,11.7,9.2,16.1,0.1,2,Hybrid,4.4,8,4.3,5.4,8.1,3,10,TRUE,2.4,No
5004,36,Male,Single,Bachelors,Engineering,QA Engineer,2,6933,8.5,4.9,11.1,0.9,1,Hybrid,5,10,4,5.8,5.1,3,7.7,TRUE,5.6,Yes
5005,43,Male,Married,Bachelors,Operations,Program Manager,4,8805,9.8,8.6,17.9,0.9,0,Onsite,2.4,19,3.8,3.2,5.9,3,8.6,TRUE,8.8,No
5006,29,Male,Single,Bachelors,Research & Development,Research Scientist,1,4939,6.6,7.1,9,3.7,3,Onsite,3.2,4,4.4,6,6.8,3,5.5,FALSE,6.1,No
5007,37,Female,Married,Bachelors,Marketing,Marketing Specialist,3,6380,13.2,7.7,12.6,1.6,1,Remote,5.3,7,4.9,6.8,6.7,4,10,TRUE,4.5,No
5008,31,Female,Single,Bachelors,Human Resources,Recruiter,2,4266,9.1,9.3,11,3.6,2,Onsite,1.2,6,1.6,6.4,7.4,4,5.4,FALSE,6.4,No
5009,39,Male,Single,Bachelors,Finance,Financial Analyst,5,10055,11.7,9.4,11.1,1.2,0,Onsite,3.7,7,4.3,3.8,7.4,3,6.6,FALSE,6.2,No
5010,29,Female,Single,Bachelors,Engineering,Software Engineer,2,4764,11.7,2.4,6.7,2.4,1,Hybrid,3.8,4,3.4,5.7,6,4,8.6,TRUE,6.6,No
5011,49,Male,Divorced,Bachelors,Operations,Operations Analyst,2,3940,11.8,7.1,13.8,5,1,Hybrid,5.1,21,4.6,4.6,6.8,3,8.2,TRUE,1.6,No
5012,36,Non-binary,Single,Bachelors,Customer Support,Customer Success Manager,3,3917,8.4,9.4,15.9,3,1,Remote,11.6,9,3.3,6.1,7.9,3,7.2,FALSE,6.5,No
5013,52,Female,Married,Masters,Customer Support,Customer Success Manager,5,8198,14.3,7.1,7.7,0.9,2,Onsite,7.6,8,4.5,4.4,4.5,2,4.2,TRUE,6.5,Yes
5014,50,Male,Single,Bachelors,Operations,Program Manager,4,6580,19.7,7.8,15.8,0.3,2,Remote,4.6,20,4.8,5.3,5.4,3,9.7,FALSE,5.7,Yes
5015,54,Female,Single,Masters,Engineering,Software Engineer,5,11856,15.8,14.6,20.5,1.5,1,Hybrid,4.9,4,4.7,6.9,6.4,4,7.1,TRUE,1,No
5016,37,Male,Married,Bachelors,Engineering,Engineering Manager,5,11778,9.3,11.2,14.2,1.7,0,Hybrid,1.5,7,3,7.3,6.8,4,7.5,TRUE,3.8,No
5017,37,Male,Single,Bachelors,Sales,Sales Development Rep,3,7531,11.7,8.4,15.6,1,1,Hybrid,5.7,22,4.1,5.8,5.7,4,8.9,TRUE,8,No
5018,42,Non-binary,Single,Masters,Finance,Accountant,3,6152,11.2,0.8,8.7,0.8,3,Onsite,0.9,7,5.9,6.4,5.4,3,7.1,FALSE,9,No
5019,36,Female,Married,Masters,Engineering,Software Engineer,3,8993,11.1,9.8,13.4,0.7,0,Hybrid,7,8,2.8,8.8,6.4,4,7.4,FALSE,1.8,No
5020,53,Male,Single,Bachelors,Operations,Program Manager,4,5680,10.7,6,8.5,1,0,Hybrid,1.8,28,4.9,5.6,6.5,4,7,TRUE,5.7,Yes
5021,41,Female,Single,Bachelors,Human Resources,Recruiter,2,5795,13.5,2.4,8.7,1.3,3,Onsite,10.2,9,5.1,6.7,7.6,5,10,TRUE,5.7,No
5022,43,Female,Married,High School,Human Resources,HR Manager,4,6077,9.4,15.7,20.8,1.9,1,Onsite,5.9,7,1.8,6.3,7.5,4,9.5,FALSE,4.9,No
5023,45,Male,Single,Masters,Finance,Accountant,3,7734,15,11,18.7,0.7,2,Hybrid,2.8,6,1,7.2,6.5,4,8.7,TRUE,2.1,No
5024,32,Female,Single,Bachelors,Customer Support,Support Specialist,3,4649,6.3,1.6,2.6,1.6,0,Remote,6.9,9,5.7,3.2,6.4,3,9,FALSE,6.3,No
5025,36,Male,Single,Masters,Research & Development,Product Researcher,2,8843,9.5,9.3,16,3.8,6,Onsite,2.6,8,3.3,7.9,6.1,4,9.8,FALSE,4.4,No
5026,21,Female,Married,Masters,Engineering,Software Engineer,2,5366,13.9,0,1,0,1,Remote,0.5,7,1,10,9.1,5,7,TRUE,4.4,No
5027,38,Female,Single,Bachelors,Customer Support,Support Team Lead,4,8264,9.5,9.6,15.3,0.3,1,Hybrid,5.8,11,4,7.1,5.8,4,9.1,TRUE,4,No
5028,27,Male,Single,Bachelors,Research & Development,Research Scientist,2,3895,12.2,4.9,7,1.7,3,Remote,4.5,8,4.2,4.9,7,4,8.5,TRUE,4.3,No
5029,46,Female,Married,Masters,Engineering,Software Engineer,3,11950,12.1,10.5,16.4,1.1,2,Hybrid,3.7,4,3.7,6.6,5.8,5,8.2,TRUE,1.2,No
5030,29,Male,Single,Bachelors,Engineering,Engineering Manager,2,5789,13.8,5.5,7.1,1.2,0,Onsite,2.2,5,5.8,4.1,6.5,3,9.3,TRUE,4.2,No
5031,25,Male,Divorced,Bachelors,Engineering,Software Engineer,3,8395,12.5,4,5,1.7,1,Onsite,3.9,7,4,6.6,5.2,4,7.3,TRUE,1,No
5032,41,Female,Single,Bachelors,Sales,Account Executive,4,8470,10.4,10.9,21,1.7,2,Hybrid,4.2,21,4.4,6.5,6.6,3,7.8,TRUE,8.4,No
5033,36,Female,Single,Masters,Finance,Finance Manager,3,8667,12.1,8.2,13.8,0.7,2,Hybrid,5.5,2,2.4,7.5,7.1,5,7.6,FALSE,4.3,No
5034,25,Female,Married,High School,Human Resources,HR Business Partner,1,2701,12.7,2.4,5,0.5,1,Hybrid,3.2,4,4,7.5,6.9,4,7,FALSE,5.6,No
5035,44,Male,Single,Bachelors,Engineering,Engineering Manager,5,12453,13.3,7.8,12.3,3.7,2,Onsite,2.4,3,2.6,9.4,7.6,5,10,FALSE,3.5,No
5036,29,Male,Divorced,Bachelors,Engineering,Software Engineer,1,4524,12.6,0,9,0,4,Hybrid,8.4,8,4.6,6.6,3.8,4,8.9,TRUE,1,No
5037,33,Non-binary,Divorced,Bachelors,Engineering,Software Engineer,2,5789,12.8,5.7,7.7,2,0,Hybrid,9.7,7,4.2,5.6,6.6,3,7.1,TRUE,1.8,Yes
5038,30,Male,Single,Masters,Operations,Operations Manager,3,5435,10.3,6.1,8.8,3.2,1,Hybrid,5.7,20,3.8,4.5,5.6,4,6.3,TRUE,3.7,No
5039,53,Male,Single,High School,Marketing,Growth Manager,5,9876,12.7,13.9,16.3,0.8,0,Onsite,0.8,4,3.8,6.1,5.5,4,9,FALSE,4.1,No
5040,28,Female,Married,High School,Sales,Sales Development Rep,2,3425,14.2,5.1,8,2.7,1,Hybrid,11.3,18,3.1,6.2,6.2,4,8.8,FALSE,3.4,No
5041,27,Male,Married,Bachelors,Marketing,Content Strategist,2,5567,5.2,3.2,7,2.6,0,Remote,3.3,7,4.8,6.5,7.9,3,7.9,TRUE,6.5,Yes
5042,31,Male,Married,Bachelors,Engineering,Software Engineer,1,4074,11.6,2,11,2,3,Hybrid,6.4,4,6,6.2,7.1,4,9.3,TRUE,6.2,No
5043,33,Female,Married,Masters,Operations,Operations Manager,3,7065,15.4,7.6,11.8,1.3,1,Onsite,1,16,1,9.5,6.6,4,9.8,TRUE,3.7,No
5044,32,Female,Single,Bachelors,Sales,Account Executive,4,8048,10,11,12,3.2,0,Onsite,8,20,4.6,5.3,3.4,2,7.2,TRUE,1,No
5045,51,Female,Single,Masters,Human Resources,HR Manager,5,8506,10.3,12.4,18,5.1,2,Hybrid,0.9,4,3.1,7.2,7.3,3,9.3,TRUE,3.3,No
5046,26,Male,Married,Bachelors,Sales,Sales Manager,2,4613,9.3,5,6,3.1,0,Hybrid,8,32,4.4,8,7.1,4,9.6,TRUE,7.7,No
5047,35,Male,Single,Bachelors,Operations,Operations Analyst,2,5137,12.8,4.4,6.8,2.4,0,Remote,9,16,2.6,7,7.8,4,8.3,TRUE,6.9,No
5048,42,Male,Married,Bachelors,Customer Support,Support Team Lead,3,3797,12.6,6.9,15.4,0,2,Onsite,6.1,7,7,3.4,5.3,4,8.9,FALSE,5.6,Yes
5049,37,Female,Married,PhD,Sales,Sales Manager,4,11238,8.6,6.6,12.3,1.7,2,Onsite,3.5,31,3.6,7.3,4.4,4,9.4,TRUE,5.6,No
5050,36,Female,Married,Bachelors,Operations,Program Manager,2,5085,14.8,3.5,3.2,0.4,0,Hybrid,3.4,23,1.8,7.8,6.4,4,8.7,FALSE,6.1,No
5051,43,Male,Single,Masters,Sales,Account Executive,4,7579,15.1,3.6,11.9,1.5,3,Remote,4.1,18,2.8,8.9,8.2,4,7.5,TRUE,3.5,No
5052,40,Female,Single,Masters,Engineering,Software Engineer,3,7359,7.8,3.8,9.3,3.8,1,Onsite,4.2,4,2.2,7.4,8.4,4,8.8,TRUE,2.5,No
5053,44,Female,Single,Bachelors,Engineering,Engineering Manager,4,8669,9.5,2.5,11.8,1.8,5,Onsite,3.8,8,5.4,3.9,6.1,3,8.1,TRUE,1.6,Yes
5054,35,Female,Divorced,Bachelors,Operations,Operations Analyst,3,6269,9.8,9.4,15,3.9,3,Hybrid,5.8,33,3.1,7.4,6,4,10,TRUE,3.5,No
5055,39,Female,Married,Masters,Customer Support,Customer Success Manager,3,5329,11.4,8.6,13.9,3.6,0,Onsite,12.4,6,6.1,3.3,3.5,2,8.3,FALSE,5.3,No
5056,34,Male,Single,PhD,Sales,Sales Development Rep,3,9661,9.7,8.3,13.8,0.7,1,Remote,6.3,20,5.4,6.2,5.1,3,8,FALSE,5.4,No
5057,33,Female,Married,Masters,Marketing,Content Strategist,3,7194,10.6,3.9,11.8,3.5,1,Hybrid,4.6,8,4.4,7.4,4.5,4,8.3,FALSE,6.2,No
5058,41,Male,Married,Masters,Marketing,Growth Manager,3,6027,9.3,9.5,17.9,3.5,2,Hybrid,8.6,4,2.7,5.5,7.5,3,6,TRUE,3.8,No
5059,47,Male,Married,Bachelors,Engineering,Software Engineer,5,10890,12.3,9.8,12.3,1.4,1,Onsite,5,7,3.4,7,8,4,8.2,TRUE,4.7,No
5060,36,Female,Single,High School,Customer Support,Support Specialist,2,3711,11.2,9.2,12.9,4,1,Hybrid,2.7,5,3.2,6.7,4.5,3,8.7,TRUE,8,No
5061,41,Male,Married,Bachelors,Finance,Finance Manager,4,9424,13.3,12.2,18.4,1.5,2,Hybrid,0.9,5,2.3,6.8,6.5,5,7.2,FALSE,5.1,No
5062,38,Female,Married,Masters,Operations,Operations Analyst,2,5016,12,2.2,6.3,1.3,1,Hybrid,4.9,28,5.1,5,6.2,3,8.3,FALSE,5.9,No
5063,32,Female,Married,Bachelors,Human Resources,HR Business Partner,2,5126,14.1,2.6,11.7,0.6,3,Onsite,3.1,8,1.7,9.6,6.9,4,8,TRUE,3,No
5064,50,Male,Single,PhD,Finance,Accountant,5,10719,9,8.2,14.5,7.6,2,Hybrid,2.6,8,1,7.2,7.7,3,8.6,FALSE,6.2,No
5065,25,Male,Married,Bachelors,Operations,Operations Analyst,1,3734,13,0,5,0,1,Hybrid,2.5,20,1.6,5.8,7.4,4,8.6,FALSE,4.9,No
5066,29,Female,Single,Bachelors,Research & Development,Product Researcher,3,7979,11.2,8,7.3,1.7,1,Onsite,2.6,7,5.1,7.3,6.4,4,8.6,TRUE,4,No
5067,26,Male,Married,High School,Customer Support,Support Specialist,3,2930,8.2,2.7,6,2.1,1,Hybrid,5.7,6,1.8,8.5,6.7,5,9.2,FALSE,7,No
5068,27,Male,Married,Masters,Operations,Operations Analyst,1,3587,8.6,2.6,7,1.8,2,Hybrid,15.7,25,5.5,6.8,4.5,4,8.2,TRUE,5.6,No
5069,40,Prefer not to say,Single,PhD,Customer Support,Support Specialist,5,7494,8.5,9.3,17.1,0.9,2,Onsite,4,7,3.3,8.5,7.4,3,9.4,TRUE,8,No
5070,34,Male,Single,Masters,Marketing,Content Strategist,3,5770,16.2,3.5,5.5,3.5,0,Onsite,8.3,4,2.9,5.8,5.4,4,9,TRUE,5.2,No
5071,36,Female,Single,High School,Research & Development,Product Researcher,3,5314,13.5,7.4,8.6,0.9,1,Hybrid,13.7,6,5.2,3.8,5,4,9.7,TRUE,3.9,No
5072,21,Male,Married,PhD,Engineering,Engineering Manager,3,8829,18.1,0,1,0,0,Remote,0.9,7,1,6.1,6.9,4,7,FALSE,5.9,Yes
5073,40,Male,Single,Bachelors,Human Resources,HR Manager,3,5397,9,7,16.8,4.1,3,Onsite,4.7,4,6.8,4.8,4.7,3,8.8,FALSE,5.4,No
5074,39,Female,Single,Bachelors,Customer Support,Customer Success Manager,3,3580,10.3,8.7,17.2,2.8,4,Remote,9.2,6,4.8,6.8,6.8,3,8.4,FALSE,7.3,No
5075,28,Female,Married,Masters,Engineering,QA Engineer,3,7208,6.4,7,8,3.6,3,Onsite,6.2,9,4.5,7.8,4,4,9.1,FALSE,3.8,No
5076,38,Female,Married,Masters,Engineering,QA Engineer,2,5986,3.9,4.2,13.7,3.8,2,Onsite,2.9,6,4.2,5.6,6.9,3,8.2,TRUE,2,No
5077,21,Male,Married,Masters,Marketing,Marketing Specialist,1,2711,14.7,0,1,0,2,Onsite,6.5,6,2.9,5.5,6.6,4,7.7,TRUE,5.7,No
5078,33,Female,Married,PhD,Customer Support,Customer Success Manager,4,7515,12.6,12,13,3.6,2,Hybrid,19,6,6.6,7.8,4.6,3,7.6,FALSE,3.5,Yes
5079,42,Female,Married,Masters,Sales,Sales Manager,5,11974,13.6,12,19.1,1,2,Hybrid,4.5,25,3.3,5.9,5.3,4,10,TRUE,5.3,No
5080,52,Female,Married,Masters,Marketing,Marketing Specialist,4,7439,9.1,13.5,15,2.6,0,Hybrid,12.1,4,2.4,6.9,4.5,3,7.6,FALSE,2.6,No
5081,45,Male,Married,Bachelors,Engineering,Engineering Manager,5,8370,8,11.3,15.2,0.2,2,Remote,5.2,2,3.9,8.6,5.2,3,6.2,TRUE,4.7,No
5082,43,Male,Married,PhD,Research & Development,Research Scientist,4,9356,11.3,11.6,14,0.4,1,Remote,4.1,6,3.6,7.3,6.3,4,7.1,FALSE,2.9,No
5083,32,Male,Single,Bachelors,Operations,Operations Analyst,2,3904,7.5,8.2,12,2.1,0,Remote,2.6,20,2.5,4.9,6.5,4,8.1,FALSE,9.3,No
5084,28,Female,Married,Bachelors,Finance,Financial Analyst,1,3574,11.1,3.2,6.6,2.7,2,Onsite,1.5,6,3.5,4.9,7.4,3,8.5,FALSE,7.5,Yes
5085,43,Male,Married,PhD,Operations,Operations Analyst,5,10819,9.7,11,22.5,5.6,3,Hybrid,7.6,20,3.1,7.5,4.8,3,6.5,FALSE,7.5,Yes
5086,21,Female,Single,Bachelors,Finance,Financial Analyst,1,3478,20.9,0,1,0,0,Hybrid,3.5,7,4.5,4.8,7,4,7.4,FALSE,7.8,Yes
5087,44,Female,Married,High School,Customer Support,Support Team Lead,2,3151,14.9,2.3,8.4,2.3,2,Onsite,6.4,2,2.9,5.1,6.2,3,8.1,TRUE,7.7,Yes
5088,48,Female,Married,Masters,Marketing,Growth Manager,5,9553,11.8,12.6,17.5,3.9,1,Hybrid,4.1,5,4.7,7.7,5.8,3,7.9,TRUE,3.5,No
5089,40,Male,Single,Bachelors,Research & Development,Product Researcher,2,6452,11,4.4,9.7,1.8,1,Onsite,3.3,7,3.1,5.5,6.5,3,9.5,TRUE,1.2,No
5090,40,Female,Married,Masters,Engineering,Engineering Manager,4,11441,4.9,8.7,20,2.1,4,Onsite,3.1,7,1,7.4,7.8,3,8.2,TRUE,1.9,No
5091,28,Male,Married,PhD,Engineering,Engineering Manager,3,8011,13.2,5.3,8,0.7,4,Onsite,1.8,9,1.4,8.1,7.5,4,9.7,TRUE,4.7,No
5092,48,Female,Married,Masters,Customer Support,Support Team Lead,3,3995,18.7,6.3,9.1,0.7,0,Hybrid,8.5,5,2.7,6.8,5.1,5,9.2,FALSE,7,No
5093,39,Male,Married,PhD,Sales,Account Executive,1,5154,9.2,2.6,5.3,2.6,0,Onsite,6.3,22,6.8,4.8,5.3,4,8.4,TRUE,6.8,No
5094,29,Male,Single,Masters,Sales,Sales Manager,3,6421,7.2,7.4,9,3.6,1,Hybrid,8.3,26,2.6,7.2,5.1,4,8.4,FALSE,4.3,No
5095,37,Male,Single,Bachelors,Engineering,QA Engineer,3,8408,12.6,3.5,14.8,0,2,Hybrid,16.6,9,5.4,6.5,3.4,4,8.5,TRUE,4.6,No
5096,25,Male,Married,Bachelors,Customer Support,Customer Success Manager,2,3617,12,4,5,1.5,5,Hybrid,7.3,9,5.7,5.5,6.3,4,8.6,FALSE,9,No
5097,36,Male,Divorced,PhD,Customer Support,Support Specialist,2,4365,10.9,5.1,13,2.3,4,Onsite,8.1,6,4.9,4.8,7.1,4,7.5,FALSE,4,No
5098,36,Male,Married,Bachelors,Operations,Operations Analyst,2,4066,13.6,3.8,10.2,1.1,2,Hybrid,4.8,18,2.9,5.8,5.8,3,10,FALSE,5.7,No
5099,27,Male,Married,PhD,Customer Support,Support Specialist,2,4420,13.5,6,7,3.4,2,Onsite,4.8,6,5,7.2,5.8,3,6.9,FALSE,4,No
5100,28,Female,Single,Bachelors,Customer Support,Support Specialist,2,4374,5.2,7,8,4,1,Hybrid,3.9,4,4.9,3.4,8.5,3,8.3,FALSE,3.9,Yes
5101,32,Male,Married,Bachelors,Engineering,Engineering Manager,2,8624,12.7,4.8,10.1,2,2,Hybrid,7.9,4,4.5,5.8,4.8,4,9,TRUE,1.3,No
5102,25,Male,Married,Bachelors,Human Resources,HR Business Partner,1,3240,6.4,1.4,5,1.4,1,Hybrid,13.1,5,5.7,5.1,5,3,6.6,TRUE,3.1,No
5103,40,Male,Single,Masters,Customer Support,Support Specialist,5,6185,9.3,15.3,20,5,1,Remote,7,6,3.2,7.5,7,3,8.3,TRUE,5.9,No
5104,42,Male,Married,Bachelors,Customer Support,Customer Success Manager,4,6184,11.7,11.9,16.4,0.5,1,Remote,7.5,4,2.4,9.2,6.5,4,8.2,TRUE,7.1,No
5105,37,Female,Single,High School,Finance,Financial Analyst,2,5065,16.4,4.9,13,1.1,3,Onsite,8.4,6,5.7,5.3,4.8,5,7.8,TRUE,6,No
5106,37,Female,Single,Bachelors,Sales,Account Executive,2,4014,10.5,4,10,1.1,2,Hybrid,6.9,15,5.8,3.6,4.2,3,9.1,FALSE,2.8,Yes
5107,35,Male,Married,Masters,Operations,Program Manager,3,5896,8.9,9.5,14.5,2.7,1,Hybrid,19.3,25,7,3.8,3.3,3,6.7,FALSE,3.6,Yes
5108,31,Female,Married,Masters,Operations,Program Manager,5,10671,14.8,10,11,4.2,1,Hybrid,9.8,24,7.2,6.7,3.8,4,8.3,TRUE,7.2,No
5109,33,Male,Married,Masters,Engineering,Software Engineer,3,11694,11.4,5.8,13,2.4,1,Onsite,1.9,6,1.6,7.5,9.6,4,9,TRUE,2.7,No
5110,33,Female,Single,Masters,Engineering,Software Engineer,1,4015,8.4,5.2,9.6,4.2,0,Hybrid,2.3,4,2.4,8,4.5,4,8.1,FALSE,6,No
5111,27,Male,Single,Bachelors,Marketing,Content Strategist,3,5995,10.7,6,7,3.7,1,Hybrid,10.4,9,4.2,6.2,4.9,3,8.6,FALSE,5.2,No
5112,41,Female,Married,Bachelors,Customer Support,Support Team Lead,3,5036,11.5,6.2,13.4,0.3,2,Remote,3.9,5,4.7,4.6,5.5,3,6.3,TRUE,8.8,Yes
5113,47,Male,Married,PhD,Sales,Account Executive,3,6290,8.3,8.1,14.5,0.4,2,Onsite,12.3,24,7,2.6,3,3,6.8,FALSE,3.9,Yes
5114,34,Male,Single,Bachelors,Marketing,Marketing Specialist,3,6767,3.9,10,14,4.6,2,Onsite,4.1,7,6.1,4.2,5.7,4,7.6,FALSE,4.4,No
5115,46,Male,Married,Bachelors,Finance,Financial Analyst,5,11221,11.5,11.1,14.2,2.5,2,Hybrid,4,5,3,5.8,6.7,4,6.2,TRUE,5,No
5116,32,Male,Married,Masters,Operations,Operations Analyst,2,4665,11.9,0.5,8.8,0.5,3,Onsite,2.9,21,2.9,8.1,6.8,4,8.5,TRUE,6.5,No
5117,33,Female,Single,Bachelors,Sales,Sales Manager,3,6447,13.2,6.3,13,1.6,1,Remote,6.4,20,3.9,7.2,4.5,3,8.7,FALSE,5,No
5118,51,Female,Married,Bachelors,Engineering,Data Engineer,5,11842,4.8,11.2,19.2,5.8,1,Hybrid,4.5,3,2.4,7.2,6.9,4,6.1,TRUE,1,No
5119,34,Female,Married,Bachelors,Customer Support,Support Team Lead,2,4300,11.9,4.8,9.7,2.4,2,Onsite,14.9,4,6.5,4.4,2.9,3,8.3,FALSE,6.3,Yes
5120,33,Non-binary,Married,High School,Engineering,QA Engineer,3,6741,8,5.9,13,3.3,5,Onsite,7.4,10,6.4,4.1,4.5,3,7.1,TRUE,1,Yes
5121,30,Male,Single,Bachelors,Research & Development,Product Researcher,1,4706,8.8,5.3,10,4.5,3,Onsite,13.1,8,4.5,5.5,3.6,3,7.6,TRUE,1,Yes
5122,25,Female,Divorced,Bachelors,Sales,Sales Manager,2,4563,13.2,4,5,1.8,3,Remote,8.8,21,4.4,4.8,6,3,5.2,FALSE,8.3,No
5123,33,Male,Married,Bachelors,Sales,Account Executive,2,5893,9.2,4.8,11.6,4.8,2,Hybrid,12.7,26,3.1,6.4,5.9,4,9.4,TRUE,5.5,No
5124,56,Male,Divorced,Bachelors,Sales,Account Executive,4,8585,11.6,7.5,13.9,3.2,2,Onsite,2.2,28,2.4,10,8.1,4,6.5,FALSE,4.5,No
5125,34,Male,Married,Bachelors,Engineering,Data Engineer,1,4900,13.5,5.5,13.5,1,2,Hybrid,5.5,8,3,5.5,7.2,4,8.4,TRUE,2.8,No
5126,41,Female,Married,Bachelors,Operations,Operations Analyst,3,5786,12.6,4.5,14.4,2,4,Onsite,3.4,27,5.4,8,6.2,3,9.2,FALSE,5.3,No
5127,38,Male,Single,Bachelors,Finance,Financial Analyst,3,7095,10.2,8.5,16.4,2.4,3,Remote,2.2,6,3.7,7.3,7,5,10,TRUE,4.6,No
5128,42,Non-binary,Single,Bachelors,Engineering,Data Engineer,2,6659,13.9,3.1,7.2,2.5,2,Hybrid,8.3,7,5.6,3.3,5.3,3,8.5,FALSE,5.5,No
5129,34,Female,Married,Bachelors,Engineering,Engineering Manager,4,11064,9.8,8.6,14,5.1,2,Hybrid,4.5,2,4.8,5.8,5.3,4,5.7,TRUE,3.5,Yes
5130,46,Female,Married,Bachelors,Operations,Operations Manager,5,11849,7,11.6,17.6,5.2,2,Hybrid,2.4,22,3.3,6.3,7.4,3,8.5,FALSE,2.5,No
5131,30,Female,Divorced,Bachelors,Research & Development,Research Scientist,1,3409,10.9,2.3,10,2,2,Hybrid,9.5,6,6.8,6,4.3,4,9.9,TRUE,4,No
5132,33,Male,Single,PhD,Sales,Account Executive,2,6327,13.5,5.9,9.5,2.9,0,Onsite,4.6,22,4.6,7.7,8.7,3,10,TRUE,3.8,No
5133,54,Female,Single,Bachelors,Customer Support,Support Team Lead,4,9104,4.3,12.2,17.4,2.8,0,Remote,4,12,2.7,5.6,6.1,4,6.4,TRUE,6.5,No
5134,40,Male,Married,Bachelors,Human Resources,HR Business Partner,3,7398,12.1,5.4,12,5.4,3,Onsite,5.7,6,4.8,4.6,6.3,3,6,TRUE,5.8,Yes
5135,33,Male,Married,Bachelors,Engineering,Software Engineer,1,3690,10.1,4.4,12.5,1.7,2,Hybrid,13.9,7,6.9,4.5,4.3,3,6.1,TRUE,6,Yes
5136,41,Male,Single,Masters,Engineering,QA Engineer,3,10091,6.9,6.6,13.1,3.5,2,Hybrid,8.1,4,2.3,6,5.4,3,7.2,TRUE,3.4,No
5137,29,Female,Single,Bachelors,Operations,Operations Analyst,1,2864,11.5,4.3,9,0.9,4,Hybrid,1.3,19,2.8,7,6.7,3,6.8,TRUE,6.7,No
5138,28,Female,Married,Bachelors,Customer Support,Support Specialist,2,4465,9.6,7,8,2.5,1,Onsite,8.6,4,3.9,5.9,6.7,3,8.7,FALSE,4.5,No
5139,34,Female,Single,Masters,Marketing,Marketing Specialist,2,6506,12.2,5.3,14,1.1,3,Hybrid,5.8,11,3.4,7.9,6,4,7.6,TRUE,7.8,No
5140,29,Male,Married,Bachelors,Human Resources,HR Manager,2,5066,11.4,3.1,9,3.1,4,Hybrid,12.6,4,5.3,6.7,3.5,4,8.8,TRUE,5.4,Yes
5141,31,Male,Married,Masters,Marketing,Marketing Specialist,2,5652,10.3,6.1,11,2.6,2,Hybrid,6.1,5,4.4,6.9,6.6,3,9.5,TRUE,2.8,No
5142,51,Male,Divorced,Bachelors,Engineering,Data Engineer,4,10973,6.9,12.9,17.7,4.5,1,Hybrid,5.3,11,4.9,3.1,7.4,3,10,TRUE,2.6,Yes
5143,46,Male,Married,Bachelors,Finance,Finance Manager,4,9965,18.8,11.3,16.6,0.9,2,Remote,7.9,6,4,7.7,7.5,3,7.6,TRUE,7,No
5144,42,Male,Single,Bachelors,Sales,Sales Development Rep,3,8128,8.8,6.3,11,2.5,1,Onsite,10.5,22,5.9,7.1,6.7,3,7.4,FALSE,5.5,No
5145,39,Male,Single,Bachelors,Engineering,Software Engineer,3,7261,10.8,5.3,11,2.3,2,Remote,7,3,4.5,2.7,5,3,8.6,TRUE,3.2,Yes
5146,29,Male,Single,Bachelors,Sales,Account Executive,1,3024,12.6,2.9,9,1.2,3,Remote,10.5,24,5.5,6.2,6.2,3,7.4,TRUE,6,No
5147,49,Female,Married,Masters,Finance,Finance Manager,4,7656,14.6,5.2,10.2,3.7,1,Remote,6.6,8,4.8,4,4.8,3,6.7,FALSE,8.2,No
5148,44,Male,Single,High School,Engineering,Software Engineer,3,5456,18.8,7.6,10,1,0,Hybrid,8.1,6,4.3,7,5.7,4,7.5,FALSE,3.3,No
5149,39,Female,Single,PhD,Research & Development,R&D Manager,5,12731,9.3,9.5,15.9,2,2,Hybrid,2.9,5,3.1,8.2,7,4,9,TRUE,2.8,No
5150,26,Female,Married,PhD,Sales,Sales Development Rep,4,9133,6.7,5,6,3.4,5,Onsite,12.1,25,5,5.7,5.4,3,7.1,FALSE,5.3,No
5151,26,Male,Married,Masters,Marketing,Content Strategist,1,4513,8.5,3.9,6,2.1,1,Hybrid,1.6,3,3.7,7.1,6.1,4,6.9,FALSE,6.6,No
5152,21,Female,Married,Bachelors,Marketing,Content Strategist,2,3678,16,0,1,0,5,Onsite,4,4,5.2,4.8,7.5,3,7.4,TRUE,5.2,No
5153,42,Female,Married,Bachelors,Engineering,Data Engineer,3,9087,9.3,9.9,18.6,6.1,6,Remote,16,6,5.8,4.5,5.2,5,9.9,TRUE,4.3,No
5154,26,Male,Married,Bachelors,Marketing,Growth Manager,3,5097,10.1,4.6,6,2,3,Remote,2.5,3,2.1,7.7,7.4,3,7.2,FALSE,3.5,No
5155,30,Female,Married,Bachelors,Sales,Sales Manager,2,5105,9.6,5.5,10,5.5,1,Onsite,5.1,18,4.7,4.3,5,4,10,FALSE,7.8,No
5156,40,Female,Married,Bachelors,Sales,Sales Development Rep,2,3523,9.7,5.5,13,2.1,2,Hybrid,14.4,17,4.9,5.5,4.5,4,10,FALSE,6.4,Yes
5157,35,Male,Married,Masters,Finance,Financial Analyst,4,10179,6.1,10.2,15,4.9,3,Onsite,1.2,9,3.7,6.6,7.8,4,9.7,FALSE,6.4,Yes
5158,38,Female,Single,Bachelors,Finance,Accountant,3,5942,16.2,7.1,16.9,0,4,Remote,3.3,3,4.2,4.1,6.4,2,9.1,FALSE,5.4,No
5159,31,Male,Married,Bachelors,Marketing,Growth Manager,2,5243,10.7,2.6,11,2.6,5,Remote,8.2,2,4.7,5.4,7,3,7.9,TRUE,4.8,No
5160,37,Female,Divorced,PhD,Customer Support,Customer Success Manager,5,9108,11.1,15.4,17,2.2,1,Hybrid,6.3,4,3,8.7,6.7,4,7.4,TRUE,4.7,No
5161,35,Male,Divorced,Bachelors,Marketing,Marketing Specialist,4,8365,6.5,8.9,14.9,2.4,1,Hybrid,10.7,6,4.4,5.8,4.2,4,7.6,TRUE,3.4,No
5162,33,Female,Single,PhD,Customer Support,Customer Success Manager,3,6609,10.5,7.1,9.3,0.7,1,Hybrid,2.8,7,2.6,8.2,5.3,4,9.1,TRUE,5.6,No
5163,42,Female,Married,Bachelors,Human Resources,HR Manager,4,7938,18.1,5.4,17.2,0.2,4,Remote,4,5,2.4,9.1,8,4,8.5,FALSE,8.6,No
5164,44,Female,Married,Bachelors,Marketing,Growth Manager,3,8387,3.2,11.4,17.6,3.6,1,Hybrid,3.8,4,5,6.7,6.4,3,8.4,TRUE,6.3,No
5165,34,Male,Single,Bachelors,Operations,Program Manager,4,8955,10.9,11.1,14,1.3,2,Hybrid,12.7,21,5.6,6.3,5,4,9.2,TRUE,5,Yes
5166,50,Male,Married,Bachelors,Human Resources,HR Business Partner,4,7594,13.9,10.4,17.5,0.7,2,Remote,3.2,7,2.2,6.5,8.3,4,9.1,FALSE,4.1,No
5167,27,Male,Married,Bachelors,Research & Development,R&D Manager,2,5933,12.1,6,7,2.5,4,Onsite,1.4,6,2.7,6.9,8,3,10,TRUE,1,No
5168,42,Female,Married,Bachelors,Operations,Program Manager,4,8979,10.7,7.8,15.4,0.9,3,Hybrid,6.3,16,5.1,5.2,4.1,2,8.4,FALSE,2,No
5169,30,Female,Single,Bachelors,Customer Support,Customer Success Manager,4,6830,9.8,9,10,0.5,3,Remote,5,9,3.7,5.5,6.6,3,7.8,FALSE,5.5,No
5170,36,Male,Single,Bachelors,Operations,Operations Analyst,2,5058,11,3.9,4.6,3.9,0,Hybrid,4.8,24,3.5,5.9,5.3,3,8.3,TRUE,4.6,No
5171,35,Female,Married,Masters,Operations,Operations Manager,4,8599,14.3,13.1,15,1.3,0,Hybrid,11.8,22,4.5,5.8,5.5,3,7.1,FALSE,3.5,No
5172,35,Female,Married,Bachelors,Sales,Sales Development Rep,1,4177,17,3.9,15,0.9,4,Onsite,33.4,18,10,1,1,3,8.4,TRUE,3.5,Yes
5173,35,Female,Married,Masters,Customer Support,Support Team Lead,2,4440,9.3,6.7,9.8,1.3,3,Onsite,5.9,8,5,6,4.3,3,8.9,FALSE,6,No
5174,39,Female,Married,Bachelors,Customer Support,Support Specialist,3,5414,11,8.6,14,2.4,3,Onsite,3.5,8,2.5,7.3,8,3,5.6,TRUE,10,No
5175,37,Female,Divorced,Bachelors,Sales,Sales Manager,3,8136,10.8,6,9.3,2.5,2,Remote,5.6,19,4.3,5.9,6.3,3,10,FALSE,6.8,No
5176,29,Female,Divorced,Masters,Engineering,Data Engineer,2,7526,10.7,6.7,9,1.7,2,Hybrid,20.3,4,6.7,5.6,4,4,5.3,TRUE,5.5,Yes
5177,33,Male,Divorced,Masters,Engineering,Data Engineer,2,7095,9.9,9.5,13,0.1,1,Onsite,5.4,5,3.8,7,5.5,4,9.9,TRUE,5.3,No
5178,30,Male,Married,Masters,Engineering,QA Engineer,2,4932,15.4,5.3,8.2,3,1,Hybrid,2.9,9,2.6,7.2,6.8,4,7.2,TRUE,3.8,No
5179,36,Male,Single,Masters,Sales,Sales Development Rep,1,2810,14.1,1.3,9.2,1.3,0,Remote,6.2,19,1.5,8,8.6,4,7.8,FALSE,4.7,No
5180,25,Male,Divorced,Masters,Engineering,Data Engineer,1,3922,12.2,1.6,5,1.3,2,Hybrid,2.4,8,3.6,5,5.9,4,9.6,FALSE,4.4,No
5181,35,Female,Married,Bachelors,Sales,Account Executive,4,8677,9.1,6.2,11.9,2.4,3,Remote,5.6,25,3.5,7.8,7.8,3,9.8,TRUE,3.6,No
5182,28,Female,Single,Bachelors,Finance,Financial Analyst,3,7271,10.4,7,8,0.4,1,Hybrid,3.4,4,2.5,7.7,7.5,4,5.8,FALSE,5,No
5183,24,Male,Married,Bachelors,Engineering,Software Engineer,2,6696,11.8,3,4,0,1,Hybrid,4.7,2,2.3,8.3,6.7,4,8,TRUE,7.3,No
5184,32,Male,Single,Masters,Marketing,Content Strategist,2,6138,15.3,1.2,2.6,1.2,0,Onsite,3.2,6,3.5,6.1,8.7,3,8,TRUE,2.5,No
5185,49,Female,Married,Masters,Customer Support,Support Team Lead,5,13724,9.5,16.7,26.4,2,2,Hybrid,3.6,5,5.9,5.1,5.3,4,6.7,FALSE,7.9,Yes
5186,47,Female,Single,Masters,Engineering,Engineering Manager,5,14199,11.4,14,18.7,3.7,2,Hybrid,8.6,5,3.1,6.8,6.1,4,7,TRUE,4.4,No
5187,50,Male,Married,Masters,Engineering,Engineering Manager,5,12816,8.4,8.2,17.4,2,2,Onsite,1.4,8,1,7.7,9.5,4,8.2,TRUE,3.2,No
5188,27,Male,Single,Bachelors,Operations,Operations Analyst,1,3579,11,5.6,7,0.6,2,Onsite,8,24,4.8,7.3,5.9,4,6.9,FALSE,7.1,No
5189,35,Female,Single,Bachelors,Engineering,QA Engineer,3,8813,12.6,3.2,8.5,2,2,Onsite,4.8,5,5.4,6.9,5,3,7.9,TRUE,5,No
5190,33,Female,Single,Bachelors,Operations,Operations Manager,3,6472,10.2,10.8,13,5.3,1,Hybrid,4.1,17,4.3,8.2,7.5,3,9.3,TRUE,4.4,No
5191,48,Male,Married,Masters,Finance,Accountant,3,9082,8.5,8.5,18.8,2.8,5,Hybrid,2.8,5,4.3,6.7,7.5,4,7.5,TRUE,6.2,No
5192,52,Male,Divorced,Masters,Engineering,Data Engineer,5,14335,10.7,8.9,12.7,2.9,1,Hybrid,5.7,5,3.3,7.2,8,4,9.1,TRUE,1,No
5193,27,Male,Married,Bachelors,Operations,Operations Manager,2,5038,7.8,1,7,1,1,Hybrid,10.5,30,5.6,6.2,5.4,3,8,FALSE,6,Yes
5194,23,Male,Married,Masters,Operations,Operations Analyst,1,3092,10,2,3,0.8,1,Hybrid,7.2,20,4,5.4,4.3,3,6.8,TRUE,6.5,No
5195,34,Female,Single,Masters,Marketing,Marketing Specialist,2,4904,12.6,6.4,12.9,3.6,2,Hybrid,1.9,9,1.5,9.5,7.5,5,8.3,TRUE,8.4,No
5196,35,Female,Married,Bachelors,Research & Development,Product Researcher,1,4013,17.2,0.3,9.7,0.3,2,Remote,2.2,9,2.3,8.4,8.2,4,8,TRUE,4.8,No
5197,34,Male,Single,Bachelors,Engineering,Data Engineer,3,7545,14.5,10.8,14,1.5,1,Hybrid,2,8,1.9,9.5,8.3,5,8,TRUE,4.5,No
5198,48,Female,Single,Masters,Customer Support,Support Specialist,3,6051,9.2,6.9,9.7,3.4,0,Onsite,17.7,7,6.3,6.5,3.9,3,7.1,FALSE,7.1,No
5199,35,Female,Married,Bachelors,Finance,Finance Manager,5,9419,13.5,12.6,14.3,0.6,1,Hybrid,14.3,5,4.4,5.3,4.6,3,6.8,TRUE,1.3,No
5200,21,Male,Divorced,Masters,Engineering,Engineering Manager,3,7798,9.7,0,1,0,3,Onsite,6.7,7,5.9,5.9,5.5,4,8.8,TRUE,3.9,Yes
5201,32,Male,Married,Masters,Customer Support,Customer Success Manager,2,5195,11.1,4.4,11.1,0.7,2,Remote,2.5,4,2.7,6.5,6.5,3,9,FALSE,3.6,No
5202,36,Male,Single,Bachelors,Human Resources,HR Business Partner,3,6207,21.6,3.1,10.4,0.9,1,Remote,10.1,6,3.2,7.1,5.3,4,7.1,TRUE,1.8,No
5203,30,Female,Divorced,High School,Engineering,QA Engineer,3,5953,11.7,6.6,10,3.6,2,Hybrid,2.5,10,2.4,6.1,6.8,3,8.9,TRUE,5,No
5204,44,Female,Divorced,Masters,Research & Development,Product Researcher,3,8326,15.9,7.6,13.2,1,1,Onsite,6.9,1,5,6.1,6.1,4,8.4,FALSE,7.1,Yes
5205,32,Prefer not to say,Single,Bachelors,Finance,Accountant,2,3977,12.5,6.7,12,1,3,Remote,5.2,7,4.1,7.4,6.7,4,10,FALSE,5.1,No
5206,32,Female,Single,PhD,Sales,Account Executive,2,6133,10.8,8.2,12,3.2,2,Onsite,8.2,20,5.2,3.3,5.2,3,6.1,TRUE,5.9,Yes
5207,45,Male,Married,Bachelors,Customer Support,Support Team Lead,3,4420,13,10.5,17.2,0.1,2,Onsite,3,8,2.6,7.7,7.2,3,8.4,TRUE,5.1,No
5208,32,Female,Married,Masters,Human Resources,HR Manager,2,4553,13,7.5,8.9,0.3,0,Remote,3.4,9,2.5,6.4,8.2,4,6.8,FALSE,4.5,No
5209,31,Female,Single,High School,Operations,Operations Analyst,2,4389,17.4,0,9.2,0,1,Remote,4.4,27,1,6.4,6.7,4,7.4,TRUE,6.6,No
5210,29,Female,Married,Bachelors,Customer Support,Support Specialist,2,3790,9.5,4.1,4.9,4.1,0,Hybrid,4.5,6,2.6,5.4,7.8,4,8.1,TRUE,9.7,No
5211,46,Male,Married,Masters,Research & Development,R&D Manager,5,12911,6.7,11,17.9,0.7,2,Hybrid,0.8,9,1.2,10,7.8,4,10,FALSE,2.2,No
5212,32,Female,Single,Masters,Engineering,Engineering Manager,3,7909,11.4,4.2,12,2.5,6,Hybrid,6.4,6,2.5,6.2,5.9,3,8.6,FALSE,5.3,No
5213,37,Male,Single,Masters,Finance,Finance Manager,4,11107,14.4,9.3,13.9,0,0,Hybrid,8.7,9,5.2,8.9,5.4,3,10,FALSE,7.2,No
5214,40,Female,Married,Masters,Sales,Account Executive,3,8916,9.7,11.1,20,3.5,3,Onsite,19.7,18,5.3,3.9,5.5,3,8.5,TRUE,4.9,No
5215,40,Male,Single,Masters,Marketing,Content Strategist,4,10624,10.6,9.2,15.8,0.8,2,Hybrid,18.1,9,7,5.6,2.8,3,10,FALSE,4.3,Yes
5216,33,Female,Single,High School,Engineering,QA Engineer,2,5286,13.9,9.5,13,2.5,3,Hybrid,0.6,4,2.3,5.6,7.1,3,8.6,TRUE,2,No
5217,26,Female,Married,High School,Engineering,Data Engineer,1,3761,15.8,4.3,6,1.6,2,Remote,6.3,5,2.8,7.9,6.2,5,8.7,TRUE,3.5,No
5218,43,Male,Married,High School,Customer Support,Support Team Lead,5,6348,13.3,11,16.2,0.8,2,Hybrid,6.5,7,3.8,6.7,6.9,4,6.8,FALSE,4.5,No
5219,27,Female,Single,PhD,Operations,Operations Analyst,2,4675,13.3,0.6,4.3,0.6,2,Onsite,9.8,17,4.5,6.4,5.9,3,7.7,TRUE,3,No
5220,35,Female,Divorced,Masters,Engineering,QA Engineer,2,6814,16,4.9,12.8,0.6,3,Hybrid,2.7,4,1.9,10,6.4,5,8.1,TRUE,3.3,No
5221,43,Male,Married,Bachelors,Operations,Operations Analyst,4,7574,8.1,10.8,14.9,0.1,2,Remote,8.1,16,4.9,6,6.8,4,9.6,TRUE,4,No
5222,32,Male,Single,Bachelors,Marketing,Growth Manager,2,7151,4.2,6.2,12,3.2,1,Hybrid,6.7,6,4.2,7.7,7.1,4,7.4,TRUE,5,No
5223,44,Male,Married,Bachelors,Customer Support,Support Team Lead,3,6353,12.3,5.4,12.6,0.5,2,Hybrid,10.1,7,5.4,3.7,7.2,3,5.4,FALSE,7.6,No
5224,27,Male,Divorced,Masters,Sales,Account Executive,4,9654,9.3,6,7,2,2,Hybrid,8.4,16,2.5,7.1,5.4,4,9.4,TRUE,4.5,No
5225,40,Male,Divorced,Bachelors,Sales,Sales Development Rep,3,7329,10.3,6.5,12.2,0.7,2,Hybrid,11.8,27,8,6.2,4.2,3,8.5,TRUE,4.7,Yes
5226,46,Male,Single,Masters,Engineering,Software Engineer,4,7725,13.8,10.1,21.8,0.6,3,Hybrid,4.2,8,1.4,8,6.8,4,10,TRUE,3,No
5227,35,Female,Single,PhD,Engineering,QA Engineer,3,10231,11.4,8.1,12.5,0.5,2,Remote,4.2,10,4.2,6.7,9.2,4,8.7,FALSE,1.6,No
5228,40,Female,Divorced,Bachelors,Engineering,Engineering Manager,3,7336,9.1,12,17.7,2,1,Hybrid,11.1,7,5.8,5.3,5.5,4,8.4,TRUE,4.6,Yes
5229,51,Female,Married,Bachelors,Marketing,Growth Manager,4,7982,10.9,10.5,16.2,3.3,1,Hybrid,20.8,8,7.4,7,3,4,7.2,TRUE,6.8,Yes
5230,41,Male,Single,Bachelors,Sales,Account Executive,3,6671,7.4,9.5,15.2,1.1,2,Hybrid,4.1,18,3.8,7.9,7.1,4,6.7,TRUE,1.6,No
5231,36,Female,Divorced,Masters,Sales,Account Executive,2,6475,13.3,6.5,14.2,2.1,2,Hybrid,5.8,18,3.8,7.2,7.1,3,8,TRUE,6.8,No
5232,36,Male,Divorced,Bachelors,Engineering,QA Engineer,2,6603,9,1.6,10.3,1.6,2,Onsite,4.9,8,6.6,3.5,4.4,4,10,FALSE,5.2,No
5233,45,Male,Married,Masters,Marketing,Growth Manager,4,9159,15.3,11,16.9,2.1,2,Onsite,11.4,6,4.9,7,3.7,4,7.5,TRUE,4.3,No
5234,27,Male,Married,Bachelors,Finance,Accountant,1,3975,7.2,5.6,7,2.5,2,Onsite,6.4,5,5.8,5.5,4.3,3,6.8,FALSE,7.7,No
5235,46,Male,Married,Bachelors,Sales,Sales Development Rep,4,9416,3.3,13.8,16.8,2.6,1,Onsite,6.2,28,4.1,5.4,4.8,4,8.5,TRUE,6,No
5236,36,Female,Single,Masters,Engineering,QA Engineer,3,7443,11.7,6.5,10.6,4,2,Remote,2.9,9,2.1,7.1,6.1,4,9.4,TRUE,5.2,No
5237,43,Male,Married,Masters,Operations,Program Manager,3,6163,12.8,2.8,8,0.5,3,Onsite,11.9,29,4.9,7.2,4.4,3,8.3,TRUE,4.5,No
5238,31,Male,Single,Bachelors,Customer Support,Support Specialist,3,5746,12.8,5,11,1.7,2,Hybrid,3.7,4,4.9,4.5,5,3,8.7,FALSE,10,Yes
5239,43,Male,Married,Masters,Sales,Sales Manager,3,6713,18.4,7.1,8.5,0.2,0,Onsite,3.2,18,1.1,8.1,7.6,3,6.5,FALSE,5,No
5240,29,Male,Married,Masters,Operations,Operations Manager,2,5417,15.6,6.9,9,1.8,3,Remote,5.8,24,2.8,8,7.1,4,7.5,TRUE,3.6,No
5241,35,Male,Single,Bachelors,Research & Development,Product Researcher,3,8669,12.3,4.7,6.3,3.1,0,Remote,4.3,7,2.5,6.7,6.5,3,7.2,FALSE,4.4,No
5242,37,Male,Single,Masters,Finance,Finance Manager,4,8920,8,10.8,17,0.9,2,Hybrid,8.9,10,6,5.1,5.4,3,5.4,TRUE,5.2,No
5243,34,Female,Single,Bachelors,Customer Support,Customer Success Manager,3,4532,12.9,6.5,14,0.4,4,Hybrid,4,7,1.5,9.6,6.7,4,8.1,TRUE,4.6,No
5244,33,Male,Married,Bachelors,Research & Development,Product Researcher,2,5279,9.5,5,13,3.7,5,Hybrid,7.8,5,5.7,5.7,5,3,10,FALSE,1.2,Yes
5245,31,Male,Single,Bachelors,Marketing,Marketing Specialist,2,4581,14.8,4.1,9.3,4.1,2,Onsite,1.7,8,3.2,6.3,5.6,3,6,TRUE,6.4,No
5246,31,Male,Married,PhD,Research & Development,Research Scientist,2,5139,20.3,1.8,9.4,1.8,2,Onsite,3.5,8,2.9,7.9,6.3,4,10,TRUE,1,No
5247,43,Male,Married,Bachelors,Engineering,Engineering Manager,4,11944,8.4,10.1,20.5,2.8,4,Hybrid,9,5,5.3,2.2,4.8,3,7.6,TRUE,7.5,Yes
5248,41,Male,Single,PhD,Human Resources,HR Business Partner,3,7373,14.7,7.6,14.9,1,3,Remote,7.8,6,3.7,8,5,4,6.9,TRUE,6.2,No
5249,38,Female,Married,Masters,Marketing,Content Strategist,4,9326,12.4,8,18,2.1,3,Remote,6.7,5,3.9,9.3,6.2,4,8.9,FALSE,4.8,No
5250,25,Female,Divorced,Masters,Marketing,Marketing Specialist,3,6741,10.4,4,5,3.8,3,Hybrid,11,5,6.2,4.2,3.2,3,8.6,FALSE,6.9,Yes
5251,45,Male,Single,Bachelors,Engineering,Engineering Manager,4,9615,14.7,6.5,12.7,0,1,Hybrid,3.7,6,3.5,6.6,7.1,5,8.9,TRUE,3.4,No
5252,41,Male,Married,Bachelors,Research & Development,Research Scientist,4,11038,7.7,14.2,21,2.6,3,Hybrid,9.1,9,5.7,5.9,3.8,4,9.7,FALSE,2.2,No
5253,31,Female,Married,Masters,Engineering,Software Engineer,1,4993,14,6.4,9.5,1.9,2,Onsite,6.4,9,4.7,4.5,5.9,3,5.9,TRUE,6.4,No
5254,34,Female,Married,PhD,Engineering,Engineering Manager,3,10427,9.5,9,14,1.1,3,Hybrid,2.7,6,4.6,4.8,6.4,4,7,FALSE,5.4,Yes
5255,55,Male,Divorced,Bachelors,Customer Support,Support Team Lead,5,6421,10.2,11.1,21.8,1.1,3,Onsite,10.2,11,2.3,8.6,5.8,3,7.3,FALSE,5.9,No
5256,43,Female,Married,Bachelors,Customer Support,Customer Success Manager,4,5843,13.9,7.2,14.9,1,2,Remote,13.4,5,3.4,7.7,6.4,3,8.4,TRUE,7,No
5257,47,Female,Married,Masters,Sales,Account Executive,4,9729,15.6,8.2,17.4,0.5,3,Remote,4.8,29,3.2,7.7,6.1,3,8.3,FALSE,2.7,No
5258,27,Female,Married,Bachelors,Finance,Accountant,2,4308,11,0.6,7,0.6,5,Hybrid,6.8,6,4.8,5.7,6.6,3,7.8,FALSE,4.6,No
5259,34,Female,Single,Masters,Customer Support,Customer Success Manager,2,5562,13,5.4,12.9,1.5,3,Remote,9,4,3.8,7.4,5.9,4,10,TRUE,6.3,No
5260,36,Female,Single,PhD,Research & Development,Product Researcher,1,3519,13.2,4.1,9.2,1.8,2,Remote,3.9,8,1.9,6.5,6.9,4,10,TRUE,3.9,Yes
5261,47,Male,Single,Bachelors,Engineering,Data Engineer,2,5538,14.1,6.7,20.5,0.9,5,Hybrid,10.2,3,5.9,5.3,5,3,6.9,TRUE,4.3,Yes
5262,27,Male,Married,High School,Operations,Operations Analyst,1,3049,9.6,6,7,4.4,1,Hybrid,3.3,22,3.5,4.3,7.1,4,8.9,FALSE,5.8,Yes
5263,42,Female,Single,Masters,Marketing,Marketing Specialist,5,9124,9.2,11,13,1.2,0,Remote,23.3,4,7.7,5.7,3.6,3,9.7,TRUE,4.4,No
5264,45,Female,Single,Bachelors,Research & Development,R&D Manager,3,8237,16.5,4.4,16.5,0.6,4,Onsite,6.2,8,2.5,7.6,6.1,3,6.9,TRUE,2.9,No
5265,40,Female,Married,Bachelors,Marketing,Content Strategist,5,8710,16.4,8.6,14.3,0,0,Remote,6.7,12,3.2,9.4,6.1,3,5.6,TRUE,2.6,No
5266,31,Male,Married,Bachelors,Engineering,Data Engineer,2,5781,17,5.6,11,1.6,4,Remote,7,6,3.8,5.4,7,4,8,TRUE,1.6,No
5267,42,Female,Divorced,Bachelors,Research & Development,Product Researcher,2,4567,17.9,8,11.5,2.2,1,Remote,6.5,5,1,9.2,7.7,4,7.8,TRUE,5.3,No
5268,37,Prefer not to say,Married,Bachelors,Research & Development,Product Researcher,3,7290,9.9,5.4,13.4,0.5,2,Hybrid,7.4,4,4.2,6.5,5.7,3,7.4,TRUE,7.1,No
5269,43,Male,Married,PhD,Engineering,Engineering Manager,3,13694,17.8,12,23,0.8,4,Remote,2.5,8,3.6,5.1,7.1,3,5.5,TRUE,2.8,No
5270,33,Female,Single,Bachelors,Engineering,Data Engineer,3,6801,13.6,3.7,10.6,2.6,3,Hybrid,3.1,7,3.4,5.1,7.5,3,7.9,TRUE,3.1,No
5271,36,Non-binary,Married,Bachelors,Engineering,QA Engineer,1,4504,10.1,0.2,1.8,0.2,0,Onsite,10.6,10,6,3.6,5.1,3,7.5,TRUE,4.3,Yes
5272,29,Male,Married,Bachelors,Marketing,Growth Manager,3,5471,10.3,7.2,9,3.4,1,Hybrid,10.3,4,3.6,5.4,5.2,4,7.1,FALSE,5.8,Yes
5273,40,Female,Married,Bachelors,Engineering,Software Engineer,2,6317,4.6,5.1,10.7,2.3,0,Onsite,4,7,3.2,7.9,6.6,4,10,TRUE,3.7,No
5274,23,Female,Single,Bachelors,Customer Support,Support Specialist,2,2736,13.2,2,3,2,3,Onsite,7.8,5,4.7,6.4,7.2,4,9.3,FALSE,8.9,No
5275,44,Male,Divorced,Bachelors,Sales,Sales Development Rep,3,6850,5.7,4.8,13.8,4.8,3,Hybrid,5.9,21,5,5,5,3,7.6,FALSE,4.9,No
5276,38,Female,Divorced,High School,Finance,Financial Analyst,4,7460,7.1,6.6,11.8,2,1,Hybrid,4.7,3,2.8,6.8,4.9,5,8.5,TRUE,5.2,No
5277,37,Female,Married,Bachelors,Human Resources,HR Manager,3,5245,6.2,4.9,12.2,2,1,Onsite,4.7,4,3,5.1,6.1,3,8.5,TRUE,5.6,No
5278,23,Male,Married,Masters,Research & Development,Product Researcher,1,4510,6.8,2,3,2,3,Onsite,14.4,7,6.1,4.1,2.9,4,9.6,TRUE,3.5,Yes
5279,57,Female,Married,Masters,Customer Support,Customer Success Manager,5,10464,22.6,12.3,16,1.1,0,Remote,14.6,7,5.3,7.1,4.3,4,8.4,FALSE,6.9,No
5280,30,Female,Single,High School,Operations,Operations Analyst,3,4723,10.9,4.5,10,2.7,3,Onsite,4.7,25,3.4,6.5,6,4,5.2,TRUE,3.2,No
5281,31,Male,Married,Masters,Engineering,QA Engineer,5,14087,10,10,11,3.6,1,Onsite,8.2,10,5.5,6.5,3.2,4,8.5,TRUE,2.3,Yes
5282,48,Female,Married,Bachelors,Sales,Sales Manager,4,6777,8.2,7.3,14,2.8,2,Onsite,8.2,20,5.7,7.4,5.2,4,7.6,TRUE,4.7,No
5283,26,Female,Married,High School,Operations,Program Manager,2,3419,10.5,5,6,2.3,3,Remote,6.8,18,3.5,7.5,6.1,4,10,FALSE,7.7,No
5284,39,Male,Married,Masters,Sales,Sales Manager,4,9984,13,6.2,11.5,1,1,Hybrid,8.3,24,4.9,7.5,6.3,4,9.1,FALSE,6.2,No
5285,31,Male,Married,Bachelors,Engineering,Engineering Manager,3,8695,10.2,9,11,0.9,3,Onsite,1.5,4,4.3,4.6,7.6,4,7.4,TRUE,4.5,No
5286,47,Male,Single,Masters,Engineering,Engineering Manager,3,9920,13.9,6,11.6,0.1,3,Onsite,9.3,5,4.3,7,6,3,9,TRUE,1,No
5287,23,Male,Single,Bachelors,Finance,Financial Analyst,2,4928,13.5,2,3,0.7,1,Hybrid,13.6,8,4.5,5.6,5.5,4,7.8,FALSE,1.2,No
5288,42,Female,Married,Bachelors,Engineering,Software Engineer,4,11039,11.7,7,11.8,2.5,2,Hybrid,7.1,4,3.7,8.8,6.3,4,6.3,TRUE,1.9,No
5289,35,Male,Single,Masters,Marketing,Content Strategist,2,5234,14.2,7.5,15,0.1,4,Hybrid,4.5,2,3.3,5.7,6.3,4,8.4,FALSE,6.9,No
5290,32,Male,Married,Bachelors,Sales,Sales Development Rep,2,4388,9.8,3.5,11.3,2.2,2,Remote,10.6,18,2.6,7.6,7,4,8.8,FALSE,5.5,No
5291,39,Female,Single,Masters,Engineering,Data Engineer,2,5058,9.6,6,8.5,4.3,0,Hybrid,15.4,4,7.1,3.4,3.2,3,8.2,FALSE,7.4,No
5292,26,Male,Divorced,PhD,Operations,Operations Analyst,1,4173,9.5,1.2,5.5,1.2,1,Onsite,11.6,25,5.2,5.8,5.2,4,8.2,TRUE,5,Yes
5293,53,Female,Single,Bachelors,Finance,Accountant,4,9853,10.8,8.3,15.2,2.9,2,Hybrid,3,13,4,7.8,6.9,3,8.6,FALSE,5.7,No
5294,21,Male,Married,Masters,Customer Support,Support Specialist,1,2118,13.2,0,1,0,2,Onsite,3,6,4.2,4.1,5.2,3,7.4,TRUE,5.9,No
5295,34,Female,Single,Bachelors,Operations,Operations Manager,2,4486,8.9,1.5,8,1.5,2,Hybrid,5.2,18,4.8,5.7,6.3,4,7.4,FALSE,5.4,Yes
5296,36,Female,Married,High School,Customer Support,Support Specialist,3,3831,10.6,8.8,12.9,2.7,1,Hybrid,13.5,6,5.8,4.9,4.8,3,8.2,FALSE,7.6,No
5297,25,Female,Married,Masters,Operations,Program Manager,2,3758,8.7,2.5,3.8,1.2,1,Onsite,2.3,23,5.3,2.7,5.8,2,6.8,TRUE,3.9,No
5298,29,Male,Divorced,Bachelors,Sales,Sales Development Rep,1,3084,8.6,0,6.4,0,2,Onsite,2.4,27,5,5.7,5.3,3,5.1,FALSE,7.6,No
5299,35,Female,Single,Bachelors,Finance,Accountant,3,9084,7.4,9,15,1.8,3,Remote,7.3,6,3.4,5.3,5.8,4,9.4,FALSE,8.2,No
5300,42,Female,Divorced,Bachelors,Operations,Operations Manager,4,9476,12,11.8,18.1,1,1,Onsite,4.5,24,1.6,8.1,6.6,3,9.4,TRUE,4.4,No
5301,41,Female,Married,High School,Operations,Operations Manager,2,4235,7.9,1.9,5.9,1.9,2,Remote,6.1,23,5.5,5.9,5.9,4,8.2,TRUE,6.4,Yes
5302,44,Female,Divorced,Bachelors,Engineering,QA Engineer,4,9217,11.5,9.8,16.4,3.5,2,Remote,3.7,3,3.1,5.1,7.1,3,5.9,TRUE,2.5,Yes
5303,29,Male,Single,Masters,Operations,Operations Analyst,4,9056,7.3,8,9,2.5,1,Remote,4,17,2.3,8.8,8.6,5,10,TRUE,2.3,No
5304,55,Female,Married,High School,Research & Development,Product Researcher,5,10895,8.4,14.6,28,2.2,4,Hybrid,12.1,6,4.7,4.8,6.1,3,8.2,TRUE,3.1,Yes
5305,36,Non-binary,Married,Bachelors,Marketing,Content Strategist,2,4184,13.6,4,9.9,2.4,2,Onsite,2.7,7,4.9,6.9,6.7,3,7.7,TRUE,7.8,Yes
5306,35,Male,Single,Masters,Operations,Program Manager,2,4841,13,7.9,15,0,1,Onsite,13.1,23,5.6,7.5,3.5,4,9.5,TRUE,2.3,No
5307,35,Male,Married,Bachelors,Engineering,Engineering Manager,5,10932,8.2,10.5,15,1,1,Onsite,2.4,4,3.3,6,6.6,3,9.7,TRUE,3.9,No
5308,43,Female,Divorced,Masters,Engineering,Engineering Manager,5,13129,11.7,14.4,22.1,0.4,2,Hybrid,11.7,5,4.6,6.5,5.9,4,7.7,TRUE,2.6,No
5309,45,Male,Married,Bachelors,Customer Support,Customer Success Manager,4,6227,15,7.8,15.9,1.1,1,Remote,5.6,9,1,9.1,8.4,4,8.2,FALSE,1.9,No
5310,24,Male,Single,Bachelors,Sales,Account Executive,1,3589,12.2,3,4,3,1,Onsite,4.5,20,2.2,7.9,6.5,3,6.8,TRUE,3.6,Yes
5311,40,Female,Single,Masters,Marketing,Content Strategist,5,11482,9.3,11.8,20,0.6,3,Hybrid,14.9,9,4.2,7.1,6.4,3,8.1,FALSE,7,No
5312,47,Male,Divorced,Masters,Engineering,Data Engineer,5,13725,9.6,14.1,18.7,2.6,0,Hybrid,8.5,5,3.2,7.2,6.7,4,7.5,TRUE,3.5,No
5313,37,Female,Married,High School,Finance,Finance Manager,3,6407,6.7,9.1,13.3,1.7,2,Hybrid,4.9,5,4.1,6.6,7.1,4,7,FALSE,2.8,No
5314,29,Female,Single,High School,Marketing,Growth Manager,3,6189,16.4,5.2,9,0.6,1,Hybrid,2.9,6,1.7,8.1,5.9,4,10,TRUE,6.6,No
5315,43,Female,Divorced,High School,Finance,Finance Manager,4,7596,10.4,9.7,15.6,0.2,1,Remote,15.6,9,5.8,6,6.1,3,6.5,TRUE,5.8,No
5316,24,Male,Single,Bachelors,Sales,Account Executive,1,2856,9.2,1.5,4,1.5,3,Onsite,5.5,16,3.6,6.7,6.1,3,9,TRUE,7.6,Yes
5317,31,Female,Married,Bachelors,Marketing,Growth Manager,4,8727,5.8,9.5,11,5.2,1,Hybrid,6,2,4.9,5.6,6.6,3,10,TRUE,5.8,No
5318,32,Male,Married,PhD,Engineering,Data Engineer,3,8168,1.7,9,12,8.8,0,Onsite,3.7,3,4,3.3,5.7,3,9.2,TRUE,5.3,Yes
5319,46,Male,Married,Bachelors,Customer Support,Customer Success Manager,4,4612,12.1,10.4,14.9,0.8,2,Onsite,13.1,6,5.2,4,5,3,8.7,FALSE,4.5,No
5320,29,Female,Married,Bachelors,Marketing,Marketing Specialist,3,5723,8,5.2,6.8,1.3,1,Remote,5.8,6,2.9,6.4,6.4,5,10,TRUE,4.7,No
5321,44,Female,Single,Bachelors,Engineering,Data Engineer,2,6899,11,1.5,6.1,0.3,1,Onsite,12.6,7,4.2,6.8,4.3,3,7.3,TRUE,1.5,No
5322,33,Female,Single,Bachelors,Finance,Accountant,3,6022,13.6,9.3,13,0.2,2,Onsite,4.4,7,3.5,7.4,6.7,5,8,TRUE,9.3,No
5323,37,Male,Married,Bachelors,Operations,Program Manager,3,5822,8.1,3.1,7.2,2.8,0,Hybrid,5.8,19,2.5,6.5,5.5,3,7.8,FALSE,1.3,No
5324,38,Female,Divorced,Bachelors,Marketing,Growth Manager,3,6252,8.7,7.5,18,1.5,6,Onsite,7.7,5,7.5,4.1,5,3,7.4,TRUE,7.5,Yes
5325,30,Male,Married,PhD,Customer Support,Customer Success Manager,4,6444,5.5,7.9,10,2.5,1,Hybrid,18.7,4,6.4,6.7,4,3,8.5,TRUE,4.7,No
5326,39,Male,Single,Bachelors,Engineering,Software Engineer,3,7562,9.2,5.4,11.6,4.9,1,Onsite,18.2,7,5.5,4.6,4.4,4,8.9,FALSE,4.5,Yes
5327,42,Female,Married,PhD,Research & Development,Research Scientist,5,16202,14.6,13.2,21.4,2.3,4,Hybrid,8,9,3,6.5,5.9,4,7.4,TRUE,1.9,No
5328,29,Female,Single,Bachelors,Engineering,Software Engineer,2,4870,16.4,0.7,9,0.7,4,Remote,0.4,5,1,8,8.1,4,7.7,TRUE,1.9,No
5329,21,Female,Single,Bachelors,Marketing,Growth Manager,2,4878,15.3,0,1,0,1,Onsite,9.3,4,4,4.9,4.3,3,9.3,FALSE,6.2,No
5330,46,Male,Married,Bachelors,Operations,Operations Manager,4,5970,11.1,9.7,16.5,0.7,1,Hybrid,3.1,18,6.6,3.1,7.6,3,8.5,FALSE,1.3,Yes
5331,30,Female,Married,Masters,Human Resources,Recruiter,2,5186,7.3,7.4,10,3.4,3,Remote,3.1,8,3,4.4,7.5,4,9.2,TRUE,6.7,No
5332,42,Female,Married,Bachelors,Sales,Sales Manager,5,13934,6.3,11.8,12.3,2,0,Hybrid,4.3,25,1.4,8.2,5.7,3,7.1,FALSE,5.7,No
5333,38,Male,Married,Bachelors,Customer Support,Customer Success Manager,3,4717,9.4,6.2,18,6.2,3,Remote,5.1,6,4.4,5.1,5.9,4,10,TRUE,4.3,No
5334,46,Male,Married,PhD,Engineering,Software Engineer,3,9198,18.6,10.6,18.5,0.7,1,Onsite,8.1,6,2.7,6.3,4.8,3,9.2,TRUE,3.5,No
5335,36,Male,Divorced,PhD,Operations,Operations Analyst,1,3594,12,1,4.4,1,2,Onsite,2.8,18,4,5.7,7,4,10,TRUE,6.9,No
5336,38,Male,Married,Bachelors,Engineering,Engineering Manager,4,8930,14.9,5.1,14.1,0.3,3,Hybrid,6.1,4,2.9,6.3,6.4,4,9.3,TRUE,3.1,No
5337,33,Male,Married,Bachelors,Engineering,Engineering Manager,4,8470,9.8,11.4,13,6.5,3,Hybrid,9.5,8,5.2,4.8,5.5,2,8.7,FALSE,4.5,Yes
5338,30,Female,Married,Masters,Engineering,Data Engineer,2,8159,8.4,2.6,10,2.1,1,Hybrid,2,9,5.8,3.3,7.7,3,7.9,TRUE,4.8,Yes
5339,40,Male,Single,Bachelors,Operations,Operations Manager,3,5787,3.2,11.1,20,6.3,4,Remote,6.2,21,2,6.1,7.4,3,8.3,TRUE,5.3,No
5340,25,Female,Single,PhD,Engineering,Data Engineer,1,5600,13.4,3.5,5,1.1,4,Hybrid,1,5,4.2,6.3,6.1,3,7.9,TRUE,2.8,Yes
5341,45,Male,Single,Bachelors,Finance,Accountant,5,8587,9.9,12.2,15.2,2.2,0,Hybrid,4.3,4,2.5,9.1,6.4,4,9.9,TRUE,6.8,No
5342,50,Male,Married,Bachelors,Finance,Finance Manager,5,11475,5.6,10.6,16.5,2.2,2,Hybrid,7.4,5,4.1,6.3,7.2,3,9.8,TRUE,1.9,No
5343,31,Female,Single,PhD,Finance,Financial Analyst,3,8670,12.5,7.4,11,1.6,1,Onsite,2.6,8,4.4,7.6,7.4,4,9,TRUE,7.8,No
5344,48,Male,Divorced,Masters,Sales,Sales Manager,5,15338,14.1,12.5,20.1,1.6,2,Hybrid,7.9,17,2.4,7.2,5.8,4,10,FALSE,3.7,No
5345,51,Female,Married,PhD,Engineering,QA Engineer,2,8668,13.4,7.4,9.1,1.3,0,Hybrid,3.5,2,3.1,7.2,6.4,5,8.8,FALSE,5,No
5346,45,Male,Married,Bachelors,Sales,Sales Development Rep,2,5335,12.6,5.8,10.8,2.2,2,Hybrid,4.1,19,3.7,7.5,6.7,4,8.8,FALSE,5.4,No
5347,27,Female,Married,Bachelors,Research & Development,Research Scientist,1,3305,14.9,4.2,7,2.3,1,Remote,7.3,9,4.3,5.8,6.7,3,8.5,FALSE,4.7,No
5348,40,Male,Married,Bachelors,Engineering,QA Engineer,3,5257,13.8,7.8,16,2.2,3,Remote,8.9,6,2,7,6.6,3,9.3,FALSE,3.1,No
5349,40,Male,Single,Masters,Finance,Accountant,3,6711,12.2,4.3,11.3,0.7,1,Onsite,8.4,8,3.7,6.7,4.7,4,8,FALSE,4.9,No
5350,28,Female,Single,PhD,Engineering,QA Engineer,2,7139,14.6,6.9,8,2,3,Remote,3.5,6,1,8.1,7.8,4,10,FALSE,2.2,No
5351,36,Male,Single,Bachelors,Engineering,Software Engineer,2,5824,13.6,10.7,15,0.5,2,Hybrid,5.8,8,5.1,5.8,5.6,5,8.3,FALSE,3.1,No
5352,41,Male,Single,PhD,Marketing,Content Strategist,2,6491,13.4,7.5,16.7,2.5,4,Hybrid,3,6,3,8.4,7.1,3,7.7,TRUE,5.3,No
5353,42,Female,Married,Bachelors,Finance,Finance Manager,3,9367,12.1,11.2,13.7,2,0,Onsite,11.8,5,4.8,5.2,5,2,8.6,FALSE,5.7,No
5354,40,Female,Married,Bachelors,Sales,Sales Manager,3,8690,5.5,8.1,15.8,4,3,Hybrid,5.1,26,2.9,7.5,6.4,4,7,TRUE,3.8,Yes
5355,36,Female,Married,Bachelors,Customer Support,Customer Success Manager,2,3271,7.1,5.3,10.5,1.6,1,Onsite,4,6,3.7,5,7,2,7.5,FALSE,7.2,No
5356,44,Female,Single,Masters,Customer Support,Support Specialist,3,4954,13.7,4.5,12.1,0.9,1,Onsite,21.7,9,8.6,5.9,1.8,3,10,TRUE,7.6,Yes
5357,40,Male,Married,Bachelors,Engineering,Engineering Manager,2,4474,12.3,5,11.2,1.5,1,Remote,5.3,8,1.2,8.3,8,4,6.9,TRUE,2.6,No
5358,47,Female,Single,Bachelors,Customer Support,Customer Success Manager,4,6791,5.1,9.3,17.8,2.9,2,Remote,17.9,8,4.8,5.8,4.6,2,7.6,TRUE,8,No
5359,27,Female,Divorced,Bachelors,Engineering,Software Engineer,2,5220,17.3,3.2,7,2.4,3,Hybrid,0.5,5,2,7.6,7.7,4,6.9,TRUE,4.6,No
5360,29,Male,Single,Bachelors,Sales,Sales Development Rep,3,6677,10.8,8,9,4.4,1,Hybrid,18.4,25,5.8,6.4,2.1,4,8.4,TRUE,3.6,No
5361,41,Non-binary,Married,Masters,Operations,Operations Analyst,4,9935,9.3,7.8,12,1,0,Hybrid,6.9,21,2,5.9,7.3,4,8,TRUE,4.6,No
5362,38,Female,Single,High School,Sales,Sales Manager,4,5196,13.5,9.7,16.3,5.5,2,Hybrid,3.9,28,1.6,9,6.5,4,8.8,FALSE,1.2,No
5363,31,Non-binary,Married,Bachelors,Operations,Operations Manager,2,5523,9.2,5.4,10.9,5.4,2,Remote,2.6,23,1.7,8,8.3,4,10,FALSE,5.9,No
5364,36,Male,Married,Masters,Finance,Finance Manager,5,9224,12,7.8,16,1.3,3,Hybrid,9.3,6,5.4,5,5,3,8.3,FALSE,3.4,No
5365,34,Female,Single,PhD,Customer Support,Support Team Lead,3,5492,11.3,6.2,5.7,3.4,0,Hybrid,12.6,8,6.2,4.9,3.4,4,8.7,FALSE,4,No
5366,46,Female,Single,Bachelors,Engineering,QA Engineer,4,9508,7.2,12.4,16.8,4,0,Hybrid,6,5,3,6.9,6.1,5,9.9,TRUE,1.1,No
5367,21,Male,Married,Masters,Research & Development,Research Scientist,1,3946,10.5,0,1,0,4,Hybrid,4.2,2,1.6,8.6,6.1,4,9,FALSE,5.7,Yes
5368,21,Female,Divorced,High School,Customer Support,Support Specialist,2,2865,5.6,0,1,0,3,Hybrid,14.7,3,5.4,5.2,6.3,4,7.2,FALSE,6.8,Yes
5369,42,Male,Single,Bachelors,Operations,Operations Analyst,3,6278,10.4,8.8,16.1,1.2,3,Hybrid,14.9,24,5.9,4.5,3.8,3,7.9,FALSE,3.8,Yes
5370,42,Male,Married,Bachelors,Operations,Operations Manager,3,5029,11.5,7.6,14,0.7,1,Hybrid,4,18,3.2,6.1,7.7,4,9.5,TRUE,6.4,No
5371,33,Male,Married,Masters,Finance,Accountant,3,9483,12.7,8.8,13,0.2,3,Hybrid,0.7,9,2.8,9.2,7,5,8.8,TRUE,6.1,No
5372,27,Male,Married,Bachelors,Engineering,QA Engineer,2,6592,14.4,5.6,7,1.5,2,Hybrid,4.3,5,2,8,7.4,4,7.8,TRUE,1,No
5373,30,Male,Single,Bachelors,Engineering,Software Engineer,3,9545,9.6,5.7,10,5.7,2,Hybrid,12.6,6,3.8,9.6,7.1,4,9.9,FALSE,5.5,No
5374,48,Female,Single,Bachelors,Marketing,Marketing Specialist,5,11165,14.9,9.1,14.3,0,1,Onsite,15,1,4.4,6.4,4.1,3,9.9,TRUE,1.5,No
5375,30,Prefer not to say,Married,Bachelors,Engineering,Data Engineer,3,7046,10.6,6.1,7.5,1.4,1,Onsite,3.5,5,5.3,6.8,6.2,4,8.4,TRUE,2.7,No
5376,27,Female,Married,Bachelors,Sales,Account Executive,2,4086,13.4,5.7,7,1.9,2,Hybrid,9,27,4.3,3.8,5.1,4,10,FALSE,5.4,No
5377,39,Female,Single,PhD,Engineering,Data Engineer,2,7651,15.7,7.7,15.6,0.4,4,Remote,1.5,7,1.3,6.3,8.2,4,7.6,FALSE,2.3,No
5378,28,Female,Divorced,Bachelors,Human Resources,HR Manager,4,7270,11.4,7,8,1,1,Remote,8.2,7,3.3,8.1,6.5,4,7.8,TRUE,4.5,Yes
5379,34,Female,Married,Bachelors,Sales,Account Executive,2,4507,13.2,5.5,14,0.9,3,Onsite,6.6,29,5.8,6.4,5,3,8.7,FALSE,6.2,No
5380,33,Male,Single,PhD,Operations,Operations Manager,3,8102,17,7.3,13,2.2,1,Onsite,10.5,23,6.1,6.6,6.6,4,8.9,FALSE,8.9,No
5381,24,Male,Single,PhD,Engineering,QA Engineer,2,6404,11.2,1.5,4,0.5,2,Hybrid,7.4,2,4.4,4.4,5.8,3,7.8,FALSE,8.1,No
5382,28,Male,Single,PhD,Engineering,Software Engineer,1,4094,7.1,2.6,6.2,2,0,Remote,3.4,9,2.2,5.9,5.7,3,9,FALSE,3.6,No
5383,45,Female,Married,Bachelors,Engineering,QA Engineer,3,6672,11.4,4.5,7.4,0.6,0,Remote,9.9,7,3.1,7.6,6.4,4,9.4,TRUE,4.4,No
5384,37,Male,Single,Bachelors,Customer Support,Customer Success Manager,4,4905,9.1,6.7,9.1,2.6,1,Remote,18.9,5,2.9,5.4,5.3,3,8.2,TRUE,6.3,No
5385,52,Female,Single,PhD,Operations,Operations Manager,4,10828,8.3,8.4,17.3,5.7,3,Hybrid,1.5,15,1,9,7.2,4,8.6,FALSE,3.5,No
5386,33,Female,Married,Masters,Customer Support,Support Specialist,2,3473,16.8,4.2,7.5,2.3,1,Remote,7.5,8,2.9,9.1,6.9,4,8.6,FALSE,4.1,No
5387,29,Prefer not to say,Married,Bachelors,Engineering,Data Engineer,2,6466,13.6,6.3,9,3.5,1,Hybrid,2.5,3,3.3,7.7,6.8,3,5.9,FALSE,5.5,No
5388,43,Prefer not to say,Single,Bachelors,Sales,Sales Manager,5,11860,18.4,7.8,17.2,2.1,3,Hybrid,4,20,1.8,8.4,6.4,5,9.6,TRUE,3.8,No
5389,45,Male,Married,Bachelors,Operations,Program Manager,4,8270,14.1,9.7,7.5,0.9,0,Hybrid,3.2,25,4.5,5.4,5.5,4,6.6,FALSE,5.4,Yes
5390,38,Male,Single,High School,Engineering,Data Engineer,3,6977,10.5,7.2,11.8,1,2,Hybrid,5.5,7,3.8,7.1,8.2,4,7.9,FALSE,4.1,No
5391,54,Female,Married,PhD,Sales,Sales Development Rep,5,13161,8.9,11.3,14.1,2.5,1,Hybrid,10.5,21,4.8,7.3,5.6,3,6.2,FALSE,4.9,No
5392,44,Female,Divorced,Bachelors,Sales,Sales Manager,5,9410,15.3,10.3,23.7,3.7,3,Hybrid,11.1,23,5.6,5.8,5,4,9,FALSE,3.4,No
5393,38,Female,Divorced,Masters,Marketing,Content Strategist,1,3087,15.5,0,5.6,0,1,Hybrid,6.1,4,4.9,6.4,6.7,5,10,TRUE,6.2,No
5394,40,Male,Married,Bachelors,Engineering,Software Engineer,3,8045,6.7,8.7,15.2,3.1,2,Onsite,6.4,7,3.2,7.5,5.4,5,9.2,FALSE,1.2,No
5395,31,Male,Single,Masters,Research & Development,Research Scientist,1,3154,11.1,0,5.2,0,0,Hybrid,7.6,3,5.9,6.4,4.5,3,8,FALSE,3.7,No
5396,32,Female,Married,Bachelors,Finance,Finance Manager,4,11126,7.2,5.9,8.8,3.3,0,Onsite,21.1,5,9,5.7,2.2,2,7.5,FALSE,5.9,Yes
5397,24,Male,Married,Bachelors,Customer Support,Customer Success Manager,2,2905,11.1,3,4,1.8,3,Onsite,3.7,4,4.5,4.5,6,4,6.7,TRUE,6.8,No
5398,29,Female,Married,Bachelors,Finance,Accountant,1,2646,7.4,0.3,5.5,0.3,1,Onsite,11.3,8,5.4,5.2,5,3,7.3,TRUE,9.3,Yes
5399,32,Male,Single,Masters,Engineering,Software Engineer,4,11892,12.4,11,12,1.5,3,Hybrid,0.8,8,3.4,7.1,8.6,3,8.4,TRUE,3.8,No
5400,32,Male,Married,High School,Research & Development,Research Scientist,3,7444,13,7.3,12,0.1,1,Onsite,11.3,3,5.9,8.4,5.3,4,8.9,FALSE,5.8,No
5401,35,Male,Married,Bachelors,Operations,Program Manager,3,5663,8.4,7.9,13,0.9,2,Onsite,1.2,20,3.8,8.2,6.5,3,6.3,FALSE,5.6,No
5402,39,Male,Single,Bachelors,Customer Support,Support Team Lead,3,4527,13,9.1,18.3,1.1,4,Onsite,6.5,5,4.3,9,5.4,4,8.8,TRUE,10,No
5403,38,Female,Married,Bachelors,Operations,Operations Analyst,3,6048,10.4,9.1,12.7,2,2,Onsite,1.4,20,3.5,7.6,7,3,9.8,FALSE,4.4,No
5404,36,Female,Single,Bachelors,Engineering,Engineering Manager,3,8567,17,8.1,10.9,4.1,1,Hybrid,1.4,2,1,9.2,6.2,4,10,TRUE,3.2,No
5405,31,Male,Married,Bachelors,Research & Development,Research Scientist,2,5136,7.7,1.8,7,1.1,2,Onsite,8.7,8,4.3,7.6,5.7,5,9.5,TRUE,2.5,No
5406,42,Male,Single,Bachelors,Engineering,Data Engineer,4,9065,13.7,11.1,22,1,5,Onsite,7.7,1,4.3,8,6.7,4,9,FALSE,3.5,No
5407,37,Female,Married,Masters,Engineering,Engineering Manager,2,8828,10.8,4.4,9.9,4.4,0,Hybrid,6.6,5,4.9,4,6.4,3,7.8,TRUE,4,Yes
5408,42,Male,Married,High School,Sales,Sales Manager,3,4439,6.7,8.6,15.8,4.4,2,Hybrid,12.6,15,7.2,2.9,5.1,3,8.2,FALSE,10,Yes
5409,32,Male,Married,Bachelors,Sales,Account Executive,3,6546,8.7,4.9,7.5,1.1,1,Hybrid,6.4,13,3.7,6.2,5.1,3,7.1,FALSE,4.4,No
5410,35,Male,Single,Masters,Marketing,Content Strategist,1,2740,14,3.2,4.9,0.4,0,Hybrid,2.3,5,1,7.7,6.2,4,6.9,FALSE,5.2,No
5411,43,Male,Single,Masters,Finance,Accountant,3,7826,10.8,9.1,16.9,2.8,2,Onsite,7.4,3,3.8,6.3,5.2,3,7.9,FALSE,4.7,No
5412,40,Male,Single,Masters,Customer Support,Support Specialist,3,6046,6.5,7.6,11.9,1.3,0,Hybrid,6.5,10,2.8,8.4,7,4,7.2,FALSE,5.1,No
5413,35,Male,Single,Masters,Research & Development,Product Researcher,2,5860,11.1,6.8,13.8,0.5,1,Hybrid,11.9,5,6.3,7.8,5,4,7,FALSE,2.6,No
5414,29,Male,Married,Bachelors,Operations,Program Manager,3,8604,8.6,8,9,1.9,2,Hybrid,4,24,4.1,8.4,6.2,3,8.6,FALSE,4.6,No
5415,45,Male,Divorced,Bachelors,Customer Support,Support Specialist,3,5626,10.2,9.1,21,1,4,Hybrid,6.5,7,4.9,8,6.5,3,10,FALSE,5.7,Yes
5416,58,Female,Divorced,Masters,Research & Development,R&D Manager,5,11966,13.2,7.1,10.3,1.6,0,Hybrid,5,4,5.1,4.1,7.5,3,8.6,FALSE,2.3,No
5417,37,Female,Single,Bachelors,Finance,Financial Analyst,4,9554,11.2,15.1,17,3.9,3,Remote,14.6,4,5.3,6,4.6,4,8.8,TRUE,8.4,Yes
5418,21,Male,Married,Bachelors,Sales,Sales Development Rep,1,3228,11.4,0,1,0,0,Onsite,10.2,8,5,5.1,6.1,3,8.9,TRUE,4.2,Yes
5419,47,Female,Married,Bachelors,Engineering,Data Engineer,4,9606,3.8,11,15.4,2.9,2,Hybrid,6.5,6,3.3,5,7,4,6.5,FALSE,5.3,No
5420,34,Female,Married,PhD,Engineering,Engineering Manager,3,9919,12.4,9.7,14,0.3,3,Hybrid,4.7,5,3.1,7.4,6.9,3,8.6,FALSE,3.5,No
5421,40,Female,Single,Masters,Finance,Financial Analyst,3,7536,11.7,8,18.6,0.7,4,Onsite,3.3,5,4.5,4.7,7.6,3,9.2,FALSE,4.9,No
5422,34,Male,Married,High School,Research & Development,Product Researcher,4,6770,19.5,9.1,13.3,1.1,1,Onsite,9.3,3,4.2,6.6,6.9,4,9.1,TRUE,3.3,No
5423,45,Male,Divorced,Bachelors,Operations,Operations Manager,3,6525,12.2,5.2,14.3,4.8,3,Hybrid,6.5,26,3.5,9.4,5.4,4,8.7,TRUE,3.6,No
5424,45,Male,Single,Bachelors,Human Resources,HR Manager,3,7507,14.1,7.4,19.1,2.1,4,Onsite,2,7,5.3,4.2,7.1,4,7.9,FALSE,6.5,No
5425,37,Male,Single,Bachelors,Customer Support,Support Specialist,1,2387,11.7,5,9.2,3,0,Hybrid,4.9,11,5.3,5.4,4.7,3,9.1,FALSE,10,Yes
5426,43,Female,Married,Bachelors,Operations,Operations Manager,5,11403,12.9,11.1,21.7,1.6,2,Remote,5.7,24,4.3,7.8,7.8,4,9.8,TRUE,4.2,No
5427,29,Female,Single,High School,Marketing,Marketing Specialist,2,4350,18.4,7.7,9,0,2,Hybrid,3.4,11,1.3,9.2,8.2,4,8.6,TRUE,8.5,No
5428,21,Female,Single,Masters,Customer Support,Support Specialist,1,2149,7.2,0,1,0,0,Onsite,3.5,6,5.6,6.1,4.1,4,8.7,TRUE,9.4,No
5429,34,Female,Divorced,Masters,Operations,Program Manager,4,7791,9.8,9.5,14,1.9,6,Hybrid,7.1,19,5.2,5.4,5.2,4,7.8,FALSE,3.3,No
5430,37,Male,Married,Bachelors,Research & Development,Research Scientist,3,6309,9.1,11,17,0.7,2,Onsite,8.5,6,4.3,5.8,6.9,4,9.1,FALSE,1,No
5431,35,Female,Married,Masters,Customer Support,Support Specialist,3,4654,11.1,8.2,14.4,2,1,Onsite,2.2,6,6.5,4.7,6,4,9.5,FALSE,9.5,No
5432,30,Female,Single,PhD,Sales,Sales Development Rep,2,4856,7.3,3.8,3.8,3.8,0,Hybrid,16.4,30,6.4,7.8,4.3,3,7.5,TRUE,7.5,No
5433,49,Male,Single,Masters,Research & Development,Research Scientist,4,13445,17.1,5.5,17.5,0.4,4,Hybrid,20.6,5,4.6,9.6,4.5,4,9.4,FALSE,2.2,Yes
5434,33,Male,Single,Bachelors,Marketing,Growth Manager,5,10352,14.4,12,13,3.9,3,Remote,5.3,2,1,10,7.6,3,10,FALSE,5.8,No
5435,26,Male,Married,Bachelors,Engineering,QA Engineer,1,4724,7.1,5,6,3.1,1,Onsite,0.9,6,4,7.1,8,5,9.1,FALSE,4.1,No
5436,26,Female,Divorced,Masters,Operations,Operations Analyst,1,3475,13.8,1.1,4.5,1.1,2,Hybrid,2.3,20,3.7,5.8,5.1,3,7.9,TRUE,3.4,No
5437,43,Male,Married,Bachelors,Marketing,Growth Manager,3,6612,9,8.7,17,0.9,3,Hybrid,6.2,9,3.3,6.4,5.4,3,10,FALSE,2.8,Yes
5438,35,Male,Married,Bachelors,Marketing,Growth Manager,2,4738,5.8,4.9,8.2,0.6,0,Onsite,6.5,6,3.3,7.8,4.9,3,10,TRUE,5.2,No
5439,36,Male,Married,PhD,Operations,Program Manager,3,6129,9.7,4.5,10.3,2.7,2,Hybrid,1.8,20,1.5,7.2,6.8,4,9.7,TRUE,4,No
5440,41,Female,Married,Masters,Human Resources,HR Manager,5,9153,11.1,10,16.7,0.6,2,Hybrid,7.4,5,1.7,8.7,5.7,3,8.1,TRUE,3.4,No
5441,47,Male,Single,Bachelors,Sales,Account Executive,1,3771,12.9,0.2,10.6,0.2,3,Hybrid,11.3,23,4,8.1,5.2,5,8.9,FALSE,10,No
5442,37,Male,Single,PhD,Engineering,QA Engineer,2,7477,7.5,11,15.1,5.1,2,Onsite,10.1,7,4.6,5.2,6.9,3,7.6,TRUE,2.1,Yes
5443,25,Male,Married,Masters,Finance,Finance Manager,3,6194,14.1,4,5,1.2,1,Hybrid,8.4,2,2,8,6.3,3,5.9,FALSE,5.1,No
5444,29,Female,Married,Bachelors,Finance,Finance Manager,2,4243,11.4,8,9,3,2,Remote,1.9,4,2,7.1,7.8,3,8.1,TRUE,6.6,No
5445,53,Female,Married,PhD,Engineering,Engineering Manager,4,10179,13.1,6.9,8.9,0.9,0,Hybrid,4.7,7,3.3,7.7,7.4,4,8,FALSE,1,No
5446,42,Male,Married,Bachelors,Sales,Sales Manager,5,8586,12,11.9,15.2,1.8,1,Onsite,34.9,27,9.7,6.2,1,3,7.9,TRUE,4.1,No
5447,51,Male,Married,Bachelors,Operations,Operations Manager,5,7743,14.2,9,18.7,2.5,3,Onsite,17.4,18,4.9,6.7,4.1,3,8.9,FALSE,1.4,No
5448,29,Male,Single,Masters,Customer Support,Support Specialist,4,5620,13.7,8,9,0.4,3,Hybrid,2.9,11,3.5,8,7.5,4,6.9,TRUE,6.6,No
5449,39,Female,Single,High School,Operations,Program Manager,3,4400,10.7,6.5,10.5,2.7,2,Onsite,3.4,31,5.8,6.2,5.4,4,8.5,FALSE,6.9,No
5450,39,Male,Single,PhD,Operations,Operations Manager,3,7972,13.2,7.2,12.6,3.2,2,Hybrid,12.1,24,4.1,6,5.9,4,8.9,TRUE,3.9,No
5451,36,Male,Single,Masters,Marketing,Content Strategist,3,7154,7.3,7,16,1.8,3,Hybrid,2.4,3,4.5,7.9,6.1,5,10,FALSE,3.1,No
5452,21,Male,Married,PhD,Engineering,QA Engineer,2,7554,11.5,0,1,0,5,Remote,2.1,9,1.6,8.5,9.2,3,9.4,TRUE,1,No
5453,26,Female,Married,Masters,Sales,Account Executive,1,3732,16.2,5,6,1.5,1,Hybrid,9.7,17,2.9,7.5,7.5,3,5.6,FALSE,5.3,No
5454,41,Female,Single,Bachelors,Sales,Sales Manager,4,8909,13.5,10.4,18.1,1.1,2,Hybrid,8,16,6.6,7.1,6.3,3,8.6,FALSE,8.6,Yes
5455,39,Male,Married,Bachelors,Operations,Program Manager,5,10094,4.2,7.5,17.6,2.8,2,Onsite,13.1,25,3.4,7.5,5.2,4,7.8,TRUE,6.2,No
5456,24,Male,Divorced,Bachelors,Marketing,Marketing Specialist,1,2097,13.3,1.8,4,1.8,2,Remote,8.3,8,3.8,6.4,6.3,4,9.1,FALSE,7.1,No
5457,33,Non-binary,Single,High School,Operations,Operations Manager,3,5137,5.6,4,5.4,3.5,0,Hybrid,4.8,25,2.3,7.4,7.1,5,6.9,FALSE,6,No
5458,34,Female,Divorced,Masters,Operations,Operations Manager,3,7902,15.9,7.4,14,1,1,Hybrid,2.9,20,5.5,6.6,4.4,4,9.3,FALSE,6.3,No
5459,37,Male,Married,High School,Sales,Sales Development Rep,2,4027,12.4,3.3,12,1,2,Hybrid,2.5,18,3.8,8.1,7.2,5,9.6,TRUE,4.6,No
5460,28,Male,Divorced,Bachelors,Engineering,Software Engineer,1,2705,16.4,2.4,3.7,1,0,Onsite,7.1,5,5,5.6,5.8,3,9.3,TRUE,6,No
5461,30,Male,Married,Bachelors,Customer Support,Support Specialist,2,4314,14.4,4.5,10,2.1,2,Hybrid,6,9,4.7,7.8,4.3,3,8.7,FALSE,8.7,No
5462,43,Female,Single,Bachelors,Customer Support,Support Specialist,2,4943,18.3,4.6,16,0.1,3,Onsite,1.9,9,2.5,7.3,6,3,8.9,TRUE,4.2,No
5463,50,Male,Single,Masters,Sales,Sales Development Rep,5,11732,8.8,13.4,14.3,2.9,1,Onsite,2.6,26,4.2,6.8,5.7,4,9,FALSE,5.6,Yes
5464,54,Female,Married,Bachelors,Sales,Sales Manager,5,9252,13.5,11.8,19.1,2.7,2,Remote,12.6,19,4.6,5.2,6.7,4,8.5,TRUE,3.7,Yes
5465,37,Female,Single,Bachelors,Finance,Accountant,3,6617,10.6,8.2,11,4.5,0,Hybrid,5,8,5.5,5.4,7.6,4,7.5,TRUE,4.3,Yes
5466,38,Female,Divorced,Bachelors,Engineering,Software Engineer,4,8583,11.8,10.8,16.9,1.8,2,Onsite,12,5,4.6,7.5,5.1,4,7,FALSE,4.8,Yes
5467,31,Male,Married,Bachelors,Sales,Account Executive,2,5304,13.2,7.1,11,1,0,Hybrid,6.6,19,5,7.2,6.5,5,10,FALSE,4.7,No
5468,42,Prefer not to say,Married,Bachelors,Customer Support,Support Team Lead,3,5924,9.6,7,17,2.3,3,Remote,18.6,5,7.6,2.4,3.6,3,5.6,FALSE,6.6,Yes
5469,52,Female,Divorced,Masters,Marketing,Marketing Specialist,5,10615,13.6,10.5,12.6,1.3,0,Onsite,4.7,1,2.7,6.2,7.7,3,8.6,FALSE,5.8,No
5470,46,Male,Married,Bachelors,Operations,Operations Manager,4,9912,13,10.2,16.3,1.7,3,Remote,6.5,22,3.4,8.1,6.4,3,10,TRUE,3.3,No
5471,31,Male,Married,Bachelors,Engineering,QA Engineer,2,8394,15.8,2.9,8.5,0.6,2,Hybrid,2.1,4,2.6,6.8,7.7,4,9.3,TRUE,5.3,No
5472,32,Male,Single,Bachelors,Research & Development,Research Scientist,1,3970,9.2,1.8,5,0.6,0,Hybrid,1.6,6,6.4,5.1,5.7,4,7.6,FALSE,5.3,No
5473,41,Female,Single,Masters,Customer Support,Customer Success Manager,2,5638,14.2,7.7,21,0,4,Hybrid,4,5,4.1,5,7.4,3,8.4,TRUE,6.3,No
5474,21,Female,Married,PhD,Finance,Financial Analyst,1,4957,12.8,0,1,0,2,Onsite,4.3,3,4.3,8.1,6.7,4,8.2,TRUE,6.5,No
5475,52,Male,Married,PhD,Research & Development,R&D Manager,5,15489,8.1,10.5,17.3,2.3,2,Remote,0.6,3,2.1,8.7,5.4,4,9.7,FALSE,3.1,No
5476,44,Female,Single,PhD,Research & Development,Product Researcher,1,4305,10.5,3.9,9.3,2.8,1,Hybrid,7.1,4,2.8,7.9,6.7,4,10,FALSE,5.3,No
5477,26,Male,Single,Bachelors,Finance,Accountant,3,8317,14.6,5,6,0.5,0,Onsite,1.8,10,6.1,5.5,5.2,2,7.2,TRUE,5.9,No
5478,37,Female,Married,Bachelors,Operations,Program Manager,4,7329,15.2,12.2,15.9,1.1,2,Onsite,6.8,25,4.2,5.5,7.1,3,8.1,FALSE,6.8,No
5479,32,Female,Single,Bachelors,Customer Support,Support Specialist,2,4633,13.2,7.3,12,0.5,1,Hybrid,6.9,2,5,5.7,6.3,4,8,TRUE,5.4,No
5480,30,Female,Married,Masters,Operations,Operations Manager,4,7751,9.5,9,10,1.3,1,Hybrid,1.1,20,3.8,4.7,8.2,4,9.5,FALSE,5,No
5481,41,Male,Single,High School,Operations,Operations Manager,4,6492,10.8,9.5,16,0.2,4,Onsite,2.5,18,3.4,6.4,7.4,4,7.3,TRUE,5.1,No
5482,55,Female,Single,Masters,Marketing,Marketing Specialist,3,6843,11.9,10.6,17.7,2.9,2,Remote,3.8,6,3.9,6.9,7.5,3,7.7,TRUE,4.7,No
5483,42,Female,Married,Bachelors,Finance,Accountant,5,12528,10.7,12,12.6,2.9,1,Hybrid,3.5,3,3.4,8,6.8,4,9.1,FALSE,6.2,No
5484,26,Female,Married,Bachelors,Marketing,Content Strategist,2,4101,13,5,6,1,0,Hybrid,12.1,5,5.1,6.7,6.6,4,10,TRUE,5.1,No
5485,22,Female,Married,Masters,Sales,Account Executive,1,4107,12.1,1,2,1,1,Onsite,10.8,25,4.6,7.2,5.8,4,7.5,TRUE,4.2,No
5486,48,Male,Married,Masters,Marketing,Content Strategist,5,12737,10.2,13,12.8,2.1,1,Remote,8.6,7,4.3,5.3,4.5,4,9,TRUE,5.6,No
5487,21,Female,Divorced,Masters,Engineering,QA Engineer,2,6369,14.6,0,1,0,2,Remote,11.1,3,4.4,6.2,4.9,3,8.1,TRUE,4.5,No
5488,33,Male,Divorced,Bachelors,Engineering,Engineering Manager,2,7601,9.8,4.6,10.4,1.7,1,Remote,7.4,6,3.7,7.1,5.4,3,8.3,FALSE,4.9,No
5489,37,Male,Married,Bachelors,Human Resources,Recruiter,2,5588,1.7,2.7,11.2,2.7,2,Onsite,11.3,4,5.2,4.7,6.3,4,8.2,FALSE,4.3,Yes
5490,43,Female,Married,Masters,Finance,Finance Manager,4,10045,13.3,9.6,17.3,0.9,3,Hybrid,13.4,3,5,7,3,3,8.3,TRUE,2.7,Yes
5491,49,Female,Divorced,Bachelors,Customer Support,Support Team Lead,4,5246,8.9,8.5,14.7,1.3,2,Hybrid,4.7,11,2.3,6.9,7.2,4,9,FALSE,7.3,No
5492,24,Male,Married,PhD,Operations,Operations Manager,3,6586,11.4,3,4,0.8,3,Hybrid,7.1,20,2.8,8.8,6.1,4,8,FALSE,5.2,No
5493,30,Male,Single,Masters,Sales,Sales Manager,2,4615,12.1,3.2,10,3.2,2,Hybrid,6.6,24,1.6,8.3,7.2,4,8.1,TRUE,4.8,No
5494,43,Non-binary,Single,Masters,Finance,Accountant,4,10616,10.9,8,10.6,0.7,0,Hybrid,4,6,3.2,7.7,8.8,4,10,TRUE,5.7,No
5495,41,Female,Married,Masters,Engineering,Engineering Manager,3,9685,12.7,10.8,13.2,2.2,0,Onsite,3,5,2.9,7.1,6.4,5,8.8,TRUE,6.8,No
5496,42,Female,Single,Masters,Engineering,Engineering Manager,5,11637,15.5,14,18.9,0.5,2,Onsite,3.1,7,6.5,5.6,5.2,4,8.5,TRUE,4.9,No
5497,43,Male,Single,Bachelors,Marketing,Growth Manager,3,6370,12.3,11.2,12.8,0.1,1,Onsite,4.5,5,3.9,6.1,4.4,3,9.8,FALSE,3.6,No
5498,33,Female,Single,High School,Customer Support,Support Specialist,2,4150,12,6.1,13,1,3,Hybrid,12.4,2,4.3,7.1,6,4,10,TRUE,7.2,No
5499,34,Female,Divorced,Masters,Human Resources,HR Manager,4,9512,14.5,4.7,5.6,0,1,Hybrid,8.5,5,2.3,8.8,6.6,4,7.5,FALSE,4.3,No
5500,42,Male,Single,Bachelors,Engineering,Engineering Manager,3,8057,9.3,9.3,17.4,1.6,2,Remote,4.2,2,3.1,7.3,6.9,4,8.6,TRUE,9.5,Yes
5501,37,Female,Married,Masters,Customer Support,Support Team Lead,3,5793,9.6,5.9,17,1.6,4,Remote,5.1,3,5.5,4.2,8.5,3,8.8,TRUE,5.2,Yes
5502,40,Male,Single,PhD,Sales,Sales Development Rep,3,7360,18.5,4.8,7.5,1.5,1,Hybrid,11.9,20,3.1,6.9,4.1,4,10,TRUE,4.6,No
5503,29,Male,Single,Masters,Sales,Sales Development Rep,2,6296,11.3,4.6,9,2.5,2,Onsite,6.8,17,4.6,7.1,5.9,4,6.6,TRUE,5,No
5504,34,Male,Single,Bachelors,Customer Support,Support Team Lead,3,4013,12.8,8.9,12.2,1.3,2,Hybrid,4.5,11,2.9,6.4,5.5,4,9.2,TRUE,6.5,No
5505,47,Male,Married,High School,Operations,Operations Manager,5,9222,11,12.4,21.7,3,3,Remote,5.9,28,4.7,6.3,6.6,3,9,FALSE,6.9,No
5506,37,Female,Married,PhD,Engineering,Software Engineer,4,11034,11,10.4,14.6,0,1,Hybrid,3.1,8,1,10,5.7,5,8.3,TRUE,2.4,No
5507,38,Male,Married,Bachelors,Finance,Accountant,3,6874,9.5,6.3,15.1,2.6,1,Remote,11.7,8,4.7,3.5,5.9,3,7.2,FALSE,2.9,Yes
5508,28,Female,Single,Masters,Operations,Operations Analyst,1,3023,10.9,1.3,4.3,1.3,1,Hybrid,1.6,15,4.6,4.7,6.5,3,8.3,FALSE,4.5,No
5509,31,Male,Married,High School,Customer Support,Support Team Lead,2,3410,9.2,6.1,10.3,0.3,1,Remote,6.5,10,4,6.9,6.9,2,7.3,FALSE,7.9,No
5510,39,Non-binary,Divorced,Masters,Human Resources,Recruiter,3,8984,11.5,5.7,10,1.5,1,Onsite,1.6,4,3.5,8.8,8.3,5,9,FALSE,5.6,No
5511,37,Female,Single,Bachelors,Sales,Sales Development Rep,3,7030,11.6,9.7,17,1.4,5,Hybrid,11.9,25,6.7,5.4,6.3,2,6.4,FALSE,7.4,Yes
5512,21,Male,Married,Masters,Sales,Sales Development Rep,1,3820,10.2,0,1,0,0,Onsite,4.6,14,3.8,5.3,6.7,4,8.4,FALSE,8,No
5513,52,Female,Single,Bachelors,Sales,Account Executive,4,8406,12.5,11.9,14.4,1.5,0,Onsite,11.9,15,5.3,6.8,3.8,4,10,FALSE,3.9,No
5514,24,Female,Married,Bachelors,Engineering,Data Engineer,1,3489,12.8,3,4,3,2,Hybrid,8.1,3,5.2,4.2,7.6,4,8.8,TRUE,5.1,No
5515,31,Male,Married,Masters,Sales,Sales Manager,3,8445,15,7.8,11,0.8,2,Hybrid,4.7,19,2.6,10,7.3,3,10,TRUE,5.1,No
5516,49,Male,Single,PhD,Engineering,Engineering Manager,5,13384,11,9.4,9.9,2.7,0,Hybrid,5.5,5,3.4,5.8,4.7,4,6.3,FALSE,2.6,No
5517,39,Female,Married,Bachelors,Operations,Operations Analyst,4,8936,12,10.3,16.4,5.1,2,Hybrid,2.1,32,1.5,8.5,7.9,4,9.9,TRUE,3.7,No
5518,38,Prefer not to say,Divorced,Masters,Customer Support,Customer Success Manager,4,4334,10.7,9,10,2.5,1,Remote,6.6,7,3.5,7.4,7.2,3,6.5,FALSE,5.6,No
5519,28,Female,Single,Bachelors,Customer Support,Support Team Lead,2,3916,7.8,3.8,8,0.4,6,Onsite,7.4,3,4.5,6.9,5.9,4,8.3,FALSE,4.8,No
5520,33,Male,Married,Bachelors,Sales,Sales Development Rep,2,4815,15.2,6.1,13,0.4,2,Onsite,9.8,21,4.4,5.7,6.5,4,8.5,TRUE,3.9,No
5521,32,Male,Married,PhD,Sales,Sales Development Rep,3,9219,9,6.6,10.7,4.8,1,Onsite,19,25,6.2,7.5,2.7,3,7,TRUE,6.5,No
5522,44,Male,Single,Masters,Engineering,Software Engineer,3,10485,5.9,3.8,9.8,3.3,2,Remote,6.4,2,3.9,7.3,7.4,4,8.2,TRUE,7,Yes
5523,41,Male,Single,Masters,Research & Development,R&D Manager,4,10300,5.9,11,19.6,3.4,3,Hybrid,1.8,4,1,6.5,7.3,3,10,TRUE,2.1,No
5524,40,Male,Married,Bachelors,Operations,Program Manager,4,6939,11.4,7.3,13.6,0.5,1,Remote,2.9,24,1,8,6.7,4,7.8,TRUE,6.5,No
5525,49,Female,Married,PhD,Customer Support,Support Team Lead,5,6075,16.5,9.3,12.7,4.2,1,Hybrid,6.2,8,1.8,8.7,7.1,4,8.5,FALSE,4,No
5526,49,Female,Married,Masters,Research & Development,Research Scientist,4,9227,11.3,10.1,18.1,1.5,3,Hybrid,20.1,6,6,6,4.3,3,9.1,FALSE,1.2,No
5527,48,Female,Divorced,Masters,Marketing,Growth Manager,5,12016,1.1,10,13.5,5.1,2,Hybrid,14.1,7,4.7,3.5,5.4,3,7.3,TRUE,7.1,Yes
5528,42,Male,Married,Bachelors,Human Resources,HR Manager,4,9967,12.9,8.4,18.2,4.1,3,Remote,11.6,4,5,3.1,4.3,4,6.9,FALSE,5.2,No
5529,34,Male,Single,Masters,Sales,Account Executive,2,5797,0.9,5.9,12.3,2.8,2,Onsite,13.3,23,6.8,2.1,4.5,2,8.6,TRUE,3.5,No
5530,34,Male,Divorced,High School,Research & Development,Research Scientist,3,8987,15.3,10.4,14,1,1,Onsite,2.4,8,4.3,6.8,5.7,4,8.1,TRUE,2,No
5531,44,Female,Married,Bachelors,Operations,Operations Analyst,2,5121,16.1,6.8,14.1,0.1,2,Onsite,1.1,14,3.7,7.6,5.6,3,7,FALSE,7.1,No
5532,35,Female,Single,High School,Engineering,Data Engineer,4,6362,8.8,9.2,15,5.7,3,Hybrid,1.4,9,4.9,4,6.4,3,9.3,TRUE,4.2,No
5533,21,Female,Single,Masters,Finance,Accountant,1,4017,11.9,0,1,0,0,Onsite,15.6,7,4,8.2,4.6,4,8.1,TRUE,4.5,No
5534,43,Female,Single,Masters,Engineering,QA Engineer,2,7153,8.2,4.2,9.6,4.2,3,Onsite,4.8,2,3.5,5.2,6.5,4,8.6,TRUE,7,No
5535,51,Female,Divorced,Bachelors,Engineering,Engineering Manager,4,12256,5.1,9.9,17,5.9,3,Onsite,4.5,5,3.7,5.8,6.6,4,8.8,TRUE,6,No
5536,42,Non-binary,Married,Bachelors,Customer Support,Support Team Lead,5,9371,12.1,11.7,17.2,0.7,1,Onsite,6.2,8,4.7,6.5,5.4,3,6,FALSE,4.5,No
5537,53,Non-binary,Married,PhD,Operations,Operations Manager,3,7600,1.9,9.7,15.4,7.9,0,Hybrid,6.7,25,2.6,5.1,7.3,3,7.5,TRUE,7.5,No
5538,45,Female,Divorced,Bachelors,Customer Support,Customer Success Manager,3,5459,13.3,10.7,17.9,3.6,4,Remote,4.3,6,4.1,5,7.4,3,8.7,TRUE,6.7,Yes
5539,36,Male,Single,Bachelors,Engineering,Data Engineer,4,7660,10,9.9,16,1.1,2,Hybrid,2.4,9,3.2,8.6,6.4,4,9.7,TRUE,3.1,Yes
5540,38,Male,Single,Bachelors,Research & Development,Research Scientist,4,9354,12,4.2,8.3,0.9,0,Remote,3.8,5,2.6,5.4,6.6,3,6.3,FALSE,3.9,Yes
5541,34,Male,Single,Masters,Sales,Account Executive,1,3222,12.8,5.5,8.8,1,2,Hybrid,5.4,23,5.8,5.7,5.2,3,7.1,FALSE,5.9,No
5542,54,Male,Divorced,Bachelors,Sales,Sales Development Rep,5,10150,14.2,11.8,20.6,2,3,Hybrid,6.1,21,4.9,5.6,8.7,3,8.7,TRUE,3.4,No
5543,42,Male,Married,High School,Research & Development,R&D Manager,4,7847,12.3,10,16.5,1.6,1,Hybrid,6.2,8,4.8,8.1,5.8,3,8.4,TRUE,3.8,No
5544,36,Female,Married,PhD,Engineering,Data Engineer,2,8338,14.5,2.7,8.1,2.7,2,Hybrid,3.9,7,4,9.1,7.2,4,9.6,TRUE,3.6,No
5545,44,Male,Married,Bachelors,Engineering,Data Engineer,3,8612,9.7,7.4,17.5,2.1,4,Hybrid,8.5,8,4.4,9.3,6.1,4,8.9,TRUE,1.3,No
5546,43,Female,Married,Bachelors,Engineering,Engineering Manager,4,12005,7.6,5.5,13.7,4.6,1,Remote,5.1,10,5.5,5.4,5.9,3,8.3,TRUE,6.2,Yes
5547,51,Male,Single,Bachelors,Customer Support,Customer Success Manager,4,5845,11.6,10.5,22.1,1.7,2,Onsite,3.2,9,4,5.6,6.9,4,7.3,FALSE,6.2,No
5548,26,Female,Single,Bachelors,Finance,Accountant,1,4597,14.5,3.1,6,1.4,1,Hybrid,2.1,2,3.3,6.5,6.7,4,6.4,TRUE,7.5,No
5549,45,Female,Divorced,Bachelors,Customer Support,Support Team Lead,4,6034,10.6,8.3,12,0.1,1,Hybrid,12.3,6,6.4,4.8,6.6,3,7.9,FALSE,6.1,No
5550,49,Female,Married,Masters,Operations,Operations Manager,4,13265,8.4,10.2,20.5,2.8,2,Hybrid,5.4,20,1,8.1,5.7,5,7.6,TRUE,1.8,No
5551,30,Non-binary,Single,Masters,Research & Development,Product Researcher,2,4250,12.7,8.3,10,0.6,0,Hybrid,17.5,8,7.4,4.2,5,3,7.9,FALSE,4.2,Yes
5552,21,Male,Single,High School,Customer Support,Support Specialist,1,2132,14.8,0,1,0,1,Onsite,6.9,10,3.8,7.1,7.5,5,10,TRUE,8.1,No
5553,47,Female,Married,High School,Marketing,Growth Manager,3,4603,7.9,6.8,8.9,3.8,0,Remote,3.2,7,2.4,8.5,8.4,4,8.8,TRUE,5.8,No
5554,23,Male,Single,High School,Customer Support,Support Specialist,1,2322,10.2,2,3,2,0,Onsite,7.7,7,4.7,7.3,6.4,3,7.3,FALSE,7.5,Yes
5555,48,Female,Divorced,Masters,Customer Support,Customer Success Manager,3,5998,17.8,6.8,14.8,4,1,Hybrid,6.6,12,3.8,8,6.4,4,10,TRUE,9,No
5556,25,Non-binary,Married,Masters,Engineering,QA Engineer,1,4250,8.3,4,5,0.2,3,Remote,7.2,5,2.1,7.7,7.1,4,7.3,TRUE,6,No
5557,43,Male,Married,Bachelors,Operations,Operations Analyst,5,9060,11.7,12.6,20.3,2.6,1,Hybrid,13.6,22,3.2,6.6,6.3,4,10,TRUE,3.3,No
5558,49,Female,Single,PhD,Marketing,Marketing Specialist,4,10233,13.6,12.1,16.4,2,1,Onsite,5.7,5,4,8.3,5.8,3,8.1,TRUE,5.1,No
5559,43,Male,Divorced,Masters,Engineering,Software Engineer,3,9173,10,5.3,6.2,3.8,0,Onsite,4.8,0,1.9,7.9,6.2,4,8.1,FALSE,2.9,No
5560,24,Male,Single,Bachelors,Sales,Account Executive,2,6031,11,3,4,1.9,0,Hybrid,6.7,24,4.2,5.4,6.9,4,10,TRUE,2.9,No
5561,37,Female,Married,Bachelors,Engineering,Software Engineer,4,11717,12.2,8.9,15.1,5.2,1,Hybrid,4.6,9,2.2,9.7,6.8,4,9.7,TRUE,4.6,No
5562,43,Non-binary,Divorced,Masters,Marketing,Growth Manager,5,8580,10.5,7.7,13.2,2.6,2,Remote,5.7,8,4.9,3.9,6.8,4,8.9,TRUE,4.5,No
5563,38,Female,Married,Masters,Engineering,QA Engineer,2,5846,10.1,4,7,3.1,1,Onsite,4.4,9,4.1,5.1,7.3,3,8.8,FALSE,5.6,No
5564,50,Male,Married,Masters,Customer Support,Support Specialist,4,5927,9.4,7.1,11.1,1.2,1,Hybrid,5.2,4,3.9,5.8,8.2,3,9.6,TRUE,4,Yes
5565,43,Female,Single,Bachelors,Engineering,Software Engineer,4,9744,12.5,9.4,23,0.1,6,Hybrid,9.7,8,4.5,7.4,6.1,4,7.5,TRUE,2.5,No
5566,34,Female,Married,Masters,Engineering,QA Engineer,3,10134,11.3,11.5,14,3.9,1,Onsite,17.6,9,3.8,7.8,5.5,5,8.1,FALSE,5.7,No
5567,28,Female,Single,Bachelors,Customer Support,Customer Success Manager,3,5148,12.7,5.8,8,2.8,2,Onsite,13.9,7,6.4,6,4.4,3,8.5,TRUE,7.7,No
5568,28,Male,Single,Bachelors,Sales,Account Executive,3,5691,15.4,4,8,4,0,Hybrid,4,25,3.6,7.7,8.2,4,10,TRUE,7.4,No
5569,52,Female,Single,Bachelors,Sales,Account Executive,4,6406,8.6,6.4,10.9,1.7,0,Onsite,6.5,24,5.6,3.9,5.7,2,8.4,TRUE,4.5,Yes
5570,23,Female,Divorced,Bachelors,Engineering,QA Engineer,2,5425,15.2,2,3,1.3,2,Hybrid,1.6,8,2.9,7.2,5.7,3,10,FALSE,3.2,No
5571,37,Male,Single,Masters,Finance,Accountant,3,8795,9.7,4.9,7.1,1.4,0,Hybrid,11.9,5,6,4.2,5.9,3,8,FALSE,6.5,Yes
5572,37,Prefer not to say,Divorced,Bachelors,Operations,Operations Analyst,4,7043,11.4,12.1,17,4.4,4,Hybrid,12.6,21,6.4,4.8,4.9,3,6.5,TRUE,7.6,No
5573,41,Male,Married,Bachelors,Engineering,QA Engineer,2,6433,9.9,7.3,17,1.9,4,Hybrid,3.9,9,1.1,7,7.3,4,9.2,FALSE,1.7,No
5574,40,Female,Married,Bachelors,Customer Support,Customer Success Manager,5,8527,10.6,11.8,20,0,2,Onsite,2.7,9,5,5.2,6.5,3,8.7,TRUE,5.7,No
5575,28,Prefer not to say,Divorced,Bachelors,Engineering,Data Engineer,2,7214,6.9,2.5,6.5,1.1,1,Remote,9.1,9,3.4,6.1,5.8,3,7.7,TRUE,5.6,No
5576,38,Male,Married,Bachelors,Marketing,Growth Manager,4,8596,8.8,10.6,15.2,0.9,1,Onsite,8.2,6,4.6,7.9,5.9,3,7.2,TRUE,5.7,No
5577,30,Male,Single,PhD,Engineering,Software Engineer,3,9933,10.6,0,5.8,0,0,Hybrid,11.3,6,4.6,8.3,5.2,4,6.5,TRUE,5.9,No
5578,45,Male,Single,Bachelors,Operations,Program Manager,3,7087,9,5.4,11.3,5.4,1,Onsite,2.4,25,4.1,6.9,6.4,4,9.9,TRUE,5.6,No
5579,33,Male,Single,Bachelors,Customer Support,Customer Success Manager,4,7077,9,6.4,13,3.8,2,Remote,13.2,5,3.8,6.5,5.6,3,6.8,FALSE,5.4,Yes
5580,35,Prefer not to say,Single,High School,Engineering,QA Engineer,4,7438,12.3,9.7,14.6,0.8,1,Hybrid,16.3,9,6.4,4.7,4.6,3,5.9,TRUE,5.3,No
5581,30,Female,Married,Masters,Operations,Operations Manager,2,6226,20.7,6,9.6,0,1,Hybrid,10.1,23,2.5,9,7.9,4,8,FALSE,2.7,No
5582,32,Male,Single,Bachelors,Finance,Finance Manager,3,7247,12.6,7,12,3,4,Hybrid,7.5,4,2.7,6.4,6,3,7.8,TRUE,5,No
5583,31,Female,Single,High School,Research & Development,Research Scientist,3,6305,7.6,10,11,1.9,2,Remote,2.5,7,1,7.6,7.7,3,7.9,TRUE,5.7,No
5584,34,Male,Married,Masters,Finance,Financial Analyst,1,5265,11.4,1.6,10.6,1.6,2,Hybrid,3.7,4,6.4,6.1,6,4,8.4,TRUE,5.3,Yes
5585,44,Prefer not to say,Married,Bachelors,Marketing,Growth Manager,4,8660,11.2,10.1,16.1,0.2,1,Remote,3.8,6,3.7,5.7,6.3,4,6.6,FALSE,2,No
5586,27,Male,Single,Masters,Engineering,QA Engineer,2,7398,8.1,4.5,7,2.9,2,Hybrid,9.5,5,4.6,7.1,4.3,3,7.1,TRUE,5,No
5587,31,Male,Single,Bachelors,Engineering,Data Engineer,3,8552,13.8,9.6,11,0.1,1,Hybrid,0.8,8,3,7.3,7.2,4,8.3,TRUE,3.3,No
5588,36,Male,Married,PhD,Engineering,Software Engineer,1,4249,14,1.3,6.7,1.3,0,Hybrid,1.9,7,2.7,5.5,8.1,3,7.1,TRUE,2.1,No
5589,37,Male,Married,Masters,Engineering,Data Engineer,3,7603,12.5,7.9,13.7,2.6,2,Onsite,11.3,5,5.3,5.7,4.5,4,9.2,FALSE,1.5,No
5590,36,Male,Single,Masters,Human Resources,HR Business Partner,2,4684,10.4,7.3,12.2,2.8,2,Onsite,3.6,7,2.3,7.5,7.7,3,9.1,FALSE,5.5,No
5591,33,Male,Single,Bachelors,Customer Support,Support Team Lead,2,3990,13.8,4.8,13,3.4,3,Hybrid,12.7,6,8.3,3.1,5.5,3,7.2,FALSE,7,Yes
5592,35,Male,Married,Masters,Customer Support,Customer Success Manager,2,4285,15.3,6.4,15,3.6,2,Onsite,5.3,7,4.4,8.6,8,4,6.9,TRUE,5.8,No
5593,33,Female,Single,Masters,Engineering,Engineering Manager,4,9769,14.4,9.2,13,0.6,3,Hybrid,1.9,6,3.3,9.9,7.6,4,7,TRUE,2.3,No
5594,27,Female,Married,PhD,Marketing,Marketing Specialist,2,4527,8.6,3.2,6.5,2.6,0,Hybrid,3.7,6,2.3,6.7,7.5,4,7.7,TRUE,7.1,No
5595,35,Male,Single,Masters,Customer Support,Support Specialist,4,6500,8,7.5,13.4,3.2,1,Hybrid,7,7,2.3,7,5.2,5,10,TRUE,2.9,No
5596,38,Male,Married,Bachelors,Engineering,Software Engineer,2,6528,10,8,13.3,6.2,1,Remote,12.1,11,3.9,6.4,5.7,3,6.5,TRUE,3.8,Yes
5597,25,Male,Married,Bachelors,Marketing,Content Strategist,1,2974,10.3,4,5,4,1,Hybrid,9.8,7,7.6,6.6,4.1,4,9.6,TRUE,6.4,No
5598,29,Male,Single,High School,Sales,Sales Manager,2,4950,9.6,7,9,1.7,1,Onsite,3.6,14,3.9,4.1,5.9,4,8.9,FALSE,4.9,Yes
5599,28,Female,Divorced,Bachelors,Research & Development,Product Researcher,2,5955,17,5.8,8,2.3,4,Onsite,12.8,5,4.2,6.4,5.6,4,9,TRUE,4.7,Yes
5600,38,Male,Single,High School,Finance,Financial Analyst,3,5421,9.7,9.5,17.8,0.7,3,Hybrid,7.5,9,1.8,8.1,5.4,4,8.4,TRUE,6.2,No
5601,40,Female,Married,Bachelors,Operations,Operations Manager,4,8336,14.8,7.3,10,0.2,0,Remote,2.1,29,1,9.9,7.5,5,8.4,FALSE,2.7,No
5602,36,Male,Married,Bachelors,Customer Support,Support Team Lead,3,4845,7.2,6.6,10.9,5.2,0,Hybrid,21.5,6,8.1,4.7,3.2,2,4.4,FALSE,6.6,Yes
5603,35,Female,Married,Masters,Sales,Account Executive,2,4760,15.6,0,3.8,0,0,Hybrid,4.5,25,4.6,6.4,6.4,3,8.3,FALSE,2.6,No
5604,33,Male,Single,High School,Engineering,Engineering Manager,3,5394,10.5,5.9,10.3,5.9,1,Onsite,8.7,5,5.6,4.8,4,4,8.4,FALSE,3.6,No
5605,51,Female,Married,High School,Customer Support,Customer Success Manager,3,4632,17.6,6.1,12,1,2,Onsite,10.2,1,7,2.4,5.3,4,8.9,FALSE,8.3,No
5606,51,Female,Married,Bachelors,Finance,Finance Manager,4,8096,12.9,15.2,22.1,0.1,2,Hybrid,3.7,6,1.6,7.9,6.9,3,7.6,FALSE,6.2,No
5607,37,Male,Single,Bachelors,Finance,Accountant,5,8774,16.1,14.1,17,0.3,0,Remote,4.1,8,3.3,6.2,8.1,4,8.6,TRUE,3.1,No
5608,35,Male,Married,High School,Sales,Account Executive,3,5510,14.5,4.8,12.5,0.9,1,Hybrid,8.7,27,1.3,8.8,7.3,4,6.6,FALSE,6.3,No
5609,43,Male,Married,Bachelors,Customer Support,Customer Success Manager,4,8116,13.7,9.9,14.7,1.4,1,Hybrid,7.2,4,4.6,5.5,4.1,3,7.3,TRUE,7,Yes
5610,33,Female,Single,Bachelors,Customer Support,Support Team Lead,2,3535,7.3,8.1,7.2,5.5,0,Remote,10.4,2,4.1,7.6,5,4,10,FALSE,6.7,No
5611,47,Male,Married,High School,Operations,Program Manager,5,7328,9.5,16.4,25.6,3.9,3,Onsite,1.6,18,3.2,8.4,7.9,4,10,TRUE,6.7,No
5612,46,Male,Single,Masters,Sales,Sales Development Rep,3,8188,10.2,8,14.5,2.8,2,Onsite,8.8,28,3.9,6.2,5,4,10,TRUE,2.2,No
5613,49,Female,Married,Masters,Engineering,Engineering Manager,4,10088,10.9,10.8,16.6,1.3,1,Hybrid,3.8,4,4,5.4,6.7,3,9,TRUE,5.1,No
5614,54,Non-binary,Married,Bachelors,Customer Support,Customer Success Manager,5,6419,9.8,9.2,10.3,1.8,1,Onsite,8.6,2,5.2,5.1,4.4,3,8.4,TRUE,9.9,No
5615,33,Male,Married,High School,Engineering,Software Engineer,1,3661,11.6,4.9,6.2,0.8,1,Hybrid,8.6,10,6.3,5,6.4,4,10,TRUE,5.4,Yes
5616,34,Male,Married,Masters,Marketing,Growth Manager,3,7396,10.8,6.5,14,0,3,Onsite,6.6,9,3.2,9.9,6.4,4,10,TRUE,7.4,No
5617,25,Female,Single,Bachelors,Marketing,Marketing Specialist,1,3177,7.4,4,5,4,1,Remote,8.4,9,2.9,5.6,5.3,3,9,TRUE,4.5,No
5618,37,Female,Divorced,Bachelors,Engineering,Data Engineer,2,8107,15.9,8.2,17,1.6,5,Onsite,2.8,7,2.1,8.3,7,4,8.5,TRUE,4,No
5619,33,Female,Single,Masters,Engineering,Data Engineer,1,5382,12.4,6.6,13,4.2,2,Onsite,10.9,2,3.2,6.2,5,4,9.9,TRUE,4.7,No
5620,38,Male,Married,Bachelors,Finance,Finance Manager,2,5420,8.6,3.9,9.8,3.9,1,Onsite,10.1,7,6.4,4.8,5.1,3,6.9,FALSE,6.2,Yes
5621,53,Female,Married,Bachelors,Operations,Program Manager,4,7169,6.7,8.3,15.1,2.7,2,Hybrid,3.3,24,3.6,4.1,5.4,3,9.6,TRUE,4.6,No
5622,39,Female,Married,Bachelors,Finance,Accountant,3,7288,9.9,10.2,19,3.8,2,Remote,9.1,3,2.1,8.7,7.4,4,7.9,FALSE,4.2,No
5623,27,Female,Single,Bachelors,Customer Support,Support Specialist,1,2386,6.1,5.4,7,1.2,0,Onsite,11.6,9,6.6,4.8,4.7,3,7,FALSE,4.8,No
5624,42,Female,Married,Bachelors,Engineering,Data Engineer,4,7143,13.7,9.8,13.4,0.6,1,Onsite,4.5,7,1.8,7.1,6.5,4,10,TRUE,3.5,No
5625,36,Female,Divorced,Bachelors,Engineering,QA Engineer,2,5962,10.6,3.2,7.8,2.7,0,Hybrid,14,7,5.7,5.3,5.3,3,10,TRUE,6.3,No
5626,21,Female,Married,Bachelors,Engineering,Data Engineer,2,5440,11.6,0,1,0,2,Hybrid,20.5,4,7.2,2.4,2.6,3,7.7,TRUE,2.6,Yes
5627,34,Male,Single,Bachelors,Engineering,Data Engineer,1,3663,12.5,0,8.1,0,4,Remote,6.8,4,2.9,6,6.8,4,7.6,FALSE,6.5,No
5628,32,Female,Divorced,Bachelors,Sales,Account Executive,2,6001,8.3,8.1,9.9,2.2,1,Hybrid,3.7,23,5.4,5.9,4.8,3,7,FALSE,5,Yes
5629,32,Female,Married,Bachelors,Sales,Sales Manager,4,10547,16.4,8.3,12,0.6,5,Onsite,4.9,24,4.8,6.7,5.7,4,8.7,FALSE,4.6,No
5630,35,Male,Single,Bachelors,Research & Development,Product Researcher,4,9779,8.1,7.7,15,2.2,4,Onsite,5.3,4,2.4,5.5,6.7,4,10,TRUE,2.8,No
5631,60,Female,Married,Bachelors,Engineering,Engineering Manager,5,9539,13.5,6.1,11.6,2.2,0,Hybrid,5,5,1.9,6.4,5.4,3,9,FALSE,2.5,No
5632,39,Female,Married,Bachelors,Engineering,QA Engineer,5,13972,19.2,14.3,15.2,0.4,0,Hybrid,9.4,1,5.2,5.8,7.3,3,9.8,FALSE,3.5,No
5633,55,Male,Single,Masters,Customer Support,Customer Success Manager,5,11396,16.4,11.2,26,0.5,4,Hybrid,16.9,9,6.8,7.8,3,3,8.3,FALSE,6,No
5634,38,Female,Married,High School,Engineering,Software Engineer,2,4295,10.2,0.7,4.1,0.7,2,Onsite,15,7,6.1,4.5,3.9,3,7,TRUE,3.6,Yes
5635,36,Male,Married,Masters,Engineering,Data Engineer,3,7285,13.7,7.8,11.7,3.1,0,Onsite,8.2,6,2.6,6.6,6.9,4,8.8,TRUE,2.5,No
5636,40,Male,Single,Bachelors,Engineering,Engineering Manager,4,11523,11.5,8.9,17.2,2.2,3,Onsite,2.9,5,4.4,5,7.8,3,9.8,FALSE,2.4,No
5637,31,Female,Single,Bachelors,Customer Support,Customer Success Manager,2,4298,7.9,8.6,11,0,2,Remote,13.6,6,5.2,5.5,3.9,4,7.9,FALSE,5.5,No
5638,36,Female,Single,PhD,Sales,Account Executive,2,3752,16.1,5.2,8.9,2.1,1,Onsite,5.6,25,4.7,4.8,7.2,3,7.8,FALSE,7.1,Yes
5639,34,Female,Married,PhD,Engineering,Engineering Manager,3,11262,19.3,6.5,14,0.5,6,Hybrid,2.4,7,2.6,8.1,7.1,5,8.6,TRUE,2.9,No
5640,21,Male,Married,Bachelors,Operations,Operations Analyst,1,2766,11.6,0,1,0,0,Hybrid,7.1,31,5,7.9,4.9,3,7.8,FALSE,6.2,No
5641,25,Male,Divorced,Masters,Finance,Accountant,1,2778,6.6,4,5,1.2,2,Remote,13.6,2,3.4,5.4,7.3,4,7.4,FALSE,5.1,No
5642,28,Male,Married,Bachelors,Sales,Account Executive,2,5196,14.8,7,8,2,2,Onsite,4.7,18,4.8,8.7,4.2,4,10,FALSE,5.2,No
5643,37,Male,Married,Masters,Engineering,Data Engineer,1,4412,15,4.8,13.1,0,3,Hybrid,2.7,3,4.1,5.9,6.7,4,8.8,TRUE,6.3,No
5644,30,Female,Married,Masters,Sales,Sales Manager,2,4686,9.4,5.2,10,5.2,2,Onsite,8.1,34,3.3,7.4,7.4,3,9.2,FALSE,4.3,No
5645,40,Male,Single,Bachelors,Operations,Operations Analyst,3,5192,14.7,8,11.7,3.4,1,Hybrid,5.5,12,2,7.2,9.1,3,10,TRUE,6.4,No
5646,34,Female,Married,Bachelors,Operations,Operations Manager,3,5248,14.6,7.7,14,2.9,1,Onsite,2.1,23,3.4,4.7,7.4,3,7.9,TRUE,4.6,No
5647,50,Female,Single,Bachelors,Finance,Accountant,2,6213,5.5,7.4,10.2,2.2,0,Hybrid,11.2,6,5,7.9,5,3,8.3,FALSE,8.5,No
5648,46,Male,Married,Bachelors,Engineering,Software Engineer,4,11505,14,12.2,18.8,0,2,Hybrid,13.6,8,5,5.7,5.9,3,8.5,TRUE,4.3,No
5649,46,Male,Married,High School,Sales,Account Executive,2,3589,9.5,4.3,11.4,3.7,3,Hybrid,5.5,17,4.6,4.1,5.7,3,8.5,TRUE,6.6,Yes
5650,32,Male,Divorced,Masters,Operations,Program Manager,3,6730,7.3,5.3,11.9,3.7,1,Hybrid,4.4,19,3.2,5.8,6.1,3,7.2,FALSE,8.2,No
5651,49,Female,Divorced,Masters,Customer Support,Support Team Lead,4,5124,15.5,3.8,4.5,0.4,0,Onsite,5.4,7,4.4,8.1,7.2,4,9.1,FALSE,4.9,No
5652,49,Male,Married,Masters,Customer Support,Support Team Lead,4,7458,14.2,14.2,22.7,2,2,Onsite,2.8,7,6,6.4,4.9,3,4.7,TRUE,7.8,No
5653,33,Female,Divorced,Masters,Marketing,Content Strategist,3,6053,4.3,7.9,11.9,6.4,1,Hybrid,11.6,11,4,5.4,6,3,8.6,TRUE,7.8,No
5654,45,Male,Single,Masters,Customer Support,Customer Success Manager,4,11366,12.2,12.9,23.9,3.2,4,Hybrid,7.2,3,4,7,4.8,3,5.7,TRUE,8.5,Yes
5655,25,Male,Married,Masters,Customer Support,Support Specialist,2,4497,14.6,4,5,0.4,1,Hybrid,3.3,2,2.3,7.6,5.3,3,7.9,FALSE,7.4,No
5656,31,Female,Divorced,Bachelors,Research & Development,Research Scientist,2,5174,11.6,1,6,1,2,Hybrid,7.9,3,5.1,6.2,5.4,3,9.8,TRUE,4.9,Yes
5657,33,Female,Single,Bachelors,Engineering,Engineering Manager,3,9700,10.5,11.9,13,0.6,3,Hybrid,3.5,8,4.3,5.3,7,4,9.8,TRUE,5.5,No
5658,48,Female,Married,Masters,Sales,Sales Development Rep,5,10665,8.7,11.9,15.6,2.8,0,Onsite,7.9,17,7.1,4,4.1,3,8.9,TRUE,2.7,No
5659,37,Female,Single,Bachelors,Finance,Finance Manager,2,6235,8,5.1,12.3,5.1,2,Onsite,4.6,7,4.8,7.1,6.5,4,8.1,FALSE,4,No
5660,41,Male,Single,Masters,Operations,Program Manager,3,6258,14.2,0.6,5.1,0.2,2,Hybrid,8.1,30,6.6,4.1,5.6,3,5.5,FALSE,4.4,No
5661,43,Male,Divorced,Bachelors,Marketing,Growth Manager,4,8480,8.2,8.4,15.9,0,2,Onsite,11,6,5.1,4.8,4.9,3,8.8,TRUE,4.7,Yes
5662,36,Male,Single,Bachelors,Engineering,Data Engineer,3,9859,10.6,5.5,15.4,1.3,2,Onsite,14.5,8,6.9,4.7,6.5,3,9.7,TRUE,2.8,No
5663,50,Female,Single,Masters,Customer Support,Support Specialist,4,9122,9.8,10.7,15.6,3.2,1,Onsite,3.5,9,4.1,8.5,6.2,3,8.6,TRUE,6.9,No
5664,38,Male,Married,Bachelors,Sales,Sales Development Rep,2,4527,7.9,4.5,9.5,0.2,2,Hybrid,12.9,25,4.6,7.6,4.4,4,9.3,TRUE,6.2,No
5665,33,Female,Divorced,Masters,Engineering,Data Engineer,3,8671,15.5,8,13,0.6,1,Remote,5.8,4,3.4,8.7,8.5,4,8.7,TRUE,4.5,No
5666,36,Female,Married,Masters,Engineering,Engineering Manager,3,8580,13,4,9.8,1.8,2,Hybrid,2.2,4,1,7.3,6.8,4,10,TRUE,4.2,No
5667,41,Female,Married,High School,Finance,Accountant,3,4633,9.3,6,8.7,1.5,0,Hybrid,7.4,4,5.3,4.7,6,3,6.2,TRUE,5.4,No
5668,51,Female,Single,Bachelors,Sales,Sales Manager,3,5919,16.1,10,18.9,1.9,3,Hybrid,19.8,29,5.7,9.3,3.9,4,8.2,FALSE,5.2,No
5669,34,Male,Single,Bachelors,Operations,Operations Analyst,2,3828,5.3,7.5,7.5,1.8,0,Hybrid,8.4,23,3,5.9,7.5,4,8.8,TRUE,3.2,No
5670,40,Female,Married,Bachelors,Engineering,QA Engineer,3,8572,8.4,9.8,20,0.8,2,Onsite,9.1,5,6.1,6,6.4,3,8.5,TRUE,5.6,Yes
5671,34,Female,Single,Bachelors,Engineering,Software Engineer,2,5410,4.9,8.2,14,3.1,0,Onsite,5.7,7,4.6,5.3,6.3,3,10,TRUE,2.9,Yes
5672,35,Female,Married,PhD,Sales,Account Executive,2,7963,11.1,0.5,12.4,0.5,3,Hybrid,13.9,12,6.3,6.9,5.6,3,9.6,TRUE,5.5,Yes
5673,28,Female,Single,High School,Sales,Sales Development Rep,1,3548,19.4,0,4.5,0,1,Onsite,6.9,32,4.9,5.1,5.8,4,10,TRUE,5,No
5674,21,Male,Married,Masters,Sales,Account Executive,2,4373,15.4,0,1,0,3,Remote,7.6,23,3.4,7.3,7.6,4,6.9,FALSE,6.6,No
5675,41,Prefer not to say,Married,Masters,Marketing,Growth Manager,2,4806,9.7,4.3,13,4.3,4,Onsite,21.8,4,7.7,4.2,3.6,2,6.1,TRUE,2.9,Yes
5676,33,Male,Married,PhD,Operations,Program Manager,2,7026,12.9,6.3,12.9,2.8,1,Remote,1.7,24,1.9,8,7.9,4,9.5,FALSE,4.6,No
5677,43,Female,Single,Bachelors,Engineering,Engineering Manager,3,5773,17.5,8.1,10.6,1.4,0,Onsite,0.5,6,1.4,6.2,6.7,4,8,TRUE,5.6,No
5678,33,Male,Married,Masters,Engineering,QA Engineer,2,5920,11.4,7.4,13,3,6,Onsite,17,5,7.3,5.2,4.2,4,9,TRUE,5.9,Yes
5679,45,Female,Single,PhD,Research & Development,R&D Manager,5,16699,12.8,13.2,23,3.7,3,Onsite,3.8,5,3.1,6.8,5.3,4,7.4,TRUE,2.2,No
5680,43,Male,Married,High School,Finance,Finance Manager,3,7759,5.7,8.9,20.4,3.4,4,Onsite,19.5,4,6.5,3.9,1.7,4,9,TRUE,7,Yes
5681,21,Female,Married,Bachelors,Engineering,Data Engineer,1,4529,16.6,0,1,0,1,Onsite,28.7,6,10,4.2,1,3,6,TRUE,7.8,Yes
5682,35,Female,Divorced,Bachelors,Marketing,Content Strategist,4,6771,9.7,10.9,15,1.9,2,Hybrid,13.8,3,5.2,5.1,3.8,3,9.6,FALSE,6.8,No
5683,37,Female,Divorced,Bachelors,Sales,Sales Manager,3,5179,7.9,7.5,9.5,1.2,2,Remote,16,30,4.5,5,5.3,3,9.1,TRUE,7.8,No
5684,37,Female,Single,Bachelors,Customer Support,Support Specialist,4,6893,13.8,6,10,2.7,2,Remote,4.2,5,2.6,8.2,7.8,3,8.9,TRUE,6.4,No
5685,28,Prefer not to say,Single,Bachelors,Engineering,Data Engineer,3,7545,8.8,7,8,6.9,2,Hybrid,10.7,7,1.5,7.2,5.7,5,10,FALSE,3,Yes
5686,43,Male,Single,Bachelors,Customer Support,Customer Success Manager,4,6778,10.2,15.3,17.4,0.8,0,Onsite,5.5,4,4.7,6.5,4.7,4,8.9,FALSE,6.1,No
5687,21,Female,Married,Masters,Engineering,Data Engineer,1,4034,14.7,0,1,0,0,Hybrid,1.9,5,1.6,8.4,8.5,3,7.8,TRUE,6.7,No
5688,43,Female,Single,Bachelors,Engineering,Data Engineer,5,12915,5.7,7,15.7,5.7,3,Hybrid,5.9,8,3.1,7.3,6.8,3,8.5,TRUE,3.1,Yes
5689,50,Male,Married,Bachelors,Marketing,Marketing Specialist,5,11687,15.2,15.1,24.1,0.8,3,Remote,9.2,2,3.2,6.9,6.3,4,10,TRUE,4.7,No
5690,29,Male,Single,Masters,Operations,Program Manager,2,5907,13.6,0.6,7.1,0.2,2,Remote,7,15,3.3,7.8,7.9,4,8.8,FALSE,6,No
5691,55,Male,Single,High School,Marketing,Growth Manager,5,7140,9.8,12.8,17.6,6.1,0,Onsite,20.1,7,8.7,3.6,2.7,3,8.7,TRUE,3.2,No
5692,38,Male,Married,Bachelors,Sales,Account Executive,2,5723,10.8,5.7,12.6,4.2,2,Remote,14.7,19,5.4,7.4,6.8,3,7,FALSE,5.9,No
5693,41,Male,Single,Bachelors,Customer Support,Support Team Lead,3,4386,10.7,8.6,14,1.8,0,Remote,7.4,7,4.2,3.7,6.9,3,7.7,FALSE,5.6,No
5694,27,Male,Married,Bachelors,Operations,Program Manager,3,6834,11.4,4.7,7,1.3,2,Hybrid,1,15,1,6.3,6.2,4,9.8,TRUE,1.6,No
5695,30,Female,Single,High School,Marketing,Marketing Specialist,3,5763,13.1,4.7,10,0.9,4,Hybrid,7.9,9,4.7,3.1,4.7,3,9.8,TRUE,3.7,No
5696,49,Male,Single,Bachelors,Operations,Operations Analyst,3,6082,18.5,2.6,4.6,2.6,0,Hybrid,4.6,25,1,7.8,8.2,5,10,TRUE,3.3,No
5697,47,Female,Single,Bachelors,Operations,Operations Analyst,5,8137,13.6,8.4,15.8,1.4,1,Remote,5.8,19,3.8,5,6,2,6.6,TRUE,3.9,No
5698,34,Male,Married,High School,Finance,Finance Manager,4,8548,11.9,7.9,10.2,3.1,0,Remote,9.5,6,3.9,8.5,5.8,3,8.4,FALSE,6.6,No
5699,27,Female,Married,Bachelors,Sales,Sales Development Rep,3,6165,13.2,6,7,1.4,1,Hybrid,12.2,23,5.4,6.4,5.5,4,9.4,FALSE,5.6,No
5700,22,Female,Married,Masters,Research & Development,Research Scientist,2,4688,12.3,1,2,1,2,Hybrid,1.8,7,5.2,5.4,6.8,3,6.5,TRUE,2.5,No
5701,38,Male,Married,Bachelors,Operations,Operations Manager,4,9291,13.2,8,13.7,2.7,2,Onsite,4.5,27,4.9,6.9,5.5,3,8.3,TRUE,2.6,No
5702,48,Prefer not to say,Divorced,Bachelors,Engineering,Data Engineer,3,8057,10.2,6.8,11.6,4,1,Onsite,6.9,6,1.7,6.2,6.8,5,7.8,TRUE,2.4,No
5703,39,Male,Married,Masters,Operations,Operations Analyst,5,11652,10.5,8.5,9.7,2,1,Hybrid,3.5,26,3.7,7.4,5.4,4,8.5,FALSE,2.4,No
5704,34,Female,Divorced,Masters,Operations,Program Manager,3,5418,7.4,8.4,14,0.8,1,Hybrid,27.9,24,7.5,6.3,1.6,4,8.7,TRUE,3.6,No
5705,40,Male,Divorced,Bachelors,Customer Support,Support Team Lead,3,6981,10.9,9.7,19.8,1.7,4,Hybrid,6.1,4,6.3,5,6.3,3,7.7,FALSE,8.4,No
5706,44,Male,Married,Bachelors,Engineering,Software Engineer,3,8374,11.5,8.8,19.6,2.2,4,Onsite,2.5,9,4.4,6.1,5.9,4,9.3,FALSE,1,No
5707,26,Female,Married,Masters,Engineering,QA Engineer,2,4727,13.4,5,6,1.7,1,Hybrid,15.2,5,5.1,5.3,5.2,3,6.6,TRUE,1.3,No
5708,40,Male,Divorced,Masters,Operations,Program Manager,4,9708,9.1,8.2,12.3,0.5,0,Onsite,4,19,4.1,4.3,7.2,3,8.7,TRUE,5.9,No
5709,49,Female,Married,Masters,Sales,Account Executive,4,10276,8.2,8.3,18.2,2.7,3,Remote,12.5,27,5.3,6.5,7.1,4,7.7,FALSE,4.7,No
5710,48,Male,Married,Bachelors,Human Resources,HR Manager,5,7640,6.8,12.4,14.9,1.1,1,Remote,3.7,7,2.4,8.1,7.4,5,8.9,FALSE,4.2,No
5711,34,Male,Married,Masters,Research & Development,R&D Manager,4,11300,9.3,10.6,14,2.6,0,Onsite,2.1,4,5.4,4.4,6,2,8.7,TRUE,3.6,Yes
5712,25,Male,Single,Masters,Sales,Sales Development Rep,2,5024,9.1,4,5,2.9,0,Hybrid,5,20,5.3,6.5,6.5,4,9.7,FALSE,6.6,No
5713,42,Female,Married,Masters,Engineering,QA Engineer,5,14585,10.8,8.7,18,1.7,2,Remote,8.2,3,1.6,7.9,6.9,4,7.7,FALSE,5.8,No
5714,43,Male,Single,PhD,Engineering,Data Engineer,4,10605,11.4,8.1,13.3,4.5,1,Onsite,4,5,4.5,5.6,5.3,3,6.6,FALSE,4.3,No
5715,44,Female,Single,Masters,Research & Development,R&D Manager,5,13114,10.6,13.8,21.2,5.5,2,Onsite,6,3,2.5,5.3,6.1,3,9.5,TRUE,2,No
5716,40,Male,Married,Bachelors,Engineering,Software Engineer,1,6100,19,3.2,10.6,0.9,1,Remote,13.2,8,4.1,6.1,5.5,4,9.2,FALSE,5.9,No
5717,40,Male,Married,Masters,Customer Support,Support Team Lead,4,7760,10.7,10.3,20,1.4,4,Onsite,9.4,6,3.8,7,6.6,5,7.4,TRUE,6.6,No
5718,36,Male,Single,Bachelors,Sales,Account Executive,2,4388,14.6,2.3,5.2,0.7,1,Remote,5.8,21,4.7,6.1,3.8,3,8.5,FALSE,9.5,Yes
5719,45,Female,Single,High School,Operations,Operations Manager,4,6442,11.2,9.3,16,1.5,2,Onsite,11.2,20,7.7,4.6,4.5,3,8.1,FALSE,5.7,Yes
5720,39,Female,Single,Masters,Marketing,Marketing Specialist,2,4763,12.8,3.3,11,1.3,4,Onsite,1.2,8,2.1,7.9,7,4,7.8,TRUE,5.5,No
5721,44,Male,Married,Masters,Human Resources,HR Manager,4,9376,15.2,7.9,12.4,0.7,1,Onsite,4.3,7,3.1,7.3,5.6,4,9.6,FALSE,4.7,No
5722,34,Female,Divorced,Masters,Engineering,Data Engineer,4,11639,16.8,7.6,10.9,0.8,1,Hybrid,4.3,7,2.6,8.6,7.3,4,9,TRUE,2.4,No
5723,64,Male,Married,Masters,Finance,Finance Manager,5,11428,13.9,9.9,12.6,0.8,0,Hybrid,4.8,7,3.7,7.8,5.2,5,7.5,FALSE,4,No
5724,48,Female,Married,Bachelors,Operations,Program Manager,5,8801,12.6,9.2,14,0,1,Hybrid,4.8,23,4.5,4.8,6.4,3,8.6,TRUE,5,No
5725,39,Female,Single,Bachelors,Sales,Account Executive,1,3078,6.9,2.8,8,2.8,1,Remote,4.2,19,4.3,6.5,6.5,4,7.5,FALSE,7.5,No
5726,21,Female,Married,Bachelors,Engineering,QA Engineer,2,5858,12.8,0,1,0,0,Hybrid,3.5,3,4.9,7.7,5.4,4,9.1,FALSE,7.4,No
5727,41,Female,Married,PhD,Operations,Operations Analyst,3,6770,13,8.2,16,1.6,1,Remote,2.2,25,2.9,6.6,8,5,9,TRUE,6.9,No
5728,44,Female,Single,PhD,Engineering,Engineering Manager,4,13189,8.9,6.6,14.5,0.7,3,Hybrid,3,8,4.7,5.2,5.7,3,7.7,TRUE,3.4,No
5729,28,Male,Divorced,PhD,Operations,Program Manager,2,6599,8.5,6.3,8,1.8,2,Hybrid,2.8,19,3.6,7.4,6.3,4,9.5,FALSE,4.9,No
5730,34,Male,Divorced,Bachelors,Marketing,Content Strategist,2,5509,12.8,7.8,14,3.2,4,Onsite,14.2,5,5,6.1,4,4,7.4,TRUE,5.4,No
5731,35,Female,Single,Bachelors,Marketing,Growth Manager,3,6804,12.2,10,12.1,4.9,0,Remote,2.5,6,3.2,6.3,6.5,4,8.1,FALSE,2,No
5732,52,Female,Married,Bachelors,Engineering,Data Engineer,5,14801,14.6,13.7,21.2,2.8,3,Onsite,13.2,8,4.2,5.6,5.1,3,7.2,FALSE,3.7,No
5733,33,Female,Single,Bachelors,Sales,Sales Development Rep,2,4032,9.4,8.3,13,1.7,2,Remote,6.7,26,5,5.6,7.7,3,6.1,FALSE,6,No
5734,21,Male,Married,Bachelors,Engineering,Software Engineer,1,3923,10.1,0,1,0,1,Onsite,6.9,10,7.5,1.9,4.9,3,9.8,TRUE,5.2,Yes
5735,31,Non-binary,Single,Bachelors,Engineering,Software Engineer,2,5900,12.7,4.4,11,1.5,2,Remote,3.3,9,3.2,6,5.9,3,9.2,TRUE,3.5,No
5736,35,Female,Single,High School,Marketing,Growth Manager,3,4428,16.7,8,15,2,1,Remote,7.4,1,1.2,8.3,5.8,4,7.9,TRUE,5,No
5737,49,Female,Married,Masters,Engineering,QA Engineer,5,12630,3.4,12.7,20.6,5.5,1,Onsite,18.3,5,4.2,7.5,3.8,3,8.2,TRUE,3.8,No
5738,29,Female,Single,Bachelors,Sales,Sales Development Rep,3,6503,12.6,7.6,9,0.9,2,Remote,4.3,28,6.3,3.3,4.9,3,7.6,TRUE,5.3,Yes
5739,37,Female,Married,Masters,Engineering,Software Engineer,2,8947,10.5,4.1,8,2.8,1,Hybrid,4,5,3.5,6.9,4.1,4,9.4,TRUE,1,Yes
5740,31,Female,Single,Bachelors,Operations,Operations Analyst,4,7235,15.8,8.2,11,1.6,2,Hybrid,13.7,16,4.1,6.1,6.8,4,8.5,TRUE,6.8,No
5741,30,Male,Single,Bachelors,Engineering,Engineering Manager,2,5763,9,6.6,9.7,0.4,0,Onsite,0.6,6,4.2,7.7,5.6,4,9.8,FALSE,5.8,No
5742,31,Male,Married,Bachelors,Customer Support,Support Specialist,3,4533,5.7,3.7,7.1,1.5,0,Hybrid,8.7,8,3.1,7.6,5.4,4,8.6,FALSE,6.7,No
5743,40,Male,Married,Bachelors,Marketing,Marketing Specialist,3,5948,11.6,9.8,14.1,5,1,Remote,9.7,6,3.6,4.1,5.7,4,9.4,TRUE,6.7,Yes
5744,38,Non-binary,Single,Bachelors,Marketing,Growth Manager,4,8107,6,7.5,10.3,1.4,1,Remote,4.5,12,2.6,6.6,7.6,4,7.8,TRUE,7.5,No
5745,35,Male,Married,High School,Customer Support,Customer Success Manager,3,4881,8.9,5.2,12.9,1.3,4,Remote,8.4,8,3.9,5.9,6.9,3,7.8,FALSE,6.2,No
5746,46,Male,Single,High School,Engineering,QA Engineer,3,9478,11.9,7.6,14.4,0.2,2,Hybrid,5.3,5,3,7.8,6.4,5,7.9,TRUE,1.2,No
5747,25,Male,Single,Bachelors,Sales,Account Executive,1,4757,15,0,5,0,3,Onsite,11.4,23,5.4,7.4,4.3,3,6.7,TRUE,4.5,No
5748,39,Female,Single,High School,Engineering,Data Engineer,2,4962,13.5,9,16.2,1.7,2,Remote,6.3,3,2.2,7.7,7.4,4,8.8,TRUE,4.1,No
5749,32,Male,Married,Masters,Marketing,Content Strategist,1,4521,7.7,6.7,11.1,3.9,1,Onsite,7.3,8,5,7.2,5,4,6.6,TRUE,7,Yes
5750,39,Female,Single,PhD,Customer Support,Support Team Lead,5,7920,12.6,8.5,18.9,0.7,5,Remote,4.2,2,2.6,8.1,8.8,5,10,TRUE,3,No
5751,43,Female,Single,PhD,Customer Support,Support Team Lead,4,7036,15.8,6.8,11.8,4,3,Onsite,6.2,7,4.7,6.9,6.5,4,8.8,FALSE,5.4,No
5752,33,Female,Divorced,Masters,Engineering,Software Engineer,2,6799,12.9,2,10.4,0.4,1,Onsite,14.4,5,4.7,7.2,5.4,4,7.6,TRUE,3.5,No
5753,43,Male,Single,Masters,Human Resources,HR Manager,5,9940,5.8,11.3,14,4.1,0,Hybrid,19,3,4.4,7.2,4.3,3,8.8,FALSE,5.3,Yes
5754,46,Male,Single,High School,Operations,Operations Manager,3,4976,10.2,5.8,9.5,3.1,0,Hybrid,8.4,23,4.1,5.6,6.2,4,10,FALSE,5.6,No
5755,33,Male,Married,Bachelors,Human Resources,Recruiter,3,5681,11.1,8.3,13,1.3,1,Remote,20.3,4,9.9,4.2,3.1,3,5.2,TRUE,5.8,Yes
5756,35,Non-binary,Divorced,Bachelors,Operations,Operations Analyst,2,4611,8.6,5.6,15,4,4,Onsite,2.5,29,5.9,4.9,4.9,3,6.1,FALSE,5.6,No
5757,28,Female,Single,Bachelors,Engineering,Data Engineer,2,5378,11,7,8,0.7,2,Hybrid,9.3,7,4.6,5.2,5,3,7.7,TRUE,6.4,No
5758,44,Female,Married,High School,Finance,Accountant,3,6618,6.3,10.3,16.7,5.4,1,Hybrid,4.5,1,3,5.2,5.7,3,9.4,TRUE,5.4,No
5759,21,Female,Divorced,Masters,Engineering,Software Engineer,2,6617,12.5,0,1,0,1,Hybrid,0.7,5,4.6,7.3,7.4,3,6.7,TRUE,3.3,No
5760,35,Male,Single,Masters,Sales,Sales Manager,3,7862,13.8,5.2,15,3.5,3,Onsite,6.7,30,1.7,7.7,7.3,4,8,FALSE,5,No
5761,32,Female,Married,Bachelors,Sales,Sales Manager,4,7134,11.1,9.6,12,1.9,2,Onsite,6,15,4.1,5.8,6.2,4,8.2,FALSE,3.4,No
5762,31,Male,Single,Bachelors,Sales,Account Executive,2,5921,8.6,7.7,11,4.2,3,Hybrid,9.1,15,4.6,6,7.2,4,7.5,FALSE,3.9,Yes
5763,33,Male,Married,Bachelors,Finance,Finance Manager,2,7094,6.6,7.5,13,6.3,3,Onsite,3.4,5,4.2,2.6,6.2,4,8.5,TRUE,4.4,Yes
5764,45,Male,Married,Bachelors,Research & Development,R&D Manager,5,7635,10.3,10,18,4.9,3,Onsite,10.7,5,3.8,4.1,4.8,3,9.5,FALSE,2.7,No
5765,33,Male,Single,High School,Research & Development,R&D Manager,5,11773,18,11.4,13,0.2,4,Hybrid,2.4,3,4.4,7.3,7.3,3,8.7,FALSE,3.9,No
5766,64,Male,Single,Bachelors,Sales,Sales Manager,5,9289,8.6,9.3,15,1.2,1,Remote,12.4,22,4.8,5.4,4.5,3,10,TRUE,5.5,No
5767,54,Female,Married,High School,Engineering,Engineering Manager,5,10456,14.8,11.9,19,0.2,1,Hybrid,10.2,9,6.6,5.8,5,4,8.7,TRUE,2.9,No
5768,21,Female,Single,Masters,Finance,Accountant,1,3455,18.8,0,1,0,2,Hybrid,5.9,7,5.2,7.6,6.3,4,5.7,TRUE,7.3,No
5769,40,Female,Married,High School,Operations,Operations Manager,4,6124,7.4,9.7,12.3,1,1,Hybrid,2,23,2.6,5.8,7.4,3,10,FALSE,4.6,No
5770,21,Prefer not to say,Single,Bachelors,Operations,Program Manager,2,4617,15.5,0,1,0,1,Remote,3.1,24,1.2,10,7.1,4,7.6,FALSE,7.3,No
5771,35,Female,Single,Bachelors,Marketing,Growth Manager,3,6876,13.6,12,15,1.3,1,Onsite,2.2,7,4.3,4.1,6.4,3,7.5,TRUE,6.4,Yes
5772,30,Female,Single,High School,Finance,Financial Analyst,3,6783,7.4,5,9.7,3.7,0,Hybrid,9.3,10,3.4,6.7,7,3,9.5,TRUE,2.8,No
5773,45,Female,Single,Bachelors,Research & Development,Research Scientist,5,13658,4.6,11.3,17.4,0.8,1,Onsite,4.5,8,6.5,6.6,5.3,3,5.8,TRUE,2.4,Yes
5774,42,Male,Married,Bachelors,Engineering,Data Engineer,4,9262,15.3,9.3,14.1,0.9,1,Remote,4.4,5,2.4,8.3,7.4,3,8.9,TRUE,3.3,Yes
5775,26,Female,Single,Masters,Customer Support,Support Specialist,1,3388,14.1,4.2,6,0.9,1,Onsite,11.7,1,5.7,3.9,5.4,3,8.3,FALSE,5.6,Yes
5776,25,Male,Divorced,Masters,Engineering,Data Engineer,2,6167,15.7,3.1,5,2.4,2,Hybrid,15.6,4,7.7,5.2,5.1,4,8.2,FALSE,5.6,Yes
5777,27,Female,Married,Bachelors,Finance,Finance Manager,3,5669,10.7,6,5.5,0.6,1,Onsite,1.6,8,4.1,8.2,4.7,4,8.5,TRUE,7.6,No
5778,37,Female,Married,Masters,Customer Support,Support Team Lead,4,8295,10.3,9.1,17,2,2,Onsite,3.4,8,1.9,7.2,7.8,4,8,TRUE,6.9,No
5779,47,Male,Single,Masters,Customer Support,Customer Success Manager,4,7298,15.7,10.1,19,1,3,Hybrid,8.5,6,6.3,5.3,5.6,4,8.6,FALSE,5.8,No
5780,42,Female,Married,Masters,Engineering,Software Engineer,4,9263,10.9,10.2,17.6,3.6,2,Hybrid,18.3,6,5.2,6,3.9,3,8.8,FALSE,6,No
5781,34,Female,Single,Bachelors,Customer Support,Support Team Lead,5,7242,8.5,10.2,14,0.9,3,Onsite,4.7,4,4.7,6.4,6.5,3,8.2,FALSE,6.4,No
5782,36,Female,Married,Masters,Marketing,Growth Manager,2,5568,17.7,1.1,4.2,1.1,0,Onsite,2.9,5,3.7,7,5.6,3,8.1,TRUE,7.4,No
5783,34,Male,Single,Masters,Engineering,QA Engineer,3,8971,19.4,9,14,0.3,2,Onsite,2.9,3,3.8,7.6,5.7,4,9.2,TRUE,5.1,No
5784,35,Female,Married,Bachelors,Engineering,QA Engineer,2,6280,7.9,0.5,4.5,0.5,1,Remote,8.8,9,2.6,9.5,6.8,4,9.4,TRUE,5,No
5785,33,Non-binary,Single,Bachelors,Marketing,Content Strategist,3,6748,7.9,12,13,0.4,1,Hybrid,7.8,11,6.3,7.1,5.5,4,8.8,TRUE,6.5,No
5786,39,Male,Married,Bachelors,Engineering,Software Engineer,3,6774,9.9,4.9,9.5,2.1,1,Hybrid,4.1,6,3,5.9,7.6,3,5.9,TRUE,1.5,No
5787,46,Male,Married,Masters,Engineering,Data Engineer,5,17798,13.9,12,19,0.9,3,Onsite,4.1,4,5.5,5.4,6.6,3,8.2,TRUE,3,No
5788,45,Male,Married,Bachelors,Customer Support,Customer Success Manager,3,5341,13.3,5.2,9.6,4,1,Onsite,5.3,1,4.9,5.5,8.2,4,8.9,TRUE,6.5,No
5789,46,Female,Married,Bachelors,Engineering,Software Engineer,5,12158,18.7,11.9,16.9,0,1,Onsite,1.7,8,1.9,8.9,6.5,4,8.8,TRUE,1.6,No
5790,33,Female,Single,High School,Customer Support,Support Specialist,3,4090,14.6,5.2,13,0.5,3,Onsite,10,5,4.9,7.5,6.2,3,9.8,FALSE,5.8,No
5791,34,Female,Single,High School,Marketing,Content Strategist,2,3353,10,4.8,11.5,2,3,Onsite,2.9,5,1.2,8.6,8.2,4,8.7,TRUE,5.5,No
5792,45,Female,Married,Bachelors,Engineering,Software Engineer,2,7865,11.5,4.2,10.7,0.5,4,Remote,3.3,5,3.7,5.9,7.3,4,8.9,TRUE,2.8,No
5793,43,Male,Single,High School,Customer Support,Support Specialist,3,4238,11.8,2.5,4.2,1.8,0,Hybrid,2.4,8,3.2,7.5,8.2,5,7.5,FALSE,8,No
5794,25,Female,Married,Masters,Engineering,QA Engineer,1,5274,12.3,4,5,1.1,3,Hybrid,3.6,3,3.5,8.1,6.4,5,10,TRUE,3.6,No
5795,43,Female,Married,PhD,Engineering,QA Engineer,4,11442,18.5,9.9,16.4,0.4,3,Hybrid,1.9,5,1.9,9.9,6.4,5,6.3,FALSE,4.3,No
5796,34,Female,Divorced,Bachelors,Research & Development,R&D Manager,4,9306,8.7,6.7,13.9,2.1,4,Remote,4.2,7,2.5,5.9,7.8,4,9.3,TRUE,1.7,No
5797,40,Male,Divorced,Bachelors,Sales,Sales Development Rep,5,11846,17.9,14.1,16.2,1.6,1,Hybrid,7.2,25,3.7,5.5,6.6,4,7,FALSE,2.6,No
5798,39,Female,Single,Bachelors,Operations,Program Manager,4,7507,17.8,9,19,2,3,Hybrid,2.7,23,3.6,5.5,6.8,4,7.8,TRUE,3.1,No
5799,31,Male,Single,Masters,Finance,Financial Analyst,1,4488,13.6,0.5,2.9,0.5,0,Onsite,18.5,3,5.7,5.9,2.8,3,7.3,TRUE,6.6,No
5800,51,Male,Single,Bachelors,Operations,Program Manager,5,10496,11.5,16.2,20,1.7,1,Remote,5.2,23,2.8,5.9,7.2,3,9.4,TRUE,5.6,No
5801,37,Female,Single,Bachelors,Sales,Account Executive,1,3834,11.6,0,3.3,0,2,Onsite,3.1,18,3.7,5.6,4.5,4,7.5,FALSE,6.4,No
5802,41,Female,Married,Bachelors,Engineering,Engineering Manager,5,12817,10,11.1,19,1.1,4,Onsite,15.4,5,6.3,5.6,5.3,3,7.9,FALSE,4.5,Yes
5803,42,Male,Married,Bachelors,Marketing,Growth Manager,3,7048,12.7,5.1,12.9,1.4,3,Hybrid,11.3,8,3.9,6.1,5.1,3,9.9,TRUE,3.9,No
5804,29,Female,Married,Bachelors,Finance,Accountant,1,3531,10.4,2.4,6.7,2.4,1,Remote,4,5,1.7,6.6,6.9,4,8.4,TRUE,6.6,Yes
5805,30,Female,Single,High School,Operations,Program Manager,2,4031,11.8,2.1,7.9,1.3,1,Remote,8.3,22,3.2,5.7,6.8,4,9.4,FALSE,2.3,No
5806,38,Female,Married,High School,Finance,Finance Manager,4,6697,13.1,10,11.5,0.5,0,Hybrid,10.2,1,5.1,4.8,6.2,3,7.6,TRUE,6.3,No
5807,46,Male,Single,Masters,Marketing,Growth Manager,5,14297,15,11.7,20.1,1.6,4,Hybrid,14.1,8,4.1,7.6,5.2,4,6.7,TRUE,1,No
5808,35,Male,Single,High School,Research & Development,Research Scientist,1,4357,11.8,3.7,12.4,2.5,4,Remote,2.7,6,3.8,6.4,7.6,4,9.7,TRUE,1.6,No
5809,48,Male,Single,Masters,Sales,Account Executive,3,10658,11.2,3.9,10.7,0.8,3,Remote,17.7,24,6.9,6,2.5,4,10,TRUE,5.1,No
5810,32,Non-binary,Married,Masters,Engineering,QA Engineer,3,7395,14,7.2,12,0.3,2,Hybrid,3.6,9,3,6.7,7.8,4,9.6,TRUE,3.4,No
5811,43,Female,Single,Bachelors,Research & Development,Product Researcher,4,12043,13.2,11.8,14.9,1.6,3,Remote,10.2,4,1.9,9.4,6.5,5,9.3,TRUE,2.4,No
5812,40,Female,Married,Bachelors,Operations,Program Manager,4,5773,11.1,9.6,14.4,1.8,2,Hybrid,5,17,5.8,3.4,5.3,3,7.2,FALSE,4,Yes
5813,43,Female,Single,Masters,Finance,Finance Manager,5,11059,4.1,10.9,20.9,6,4,Remote,3.7,4,2.6,7.8,7,4,9.7,FALSE,1,No
5814,30,Male,Married,High School,Engineering,Data Engineer,2,5783,13.7,7.9,10,1.5,2,Onsite,7.2,7,3.9,5.4,6.2,4,7.7,TRUE,2.5,Yes
5815,43,Female,Single,PhD,Operations,Operations Manager,2,6253,6.7,3.9,10.8,3.5,2,Remote,7.3,20,3.1,4.4,5.5,3,8.2,FALSE,6.6,No
5816,54,Female,Married,Bachelors,Finance,Finance Manager,5,10171,11.2,11.5,19,1.3,1,Onsite,2.4,5,4,8.9,6,4,8.6,TRUE,1.9,No
5817,37,Male,Single,Masters,Human Resources,HR Manager,4,9593,12.8,9.5,17,1,3,Hybrid,16.6,7,6.5,6.8,4,3,8.9,TRUE,4.1,No
5818,28,Female,Married,Bachelors,Human Resources,HR Manager,3,6568,13.1,7,8,1.2,0,Hybrid,10.1,8,1.9,8.7,5.1,5,9.3,TRUE,4.9,No
5819,24,Female,Single,Bachelors,Sales,Account Executive,2,3532,13.4,3,4,0,3,Hybrid,3.6,24,4.9,6,8.1,2,9.7,TRUE,5.7,No
5820,26,Female,Married,Bachelors,Sales,Account Executive,2,3820,11.7,1.8,6,1.8,4,Hybrid,16.5,14,8.5,5.7,4.1,3,7.8,FALSE,5.8,No
5821,24,Male,Divorced,Masters,Human Resources,Recruiter,2,3547,15.4,3,4,3,3,Hybrid,4.2,1,4.4,5.6,6.7,4,8.4,FALSE,5.3,Yes
5822,46,Female,Divorced,Bachelors,Sales,Account Executive,4,8537,9.2,8.8,18.6,0,3,Hybrid,14.5,12,4.3,7.5,3.6,4,10,TRUE,5.3,No
5823,47,Male,Divorced,Masters,Customer Support,Customer Success Manager,5,6952,12.5,12.8,18,0.1,1,Hybrid,5.3,2,5.4,6,6.2,4,8.5,TRUE,6.1,No
5824,41,Male,Married,Bachelors,Operations,Operations Manager,3,5751,13.4,4.6,10.3,0.6,2,Onsite,8.9,20,6.7,4.9,3.2,4,7.9,TRUE,5.2,No
5825,49,Female,Married,PhD,Engineering,Engineering Manager,5,21073,10.1,8.9,14.1,3.1,1,Hybrid,5.4,14,2.3,5.5,7.2,3,9,TRUE,3.9,No
5826,30,Male,Single,Bachelors,Engineering,Software Engineer,2,8540,11.3,7.8,10,2.2,0,Onsite,4.8,7,4,3.7,6.5,3,9.6,FALSE,4.5,No
5827,27,Female,Married,Bachelors,Research & Development,Research Scientist,1,3813,11.7,2.2,7,0.5,2,Remote,0.5,5,4.5,4.7,7.1,4,9.5,FALSE,5.5,No
5828,29,Female,Divorced,Masters,Engineering,Data Engineer,1,5492,16.1,8,9,0,0,Hybrid,3.5,9,1,7.8,7.7,4,10,TRUE,4.5,No
5829,32,Male,Married,Masters,Customer Support,Support Specialist,2,5688,13.2,9.3,12,0.7,2,Hybrid,4.6,2,4.9,5.4,5.9,4,8.3,TRUE,6.7,No
5830,36,Female,Single,Bachelors,Finance,Financial Analyst,2,4782,12.4,5.6,10.1,1.9,0,Onsite,6.9,5,2.5,7.2,6.5,3,8.4,FALSE,6,No
5831,33,Male,Single,Bachelors,Customer Support,Support Team Lead,5,8973,9,11.5,13,1.2,5,Hybrid,7.1,5,3.6,6.4,5.7,4,7.4,FALSE,3.5,No
5832,36,Male,Divorced,Bachelors,Marketing,Marketing Specialist,3,6570,12.1,3.7,8.4,1.6,0,Onsite,5.3,3,1.8,9,6,4,10,TRUE,6.1,No
5833,40,Male,Married,High School,Engineering,Engineering Manager,3,7827,10.9,3.4,10,0.8,3,Hybrid,12.7,8,5.7,7.3,5.2,4,8.7,FALSE,5.5,No
5834,33,Male,Married,Bachelors,Marketing,Marketing Specialist,3,6652,12.8,9.4,12.9,1.1,1,Onsite,6.3,4,4.3,3.3,5.4,2,7,TRUE,3.1,No
5835,34,Non-binary,Single,Masters,Operations,Program Manager,5,9203,13.6,13,14,0.3,2,Remote,2.8,24,2.2,7.2,8.2,4,8.8,TRUE,5.7,No
5836,43,Male,Single,Bachelors,Engineering,Software Engineer,4,11763,11.6,8.4,15.8,2.9,1,Onsite,6.4,4,4.1,6.9,5.3,3,9,TRUE,2.1,Yes
5837,29,Male,Married,Masters,Sales,Account Executive,1,4111,8.6,4.2,8.4,4.2,0,Remote,7.2,25,5.1,4.8,7.1,4,7.4,TRUE,5.9,No
5838,38,Male,Single,High School,Sales,Account Executive,2,3163,8.4,8.2,10,0.8,0,Onsite,14.9,25,6.4,3.2,4.4,4,6.7,FALSE,5.4,Yes
5839,51,Male,Single,Bachelors,Customer Support,Support Team Lead,5,8656,7.2,9.5,21.8,0.4,4,Hybrid,4.9,6,3.4,6.5,6.3,4,8.9,FALSE,5.1,No
5840,21,Female,Single,Bachelors,Sales,Account Executive,2,3933,11.1,0,1,0,1,Hybrid,9,16,4,6.1,6.2,3,6.3,FALSE,7,No
5841,30,Male,Divorced,Bachelors,Engineering,Engineering Manager,3,8430,9.4,8.9,10,3.8,0,Hybrid,1.7,6,2.2,9.3,7.2,4,10,FALSE,1,No
5842,29,Male,Married,Masters,Customer Support,Customer Success Manager,2,4427,13.4,4.7,7.3,3.3,0,Onsite,9.6,4,4.8,5.9,4.6,4,8.5,FALSE,6.1,Yes
5843,48,Female,Single,Masters,Research & Development,R&D Manager,3,8499,15.3,7.5,16.2,0.2,4,Hybrid,6.2,3,2.1,10,6,4,9.2,FALSE,4.4,No
5844,35,Male,Married,High School,Operations,Program Manager,2,4057,14.5,1.5,9.6,0.4,2,Onsite,6.3,25,6,5.5,5.6,3,6.8,TRUE,4.7,No
5845,22,Female,Married,Bachelors,Engineering,Data Engineer,1,3346,9.7,1,2,1,0,Onsite,6,10,2.3,8.5,5.2,3,8.8,TRUE,2.7,No
5846,36,Female,Divorced,Masters,Finance,Financial Analyst,3,6262,12.1,6,15.2,0.7,4,Hybrid,18.4,8,4.4,7.2,5.1,4,7.5,FALSE,4.8,Yes
5847,53,Female,Married,Masters,Customer Support,Customer Success Manager,4,7908,8.8,11.1,17.4,3.5,2,Remote,13.1,7,6,7.5,4.9,4,9.2,TRUE,7.7,No
5848,40,Male,Married,Bachelors,Operations,Operations Manager,3,4638,12.2,5.2,10.6,1.2,2,Onsite,4.7,20,4.9,3.4,7.2,3,6.8,TRUE,5,No
5849,43,Male,Single,Bachelors,Customer Support,Customer Success Manager,3,5164,11.2,9.2,18.4,0.6,3,Onsite,5,10,2.5,9.3,6.7,5,7.1,FALSE,5.9,No
5850,37,Male,Single,Masters,Sales,Sales Manager,4,8636,10.7,4.1,9.4,1,0,Hybrid,10.9,28,5.8,6.8,6.2,4,6.6,TRUE,3.5,No
5851,26,Female,Single,Bachelors,Research & Development,Product Researcher,2,4949,8.3,5,6,4.6,2,Onsite,6.1,9,3,8.5,8.1,4,7.5,TRUE,3.9,No
5852,30,Female,Single,Masters,Engineering,Engineering Manager,2,6965,19.2,6.2,10,0.3,3,Onsite,13.2,11,3.1,9.5,5.7,3,7.4,TRUE,2.8,No
5853,39,Male,Single,Masters,Marketing,Content Strategist,4,10923,10.7,9.6,19,3.1,2,Hybrid,16.2,6,5.9,7.8,5.6,3,9.6,TRUE,5.8,No
5854,41,Male,Married,Bachelors,Customer Support,Support Specialist,4,7561,16.6,10.7,16.5,0.7,2,Onsite,5.9,3,5.7,4.2,5.6,3,7.9,TRUE,3.4,No
5855,41,Female,Married,Bachelors,Customer Support,Customer Success Manager,2,5553,13.8,10.2,17.8,2.1,2,Onsite,9.6,3,5.3,5,4.9,2,6.5,FALSE,7,No
5856,32,Male,Married,Bachelors,Marketing,Marketing Specialist,1,3371,12.5,5.6,12,1.4,2,Remote,10.2,5,5.7,3.9,5.3,4,6.7,TRUE,5.8,Yes
5857,36,Male,Married,Bachelors,Human Resources,HR Business Partner,1,3619,19.8,1,2.2,1,1,Hybrid,9.4,3,3.6,7.8,5.5,5,10,FALSE,4.6,No
5858,37,Male,Married,Masters,Human Resources,Recruiter,1,3678,7.9,1.8,8.3,1.8,2,Remote,3.7,9,5.3,5,6.9,3,6.5,FALSE,8.9,Yes
5859,47,Male,Married,Masters,Finance,Finance Manager,4,11921,5.7,13,18.2,8.1,1,Remote,11.2,4,4.8,6.3,6.5,4,8,TRUE,6.8,Yes
5860,40,Male,Divorced,Bachelors,Engineering,QA Engineer,2,5276,9.4,5.5,12.4,3.4,1,Onsite,6.9,11,4.5,6.3,6.3,3,9.7,FALSE,4.7,No
5861,27,Female,Single,High School,Finance,Financial Analyst,2,4133,9.6,6,7,2.5,5,Onsite,4.8,5,3.9,8.1,5.6,4,8,FALSE,5.9,No
5862,33,Male,Single,Masters,Operations,Program Manager,2,5297,13.4,3.7,11.5,0.6,2,Onsite,2.9,27,5.3,3.4,6.5,4,8.5,TRUE,5.7,No
5863,43,Female,Married,Bachelors,Operations,Operations Manager,4,7059,16.6,9.4,14.4,0.9,1,Hybrid,5.4,23,2.6,6.5,5.6,4,8.3,FALSE,2.2,No
5864,39,Male,Married,Masters,Engineering,Data Engineer,4,12653,13.2,7.9,16.2,2.4,2,Hybrid,6.3,4,2.4,6.7,6.2,4,8.6,TRUE,7.3,No
5865,63,Male,Single,Masters,Marketing,Content Strategist,4,9795,12.6,9.7,16,2.3,0,Remote,7.1,9,2.9,6.4,7.3,3,9.8,TRUE,7.1,No
5866,53,Female,Married,High School,Marketing,Growth Manager,4,6410,8.1,8.9,11.2,0.7,0,Onsite,8,10,4.4,5.6,5.2,4,8.5,FALSE,3,No
5867,33,Female,Married,Bachelors,Operations,Operations Analyst,2,5127,18.7,2.5,9.8,1.6,1,Onsite,8.8,21,4.8,4.8,4.9,3,8.2,FALSE,4.4,No
5868,38,Female,Married,Bachelors,Sales,Sales Manager,3,6762,10.1,9.1,18,4.2,3,Onsite,3.2,27,3.5,6.3,6.8,3,7.7,FALSE,5.7,No
5869,47,Male,Married,Masters,Customer Support,Support Team Lead,5,8641,12.9,10.8,21.4,1.3,5,Hybrid,13,2,4.7,8.2,5.2,3,7,FALSE,5.9,No
5870,32,Female,Married,Masters,Human Resources,HR Manager,3,5627,8.7,8.1,12,4.5,3,Hybrid,5.1,8,1.9,5.7,6.6,4,9.3,FALSE,5.2,No
5871,44,Male,Married,Bachelors,Human Resources,Recruiter,4,7264,11.3,7.6,13,1,1,Hybrid,8.3,3,4.1,6.5,6.5,4,10,TRUE,2.9,No
5872,29,Male,Single,Bachelors,Engineering,Data Engineer,2,6694,12.2,0.5,8.9,0.5,2,Hybrid,0.8,1,5.4,8.3,6.4,4,10,TRUE,2.9,No
5873,27,Female,Married,High School,Customer Support,Support Team Lead,2,4017,6.3,6,7,1.5,0,Onsite,11.3,10,5.3,7.6,6.8,3,8.7,TRUE,3.8,Yes
5874,25,Male,Married,Masters,Sales,Account Executive,1,3848,8.6,4,5,0.8,0,Hybrid,8.3,24,2.6,5.9,6,3,7.7,TRUE,5.5,No
5875,21,Female,Single,Masters,Engineering,QA Engineer,1,4770,16.9,0,1,0,3,Hybrid,5.4,6,3.6,6.3,6.2,4,8,TRUE,4.2,No
5876,28,Male,Married,PhD,Engineering,QA Engineer,2,6369,9.6,3.8,8,3.8,3,Onsite,4.9,9,2.6,7.7,4.6,4,9.7,TRUE,5.4,No
5877,23,Male,Divorced,Masters,Operations,Operations Analyst,1,3212,10,0,3,0,2,Hybrid,5,16,4.2,7.6,7.1,4,7.5,TRUE,6.4,No
5878,21,Female,Single,Masters,Human Resources,HR Business Partner,1,2417,16.8,0,1,0,0,Hybrid,4.2,6,5,7.4,7.1,4,9.9,TRUE,5.9,Yes
5879,48,Male,Married,High School,Research & Development,R&D Manager,2,5341,9.9,10.9,16.2,1.1,2,Hybrid,10.4,6,5.5,8.4,5.1,4,10,TRUE,5.9,No
5880,38,Male,Married,Bachelors,Engineering,Data Engineer,3,6862,12.3,9.9,16.4,3.5,3,Hybrid,3.8,6,3.2,6.7,9,3,8.6,FALSE,4.5,No
5881,60,Female,Single,Masters,Customer Support,Customer Success Manager,4,5275,11.3,8.6,12.8,2.2,1,Remote,9.1,4,5.4,4.7,6.4,2,8.2,TRUE,5.6,Yes
5882,41,Female,Married,PhD,Sales,Account Executive,5,14256,11.2,14.3,21,2,3,Hybrid,7.6,17,4.2,6.3,5.8,3,9.5,FALSE,4.7,No
5883,55,Male,Married,PhD,Customer Support,Support Team Lead,5,11694,8.2,14,24.8,2.3,4,Hybrid,22,10,6.8,4,3,3,7.2,FALSE,8,Yes
5884,36,Male,Married,High School,Engineering,Software Engineer,2,5744,11,4.6,8.7,2.5,0,Remote,1.9,2,1.8,5,7.7,3,7.4,TRUE,4.8,No
5885,31,Female,Single,PhD,Operations,Operations Analyst,2,4424,4.2,7.7,11,2.8,2,Onsite,0.9,20,2.7,6.1,7.4,4,7.9,FALSE,5.4,No
5886,41,Female,Married,Bachelors,Human Resources,HR Manager,3,4225,8,4.1,11.9,4.1,1,Onsite,6.1,4,6.8,4.4,4.3,3,8.5,FALSE,4.8,Yes
5887,22,Female,Married,Bachelors,Sales,Account Executive,3,6747,12.2,1,2,1,2,Hybrid,8.7,26,6.1,6.1,7.1,3,10,TRUE,2.9,No
5888,44,Female,Married,Masters,Customer Support,Customer Success Manager,3,5764,11.2,5.5,10.3,1.8,2,Remote,5.1,9,2.4,7.9,5.5,5,9.8,TRUE,6.7,No
5889,49,Male,Married,Bachelors,Sales,Sales Manager,4,10288,20.8,11.9,21.5,0.5,4,Hybrid,5.5,34,2.6,7.3,7,4,9.4,FALSE,3.5,No
5890,54,Female,Married,Bachelors,Research & Development,Research Scientist,5,11174,12.4,11.8,17.7,1,2,Remote,5.2,8,3,7.2,7.1,3,6.9,FALSE,2.9,No
5891,50,Male,Married,Masters,Engineering,Data Engineer,5,14887,12.3,13.9,21,1.7,2,Onsite,8.7,1,5.9,5.3,5.5,4,10,TRUE,4.4,No
5892,35,Male,Married,PhD,Engineering,Software Engineer,1,4966,12.4,2.6,7.4,2.6,0,Hybrid,0.9,7,1,7.7,7.3,4,8.5,TRUE,4.9,No
5893,47,Male,Married,Masters,Operations,Program Manager,5,11129,10.4,10.5,18.2,3,3,Onsite,4.9,17,1.6,9.8,6.6,5,10,FALSE,6.8,No
5894,26,Male,Married,Masters,Sales,Sales Development Rep,1,3184,16.1,2.6,2.5,0.5,1,Hybrid,4,27,2.3,7.4,6.5,4,9.1,FALSE,4.6,No
5895,51,Female,Single,Masters,Marketing,Growth Manager,4,9616,10.9,5.6,12.4,1.6,3,Onsite,1.1,5,2,8.8,7.9,3,5.7,FALSE,4,No
5896,30,Male,Single,Bachelors,Engineering,Software Engineer,3,8721,13.6,6.2,10,2.9,3,Hybrid,7.4,6,4.7,4.5,5.8,4,6.8,TRUE,1.3,No
5897,43,Male,Single,Bachelors,Operations,Operations Manager,5,10825,10.5,13.6,21.1,2.7,2,Hybrid,8.5,17,5.3,4.8,4.2,3,7.2,TRUE,4.3,No
5898,41,Female,Divorced,Bachelors,Marketing,Marketing Specialist,4,7802,9.3,9,15.8,2.9,2,Hybrid,2.9,6,2.4,6.6,6.1,4,8,FALSE,4.4,No
5899,45,Male,Divorced,Bachelors,Marketing,Growth Manager,3,6472,11.4,7.6,13.5,2.5,1,Onsite,14.2,1,6.5,6.2,4.3,4,8.1,TRUE,7.1,No
5900,37,Male,Single,Bachelors,Customer Support,Support Specialist,4,6051,9.3,9.4,14.5,0,1,Onsite,8.9,1,5,6.7,5.8,4,8,FALSE,6.8,Yes
5901,40,Female,Married,Masters,Research & Development,Research Scientist,2,8354,4.3,3.6,11.2,3.6,2,Hybrid,2.4,10,4.2,4.9,5.2,3,5.4,TRUE,6,Yes
5902,43,Female,Single,Masters,Engineering,Data Engineer,1,5847,11.6,5.6,16.1,0.4,2,Onsite,5.9,4,2.8,8,7.7,4,10,TRUE,4.8,No
5903,45,Female,Married,Bachelors,Engineering,Engineering Manager,5,11303,15.3,12.5,17.2,0.9,2,Hybrid,9.9,5,2.9,5.6,7.4,3,6.6,TRUE,5.7,No
5904,37,Female,Single,Bachelors,Customer Support,Support Specialist,3,3996,9.6,10.7,17,3,2,Onsite,8.2,14,5.5,3.3,6.9,5,8.7,TRUE,6.9,No
5905,31,Female,Single,Bachelors,Finance,Financial Analyst,1,3962,6.3,3.2,10.3,1.6,1,Onsite,7.4,4,4.6,4.8,5.3,2,6.4,FALSE,7.7,Yes
5906,46,Male,Single,Bachelors,Operations,Operations Manager,4,7114,14.9,4.9,11.7,1.9,2,Hybrid,8.5,21,4.7,8,5.8,3,7.5,TRUE,1.9,No
5907,30,Female,Single,PhD,Human Resources,HR Business Partner,1,4630,11.3,0.2,4.6,0.2,1,Remote,5.8,1,3.1,7.7,7.4,4,7.5,TRUE,5.3,No
5908,32,Male,Married,Bachelors,Sales,Account Executive,2,5849,13.4,5.5,12,3.1,1,Remote,4.4,22,3.2,7.1,7.3,3,4.9,TRUE,4.5,No
5909,42,Male,Married,Masters,Operations,Operations Manager,3,7620,11.8,9.3,10.6,2.6,1,Hybrid,1.6,21,2.1,7.3,6.9,4,9.3,TRUE,3.9,No
5910,41,Male,Divorced,Masters,Operations,Operations Analyst,4,8160,14.3,8.6,21,0.5,5,Onsite,1.4,26,2.3,8.7,7.3,4,10,FALSE,2.9,No
5911,30,Male,Divorced,Masters,Operations,Operations Manager,2,6079,12.7,7,10,0.2,0,Onsite,4.5,28,5.3,6.3,5,3,7.5,TRUE,4.8,No
5912,34,Male,Single,Bachelors,Sales,Sales Development Rep,5,10163,9.8,10.3,14,2.5,1,Onsite,11.2,27,4.3,4.9,4.8,3,9,TRUE,2.9,No
5913,37,Female,Single,Bachelors,Sales,Sales Manager,2,5673,9.1,10,14.7,3.7,1,Onsite,3.9,29,4,5.4,6,4,8.8,TRUE,3.6,No
5914,33,Female,Married,Masters,Finance,Accountant,3,9213,9.5,5.3,8.7,0.9,1,Hybrid,10.2,4,5.2,7.8,4.6,3,6.4,TRUE,5.4,Yes
5915,35,Female,Married,Masters,Operations,Program Manager,3,6614,13.5,3.1,4,3.1,0,Remote,9.7,24,1.9,7.2,7.6,4,8.2,TRUE,6.6,No
5916,45,Male,Single,Bachelors,Customer Support,Support Team Lead,5,7417,17.7,11.8,15.3,2.6,0,Onsite,2.1,11,3.5,7.2,6.1,4,10,FALSE,5,Yes
5917,55,Male,Divorced,Bachelors,Engineering,QA Engineer,5,10596,15.2,12.1,20.9,0.2,2,Hybrid,8.7,6,5.2,6.2,5.4,4,7.5,TRUE,4.1,No
5918,56,Female,Single,Masters,Operations,Program Manager,5,10502,13.5,8.9,21.4,2.7,2,Remote,3.1,32,2.3,7.4,8.7,3,8.7,FALSE,2.2,No
5919,46,Female,Single,PhD,Engineering,QA Engineer,5,11344,13.7,15.4,21.1,1,2,Hybrid,5.3,8,3.2,7.2,5.7,4,8.6,TRUE,2,No
5920,46,Male,Married,Bachelors,Marketing,Marketing Specialist,4,7474,12,6.4,15.4,4.9,2,Hybrid,0.8,9,4.2,7,7.3,3,8.3,TRUE,5.4,No
5921,30,Male,Single,High School,Sales,Sales Development Rep,1,3449,11.3,1.3,10,1.3,3,Onsite,11.7,18,5.4,5.7,5.4,3,8.3,FALSE,6.7,No
5922,25,Female,Single,Bachelors,Research & Development,Research Scientist,3,7560,12.3,4,5,1.5,2,Onsite,4.2,3,4.9,6.1,4.1,3,6.3,FALSE,7.8,Yes
5923,42,Male,Divorced,Masters,Sales,Sales Manager,3,7604,11.1,6.4,17.6,3.3,4,Hybrid,16.2,23,6.8,4,2.2,3,7.1,TRUE,6,Yes
5924,40,Male,Married,Masters,Engineering,QA Engineer,2,7633,4.1,5.6,13.1,3.5,3,Hybrid,2.9,2,2.2,4.8,7.2,3,7,TRUE,6.3,Yes
5925,32,Female,Single,PhD,Sales,Sales Development Rep,2,6198,9.6,7.9,12,1.8,3,Hybrid,5.4,19,6.5,5.2,6.5,4,8.6,FALSE,4.9,No
5926,51,Female,Single,Bachelors,Sales,Sales Manager,5,11834,7.1,9.9,14.7,1.4,2,Remote,6.9,23,3.9,6,5.2,4,9,FALSE,4.8,Yes
5927,21,Male,Married,PhD,Finance,Financial Analyst,1,3661,12.3,0,1,0,1,Onsite,8.3,3,6.8,6.2,4.3,3,9.4,FALSE,5.3,No
5928,21,Female,Single,Masters,Customer Support,Support Specialist,1,2343,11.4,0,1,0,1,Hybrid,1.7,4,2.2,8.2,6.7,4,8.1,TRUE,6.3,No
5929,22,Prefer not to say,Single,Masters,Operations,Operations Analyst,2,4836,16.9,1,2,0.5,2,Hybrid,5.5,31,2.1,8.7,8.7,3,8.2,TRUE,5.1,No
5930,41,Male,Married,Bachelors,Customer Support,Customer Success Manager,2,4103,14.2,4.8,8.5,2.9,1,Remote,3.8,4,2.5,8.4,9.1,4,9,FALSE,6.5,No
5931,48,Female,Married,Bachelors,Engineering,Engineering Manager,4,11078,3.1,7.6,11.3,4.1,1,Onsite,8.7,5,4,7.1,6.7,3,8.7,TRUE,2.1,No
5932,47,Female,Single,Bachelors,Sales,Sales Manager,3,8281,9.4,9,21.2,0.7,5,Onsite,8.3,20,5.9,5.9,5.6,3,8.9,FALSE,8.2,No
5933,47,Male,Single,High School,Engineering,Data Engineer,5,12150,10.5,9.2,13.9,1.8,0,Onsite,7.5,4,4.9,8.3,5.7,3,9,FALSE,2.5,No
5934,38,Male,Single,Masters,Customer Support,Support Specialist,3,6494,13.2,5.8,11.1,1.6,1,Hybrid,17.9,11,8.6,4.3,2,3,8.3,FALSE,7.5,No
5935,46,Male,Married,Bachelors,Sales,Sales Manager,4,7109,4.5,9.5,15.6,7.1,2,Onsite,16.4,19,6.3,5,6.3,3,8.1,FALSE,4.6,Yes
5936,35,Female,Single,Bachelors,Engineering,Data Engineer,2,4788,15.6,1,6.8,1,2,Onsite,8.3,7,3.7,6.6,6.4,4,7.3,TRUE,2.5,No
5937,41,Female,Married,Bachelors,Marketing,Growth Manager,5,8112,5.5,13.5,21,2,5,Hybrid,2.1,5,4,5.8,5.8,5,9.7,TRUE,8.3,Yes
5938,44,Male,Married,Bachelors,Customer Support,Customer Success Manager,3,4388,14,4.9,13.8,1,1,Hybrid,8.2,4,3.5,5.7,6.7,4,6.5,FALSE,5.8,Yes
5939,27,Male,Married,Masters,Engineering,Engineering Manager,2,6344,11.7,4.6,7,0.5,2,Onsite,1.9,6,2.8,6.2,6.4,3,7.4,TRUE,2.8,No
5940,43,Male,Single,Bachelors,Sales,Sales Development Rep,5,11567,11.4,15.4,22.5,1.1,2,Onsite,5.7,19,2.4,10,5.3,4,9,FALSE,2.6,No
5941,34,Male,Single,Masters,Sales,Sales Development Rep,3,6321,11.2,4.4,8.6,0.6,1,Hybrid,13.9,25,5.4,6.4,5.3,3,7.3,TRUE,4.9,No
5942,51,Male,Single,Bachelors,Engineering,Engineering Manager,4,11413,10.9,7.9,15.2,0.9,1,Remote,3,7,3.1,8.6,8.5,3,8.6,TRUE,4.5,No
5943,51,Male,Single,Bachelors,Engineering,Engineering Manager,3,9389,8.5,10.1,14.6,4.5,1,Onsite,7.5,3,4.4,6.1,6.8,4,7.7,TRUE,3.7,No
5944,31,Male,Single,Masters,Sales,Account Executive,4,9320,12.3,10,10.2,3.5,1,Hybrid,14.9,24,6.5,7.5,3.1,4,10,FALSE,2.7,No
5945,38,Female,Married,Bachelors,Research & Development,Product Researcher,3,8273,8.4,7.4,18,2,5,Hybrid,9.4,7,3.1,7.5,6.2,4,10,FALSE,3.8,No
5946,41,Female,Single,Bachelors,Customer Support,Support Specialist,5,7509,5.6,10.6,15,8.3,0,Hybrid,3.1,9,2.6,6,7.9,3,6.9,FALSE,5.6,No
5947,35,Female,Single,Masters,Human Resources,HR Manager,2,6528,10.1,4.3,15,4.3,5,Hybrid,2.5,4,3.3,6.6,8.6,5,9,FALSE,8.3,No
5948,27,Male,Married,Bachelors,Customer Support,Customer Success Manager,2,3403,6.8,4.2,7,4.2,2,Remote,1.9,3,4.5,6.2,7.8,4,8.2,TRUE,9.1,Yes
5949,30,Male,Single,Bachelors,Human Resources,HR Business Partner,2,3817,13.5,6.9,10,0.8,1,Hybrid,5.1,7,2.2,7.8,7.7,4,8.8,FALSE,2.9,No
5950,35,Male,Married,Masters,Marketing,Content Strategist,1,4218,16.9,4.8,13.1,1.3,3,Onsite,10.3,8,4.7,6.8,4.6,4,8.2,TRUE,8.4,No
5951,36,Female,Married,Bachelors,Customer Support,Customer Success Manager,4,5879,14.8,10.5,16,0.7,4,Onsite,7.1,7,4.5,6.2,6.1,4,7,TRUE,6.1,Yes
5952,26,Male,Married,PhD,Customer Support,Support Team Lead,3,5514,8.9,5,6,1.6,1,Remote,13,8,5.6,4.2,4.5,4,9,FALSE,7.1,No
5953,30,Male,Divorced,Bachelors,Human Resources,Recruiter,1,2967,11.6,7.3,10,7,2,Onsite,2.7,6,2.2,6.6,8.6,4,9.8,FALSE,3.6,No
5954,32,Male,Single,Bachelors,Engineering,Software Engineer,2,6793,16.5,5.9,12,0.4,1,Onsite,11.9,4,3.8,6.6,5.2,4,8.1,TRUE,1.8,No
5955,33,Male,Married,Bachelors,Human Resources,HR Business Partner,2,4340,11.5,8.1,13,1.7,3,Hybrid,8.1,9,4,5.8,5.5,4,8.2,TRUE,6.1,No
5956,46,Female,Married,Bachelors,Engineering,Software Engineer,5,17306,15.9,8.5,22.3,2.1,5,Hybrid,6.4,8,2.3,8.8,5.9,5,9.5,TRUE,3.3,No
5957,36,Male,Married,Masters,Research & Development,Research Scientist,2,5842,11.2,5.3,8.8,0.5,1,Hybrid,4.1,1,2,8.6,6.8,5,8.3,TRUE,4.5,No
5958,55,Female,Single,PhD,Sales,Sales Manager,5,12950,2.6,14.8,17.5,1.5,0,Onsite,8.6,25,4.4,5,6.1,4,7.9,TRUE,3.7,No
5959,38,Male,Single,Bachelors,Finance,Finance Manager,4,8487,12.9,6,6.6,4.8,1,Hybrid,5.6,5,2,10,6.1,3,8.1,FALSE,3.3,No
5960,40,Male,Single,High School,Sales,Sales Development Rep,2,4911,4,7,17.3,1.2,3,Onsite,6.2,22,5.8,5.4,6.8,3,6.9,TRUE,4.3,No
5961,33,Male,Single,Masters,Marketing,Growth Manager,3,5662,0,9,13,8.3,4,Remote,2.5,7,3.4,5.2,6.6,3,7.7,TRUE,5.1,No
5962,49,Male,Single,Masters,Research & Development,Research Scientist,4,9785,14.1,7.9,9.8,1.9,0,Hybrid,3.1,5,2.7,6.5,7.7,3,8.6,TRUE,2.7,No
5963,26,Female,Single,Bachelors,Customer Support,Support Team Lead,3,5211,17,5,6,1,1,Hybrid,2.9,7,2.4,6,7.2,4,8.4,FALSE,6.1,No
5964,29,Female,Single,Masters,Finance,Finance Manager,3,6535,11.3,5.3,9,1.1,2,Hybrid,12.6,4,4.3,7.1,5.5,4,10,FALSE,3.5,No
5965,35,Female,Married,Masters,Research & Development,Product Researcher,2,6212,9.6,1.5,4.9,0.5,1,Onsite,6.1,3,3.7,7.8,5.8,4,10,FALSE,6.4,No
5966,30,Male,Single,Bachelors,Marketing,Marketing Specialist,3,7120,13.7,7.3,10,0.9,0,Remote,2.1,8,1.3,8.4,8,4,7.9,FALSE,4.5,No
5967,44,Female,Single,Bachelors,Operations,Program Manager,3,6583,9.7,5.4,10.3,3.4,1,Hybrid,2.6,18,4.1,8.2,7.7,4,8.1,FALSE,3.9,No
5968,33,Male,Married,Bachelors,Human Resources,HR Manager,2,4441,13.3,0.7,5.9,0.7,1,Hybrid,3,8,4.1,6.5,6.5,4,9.2,FALSE,3.5,No
5969,40,Male,Married,High School,Human Resources,HR Manager,5,7073,5.8,9.7,19.7,6,2,Remote,9.1,3,5.5,5.6,6.2,3,7.7,FALSE,3,No
5970,49,Female,Married,Bachelors,Engineering,Data Engineer,4,10772,5.3,9.9,17.3,6.7,3,Onsite,6.3,14,5.3,5.2,6.4,3,10,FALSE,4.4,Yes
5971,27,Male,Single,Bachelors,Engineering,Data Engineer,1,4184,7,4.4,7,2.3,0,Hybrid,7.4,1,1.8,8.3,5.7,3,5.7,TRUE,3.5,No
5972,43,Female,Married,Bachelors,Engineering,Engineering Manager,3,7511,12.1,6.3,10.7,1.6,0,Hybrid,3.4,9,3.4,5.6,7,5,10,TRUE,2.8,No
5973,22,Male,Divorced,Masters,Sales,Sales Development Rep,1,3851,9.2,0.5,2,0.5,4,Onsite,9.9,23,4.5,6.4,3.6,3,7.3,FALSE,5.8,Yes
5974,35,Male,Divorced,Masters,Engineering,Engineering Manager,4,11253,5.5,8,12.4,2.7,1,Remote,3.6,7,2.3,7.7,7.3,5,6.9,TRUE,3.4,No
5975,31,Male,Married,Masters,Operations,Operations Manager,2,5850,10.5,7.3,11,3.1,0,Onsite,7.9,22,4.1,3.4,5.8,3,5.7,FALSE,5.1,No
5976,38,Male,Single,Bachelors,Customer Support,Support Specialist,3,6431,11.2,4.6,11.8,2.6,3,Hybrid,4.4,7,3.6,7,6.3,4,9.5,TRUE,4.6,No
5977,32,Prefer not to say,Married,Bachelors,Sales,Account Executive,2,6166,9.3,4.5,8.6,3.8,1,Hybrid,7.9,20,5.6,4.9,5.5,3,8.2,TRUE,3.1,No
5978,48,Female,Single,Masters,Operations,Operations Manager,4,7161,5,10.5,17.7,10.5,2,Remote,1.1,27,2.9,5.6,9,3,8.3,TRUE,3.5,No
5979,44,Female,Single,Masters,Customer Support,Customer Success Manager,3,5600,14.5,4.6,9.4,1.5,2,Hybrid,6.9,2,6.2,6.1,4.5,4,7.9,TRUE,5.8,Yes
5980,35,Male,Married,High School,Human Resources,HR Business Partner,4,6525,10.9,5.1,11.9,2.1,2,Onsite,5,6,4,6.4,6.3,3,8.5,FALSE,5.9,Yes
5981,49,Female,Single,Masters,Research & Development,Research Scientist,5,14660,10.3,10.2,15.2,1,0,Hybrid,8.1,5,3.5,7.4,7.2,4,9.7,FALSE,3,No
5982,43,Female,Single,Bachelors,Customer Support,Support Specialist,3,4397,8.9,6.9,11.7,4.3,1,Onsite,21.9,5,10,4.3,3.2,3,7.6,FALSE,5.1,Yes
5983,44,Male,Single,Masters,Engineering,Data Engineer,3,9433,9,9,10.2,2.5,1,Hybrid,6.1,3,3.7,8.1,6,4,6.8,TRUE,4.9,No
5984,30,Female,Married,Bachelors,Human Resources,HR Business Partner,2,3710,14.7,7.8,10,1.2,4,Onsite,11.7,6,2.8,7.2,4.8,4,9.7,TRUE,2.1,No
5985,52,Male,Single,Bachelors,Research & Development,Research Scientist,5,8262,10.2,9.1,13.5,0.5,1,Hybrid,7,2,2.6,7.2,6.5,3,7.6,TRUE,1,No
5986,37,Female,Married,High School,Operations,Program Manager,4,6401,4.4,7.7,17,0.7,4,Onsite,6,19,5.8,5.4,7.6,4,10,FALSE,5.4,Yes
5987,34,Male,Married,High School,Engineering,Software Engineer,1,3103,11.7,2.6,6.8,2.6,0,Onsite,7.9,10,6.3,5.6,4.7,3,7.3,TRUE,4.4,No
5988,38,Male,Married,PhD,Finance,Finance Manager,4,9780,4.6,7.5,11.2,6.3,1,Onsite,7.9,7,3.4,5.9,6.2,3,9.5,TRUE,5.6,Yes
5989,38,Male,Married,Bachelors,Sales,Sales Development Rep,3,8454,7.5,4.5,11.3,0.7,1,Hybrid,4.6,15,4,6.5,6.2,3,6.7,FALSE,4.1,No
5990,42,Female,Single,Bachelors,Engineering,Data Engineer,5,16075,10.6,9.5,15.9,2.4,2,Hybrid,1.5,8,4,6.5,6.8,4,8.5,TRUE,2.7,No
5991,25,Male,Single,Masters,Operations,Operations Analyst,1,3349,6,4,5,2.2,4,Remote,7.2,29,4.4,5.2,7.7,4,7.9,TRUE,1.9,No
5992,34,Female,Married,Masters,Engineering,Data Engineer,4,10085,8.7,7.3,13.7,6.9,2,Hybrid,9,6,3.9,8.3,5.9,3,8.2,TRUE,4.3,No
5993,48,Female,Married,Bachelors,Operations,Operations Manager,4,7441,12.7,6.5,10.4,3.7,2,Onsite,8.2,24,3.2,5,7.3,5,9.8,TRUE,3.7,No
5994,31,Female,Married,Bachelors,Sales,Account Executive,3,5622,8.4,10,11,1.6,4,Hybrid,8.1,13,3,6.5,7.7,4,8.7,TRUE,6.4,No
5995,41,Male,Married,Masters,Marketing,Content Strategist,5,9295,12,13.2,19.9,5,1,Hybrid,5.8,9,4.9,7.1,5.2,4,7.1,TRUE,3.3,Yes
5996,40,Male,Married,Masters,Engineering,Engineering Manager,4,13662,9.5,8.4,16.4,1.3,2,Onsite,12.3,4,6,6.5,4.4,4,7.5,TRUE,4.6,Yes
5997,45,Male,Single,Bachelors,Sales,Account Executive,3,7353,9.6,5,12.9,1.9,5,Onsite,4,18,5.6,5.4,5.8,4,9,TRUE,4.3,No
5998,33,Male,Married,Masters,Research & Development,Product Researcher,1,3746,7.3,2.3,11.5,2.3,3,Remote,3,5,2,5,8.5,3,7.2,FALSE,4.8,No
5999,36,Female,Married,Masters,Finance,Finance Manager,4,9430,10.2,9.9,15.3,6.2,1,Remote,6.8,8,2.4,5.9,8.2,3,6.8,FALSE,4.5,No
6000,55,Male,Married,Bachelors,Customer Support,Support Specialist,4,6583,13.3,10.5,17,0.4,2,Onsite,21.6,8,8,5.3,5.4,3,10,TRUE,9.8,Yes
